id,row_number,title,author,isbn,issues
1,2,Documenting Science,"Abbott, Berenice",9783869304311,incomplete_dimensions
2,3,American Photographer,"Abbott, Berenice",,missing_cover_image;incomplete_dimensions
3,4,Berenice Abbott: Changing New York,"Abbott, Berenice",9781565845565,missing_cover_image
4,5,Exhibition catalogs (Toronto. Art Gallery of Ontario / Toronto. Ryerson Image Centr),"Abbott, Berenice",9782754106078,missing_cover_image
7,8,Anaesthesia,"Abenavoli, Valentina",978-6000021801,missing_cover_image
9,10,Rita Ackermann & Andro Wekua: Chapter 4,"Ackerman, Rita",9784908526428,missing_cover_image;incomplete_dimensions
10,11,Sketchbook II (A Midsummer Night's Dream),"Ackerman, Rita",,missing_cover_image;incomplete_dimensions
11,12,Sketchbook V (Twitchy),"Ackerman, Rita",,missing_cover_image;incomplete_dimensions
14,15,Photographic Treatment Book 1,"Aëgerter, Laurence",9781911306269,incomplete_dimensions
15,16,Photographic Treatment Book 2,"Aëgerter, Laurence",9781911306276,incomplete_dimensions
16,17,Photographic Treatment Book 3,"Aëgerter, Laurence",9781911306283,incomplete_dimensions
17,18,Photographic Treatment Book 4,"Aëgerter, Laurence",9781911306290,incomplete_dimensions
18,19,Photographic Treatment Book 5,"Aëgerter, Laurence",9781911306306,incomplete_dimensions
19,20,Dreaming is Heavy Metal,"Ahlbom, Grace",,missing_cover_image;incomplete_dimensions
20,21,CDMX,"Ahlbom, Grace",,missing_cover_image;incomplete_dimensions
22,23,Hello Future,"Al Qasimi, Farah",,missing_cover_image;incomplete_dimensions
23,24,"Arrival, The Third Line, Dubai","Al Qasimi, Farah",,missing_cover_image
24,25,General View,"Albdorf, Thomas",9788894895070,missing_cover_image;incomplete_dimensions
25,26,Formulation: Articulation,"Albers, Josef",9780500238288,missing_cover_image
26,27,One black & white and nineteen colour photographs,"Aldridge, Miles",9789071848193,missing_cover_image
27,28,Please return Polaroid,"Aldridge, Miles",9783958297487,incomplete_dimensions
28,29,515-05,"Alex, GD",,incomplete_dimensions
31,32,Ghada Amer: Painting in Revolt - by Susan Thompson,"Amer, Ghada",9782370741493,missing_cover_image
32,33,Christopher Anderson -: SON,"Anderson, Christopher",9783868283907,missing_cover_image
33,34,Christopher Anderson: Stump,"Anderson, Christopher",9788415118565,missing_cover_image
34,35,Approximate Joy,"Anderson, Christopher",9780995555594,missing_cover_image;incomplete_dimensions
35,36,COP,"Anderson, Christopher",9781916410695,missing_cover_image
36,37,Bleu Blanc Rouge,"Anderson, Christopher",9783775745321,incomplete_dimensions
37,38,Disobedient Bodies,"Anderson, JW",,missing_cover_image
39,40,Swedish Girls A Tribute,"Andersson; Louise Enhorning, Nina",9789163746789,missing_cover_image
40,41,Strip,"Andrews, Kathyn",9783863356279,missing_cover_image
41,42,Black Panther Coloring Book,"Anonymous, Anonymous",,missing_cover_image
42,43,BP in B,"Anonymous, Anonymous",,missing_cover_image
44,45,Blue Period/Last Summer,"Araki, Nobuyoshi",9780996657419,missing_cover_image;incomplete_dimensions
45,46,Blue Period / Last Summer,"Araki, Nobuyoshi",,missing_cover_image
46,47,Araki by Araki,"Araki, Nobuyoshi",,missing_cover_image
49,50,Theater of Love,"Araki, Nobuyoshi",9784908526121,incomplete_dimensions
50,51,Nobuyoshi Araki: VINTAGE PRINTS,"Araki, Nobuyoshi",,missing_cover_image
51,52,Nobuyoshi Araki: Nobuyoshi Araki : Eros Diary,"Araki, Nobuyoshi",9780996725903,missing_cover_image;incomplete_dimensions
52,53,Tokyo Blues 1977,"Araki, Nobuyoshi",,missing_cover_image;incomplete_dimensions
53,54,"Araki Teller, Teller Araki","Araki, Nobuyoshi",,incomplete_dimensions
54,55,Magazine Work,"Arbus, Diane",,missing_cover_image
55,56,Diane Arbus In the Beginning Early Photographs 1956 1962,"Arbus, Diane",9781588395955,missing_cover_image
56,57,On the Street: 1980-1990,"Arbus, Amy",9781599620152,missing_cover_image
58,59,Pickpocket,"Arnold, Daniel",,missing_cover_image;incomplete_dimensions
59,60,Morena No. 2,"Aroch, Guy",,missing_cover_image;incomplete_dimensions
60,61,Medianoche,"Arocha, Rafael",9788461704668,missing_cover_image
61,62,Jeddah Diary,"Arthur, Olivia",9780956995919,missing_cover_image;incomplete_dimensions
62,63,Artificial Nature,"Deitch; Friedman, Jeffrey; Dan",,missing_cover_image
64,65,Leviathan,"Ashcom, Morgan",9783941825833,incomplete_dimensions
65,66,Monsanto: A Photographic Investigation,"Asselin, Mathieu",9783862066575,missing_cover_image
67,68,Tauba Auerbach ― S v Z,"Auerbach, Tauba",9781942884552,missing_cover_image
68,69,Auster (text),"Auster (text), Auster (text)",,missing_cover_image
69,70,An Autobiography Richard Avedon,"Averdon, Richard",,missing_cover_image
70,71,this is a raincoat like anybody else’s,"Averin, Fredrick",,missing_cover_image
71,72,Organs of a Divided Labour,"Ayer, Jeremy",,missing_cover_image
72,73,Encyclopedia of Flowers: Flower Works by Makoto Azuma photographed by Shunsuke Shiinoki,"Azuma, Makoto",9783037783139,missing_cover_image
73,74,Encyclopedia Of Flowers Part 2 - Makoto Azuma | Shunsuke Shiinoki,"Azuma, Makoto",9784861524769,missing_cover_image
74,75,Encyclopedia of Flowers III (English and Japanese Edition),"Azuma, Makoto",9784861525711,missing_cover_image
81,81,Novokuznetsk,"Bakharev, Nikolay",9780995555518,missing_cover_image;incomplete_dimensions
82,82,John Baldessari Sings LeWitt,"Baldersari, John",,missing_cover_image
83,83,Pure Beauty,"Baldersari, John",,missing_cover_image
84,84,A Print Retrospective from the Collections of Jordan D. Schnitzer and his Family Foundation,"Baldersari, John",9781935202103,incomplete_dimensions
87,87,No Joke,"Ballen, Asger Carlsen, Roger",9781907071560,missing_cover_image;incomplete_dimensions
89,89,Nevada (Signed program),"Baltz, Lewis",,missing_cover_image;incomplete_dimensions
90,90,Lewis Baltz: Rule Without Exception / Only Exceptions,"Baltz, Lewis",9783869301105,missing_cover_image
91,91,Bernard Lamarche-Vadel,"Baltz, Lewis",,missing_cover_image
92,92,At The / In Der Albertina,"Baltz, Lewis",,missing_cover_image
93,93,Lewis Baltz,"Baltz, Lewis",,missing_cover_image
94,94,"The New Industrial Parks Near Irvine, California","Baltz, Lewis",,missing_cover_image
95,95,"The Politics of Bacteria, Docile Bodies, Ronde de Nuit","Baltz, Lewis",,missing_cover_image
96,96,Candlestick Point,"Baltz, Lewis",,missing_cover_image
98,98,Talk Story,"Barash, Cole",,missing_cover_image
99,99,Blues,"Barber, Tim",,missing_cover_image;incomplete_dimensions
102,102,ADAC,"Barney, Matthew",,missing_cover_image
104,104,Jean-Michael Basquiat,"Basquiat, Jean-Michael",,missing_cover_image
105,105,Basquiat,"Basquiat, Jean-Michael",,missing_cover_image
109,109,Dashwood Book Series (LTD EDITION - VOL 1),"Beckman; Sam Falls, Janette",,missing_cover_image
110,110,That's Punk,"Bellini, Mario",,missing_cover_image
116,116,Japanese Whisper,"Bertrand, Zaza",9789490800550,missing_cover_image;incomplete_dimensions
119,119,Czech Photography VIII: Europeans,"Birgus, Vladimir",9788086970899,missing_cover_image
122,122,Gouaches,"Blair, Dike",9781938560286,incomplete_dimensions
123,123,Inside The White Cub,"Blalock, Lucas",9780990644811,incomplete_dimensions
124,124,La playa de los juguetes perdios 2021,"Blásquez, Alfredo",,missing_cover_image;incomplete_dimensions
131,131,a short story,"Boivin, Thomas",,incomplete_dimensions
133,133,20.000 Leghe Sotto I Mari,"Bonnin, Sebastien",,incomplete_dimensions
134,134,Pope.L,"Boone, Will",,missing_cover_image
135,135,CAR,"Boone, Will",,missing_cover_image;incomplete_dimensions
136,136,Prison Rodeo,"Boone, Will",9781938560873,missing_cover_image
137,137,Elvis Presley driving cover,"Boone, Will",,missing_cover_image
138,138,Symbols Zine,"Boone, Will",,missing_cover_image
139,139,Paintings,"Borremans, Michaël",,missing_cover_image
140,140,The Badgers Song,"Borremans, Michaël",,missing_cover_image
142,142,Wax House Of Wax,"Borruso, Matt",,missing_cover_image
143,143,Untitled Lover Pictures,"Borruso, Caiti",,missing_cover_image
144,144,Her Perfume Tears,"Bougatsos, Lizzi",,missing_cover_image
147,147,An Unfolding Portrait,"Bourgeouis, Louise",,missing_cover_image
148,148,The Spider and the Tapestries,"Bourgeouis, Louise",,missing_cover_image
149,149,Disassembly,Bownik,,missing_cover_image
150,150,The SS Potlicker And Friends,"Bradley, Joe",,missing_cover_image
151,151,Dark Archives 1-41,"Bradley, ANDRE",,missing_cover_image
152,152,Walk This Way,"Bramly, Sophie",,missing_cover_image
153,153,"Brancusi, film et photographie, images sans fin",Brancusi,,missing_cover_image
154,154,Amusement Park,"Brandon, David",,missing_cover_image
155,155,[MISSING],"Brant, Bill",,missing_title;missing_cover_image
156,156,Bill Brandt: Shadow & Light,"Brant, Bill",,missing_cover_image
157,157,Paris Nocturne,Brassai,,missing_cover_image
158,158,an Archeology of Fear and Desire,"Brenner, Fredirc",,missing_cover_image
159,159,Series 1:1,"Briner, Hauser",9780984978182,missing_cover_image
160,160,Dear Martin,"Brinkerhoff, Jason",,missing_cover_image
161,161,Bowery,"Broadbent, Robin",,missing_cover_image
162,162,The Photographic Work of Robin Broadbent by Robin Broadbent,"Broadbent, Robin",9788862085304,incomplete_dimensions
163,163,The Photographic Work of Robin Broadbent,"Broadbent, Robin",,missing_cover_image
164,164,Typology 1979,"Brohm, Joachim",9781907946646,missing_cover_image
166,166,Holy Bible,"Broomberg, Adam",9781907946417,missing_cover_image
167,167,Scarti,"Broomberg, Adam",9781907112461,missing_cover_image
168,168,People in Trouble Laughing Pushed to the Ground Songbook,"Broomberg; Oliver Chanarin, Adam",9781907946042,missing_cover_image
169,169,Plants,"Brown, Polly",,missing_cover_image
172,172,Cecily Brown & Jim Lewis: The English Garden,"Brown, Cecily",9781942607038,incomplete_dimensions
173,173,The English Garden,"Brown, Cecily",,missing_cover_image
174,174,Rodeo,Bruce of Los Angeles,,missing_cover_image
175,175,Rodeo,"Bruce of Los Angeles, Daniel",,missing_cover_image
176,176,[MISSING],"Burchfield, Charles",,missing_title;missing_cover_image
177,177,[MISSING],"Burckhardt, Rudy",,missing_title;missing_cover_image
178,178,An Exhibition Catalog,"Burckhardt, Rudy",,missing_cover_image
179,179,Cabin Fevr,"Burnett, Katie",9789493146648,incomplete_dimensions
180,180,Cathy John,"Bush, Carder",,missing_cover_image
181,181,Metropole,"Bush, Lewis",,missing_cover_image
184,183,Routes de la passion,"Caballero, Antonio",,missing_cover_image
186,185,The Readers Voice,"Cairns, Mitch",,missing_cover_image;incomplete_dimensions
187,186,LDN E1,"Cairns, Antony",,missing_cover_image
188,187,Calder by Matter,Calder,,missing_cover_image
189,188,El Triángulo Perfecto,"Calderon, Miguel",,missing_cover_image
191,190,Blind,"Calle, Sophie",,missing_cover_image
192,191,"Rachel, Monique..","Calle, Sophie",,missing_cover_image
193,192,Ghosts,"Calle, Sophie",,missing_cover_image
194,193,Hasselblad Awards 2010,"Calle, Sophie",,missing_cover_image
195,194,True Stories,"Calle, Sophie",,missing_cover_image
197,196,Voir la mer,"Calle, Sophie",,missing_cover_image
198,197,Gasoline,"Campany, David",,missing_cover_image
199,198,"If You Don’t Belong, Don’t Be Long,","Campell, Scott",,missing_cover_image
200,199,Some of Us Did Not Die,"Carland, Tammy Rae",,missing_cover_image
201,200,3 Projects,"Carlsen, Asger",9782953699760,incomplete_dimensions
202,201,MAA (signed),"Carpani, Federico",,missing_cover_image
204,203,The Modern Century,"Cartier Bresson, Henri",,missing_cover_image
205,204,Here and Now,"Cartier Bresson, Henri",,missing_cover_image
206,205,The Decisive Moment,"Cartier Bresson, Henri",,missing_cover_image
207,206,Magnum Analog Recovery,"Cartier-Bresson, René Burri,Raymond, Henri",,missing_cover_image;incomplete_dimensions
208,207,The Semiotics of the Stone,"Caruth, Scott",,missing_cover_image
209,208,Paloma al Aire,"Cases, Ricardo",,missing_cover_image
210,209,Nightfall (signed with print),"Cassels, Giles",,missing_cover_image
211,210,Floatation Tank (signed with print),"Cassels, Giles",,missing_cover_image
212,211,Within Reach,"Casteel, Jordan",9780915557233,incomplete_dimensions
213,212,Cesura Fanzine #02,Cesura,,missing_cover_image;incomplete_dimensions
214,213,Choices,"Chamberlain, John",,missing_cover_image
215,214,New Sculpture,"Chamberlain, John",,missing_cover_image
217,216,End Or: Pictures Included,"Champassak, Tiane Doan na",,missing_cover_image
218,217,My Freedom,"Champassak, Tiane Doan na",,missing_cover_image
219,218,Siam's Guy,"Champassak, Tiane Doan na",9791090306509,missing_cover_image;incomplete_dimensions
220,219,No Photos,"Champassak, Tiane Doan na",,missing_cover_image
221,220,Looters,"Champassak, Tiane Doan na",,missing_cover_image
222,221,2041,"Chaplin, Lewis",9780957472464,incomplete_dimensions
223,222,Still,"Charlesworth, Sarah",,missing_cover_image
224,223,Stills,"Charlesworth, Sarah",,missing_cover_image
225,224,Cherchez la femme (Search for the Woman),"Chessex, Luc",9782883501034,missing_cover_image
226,225,Cherchez La Femme,"Chessex, Luc",,missing_cover_image
227,226,Show Caller,"Chetrit, TAlia",,missing_cover_image
228,227,Dark Room,"Christopher, Phyliss",,missing_cover_image;incomplete_dimensions
230,229,Guantanamo,"Clark, Edmund",,missing_cover_image
231,230,[MISSING],"Close, Chuck",,missing_title;missing_cover_image
232,231,Prints,"Close, Chuck",,missing_cover_image
233,232,Exploded (London),"Coates, Nigel",,missing_cover_image
234,233,Everything_1,"Cobayashi, Kenta",,missing_cover_image
235,234,Friends Forever,"Cobayashi, Kenta",,missing_cover_image
236,235,A Real Bronx Cheer,"Colen, Dan",9781938560118,missing_cover_image
237,236,Trash,"Colen, Dan",,missing_cover_image
238,237,Women with Cameras (Self Portrait),"Collier, Anne",,missing_cover_image
239,238,Women with Cameras (Anonymous),"Collier, Anne",,missing_cover_image
240,239,The Model,"Comencini, Luigi",,missing_cover_image
241,240,Ink Drawings,"Condo, George",,missing_cover_image
242,241,George Condo: Painting Reconfigured,"Baker, Simon",978-0500093948,missing_cover_image
243,242,Mental States,"Condo, George",,missing_cover_image
244,243,Fire In Cairo,"Connors, Matthew",,missing_cover_image;incomplete_dimensions
245,244,Thirty-Four Reverse Telescopes and Three Buttons,"Connors, Matt",,missing_cover_image;incomplete_dimensions
246,245,A Bell Is a Cup,"Connors, Matt",9780980651645,incomplete_dimensions
247,246,Arrangements,"Cotterell, Clayton",9781941556030,missing_cover_image
248,247,"Public, Private, Secret: On Photography and the Configuration of Self","Cotton, Charlotte",,missing_cover_image
249,248,Pleasing,"Coulson, Laura",,missing_cover_image
250,249,Selected works from 1990's - 2000,"Crawford, William",,missing_cover_image
251,250,Silhouettes,"Cray, Fred",,missing_cover_image
252,251,Unique Photographs,"Cray, Fred",,missing_cover_image
253,252,Money,"Cremers, Prill Vieceli",,missing_cover_image
254,253,[MISSING],"Crewdson, Gregory",,missing_title;missing_cover_image
255,254,Disss-Co (A Fragment),"Crimp, Douglas",,missing_cover_image
256,255,ARC,"Croggen, Zoe",9780987353061,missing_cover_image
257,256,I Refuse to be Invisible,"Crosby, Njideka Akunyili",9780943411033,missing_cover_image
259,258,Predecessors,"Crosby, Njideka Akunyili",9780998242200,missing_cover_image;incomplete_dimensions
260,259,Format,"Crowner, Sarah",,missing_cover_image
261,260,The Book of Genesis,"Crumb, R",,missing_cover_image
262,261,The Difficulties of Nonsense,"Cumming, Robert",,missing_cover_image
263,262,[MISSING],"Currin, John",,missing_title;missing_cover_image
265,264,Portraits,"Currin, John",9788899534172,incomplete_dimensions
266,265,Men,"Currin, John",,missing_cover_image
269,268,Pictures of Pictures,"Cwynar, Sara",,missing_cover_image
272,270,A - New York 1989-93,"D'Agata, Antoine",,incomplete_dimensions
273,271,Index,"D'Agata, Antoine",,missing_cover_image
274,272,VIRUS,"D'Agata, Antoine",,missing_cover_image;incomplete_dimensions
275,273,Easternsports,"DA Corte, Alex",9781942607168,incomplete_dimensions
276,274,True Life,"DA Corte, Alex",,missing_cover_image
277,275,Free Roses,"DA Corte, Alex",,missing_cover_image
278,276,Marigolds,"DA Corte, Alex",,missing_cover_image
279,277,C-A-T Spells Murder,"DA Corte, Alex",,missing_cover_image
280,278,Rubber Pencil Devil,"DA Corte, Alex",,missing_cover_image
281,279,Two Perspectives on Tokyo,"Daifu; Cobayashi, Kenta, Motoyuki",,missing_cover_image
282,280,Night and Day,"David Armstrong, Rene Ricard, David",9781907071287,missing_cover_image
283,281,Sketchbooks,"Davis, Stuart",,missing_cover_image
284,282,[MISSING],"Davis, Noah",,missing_title;missing_cover_image
285,283,May the Circle Remain Unbroken,"Day, Corinne",,missing_cover_image
286,284,[MISSING],"de Ballingcourt, Jules",,missing_title;missing_cover_image
287,285,The Accidental Fold,de Brauw,,missing_cover_image
288,286,L'amoureuse,De Galas,9782930537238,missing_cover_image
289,287,A Way of Living: The Art of Willem de Kooning,"de Kooning, Willem",9780714845814,incomplete_dimensions
291,289,I loved my wife,"de Lathauwer, Dieter",,missing_cover_image
292,290,This is What Hatred Did,"de Middel, Cristina",,missing_cover_image
293,291,The Vanity of Certain Flowers Part Two,"De Potter, Peter",,missing_cover_image
294,292,The Complete Papers,"Demand, Thomas",,missing_cover_image;incomplete_dimensions
295,293,Manhattan Out,"Depardon, Raymond",,missing_cover_image
296,294,Los Angeles Standards,"Desroche, Caroline",9782490140190,missing_cover_image;incomplete_dimensions
297,295,Los Angeles Standards,"Desroche, Caroline & Cyril",9782490140329,missing_cover_image;incomplete_dimensions
298,296,DNL,DNL,,missing_cover_image
299,297,Take a Swing on the Thread of Life,"Dobkowski, Jan",,missing_cover_image
300,298,Go West Young Man,"Doig, Peter",,missing_cover_image
301,299,Blizzard seventy-seven,"Doig, Peter",,missing_cover_image
302,300,Fondazione Bevilacqua La Masa,"Doig, Peter",,missing_cover_image;incomplete_dimensions
303,301,Gold Country Real Estate,"Dooley, Bryan",9782953350685,missing_cover_image;incomplete_dimensions
304,302,Dead Children Playing,"Doonwood, Stanley",,missing_cover_image
305,303,End.,"Doyle, Eamonn",,missing_cover_image
306,304,i,"Doyle, Eamonn",,missing_cover_image
307,305,Painting And Sculpture 2004-2008,"Dunham, Carroll",,missing_cover_image
308,306,Unknown 2 (signed),"Duray, Stéphane",,missing_cover_image
310,307,Moments of Vision: The Stroboscopic Revolution in Photography,"Edgerton, Harold E.",,missing_cover_image
311,308,The Democratic Forest,"Eggleston, William",,missing_cover_image
312,309,For Now,"Eggleston, William",,missing_cover_image
313,310,Los Altos,"Eggleston, William",,missing_cover_image
314,311,The Democratic Forest Selected Works,"Eggleston, William",,missing_cover_image
315,312,At Zenith,"Eggleston, William",,missing_cover_image
316,313,From Black and White to Color,"Eggleston, William",,missing_cover_image
317,314,Drawings by Judith Eisler,"Eisler, Judith",,missing_cover_image
318,315,Arthur Elgort,"Elgort, Arthur",,missing_cover_image
319,316,I Love....,"Elgort, Arthur",,missing_cover_image
320,317,Reality Machines,"Eliasson, Olafur",,missing_cover_image
321,318,Elsewhere,"Elm, Albert",,missing_cover_image
322,319,RIE,"Emery, Lena C.",,missing_cover_image
323,320,Love is What You Want,"Emin, Tracey",,missing_cover_image
324,321,Self/Portrait,"Eng, Teresa",,missing_cover_image
325,322,Revoir,"Engstrom, JH",9789187939167,missing_cover_image
326,323,Ende und Anfang (Early Trips),"Engstrom, JH",979-1092265132,missing_cover_image;incomplete_dimensions
327,324,Langt Fran Stockholm (Far from Stockholm),"Engstrom, JH",,missing_cover_image
328,325,Sketch of Paris,"Engstrom, JH",,missing_cover_image
329,326,[MISSING],"Ensor, James",,missing_title;missing_cover_image
330,327,Rocks and Clouds,"Epstein, Mitch",,missing_cover_image
331,328,New York Arbor,"Epstein, Mitch",,missing_cover_image
332,329,Mitch Epstein State of the Union,"Epstein, Mitch",,missing_cover_image
333,330,Family Business,"Epstein, Mitch",,missing_cover_image
334,331,State of the Union,"Epstein, Mitch",,missing_cover_image
335,332,Berlin,"Epstein, Mitch",,missing_cover_image
336,333,The City,"Epstein, Mitch",,missing_cover_image
337,334,Mitch Epstein: Sunshine Hotel,"Epstein, Mitch",,missing_cover_image
338,335,Work,"Epstein, Mitch",,missing_cover_image
339,336,Elliot Erwitt's Kolor,"Erwitt, Elliott",,missing_cover_image
340,337,Roe Ethridge and Zin Taylor: The Ceremony and the Spirit,"Ethridge, Roe",,missing_cover_image
341,338,Shelter Island by Roe Ethridge,"Ethridge, Roe",,missing_cover_image
342,339,Neighbors,"Ethridge, Roe",,missing_cover_image
343,340,Sacrifice Your Body,"Ethridge, Roe",,missing_cover_image
344,341,"Roe Ethridge: Rockaway, New York","Ethridge, Roe",,missing_cover_image
345,342,Special Guest,"Ethridge, Roe",,missing_cover_image
346,343,Decade by Decade,"Evans, Walker",,missing_cover_image
347,344,Walker Evans Depth of Field,"Evans, Walker",,missing_cover_image
348,345,Throughout the Universe in Perpetuity,"Everett, Daniel",9782369620099,missing_cover_image;incomplete_dimensions
350,347,The Last Son,"Eyes, Hamburger",,missing_cover_image
352,348,L'eclairement,"Faigenbaum, Patrick",,missing_cover_image
353,349,Problems with Decomposition,"Falls, Sam",,missing_cover_image
354,350,Boardwalk,"Farago, Max",,missing_cover_image
356,352,Harun Farocki: Diagrams Images from Ten Films,"Farocki, Harun",,missing_cover_image;incomplete_dimensions
357,353,Wolfgang,"Fathi, David",,missing_cover_image
358,354,Louis Faurer,"Faurer, Louis",,missing_cover_image
359,355,White Shoes,"Faustine, Nona",9781913620516,incomplete_dimensions
360,356,R/Electa,"Feinstein, Rachael",,missing_cover_image
361,357,Album,"Feldmann, Hans-Peter",,missing_cover_image
362,358,Frauen,"Feldmann, Hans-Peter",,missing_cover_image;incomplete_dimensions
363,359,Foto,"Feldmann, Hans-Peter",,missing_cover_image;incomplete_dimensions
365,361,Smoke,"Feldmann, Hans-Peter",,missing_cover_image
366,362,Voyeur 2 (yellow cover),"Feldmann, Hans-Peter",9783883751986,missing_cover_image
367,363,Voyeur (pink cover),"Feldmann, Hans-Peter",,missing_cover_image
368,364,Voyeur 5 (green cover),"Feldmann, Hans-Peter",,missing_cover_image
371,367,Book\Buch #9,"Feldmann, Hans-Peter",,missing_cover_image
372,368,Milky Way,"Ferrane, Vincent",,missing_cover_image
373,369,"Tribeca,10013","Ferrato, Donna",,missing_cover_image
374,370,Gas Stop,"Feund, David",,missing_cover_image
375,371,Hans Feurer,"Feurer, Hans",,missing_cover_image
376,372,[MISSING],"Figgis, Genieve",,missing_title;missing_cover_image
377,373,Something For Lovers,"Figgis, Genieve",,missing_cover_image
378,374,Pools,"Fineman, Craig",,missing_cover_image
379,375,The Beat Poets By Larry Fink,"Fink, Larry",,missing_cover_image
380,376,Paintings (3 books),"Fischer, Urs",,missing_cover_image
381,377,Polyurethane Sculptures,"Fischli; & David Weiss, Peter",,missing_cover_image
382,378,Arthur Elgort,"Fischli; & David Weiss, Peter",,missing_cover_image
383,379,Haus,"Fischli; & David Weiss, Peter",,missing_cover_image
384,380,Flowers and Mushrooms,"Fischli; & David Weiss, Peter",,missing_cover_image
385,381,800 Views of Airports,"Fischli; David Weiss, Peter",9783865609328,incomplete_dimensions
386,382,How to Work Better,"Fischli; David Weiss, Peter",,missing_cover_image
387,383,Peter Fischli David Weiss,"Fischli; David Weiss, Peter",,missing_cover_image
388,384,Flowers and Mushrooms,"Fischli; David Weiss, Peter",,missing_cover_image
389,385,pda,"Fisher, Todd",,missing_cover_image
390,386,Louise Fishman,"Fishman, Louise",,missing_cover_image;incomplete_dimensions
391,387,Protest Signs From 1992 Special Edition,"Flood, Mark",,missing_cover_image
392,388,Now Here Then,"Foote, Hugur",,missing_cover_image
393,389,Two-Frame Films,"Fowler, Luke",,missing_cover_image
394,390,Drawings,"Fox, Jason",,missing_cover_image
395,391,Penelope's Hungry Eyes,"Frajndlich, Abe",,missing_cover_image
396,392,Cali Clair - Obscur,"Franco, Fernell",,missing_cover_image
397,393,London/Wales,"Frank, Robert",,missing_cover_image
398,394,[MISSING],"Frank, Robert",,missing_title;missing_cover_image
401,397,The Americans,"Frank, Robert",,missing_cover_image
402,398,Come again,"Frank, Robert",,missing_cover_image
403,399,Street Cops,"Freedman, Jill",,missing_cover_image
404,400,"Justin Lowe,GHB","Freeman, Jonah",,missing_cover_image
405,401,Wilder Mann The Image of the Savage,"Freger, Charles",,missing_cover_image
406,402,The Nudes: A Second Look,"Freidlander, Lee",9781938922008,incomplete_dimensions
407,403,The New Cars,"Freidlander, Lee",,missing_cover_image
408,404,Nudes,"Freidlander, Lee",,missing_cover_image
409,405,Lee Friedlander,"Freidlander, Lee",,missing_cover_image
410,406,Portraits,"Freidlander, Lee",,missing_cover_image
411,407,"Tinker, Tailor, Soldier, Sailor","French, Jim",,missing_cover_image
412,408,Wives. Wheels . Weapons,"Frey, James",,missing_cover_image
414,410,Hibi,"Fukase, Masahisa",,missing_cover_image
415,411,Masahisa Fukase,"Fukase, Masahisa",,missing_cover_image;incomplete_dimensions
416,412,Ravens,"Fukase, Masahisa",,missing_cover_image
417,413,This Equals That,"Fulford, jason",,missing_cover_image
418,414,Contains 3 Books,"Fulford, jason",,missing_cover_image
421,416,An Atlas of Imagination,"Galofaro, Luca",,missing_cover_image
422,417,Facsimile Cabinet of Woman Origin Stories - Reflections,"Gates, Theaster",,missing_cover_image;incomplete_dimensions
423,418,Theaster Gates by Kavi Gupta and Theaster Gates,"Gates, Theaster",9781849767231,missing_cover_image;incomplete_dimensions
425,420,Theaster Gates - The Black Image Corporation,"Gates, Theaster",9788887029734,incomplete_dimensions
426,421,Theaster Gates: 12 Ballads for Huguenot House (dOCUMENTA) by Michael Darling (2012-10-31),"Gates, Theaster",,missing_cover_image
427,422,Theaster Gates Black Chapel,"Gates, Theaster",,missing_cover_image
428,423,And Another Thing...,"Gerace, Anthony",,missing_cover_image
429,424,Buchenwald,"Giezendanner, Ingo",,missing_cover_image
430,425,[MISSING],"Gilbert & George, Gilbert & George",,missing_title;missing_cover_image
431,426,Moscow Terminus,"Gilden, Bruce",,missing_cover_image
432,427,Night Procession,"Gill, Stephen",,missing_cover_image
433,428,Coming up for Air: Stephen Gill A Retrospective,"Gill, Stephen",,missing_cover_image
434,429,The Piller,"Gill, Stephen",,missing_cover_image
435,430,Please Notify the Sun,"Gill, Stephen",,missing_cover_image;incomplete_dimensions
436,431,Public,"Glen, Alex McWhirter",,missing_cover_image
437,432,Folding Space / Depressing Time,"Gluibizzi; Zefrey Throwell, Dan",,missing_cover_image
438,433,Burning Images - A History Of Effigy Protests Vis-A-Vis Series,"Goettke, Florian",9789492095961,incomplete_dimensions
439,434,PEEKABOO,"Gokita, Tomoo",,missing_cover_image
440,435,Past Present Future,"Goldberg, Jim",,missing_cover_image
441,436,Fingerprint,"Goldberg, Jim",,missing_cover_image;incomplete_dimensions
442,437,Last Son,"Goldberg, Jim",,missing_cover_image
443,438,Raised By Wolves,"Goldberg, Jim",,missing_cover_image
447,442,American Surveillance: Someone to Watch Over Me,"Gordon, Richard",9780960184422,missing_cover_image
448,443,"Still Lifes, Portraits & Parts","Gordon, Daniel",,missing_cover_image
449,444,Who Do You Love,"Gossage, John",,missing_cover_image
450,445,Mariposas Nocturnas,"Gowin, Emmet",,missing_cover_image
451,446,Does Yellow Run Forever?,"Graham, Paul",,missing_cover_image
452,447,Early Works,"Gravlejs, Ivars",9781910164396,missing_cover_image
453,448,Springs and Wells,"Greenberg, Stanley",,missing_cover_image
454,449,The Western Front,"Greene, Stanley",,missing_cover_image
455,450,Jenna Gribbon,"Gribbon, Jenna",,missing_cover_image
456,451,Beryl Chen,"Groebli, Rene",,missing_cover_image
457,452,"Eat, Child, Eat!","Grosse, Katharina",,missing_cover_image
459,454,32 Pictures,"Grosvenor, Robert",,incomplete_dimensions
460,455,27 Pictures,"Grosvenor, Robert",,incomplete_dimensions
461,456,Eindhovenseweg 56,"Grote, Ton",9789492051738,missing_cover_image;incomplete_dimensions
462,457,Lovers Ten Tears On,"Gupta, Sunil",9781913288099,missing_cover_image;incomplete_dimensions
463,458,Philip Guston Now,"Guston, Philip",,missing_cover_image
464,459,Black,"Guyton, Wade",,missing_cover_image
465,460,1 Month Ago,"Guyton, Wade",,incomplete_dimensions
466,461,OS,"Guyton, Wade",,missing_cover_image
467,462,The Failever of Judgement,"Guyton, Wade",,missing_cover_image
469,464,Wade Guyton im Josef Alpers Museum,"Guyton, Wade",,missing_cover_image
470,465,Couleur ET Fabrication,"Guyton, Wade",,missing_cover_image
471,466,Guyton Smith Walker,"Guyton, Wade",,missing_cover_image
472,467,Das New Yorker Atelier,"Guyton, Wade",,missing_cover_image
473,468,Wade Guyton: Zeichnungen von Drama und Frühstück im Atelier Vol. II,"Guyton, Wade",,missing_cover_image
474,469,Zeichnungen von Drama und Frühstück im Atelier,"Guyton, Wade",,missing_cover_image
477,471,Sunset,"Hagai, Dafy",9780994388315,missing_cover_image
479,473,Polaroids,"Halard, Francois",,missing_cover_image
481,475,Barbara Hammer’s Truant: Photographs 1970-1979,"Hammer, Barbara",,missing_cover_image
482,476,The Man Who Never Returned,"Hammerand, Andrew",,missing_cover_image
483,477,Four Works by David Hammons,"Hammons, David",,missing_cover_image
484,478,"Body Prints, 1968-197","Hammons, David",,missing_cover_image
485,479,Basketball & Kool-Aid,"Hammons, David",,missing_cover_image
486,480,September (signed) by Ren Hang,"Hang, Ren",,missing_cover_image
487,481,Huang Jiaqi (signed) by Ren Hang,"Hang, Ren",,missing_cover_image
488,482,May by Ren Hang,"Hang, Ren",,missing_cover_image
489,483,March by Ren Hang,"Hang, Ren",,missing_cover_image
490,484,November (signed) by Ren Hang,"Hang, Ren",,missing_cover_image
491,485,August (signed) by Ren Hang,"Hang, Ren",,missing_cover_image
492,486,October (signed) by Ren Hang,"Hang, Ren",,missing_cover_image
493,487,Physical Borderline,"Hang, Ren",,missing_cover_image
494,488,June by Ren Hang,"Hang, Ren",,missing_cover_image
495,489,Athens Love,"Hang, Ren",,missing_cover_image
496,490,New Love,"Hang, Ren",,missing_cover_image
497,491,Nude,"Hang, Ren",,missing_cover_image
498,492,Untitled,"Hanson, Pamela",,missing_cover_image
499,493,Private Room,"Hanson, Pamela",,missing_cover_image
500,494,Two Years of Bluto,"Hanson, Erik",,missing_cover_image;incomplete_dimensions
501,495,Hier,"Hanzlova, Jitka",,missing_cover_image
503,497,Keith Haring (Rizzoli Classics),"Haring, Keith",,missing_cover_image
504,498,Keith Haring Journals,"Haring, Keith",,missing_cover_image
506,500,Keith Haring: Manhattan Penis Drawings for Ken Hicks,"Haring, Keith",,missing_cover_image
507,501,Iran Monuments,"Hartung, Oliver",,missing_cover_image
508,502,Excavating the Future City,"Hatakeyama, Naoya",,missing_cover_image
509,503,Girls Seen,"Hauser, Thomas",,missing_cover_image
510,504,Photographs 1927-1936 Waffenruhe (Ceasefire),"Hausmann, Raoul",,missing_cover_image
511,505,Preston Bus Station,"Hawkesworth, Jamie",,missing_cover_image
512,506,Brooklyn 11211,"Haynes, Jesper",,missing_cover_image
513,507,Haynesville #4,"Haynes, Jesper",,missing_cover_image
514,508,Shibuya Scramble,"Haynes, Jesper",,missing_cover_image
515,509,Jesper Haynes,"Haynes, Jesper",,missing_cover_image
516,510,GIG,"Haynes, Jesper",,missing_cover_image
517,511,Lessons in Public Posing,"Heinecken, Robert",,missing_cover_image
518,512,Lessons in Posing Subjects,"Heinecken, Robert",,missing_cover_image
519,513,Forever,"Hernandez, Anthony",,missing_cover_image
521,515,Beyond Blond,"Hiett, Steve",,missing_cover_image
522,516,Le feu,"Hisbacq, Pauline",,missing_cover_image
524,518,Open Nightly,"Hoffman, Liv",,missing_cover_image
525,519,Dignity,"Holstad, Christian",9783936859132,missing_cover_image
526,520,Belligerent,"Holzer, Jenny",9788494509650,missing_cover_image;incomplete_dimensions
528,522,Scandinavian Mushroom,"Homma, Takashi",,missing_cover_image
529,523,Crystal Love Starlight,"Hosokura, Mayumi",9784990662837,missing_cover_image
531,525,Matador,"Hosteing, Nicolas",,missing_cover_image
532,526,Travel for the Adventurous and Self-Involved,"Howe; Tom Sacs, Susanna",,missing_cover_image
533,527,PH & HBA,"Hugo, Pieter",,missing_cover_image
534,528,Peter Hujar,"Hujar, Peter",,missing_cover_image
536,530,Life is Elsewhere,"Hura, Sohrab",,missing_cover_image
538,531,"Red Flower, The Women of Okinawa","Ishikawa, Mao",9780692817445,missing_cover_image
539,532,Bad Ass and Beauty—One Love,"Ishikawa, Mao",,missing_cover_image
540,533,Lingering Ghosts,"Ivin, Sam",,missing_cover_image
542,534,Journal Drawings,"Jacobs, Henri",,missing_cover_image
543,535,Eros C'est La Vie,"Jaeger, Elizabeth",,missing_cover_image
544,536,"A Series of Utterly Improbable, Yet Extraordinary Renditions","Jafa, Arthur",9781908617446,incomplete_dimensions
545,537,PRINT / Issue Two,"Jamie, Zoe Ghertner",,missing_cover_image
546,538,Cascades,"Jamison, Aaron Flint",9783905929942,missing_cover_image
548,540,Four Thousand Threads,"Jewell, Dick",,missing_cover_image
549,541,Order of Appearance,"Jocoy, Jim",,missing_cover_image
550,542,Photobooks &: a critical companion to the contemporary medium,"Johnson, Matt",,missing_cover_image
551,543,Gospel Oak,"Johnson, Leigh",,missing_cover_image
553,545,Briney Breezes,"Johnstone, Charles",9780984978199,missing_cover_image
554,546,The Girl in the Fifth Floor Walk-Up,"Johnstone, Charles",,missing_cover_image
555,547,Libby,"Johnstone, Charles",,missing_cover_image
559,550,New York 1969,"Kanoh, Tenmei",,missing_cover_image
561,552,Katsu; Ari Marcopoulos,Katsu; Ari Marcopoulos,,missing_cover_image
562,553,Fan Zine,"Kawasaki, Shiori",9780989688819,missing_cover_image
563,554,Rose,"Kayser, John",,missing_cover_image
564,555,JK Sitting,"Kayser, John",,missing_cover_image
565,556,Ar & Or,"Keiser, Daniela",9783037461648,missing_cover_image
566,557,Vicky,"Keizer, Ilja",9789090341934,missing_cover_image;incomplete_dimensions
568,559,Passengers,"Keller; Martin Wittwer, Dagmar",,missing_cover_image
569,560,Extra High,"Kern, Richard",,missing_cover_image;incomplete_dimensions
570,561,Half Half,"Kern, Richard",,missing_cover_image
571,562,Medicated,"Kern, Richard",,missing_cover_image
572,563,Bed Bath and Beyond,"Kern, Richard",,missing_cover_image
573,564,Bed Bath & Beyond,"Kern, Richard",,missing_cover_image
575,566,Useful Photography #001,"Kessels, Erik",9789072007704,incomplete_dimensions
576,567,Useful Photography #002,"Kessels, Erik",9789075380460,incomplete_dimensions
577,568,Useful Photography #003,"Kessels, Erik",9789075380620,incomplete_dimensions
578,569,Useful Photography #004,"Kessels, Erik",9789075380965,incomplete_dimensions
579,570,Useful Photography #005,"Kessels, Erik",9789070478063,missing_cover_image;incomplete_dimensions
580,571,Useful Photography #006,"Kessels, Erik",9789070478124,missing_cover_image;incomplete_dimensions
581,572,Useful Photography #007,"Kessels, Erik",9789070478162,missing_cover_image;incomplete_dimensions
582,573,Useful Photography #009,"Kessels, Erik",9789070478254,incomplete_dimensions
583,574,Useful Photography #010,"Kessels, Erik",9789070478346,incomplete_dimensions
584,575,Useful Photography #012,"Kessels, Erik",9789070478407,incomplete_dimensions
585,576,Useful Photography #013,"Kessels, Erik",9789070478438,incomplete_dimensions
586,577,Collecting Colour,"Khandekar, Narayan",,missing_cover_image
587,578,Die Buchstaben,"Kiefer, Anselm",9783868321067,incomplete_dimensions
589,580,Puss Puss,"Kim, Sandy",,missing_cover_image
591,582,Sunset,"Klien, Jens",,missing_cover_image
592,583,Belgravia,"Knorr, Karen",,missing_cover_image
593,584,Test The Wind,"Kominek, Misha",,missing_cover_image
594,585,Namedaruma,"Konami, Jiro",,missing_cover_image
595,586,Japan Works,"Konrad, Aglaia",9789492811912,missing_cover_image;incomplete_dimensions
596,587,Luxaflex,"Kooiker, Paul",,missing_cover_image
597,588,The Rumour,"Kooiker, Paul",9789493146488,incomplete_dimensions
600,591,THE NEW YORK YEARS 1971 to 1994 (regular edition) – Eric Kroll,"Kroll, Eric",,missing_cover_image
603,594,Thinking of you,"Kruger, Barbra",9780262112505,missing_cover_image
604,595,Love for Sale: The Words and Pictures of Barbara Kruger,"Kruger, Barbra",,missing_cover_image
605,596,We Won't Play Nature to Your Culture,"Kruger, Barbra",,missing_cover_image
606,597,Believe + Doubt,"Kruger, Barbra",,missing_cover_image
607,598,Human by Gábor,"Kudász, Arion",9786150006031,missing_cover_image;incomplete_dimensions
608,599,Black Threads from Meng Chiao,"Kurland; John Yau (poet), Justine",,missing_cover_image;incomplete_dimensions
609,600,Concrete and sex,"Kurmaz, Sasha",,missing_cover_image
611,601,Event Horizon,"Lacombe, Quentin",,missing_cover_image
612,602,A Field Measure Survey of American Architecture,"Ladd, Jeffrey",9781913620417,incomplete_dimensions
613,603,KEIM,"Lambert, Matt",9782940524020,missing_cover_image
614,604,The Mechanism,"Lange, Mårten",,missing_cover_image
615,605,Sergio Larrain (Agnes-Sire),"Larrain, Sergio",,missing_cover_image
616,606,USA 1972,"Lattuada, Alberto",,missing_cover_image
617,607,Byways & Through Lines,"Le Hors, Pierre",,missing_cover_image
618,608,Grassland,"Lee, H",,missing_cover_image
619,609,Women,"Leiter, Saul",,missing_cover_image
620,610,All About Saul Leiter,"Leiter, Saul",,missing_cover_image
622,612,Here I Am,"Leone, Lisa",,missing_cover_image
624,614,Ballet: Photographs of the New York City Ballet,"Leutwyler, Henry",,missing_cover_image
626,616,"Roy Lichtenstein: History in the Making, 1948-1960","Lichtenstein, Roy",,missing_cover_image
627,617,Lichtenstein Posters,"Lichtenstein, Roy",,missing_cover_image
628,618,Greene Street Mural,"Lichtenstein, Roy",,missing_cover_image
629,619,Girls,"Lichtenstein, Roy",,missing_cover_image
630,620,Tender Mint,"Lilley, Lynn Alleva",,missing_cover_image
631,621,A Different Vision on Fashion Photography,"Lindbergh, Peter",,missing_cover_image
633,623,Scugnizzi (PRE-ORDER A COPY),"Lloyd, Brett",,missing_cover_image
634,624,Private Book 1,"Lozano, Lee",,missing_cover_image;incomplete_dimensions
635,625,Private Book 2,"Lozano, Lee",,missing_cover_image;incomplete_dimensions
636,626,Private Book 3,"Lozano, Lee",,missing_cover_image;incomplete_dimensions
637,627,Private Book 4,"Lozano, Lee",,missing_cover_image;incomplete_dimensions
638,628,Private Book 5,"Lozano, Lee",,missing_cover_image;incomplete_dimensions
639,629,Private Book 6,"Lozano, Lee",,missing_cover_image;incomplete_dimensions
640,630,Private Book 7,"Lozano, Lee",,missing_cover_image;incomplete_dimensions
641,631,Drawings,"Lozano, Lee",,missing_cover_image
643,633,Tools,"Lozano, Lee",,missing_cover_image
644,634,Lubina Himid,"Lubina, Himid",,missing_cover_image
645,635,Damaged Negatives,"Luchford, Glen",,missing_cover_image
646,636,Distorted Nudes,"Lynch, David",,missing_cover_image
647,637,Conversations With the Dead,"Lyon, Danny",9780030850691,missing_cover_image
648,638,The Seventh Dog,"Lyon, Danny",,missing_cover_image
649,639,Message to the Future,"Lyon, Danny",,missing_cover_image
650,640,The Bike Riders,"Lyon, Danny",,missing_cover_image
652,641,Mushrooms & Friends 1,"Ma, Phyllis",,missing_cover_image
653,642,Mushrooms & Friends 2,"Ma, Phyllis",,missing_cover_image
654,643,Mushrooms & Friends 3,"Ma, Phyllis",,missing_cover_image
655,644,I Heart Tattoo,"Macasaet, Manon",,missing_cover_image;incomplete_dimensions
656,645,New Stationary Department,"MacKillop, Sara",9782940524020,missing_cover_image
657,646,"Saša J. Maechtig: Systems, Structures, Strategies","Maechtig, Saša J.",9789616669375,missing_cover_image;incomplete_dimensions
658,647,WET,"Maelfeyt, Jurgen",9789493146662,missing_cover_image;incomplete_dimensions
659,648,Welcome 2 my Room,Maki,,missing_cover_image
660,649,White Trash Uncut,"Makos, Christopher",,missing_cover_image
661,650,The Encyclopedia of Flowers,"Makoto, Azuma",,missing_cover_image
662,651,The Encyclopedia of Flowers II,"Makoto, Azuma",,missing_cover_image
663,652,The Encyclopedia of Flowers III,"Makoto, Azuma",,missing_cover_image
664,653,The Encyclopedia of Flowers IV,"Makoto, Azuma",,missing_cover_image
665,654,New Reproductions,"Maljkovic, David",,missing_cover_image
666,655,Local Time,"Mallios, Jessica",9780996078733,missing_cover_image
667,656,Across Gilnsky America,"Malls, Michael",,missing_cover_image
668,657,A Minor Wrong Doing (signed),"Malmström, Henrik",,incomplete_dimensions
669,658,Life is One Live it Well (signed),"Malmström, Henrik",,missing_cover_image
670,659,Good 70s,"Mandel, Mike",,missing_cover_image
671,660,People In Cars,"Mandel, Mike",,missing_cover_image
672,661,Robert Mapplethorpe: Portraits,"Mapplethorpe, Nigel Shafran, Pierre, Robert",,missing_cover_image
673,662,Flowers,"Mapplethorpe, Nigel Shafran, Pierre, Robert",,missing_cover_image
674,663,Robert Mapplethorpe The Photographs,"Mapplethorpe, Nigel Shafran, Pierre, Robert",,missing_cover_image
675,664,Dashwood Book Series (LTD EDITION - VOL 2),"Mapplethorpe, Nigel Shafran, Pierre, Robert",,missing_cover_image
676,665,Mapplethorpe Flora,"Mapplethorpe, Nigel Shafran, Pierre, Robert",,missing_cover_image
677,666,Mapplethorpe,"Mapplethorpe, Nigel Shafran, Pierre, Robert",,missing_cover_image
678,667,Cyanotypes,"Marclay, Christian",,missing_cover_image
679,668,Index,"Marclay, Christian",9783907236086,incomplete_dimensions
681,670,To be continued...,"Marclay, Christian",,missing_cover_image
682,671,"Comme des Garcons, Motorcycle Ballerinas","Marcopoulos, Ari",,missing_cover_image
683,672,Portraits From the Studio and the Street,"Marcopoulos, Ari",,missing_cover_image
684,673,Wonder,"Marcopoulos, Ari",,missing_cover_image
685,674,Epiphany,"Marcopoulos, Ari",,missing_cover_image
686,675,Epiphany book by Gucci,"Marcopoulos, Ari",,missing_cover_image
687,676,Impala,"Marcopoulos, Ari",,missing_cover_image
688,677,Fumes Matthew Barne Studio,"Marcopoulos, Ari",,missing_cover_image
689,678,Conrad McRae,"Marcopoulos, Ari",9789492811486,missing_cover_image
690,679,Book of Images 1970,"Marden, Brice",,incomplete_dimensions
691,680,Notebook Feb. 1968-,"Marden, Brice",,incomplete_dimensions
692,681,Brice Marden,"Marden, Brice",,missing_cover_image
693,682,Notebook Sept. 1964-Sept. 1967,"Marden, Brice",,incomplete_dimensions
694,683,Kerry James Marshall,"Marshall, Kerry James",,missing_cover_image
695,684,Kerry James Marshall Mastry,"Marshall, Kerry James",,missing_cover_image
696,685,History of Painting,"Marshall, Kerry James",,missing_cover_image
697,686,"Therefore, An Ogre","Marten, Helen",,missing_cover_image
698,687,Sparrows On the Stone (Sadie Coles exhibition booklet),"Marten, Helen",,missing_cover_image;incomplete_dimensions
699,688,Parrot Problems,"Marten, Helen",,missing_cover_image
702,691,Motion,"Martens, Karel",9789491843853,missing_cover_image
703,692,Seoul Portraits,"Martens, Karel",,missing_cover_image
704,693,[MISSING],"Martens, Karel",,missing_title;missing_cover_image;incomplete_dimensions
705,694,Patterns,"Martens, Karel",,missing_cover_image
706,695,Dierenboeken voor / Animal books for Jaap Zeno Anna Julian Luca,"Martens, Lous",9789492811073,missing_cover_image
707,696,"Paintings, Writings, Remembrances","Martin, Agnus",,missing_cover_image
708,697,Inside Thoughts,"Martinez, Eddie",,missing_cover_image
709,698,Paintings 2 Loyal Gallery Stockholm 2021,"Martinez, Eddie",,missing_cover_image
710,699,Drawings,"Martinez, Eddie",9782930777238,incomplete_dimensions
711,700,More Drawings,"Martinez, Eddie",9782930777382,incomplete_dimensions
712,701,One Sky Star World Team Alliance,"Marx, Stefan",,missing_cover_image
713,702,Rebel Without A Cause,"Marx; Christoph Keller, Stefan",9783905999617,missing_cover_image;incomplete_dimensions
714,703,Ravens,"Masahisa, Fukase",9781910164839,missing_cover_image
715,704,Tori,"Masao, Yamamoto",,missing_cover_image
716,705,Gordon Matta-Clark,"Matta-Clark, Gordon",,missing_cover_image
717,706,Anarchitect,"Matta-Clark, Gordon",,missing_cover_image
718,707,Short Term Eternity,"Matta-Clark, Gordon",9789949723461,missing_cover_image;incomplete_dimensions
719,708,You Haven't Seen Their Faces (SIGNED),"Mayrit, Daniel",,missing_cover_image
720,709,Anna Konda,"Mazur, Katarzyna",9783946099000,missing_cover_image
721,710,Chocolate Factory Paris,"McCarthy, Paul",,missing_cover_image
722,711,Paul McCarthy,"McCarthy, Paul",,missing_cover_image
723,712,Between Beauty and the Beast,"McCarthy, Paul",,missing_cover_image
724,713,Colour / Monochrome,"McCartney, Mary",,missing_cover_image
725,714,Close Your Eyes,"McConnell, Gareth",,missing_cover_image
726,715,"Sex, Drugs and Magick . (?)","McConnell, Gareth",,missing_cover_image
727,716,Ground,"McDowell, Bill",,missing_cover_image
728,717,Sweet,"McElroy, Aaron",,missing_cover_image
729,718,You Can Count On Me,"McElroy; Andreas Laszlo, Aaron",,missing_cover_image
730,719,Barry McGee,"McGee, Barry",,missing_cover_image
731,720,Way Far,"McGinley, Ryan",,missing_cover_image
732,721,the kids were alright,"McGinley, Ryan",,missing_cover_image
733,722,Life Adjustment Center,"McGinley, Ryan",,missing_cover_image
734,723,Theatrical Properties,"McGrath, Dennis",9784905052142,missing_cover_image;incomplete_dimensions
735,724,Ceremony,"McLellan, Alasdair",9782918392101,missing_cover_image
736,725,Ultimate Clothing Company,"McLellan, Alasdair",9782918392095,missing_cover_image
737,726,so8os: A Photographic Diary of a Decade,"McMullan, Patrick",,missing_cover_image
739,728,Bottom Ash Observatory,"Meindertsma, Christian",9789464460070,missing_cover_image
741,730,Laying the Ghost,"Melgaard, Bjarne",9783037645574,missing_cover_image;incomplete_dimensions
742,731,Vacant Spaces NY,"Meredith, M",,missing_cover_image
743,732,Visions/ Immersion,"Meryerowitz, Joel",,missing_cover_image
744,733,Where I Find Myself,"Meryerowitz, Joel",,missing_cover_image
745,734,Les Tortures Volontaires (Voluntary Tortures),"Messager, Annette",,missing_cover_image
746,735,Series,"Metinides, Enrique",9783981510508,incomplete_dimensions
747,736,Earthly Delights,"Metzker, Ray K.",,missing_cover_image
748,737,Photography and Reality,"Michaels, Duane",,missing_cover_image
749,738,Story Teller,"Michaels, Duane",,missing_cover_image
750,739,The Idiots Delight,"Michaels, Duane",,missing_cover_image
751,740,Diary,"Mikhailov, Boris",,missing_cover_image
752,741,Tulips,"Miksys, Andrew",,missing_cover_image
753,742,The First March of Gentlemen / Kolekcja Wrzesińska,"Milach, Radek",,missing_cover_image
755,744,Plush,"Minter, Marilyn",,missing_cover_image
756,745,Pretty Dirty,"Minter, Marilyn",,missing_cover_image
757,746,Miserachs Barcelona,"Miserachs, Xavier",,missing_cover_image
758,747,I Can Make You Feel Good,"Mitchell, Tyler",,missing_cover_image
759,748,Some Thing means Everything to Somebody,"Mitchell, Peter",,missing_cover_image
760,749,I carry my landscapes around with me,"Mitchell, Joan",,missing_cover_image
761,750,Colors,"Mizutani, Yoshinori",9784865870343,missing_cover_image
762,751,Hanon (signed),"Mizutani, Yoshinori",,missing_cover_image
763,752,Tokyo Parrots,"Mizutani, Yoshinori",,missing_cover_image
764,753,Photographs 1934–1973,"Mollino, Carlo",,missing_cover_image
765,754,Carlo Mollino: Polaroids,"Mollino, Carlo",,missing_cover_image
766,755,Carlo Mollino: Photographs 1956-1962,"Mollino, Carlo",,missing_cover_image
767,756,Topographies,"Monica Ursina, Jager",9783037470626,missing_cover_image;incomplete_dimensions
768,757,Billy Monk,"Monk, Billy",,missing_cover_image
769,758,Restaurant Drawings,"Monk, Jonathan",,missing_cover_image
771,760,Record no 34 (signed),"Moriyama, Daido",,missing_cover_image
772,761,Record no 32 (signed),"Moriyama, Daido",,missing_cover_image
773,762,Record no 31 (signed),"Moriyama, Daido",,missing_cover_image
774,763,Record no 26 (signed),"Moriyama, Daido",,missing_cover_image
776,765,Mirage,"Moriyama, Daido",,missing_cover_image
777,766,[MISSING],"Morrisroe, Mark",,missing_title;missing_cover_image
778,767,Not Just Your Face Honey,"Moshammer, Stefanie",9783959052436,missing_cover_image;incomplete_dimensions
779,768,Tertium Quid,"Moss, Murray",,missing_cover_image
780,769,Incoming,"Mosse, Richard",,missing_cover_image
781,770,KRAFTWERK 45 RPM,"Mott, Toby",,missing_cover_image
783,772,"Wangechi Mutu: I Am Speaking, Are You Listening?","Mutu, Wangechi",9781636810058,missing_cover_image;incomplete_dimensions
787,775,We Are The Ones To Go To The Mountain,"Nassar, Jordan",,missing_cover_image
788,776,"New York Subway, 1960",Natali,,missing_cover_image
789,777,Studio Paradiso,Natkiel,,missing_cover_image
790,778,"On Your Knees, Please.",Nave,,missing_cover_image
791,779,People Come First,Neel,,missing_cover_image
792,780,Painted Truths,Neel,,missing_cover_image
793,781,"Alice, Neel, Uptown","Neel, Alice",9781941701607,missing_cover_image
794,782,Shurin Nesbat,"Nesbat, Shurin",,missing_cover_image
795,783,Ninguem E De Ninguem(Limited Edition 250 Copies + signed C print),"Ninguem E De, Ninguem",9791091406888,missing_cover_image;incomplete_dimensions
796,784,End Or : #12 Absolutely Empty,"Nocito, Jason",,missing_cover_image
797,785,End Or : ATM Machine,"Nocito, Jason",,missing_cover_image
798,786,End Or : Scanner,"Nocito, Jason",,missing_cover_image
799,787,End Or : Limbo,"Nocito, Jason",,missing_cover_image
800,788,End Or: Walkers,"Nocito, Jason",,missing_cover_image
801,789,End Or: Not / Here,"Nocito, Jason",,missing_cover_image
802,790,End Or: Book Seven,"Nocito, Jason",,missing_cover_image
803,791,End Or: The Nice Guy,"Nocito, Jason",,missing_cover_image
804,792,End Or: Dropping Shadows,"Nocito, Jason",,missing_cover_image
805,793,End Or: Pictures Included,"Nocito, Jason",,missing_cover_image
806,794,End Or: Love Twins,"Nocito, Jason",,missing_cover_image
807,795,End Or: Sooner Forever,"Nocito, Jason",,missing_cover_image
808,796,PUD III,"Nocito, Jason",,missing_cover_image
809,797,PUD II,"Nocito, Jason",,missing_cover_image
810,798,PUD,"Nocito, Jason",,missing_cover_image
811,799,Bomba,"Nocito; Thomas Prior, Jason",,missing_cover_image
812,800,Cady Noland: Polaroids 1986-2024,"Noland, Cady",9781951449957,missing_cover_image;incomplete_dimensions
815,802,Tramonto Spaventoso,"Oehlen, Albert",,missing_cover_image
817,804,In der Wohnung,"Oehlen, Albert",9783905929959,missing_cover_image;incomplete_dimensions
818,805,UK77: Digging my way to London,"Ohtake, Shinro",,missing_cover_image
819,806,Bible,"Okabe, Momo",,missing_cover_image
820,807,The Images of Architects,"Olgiati, Valerio",,missing_cover_image
821,808,I Am A Lone Monk Walking The World With A Leaky Umbrella Chinese Shadow-puppets 2012-2017,"Onnen, Serge",,missing_cover_image
822,809,Eleventh Finger,"Onodera, Yuki",,missing_cover_image
824,811,[MISSING],"Oursler, Tony",,missing_title;missing_cover_image
825,812,I/O Underflow,"Oursler, Tony",,missing_cover_image
826,813,Imponderable,"Oursler, Tony",,missing_cover_image
827,814,[MISSING],"Owens, Laura",,missing_title;missing_cover_image
828,815,Questions of Faith,"Ozbolt, Djordje",,missing_cover_image
830,816,The Eye Is Not Satisfied with Seeing:,"Packer, Jennifer",,missing_cover_image
831,817,Trevor Paglan,"Paglan, Trevor",9780714873442,missing_cover_image
833,819,Invisible: Covert Operations and Classified Landscapes,"Paglan, Trevor",9781597111300,missing_cover_image
834,820,"The Atmosphere of Crime, 1957","Parks, Gordon",9783958296961,missing_cover_image;incomplete_dimensions
835,821,Collected Works. Study Edition,"Parks, Gordon",,missing_cover_image
836,822,Cityscapes,"Parlá, José",,missing_cover_image
837,823,Obvious and Ordinary: America 2006,"Parr, Martin",,missing_cover_image
838,824,[MISSING],"Pascual, Marlo",9781940881027,missing_title;missing_cover_image
839,825,Women with Cameras (Anonymous),"Patellani, Federico",,missing_cover_image
840,826,Bottom Of The Lake,"Patterson, Christian",,missing_cover_image
842,828,Solus Volume I: Concerning Atypical Beauty and Youth (Vol.1),"Peter, Hugo",,missing_cover_image;incomplete_dimensions
843,829,Grona Lund,"Petersen, Anders",,missing_cover_image
845,831,Here's Your Irony Back: Political Works 1975-2013,"Pettibon, Raymond",,missing_cover_image
847,833,Are Your Motives Pure - Surfers 1985-2014,"Pettibon, Raymond",,missing_cover_image
848,834,The Pages Which Contain Truth Are Blank,"Pettibon, Raymond",,missing_cover_image
849,835,V-Boom,"Pettibon, Raymond",,missing_cover_image
850,836,Surfers 1985-2015,"Pettibon, Raymond",,missing_cover_image
851,837,Climax presents black flag,"Pettibon, Raymond",,missing_cover_image
852,838,Looker-upper,"Pettibon, Raymond",,missing_cover_image
853,839,Dzama / Pettibon: Let us compare mythologies,"Pettibon, Raymond",9781941701386,missing_cover_image;incomplete_dimensions
854,840,Marcela Dzama 3,"Pettibon, Raymond",,missing_cover_image
855,841,Born on a Train,"Pettibon, Raymond",,missing_cover_image
856,842,Raymond Pettibon (Contemporary Artists),"Pettibon, Raymond",,missing_cover_image
857,843,Raymond Pettibon: Homo Americanus: Collected Works,"Pettibon, Raymond",,missing_cover_image
858,844,Imprint93,"Peyton, Elizabeth",,missing_cover_image
859,845,Here She Comes Now,"Peyton, Elizabeth",,missing_cover_image
860,846,The Age of Innocence,"Peyton, Elizabeth",9783905999488,missing_cover_image;incomplete_dimensions
861,847,Ghost,"Peyton, Elizabeth",,missing_cover_image
862,848,Elizabeth Peyton Gagosian Paris,"Peyton, Elizabeth",,missing_cover_image
863,849,"Kembra Pfahler ""Beautalism""","Pfahler, Kembra",9780981577135,missing_cover_image
865,851,Choli Cholie,"Pfeiffer, Walter",9781597111300,missing_cover_image
866,852,Choli Choie,"Pfeiffer, Walter",,missing_cover_image
867,853,Scrapbooks,"Pfeiffer, Walter",,missing_cover_image
868,854,Welcome Aboard,"Pfeiffer, Walter",,missing_cover_image
869,855,Hustlers (SIGNED),"Philip-Lorca diCorcia, Philip-Lorca",,missing_cover_image
870,856,Unsigned,"Phillips, Valerie",,missing_cover_image
871,857,[MISSING],"Phillips, Richard",,missing_title;missing_cover_image
872,858,Grandpa goes to Hollywood,"Phillips, Brad",,missing_cover_image
873,859,Mother Nature Mother Creature,"Phillips, Brad",,missing_cover_image
874,860,Unsigned.,"Phillips, Valerie",,missing_cover_image
875,861,It’s Not Him You See At Night In Your Dreams Valerie Phillips,"Phillips, Valerie",,missing_cover_image;incomplete_dimensions
876,862,Sara Superero,"Phillips, Valerie",,missing_cover_image;incomplete_dimensions
878,864,[MISSING],Pierre et Gilles,,missing_title;missing_cover_image
879,865,Lynn Valley 9,"Pierson, Jack",,missing_cover_image
880,866,I Am A Woman,"Piller, Peter",,missing_cover_image
881,867,Umschläge (Special Edition) #15,"Piller, Peter",,missing_cover_image
882,868,Umschläge,"Piller, Peter",,missing_cover_image
883,869,Von Willich aus (Starting from Willich),"Polke, Sigmar",,missing_cover_image
884,870,Die Mauer ist Weg!,"Power, Mark",,missing_cover_image
885,871,Ken Price Drawings,"Price, Ken",,missing_cover_image
886,872,Hoods,"Prince, Richard",9798985236811,incomplete_dimensions
887,873,American Dream,"Prince, Richard",9780971634152,incomplete_dimensions
888,874,American English,"Prince, Richard",9783883757179,incomplete_dimensions
889,875,Bettie Kline,"Prince, Richard",9781935263005,incomplete_dimensions
909,895,Richard Prince - The Gug,"Prince, Richard",,missing_cover_image
911,897,Richard Prince Publications,"Prince, Richard",,missing_cover_image
927,913,Provoke Re-issue,Provoke,,missing_cover_image
928,914,Rob Pruitt's eBay Flea Market Year,"Pruitt, Rob",,missing_cover_image
929,915,The Exquisite Self Portraits Photoshoot,"Pruitt, Rob",,missing_cover_image
930,916,Terrestre,"Pyvka, Arnaud",,missing_cover_image
931,917,Black Rodeo,"Quaicoe, Otis Kwame Kye",9782930573434,missing_cover_image;incomplete_dimensions
933,918,Mel Ramos,"Ramos, Mel",,missing_cover_image
934,919,Mel Ramos: New Prints: Catalogue Raisonné of Original Prints,"Ramos, Mel",9783869844701,missing_cover_image
935,920,Oversized Taschen Book -,"Rauch, Neo",,missing_cover_image
936,921,"Neo Rauch: Paintings Edited by Hans-Werner Schmidt, Bernhart Schwenk","Rauch, Neo",9783775725217,missing_cover_image
937,922,"Neo Rauch: Das Grafische Work, 1993-201","Rauch, Neo",9783775733106,missing_cover_image
938,923,Neo Rauch: Dromos,"Rauch, Neo",,missing_cover_image
939,924,Neo Rauch: Para,"Rauch, Neo",9783832190095,missing_cover_image;incomplete_dimensions
940,925,Neo Rauch Schilfland: Works on Paper by Wolfgang Buscher (2009-09-01),"Rauch, Neo",,missing_cover_image
941,926,Neo Rauch: At the Well,"Rauch, Neo",9781941701119,missing_cover_image
942,927,Neo Rauch: Propaganda,"Rauch, Neo",,missing_cover_image
943,928,Aus dem Bldem / From the Floor,"Rauch, Neo",,missing_cover_image
944,929,Neo Rauch: Renegaten,"Rauch, Neo",9780976913603,missing_cover_image
945,930,Neo Rauch & Rosa Loy: Hinter Den Gärten/Behind the Gardens,"Rauch, Neo",,missing_cover_image
946,931,Neo Rauch Bonnefanten Museum,"Rauch, Neo",,missing_cover_image
949,934,Scenerios,"Rauchenberg, Robert",,missing_cover_image
950,935,Runts,"Rauchenberg, Robert",,missing_cover_image
951,936,Transfer Drawings,"Rauchenberg, Robert",,missing_cover_image
953,938,Rogerio REIS : Ninguém é de Ninguém Impériale Collection n°4,"REIS, Rogerio",,missing_cover_image;incomplete_dimensions
954,939,Strip Paintings and 8 Glass Panels,"Richter, Gerhard",,missing_cover_image
955,940,Gerhard Richter: Abstraktes Bild 825-11: 69 Details,"Richter, Gerhard",,missing_cover_image
956,941,Overpainted Photographs,"Richter, Gerhard",,missing_cover_image
957,942,Painting After All,"Richter, Gerhard",,missing_cover_image
958,943,Landscape,"Richter, Gerhard",,missing_cover_image
959,944,Gerhard Richter: tails,"Richter, Gerhard",,missing_cover_image
960,945,Portraits,"Richter, Gerhard",,missing_cover_image
961,946,Atlas,"Richter, Gerhard",,missing_cover_image
962,947,Portraits Painting Appearances,"Richter, Gerhard",,missing_cover_image
963,948,Gerhard Richter: Life and Work in Painting Thinking is Painting,"Richter, Gerhard",9783791386515,missing_cover_image;incomplete_dimensions
964,949,Tom,"Rickard, Doug",,missing_cover_image
965,950,78-87 London Youth,"Ridgers, Derek",9788862083591,incomplete_dimensions
966,951,Pixel Forest,"Rist, Pipilotti",,missing_cover_image
967,952,The video organism of Pipilotti,"Rist, Pipilotti",,missing_cover_image
968,953,[MISSING],"Robert Adams, Robert",,missing_title;missing_cover_image
969,954,Walter Robinson paintings on paper 2009 - 2020,"Robinson, Walter",,missing_cover_image;incomplete_dimensions
970,955,Liquid Cities,"Rodick, Frank",,missing_cover_image
971,956,Giappone 1970,"Rodland, Torbjorn",,missing_cover_image
972,957,Fifth Honeymoon,"Rodland, Torbjorn",,missing_cover_image
973,958,Vanilla Partner,"Rodland, Torbjorn",,missing_cover_image
974,959,Sasquatch Century,"Rodland, Torbjorn",,missing_cover_image
975,960,Confabulations,"Rodland, Torbjorn",,missing_cover_image
976,961,The Touch That Made You,"Rodland, Torbjorn",,missing_cover_image
978,963,Time and Space on the Lower East Side,"Rose, Brian",,missing_cover_image
979,964,Headshots,"Rosenberg, Aura",,missing_cover_image
980,965,James Rosenquist: the Big Paintings: Thirty Years,"Rosenquist, James",9780847818457,missing_cover_image
981,966,James Rosenquist,"Rosenquist, James",,missing_cover_image
982,967,The Early Pictures,"Rosenquist, James",,missing_cover_image
984,969,Welcome to the Walter Planet and House of Fire 1988-1989,"Rosenquist, James",,missing_cover_image
985,970,King of Diamonds,"Rosenweig, Ben",,missing_cover_image
986,971,King Of Diamonds,"Rosenzweig, Ben",,missing_cover_image
987,972,Mimmo Rotella,"Rotella, Mimmo",,missing_cover_image
988,973,American Icons and Early Work,"Rotella, Mimmo",,missing_cover_image
989,974,Work Tables & Tischmatten,"Roth, Dieter",,missing_cover_image
990,975,Landing Lights Park,"Rothenberg, David",,missing_cover_image
991,976,Dark Palette,Rothko,,missing_cover_image
992,977,Secrets,"Roversi, Paolo",,missing_cover_image
993,978,Superstition,"Roy, Henry",,missing_cover_image
994,979,Chron,"Ruby, Sterling",,missing_cover_image
995,980,LA/BJ,"Ruby, Sterling",,missing_cover_image
996,981,Interieurs,"Ruff, Thomas",,missing_cover_image
997,982,Lichten,"Ruff, Thomas",,missing_cover_image
998,983,Editions 1959-1999,"Ruscha, Edward",,missing_cover_image
999,984,Karma,"Ruscha, Edward",,missing_cover_image
1000,985,Paintings Volume One,"Ruscha, Edward",,missing_cover_image
1001,986,Photographer,"Ruscha, Edward",,missing_cover_image
1002,987,Los Angeles Apartments,"Ruscha, Edward",,missing_cover_image
1003,988,Photography,"Ruscha, Edward",,missing_cover_image
1004,989,Metro Mattresses,"Ruscha, Edward",,missing_cover_image
1005,990,The Tree Show,"Ryden, Mark",,missing_cover_image
1007,991,Tea Ceremony Manual,"Sachs, Tom",,missing_cover_image
1008,992,Discordia,"Saman, Moises",,missing_cover_image
1009,993,Diary of a Forgotten Actress: 1972-1979,"Samsom, Marja",,missing_cover_image
1010,994,Moisés,"Sancari, Mariela",,missing_cover_image;incomplete_dimensions
1011,995,Ex Libris,"Santo Domingo, Juilo Mario",,missing_cover_image
1012,996,Of Mud and Lotus,"Sassen, Viviane",,missing_cover_image
1013,997,Sketches Polaroids made in Africa 2002- 2010,"Sassen, Viviane",,missing_cover_image
1014,998,Roxane II,"Sassen, Viviane",,missing_cover_image
1015,999,Crime and Punishment,"Saul, Peter",9781838660796,incomplete_dimensions
1016,1000,[MISSING],"Saunders, Norman",,missing_title;missing_cover_image
1017,1001,Landscapes (original Risograph print),"Saveri, Lele",,missing_cover_image
1018,1002,Elips,"Saville, Jenny",,missing_cover_image
1019,1003,Peter Saville Estate 1-127,"Saville, Peter",,missing_cover_image
1020,1004,Designed By Peter Saville,"Saville, Peter",,missing_cover_image
1021,1005,Nagisa Hotel,"Sawatari, Hajime",9784905052890,missing_cover_image
1022,1006,Passengers,"Schabel, John",,missing_cover_image
1023,1007,Always there,"Scher, Julia",,missing_cover_image
1026,1010,All I Ever Wanted,"Scheurwater, Hester",9791091406291,missing_cover_image
1030,1014,Waffenruhe (Ceasefire),"Schmidt, Michael",,missing_cover_image
1031,1015,NATUR,"Schmidt, Michael",,missing_cover_image
1032,1016,Artists,"Schmidt, Jason",,missing_cover_image
1033,1017,Artists II,"Schmidt, Jason",,missing_cover_image
1034,1018,Private Views: A High-Rise Panorama of Manhattan,"Schmied, Andi",9788070912560,missing_cover_image;incomplete_dimensions
1035,1019,Maneater,"Schmit, Aurel",,missing_cover_image
1036,1020,Draw A Family,"Schnabel, Julian",,missing_cover_image
1037,1021,Polaroids,"Schnabel, Julian",,missing_cover_image
1038,1022,Beautiful Pig,"Schonberger, Ben",,missing_cover_image
1039,1023,Contacts,"Schorr, Collier",,missing_cover_image
1040,1024,Paul's Book,"Schorr, Collier",,missing_cover_image
1042,1026,I Blame Jordan,"Schorr, Collier",,missing_cover_image
1043,1027,Neighbors/Nachbarn,"Schorr, Collier",,missing_cover_image
1044,1028,How to Win Friends and Influence People,"Schubert, Erik",,missing_cover_image
1045,1029,Ernst Schwitters in Norway: Photographs 1930-1960 (Multilingual Edition),"Schwitters, Ernst",,missing_cover_image;incomplete_dimensions
1046,1030,Things Left Unsaid,"Seawright, Paul",,missing_cover_image
1047,1031,Paul Mpagi Sepuya,"Sepuya, Paul Mpagi Sepuya",,missing_cover_image
1048,1032,Serra 2013,"Serra, Richard",,missing_cover_image
1049,1033,Richard Serra Early Work,"Serra, Richard",,missing_cover_image
1050,1034,Richard Serra Drawing,"Serra, Richard",,missing_cover_image
1051,1035,East-West/West-East,"Serra, Richard",,missing_cover_image
1052,1036,Khichdi (kitchari),"Sethi, Nick",,missing_cover_image
1053,1037,Pul Ke Niche,"Sethi, Nick",,missing_cover_image
1054,1038,No Time for Love,"Sevigny, Chloe",,missing_cover_image
1055,1039,The People on the Street,"Shafran, Nigel",,missing_cover_image
1056,1040,Before and After Night Porter,"Shaw, Chris",,missing_cover_image
1057,1041,Jeremy Shaw,"Shaw, Jeremy",,missing_cover_image
1058,1042,43-35 10th Street,"Shea, Daniel",9783037470862,incomplete_dimensions
1059,1043,"Blisner, IL","Shea, Daniel",,missing_cover_image
1060,1044,Steven Shearer,"Shearer, Steven",,missing_cover_image
1062,1046,Blind Date,"Shiga, Lieko",,missing_cover_image
1063,1047,Deko + Munition,"Shiinoki, Shunsuke",,missing_cover_image
1065,1049,Olele Olala,"Shinoyama, Kishin",,missing_cover_image
1066,1050,I Wish I Never Saw the Sunshine.,"Silano, Pacifico",9781912719242,missing_cover_image;incomplete_dimensions
1067,1051,Tear Sheets,"Silano, Pacifico",,missing_cover_image
1069,1053,Inch by Inch House by House Alley by Alley,"Silva, Giovanna",,missing_cover_image
1070,1054,The Love Doll,"Simmons, Laurie",,missing_cover_image
1071,1055,Photographs 1978/79,"Simmons, Laurie",,missing_cover_image
1072,1056,[MISSING],"Simmons, Gary",,missing_title;missing_cover_image
1073,1057,Paperwork And The Will Of Capital,"Simon, Taryn",,missing_cover_image
1074,1058,The Color of a Flea’s Eye: The Picture Collection,"Simon, Taryn",9782851173140,missing_cover_image
1077,1061,"Rear Views, a Star-forming Nebula, and the Office of Foreign Propaganda","Simon, Taryn",9781849762359,missing_cover_image
1078,1062,Birds of the West Indies,"Simon, Taryn",9783775736633,incomplete_dimensions
1079,1063,Supreme,"Sims, David",,missing_cover_image
1080,1064,Siam's Guy,"Sims; Hawkesworth, Jamie;, David",,missing_cover_image
1084,1068,VISTA,"Snapp, Colin",,missing_cover_image
1085,1069,With And Without You,"Sobol, Jacob Aue",,missing_cover_image
1086,1070,Let's Panic,"Sorrenti; Goldberg,Jim, Davide",,missing_cover_image
1087,1071,A Pound of Pictures,"Soth, Alec",9781913620110,incomplete_dimensions
1088,1072,Gathered Leaves,"Soth, Alec",9781910164365,missing_cover_image
1089,1073,Songbook,"Soth, Alec",,missing_cover_image
1090,1074,Voyeur (gray cover),"Souharce, Emma",9783906213040,missing_cover_image
1091,1075,Love Journal 2015,"Spears, Mike",,missing_cover_image
1092,1076,Temporary Discomfort,"Spinatsch, Jules",,missing_cover_image
1093,1077,Semiautomatic Photography,"Spinatsch, Jules",9783959052924,incomplete_dimensions
1094,1078,We will never be so close again,"Spinatsch, Jules",9783037470015,missing_cover_image;incomplete_dimensions
1095,1079,Devils & Angels Ritual Feasts in Europe,"Spoelstra, Friso",9789462260962,missing_cover_image
1096,1080,Whitewash,"Srikhao, Harit",,missing_cover_image
1097,1081,Deadline,"Steacy, Will",,missing_cover_image
1098,1082,Luke Stephenson's 99x99s,"Stephenson, Luke",9780995743410,missing_cover_image
1099,1083,John Stezaker: Rubell Family Collection,"Stezaker, John",,missing_cover_image
1100,1084,I Will Survive,"Steyerl, Hito",,missing_cover_image
1101,1085,New York,"Stieglitz, Alfred",,missing_cover_image
1102,1086,Folklig Idrott (Folk-athletic games),"Still, Maximilian",,missing_cover_image
1104,1088,Les Nuits De,"Strömholm, Christer",9788416282159,missing_cover_image
1105,1089,Walking,"Struth, Thomas",,missing_cover_image
1106,1090,Matera 1953,"Struth, Thomas",,missing_cover_image
1107,1091,Nature & Politics,"Struth, Thomas",,missing_cover_image
1108,1092,Vernacular Photography,"Struvay, Thierry",,missing_cover_image
1109,1093,Love & Hate & Other Mysteries,"Struvay, Thierry",,missing_cover_image
1110,1094,Pictures from Home,"Sultan, Larry",,missing_cover_image
1111,1095,Tekerrur (Recurrence),"Sume, Selim",,missing_cover_image
1112,1096,Radial Grammar,"Suter, Batia",,missing_cover_image
1113,1097,Parallel Encyclopedia,"Suter, Batia",,missing_cover_image
1114,1098,Hexamilies (Mont-Voisin),"Suter, Batia",9789491843426,missing_cover_image
1115,1099,Parallel Encyclopedia #2,"Suter, Batia",9789491843761,missing_cover_image
1116,1100,Parallel Encyclopedia #1,"Suter, Batia",9789492811981,missing_cover_image
1117,1101,Cloud Service (Special Edition),"Suter, Batia",,missing_cover_image
1118,1102,Sender,"Sutherland, Peter",,missing_cover_image
1119,1103,Swoon,Swoon,,missing_cover_image
1120,1104,[MISSING],Swoon,,missing_title;missing_cover_image
1121,1105,De nuit en jour,"Sze, Sarah",,missing_cover_image
1123,1106,ecollage,"Tei, Towa",,missing_cover_image
1124,1107,Mondschwimmen,"Teichmann, Esther",9780955675133,missing_cover_image
1125,1108,Season Three,"Teller, Juergen",,missing_cover_image
1126,1109,Hairdos of Defiance,"Templeton, Ed",,missing_cover_image
1127,1110,Contemporary Suburbium,"Templeton, Ed & Deanna",,missing_cover_image
1128,1111,Wayward Cognitions,"Templeton, Ed",,missing_cover_image
1129,1112,Showboat Special Edition,"The Mott Collection (Toby Mott, editor)",,missing_cover_image
1131,1114,"Delicious Metropolis: The Desserts and Urban Scenes of Wayne Thiebaud (Fine Art Book, California Artist Gift Book, Book of Cityscapes and Sweets)","Thiebaud, Wayne",9781452169934,missing_cover_image
1132,1115,Miroslav Tichy - L'homme A La Mauvaise Camera,"Tichy, Miroslav",9782916067650,missing_cover_image
1133,1116,Edit Beijing,"Tillim, Guy",,missing_cover_image
1134,1117,Stained Ripe Impure Bright,"Tillmans, Wolfgang",,missing_cover_image
1135,1118,Wolfgang Tillmans. Cologne,"Tillmans, Wolfgang",,missing_cover_image
1136,1119,Wolfgang Tillmans. Zurich,"Tillmans, Wolfgang",,missing_cover_image
1137,1120,Wolfgang Tillmans. Frankfurt am Main,"Tillmans, Wolfgang",,missing_cover_image
1138,1121,Wer Liebe wagt lebt morgen. Ostfildern-Ruit,"Tillmans, Wolfgang",,missing_cover_image
1139,1122,Concorde - Cologne,"Tillmans, Wolfgang",,missing_cover_image
1140,1123,Wolfgang Tillmans - Burg,"Tillmans, Wolfgang",,missing_cover_image
1141,1124,"Cologne: Taschen, 1998","Tillmans, Wolfgang",,missing_cover_image
1142,1125,"Reissued as Wolfgang Tillmans, 2002","Tillmans, Wolfgang",,missing_cover_image
1143,1126,"Totale Sonnenfinsternis. Cologne: Galerie Buchholz, 1999","Tillmans, Wolfgang",,missing_cover_image
1144,1127,"Wako Book 1999. Tokyo: Wako Works of Art, 1999","Tillmans, Wolfgang",,missing_cover_image
1145,1128,"Soldiers—The Nineties. Cologne: Walther König, 1999.","Tillmans, Wolfgang",9783883753775,missing_cover_image
1146,1129,"Wako Book 2. Tokyo: Wako Works of Art, 2001.","Tillmans, Wolfgang",9784902070197,missing_cover_image
1147,1130,"Portraits. Cologne: Walther König / Distributed Art Publishers, 2001.","Tillmans, Wolfgang",9781891024368,missing_cover_image
1148,1131,"Aufsicht / View from Above. Ostfildern-Ruit: Hatje Cantz, 2001","Tillmans, Wolfgang",,missing_cover_image
1151,1134,"If One Thing Matters, Everything Matters. London: Tate, 2003","Tillmans, Wolfgang",,missing_cover_image
1152,1135,"Wako Book 3. Tokyo: Wako Works of Art, 2004.","Tillmans, Wolfgang",9784902070251,missing_cover_image
1153,1136,"Freischwimmer. Tokyo: Tokyo Opera City Gallery, 2004","Tillmans, Wolfgang",,missing_cover_image
1154,1137,"truth study center. Cologne: Taschen, 2005.","Tillmans, Wolfgang",9783822846406,missing_cover_image
1155,1138,"Freedom From The Known. New York and Göttingen: P.S.1/Steidl, 2006.","Tillmans, Wolfgang",9783865212638,missing_cover_image
1156,1139,"Wolfgang Tillmans. Los Angeles. New Haven and London: Museum of Contemporary Art, Chicago; Hammer Museum, Los Angeles, 2006.","Tillmans, Wolfgang",9780300120222,missing_cover_image
1157,1140,"Why We Must Provide HIV Treatment Information. London: HIV i-base, 2007. Photography by Tillmans.","Tillmans, Wolfgang",,missing_cover_image
1158,1141,"Sprengel Installation. Hannover: Sprengel Museum, 2007","Tillmans, Wolfgang",,missing_cover_image
1159,1142,"manual. Cologne: Walther König, 2007.","Tillmans, Wolfgang",9783865601322,missing_cover_image
1160,1143,"Wolfgang Tillmans and Hans Ulrich Obrist. The Conversation Series, Vol. 6. Cologne: Walther König, 2007.","Tillmans, Wolfgang",9783865601339,missing_cover_image
1161,1144,"Wako Book 4. Tokyo: Wako Works of Art, 2008.","Tillmans, Wolfgang",9784902070316,missing_cover_image
1162,1145,"Lighter. Ostfildern and Berlin: Hatje Cantz and Hamburger Bahnhof—Museum für Gegenwart—Berlin, 2008.","Tillmans, Wolfgang",9783775721875,missing_cover_image
1163,1146,"Wolfgang Tillmans: Interviews. Tokyo: Wako Works of Art, 2010","Tillmans, Wolfgang",,missing_cover_image
1164,1147,"Wolfgang Tillmans. London: Serpentine Gallery; Koenig Books, 2010","Tillmans, Wolfgang",,missing_cover_image
1165,1148,"Wolfgang Tillmans. Brochure. Liverpool: Walker Art Gallery, 2010","Tillmans, Wolfgang",,missing_cover_image
1166,1149,Abstract Pictures,"Tillmans, Wolfgang",9783775727433,incomplete_dimensions
1167,1150,"Zachęta Ermutigung. Zachęta Narodowa Galeria Sztuki, Kunstsammlung Nordrhein-Westfalen, Düsseldorf, 2011","Tillmans, Wolfgang",,missing_cover_image
1168,1151,"FESPA Digital / FRUIT LOGISTICA. Artist book. Cologne: Walther König, 2012","Tillmans, Wolfgang",,missing_cover_image
1169,1152,"Neue Welt. Cologne: Taschen, 2012.","Tillmans, Wolfgang",9783836539746,missing_cover_image
1170,1153,"Wolfgang Tillmans. London and New York: Phaidon, 2013.","Tillmans, Wolfgang",9780714867045,missing_cover_image
1171,1154,Conor Donlon,"Tillmans, Wolfgang",,missing_cover_image;incomplete_dimensions
1172,1155,Wolfgang Tillmans: A Reader,"Tillmans, Wolfgang",9781633451124,missing_cover_image
1173,1156,Snoeck,"Tobias, Oert & Uwe",,missing_cover_image
1175,1158,Dollars for 3 Minutes,"Toloui, Cammie",,missing_cover_image
1176,1159,Chicha Dreams,"Torres, Nicolas",,missing_cover_image
1177,1160,Une Genealogie Des Grandes Oreilles (French Edition),"Tortil, Lauren",9791096155095,missing_cover_image
1178,1161,Dolce Via,"Traub, Charles H.",,missing_cover_image
1179,1162,[MISSING],"Trecartin, Ryan",,missing_title;missing_cover_image
1180,1163,Rockoco,"Trillo, Miguel",,missing_cover_image
1181,1164,Frido Troost An Educational Archive of 2863 Slides,"Troost, Frido",9789493146396,missing_cover_image;incomplete_dimensions
1182,1165,Comme des Garçons 1981,"Turbeville, Deborah",,missing_cover_image
1183,1166,Ende,"Tuymans, Luc",,missing_cover_image
1184,1167,Proper,"Tuymans, Luc",,missing_cover_image
1185,1168,Luc Tuymans,"Tuymans, Luc",,missing_cover_image
1186,1169,Cy Twombly,"Twombly, Cy",,missing_cover_image
1187,1170,In Beauty It Is Finished,"Twombly, Cy",,missing_cover_image
1188,1171,Photographs III,"Twombly, Cy",,missing_cover_image
1190,1172,Real Nazis,"Uklanski, Piotr",,missing_cover_image
1192,1173,Archive of Modern Conflict: Soviet Beauty Queens,VA,,missing_cover_image;incomplete_dimensions
1193,1174,CREDIT -120.00,VA,,missing_cover_image
1194,1175,Images of Conviction: The Construction of Visual Evidence (Beaux livres),VA,9782365110839,missing_cover_image
1195,1176,Holding the Camera,VA,9783959053495,incomplete_dimensions
1196,1177,Berlin 2013/1983,VA,9783931435424,missing_cover_image
1199,1180,Light (WMA),VA,,missing_cover_image
1200,1181,Automated Photography,VA,,missing_cover_image;incomplete_dimensions
1202,1183,Ecal Photography,VA,9783775737258,incomplete_dimensions
1204,1185,Houseplants Covered With Snow & Houseplants,"Van Beek, Ruth",,missing_cover_image
1206,1187,Paris Mortel,"van der Keuken, Johan",,missing_cover_image
1207,1188,Soon,"van der Put, Emma",9789493146372,incomplete_dimensions
1208,1189,Photo Book (s),"Van Golden, Daan",9783863354213,missing_cover_image
1209,1190,Bench Players,"van Mirrlo, Rop",9783907179383,missing_cover_image
1210,1191,Can't pay you to Disappear,"Vandenberghe, Thomas",,missing_cover_image
1211,1192,Kiki / 12,"Vanderperre, Willy",,missing_cover_image
1212,1193,Jonas / 12,"Vanderperre, Willy",,missing_cover_image
1213,1194,Photobook Phenomenon,Various,,missing_cover_image
1214,1195,Nudes Curated By Julien Dossena,Various,,missing_cover_image
1215,1196,Nuogo Kuno Teorija / Theory of a Naked Body,Various,,missing_cover_image
1216,1197,"Yes, Yes Yes Alternative Press",Various,,missing_cover_image
1217,1198,Untitled Anonymous,Various,,missing_cover_image
1218,1199,Prkynka na maso jsme urizli,Various,,missing_cover_image
1219,1200,"SPBN Self Publish, Be Naughty",Various (75),,missing_cover_image
1220,1201,AKINA Publishers,Various-Artists,,missing_cover_image;incomplete_dimensions
1221,1202,EROTISH (book + print),"Vincent, Julia et",9789493146587,missing_cover_image;incomplete_dimensions
1222,1203,Homo Viksraitis,"Virsraitis, Rimaldas",,missing_cover_image
1228,1208,Out of Body,"Walton, Nate",9788799662838,missing_cover_image
1229,1209,Made Glorious Summer,"Waplington, Nick",,missing_cover_image
1230,1210,Anaglypta 1980-2020,"Waplington, Nick",9781838035495,missing_cover_image;incomplete_dimensions
1231,1211,Warhol : le grand monde d'Andy Warhol,"Warhol, Andy",9782711855551,missing_cover_image
1232,1212,Andy Warhol,"Warhol, Andy",,missing_cover_image
1233,1213,Andy Warhol The Last Decade,"Warhol, Andy",,missing_cover_image
1236,1216,Warhol from the Sonnabend Collection,"Warhol, Andy",,missing_cover_image
1237,1217,Rock Punk Disco,"Watanabe, Katsumi",,missing_cover_image
1238,1218,War Sand,"Weber, Donald",,missing_cover_image
1239,1219,[MISSING],"Weens, Carrie Mae",,missing_title;missing_cover_image
1240,1220,Function,"Weir, Harley",,missing_cover_image
1241,1221,[MISSING],"Weiwei, Ai",,missing_title;missing_cover_image
1242,1222,艾未未: 纽约1983-1993,"Weiwei, Ai",9789889966782,missing_cover_image
1243,1223,On The Table,"Weiwei, Ai",,missing_cover_image
1244,1224,Franz West: The 1990's,"West, Franz",,missing_cover_image
1245,1225,The Powder,"Weyland, Jocko",0984454624,missing_cover_image
1246,1226,The Powder,"Weyland (ed), Jocko",,missing_cover_image
1247,1227,Peer to Peer,"Whitaker, Hannah",,missing_cover_image
1248,1228,"Michael Williams by Eric Crosby, Michael Williams, et al.","Wiliams, Michael",9780880390583,missing_cover_image
1249,1229,Michael Williams: Things You Shouldn't Understand,"Wiliams, Michael",9781942607632,missing_cover_image;incomplete_dimensions
1250,1230,"Michael Williams by Dan Nadel, George Pendle, et al. | Aug 25, 2015","Wiliams, Michael",,missing_cover_image
1251,1231,Michael Williams: Traditional Cornish Cottages,"Wiliams, Michael",,missing_cover_image
1252,1232,Michael Williams: How to Ruin an Omelet,"Wiliams, Michael",,missing_cover_image
1254,1234,Archaologie Beaux Arts Ethnography Theatre-Verite,"Williams, Christopher",,missing_cover_image
1255,1235,Details (unique work),"Williams, Sue",,missing_cover_image
1256,1236,The Man in the Crowd: The Uneasy Streets of Garry Winogrand,"Winogrand, Gary",9781881337058,missing_cover_image
1257,1237,Chloe Wise,"Wise, Chloe",9780692766163,missing_cover_image;incomplete_dimensions
1258,1238,Second Nature,"Wise, Chloe",,missing_cover_image
1259,1239,David Wojnarowicz,"Wojnarowicz, David",,missing_cover_image
1260,1240,[MISSING],"Wolfson, Jordan",,missing_title;missing_cover_image
1261,1241,[MISSING],"Wong, Mathew",,missing_title;missing_cover_image
1262,1242,24 Tennis Court Drawings,"Wood, Jonas",9784910574011,incomplete_dimensions
1263,1243,Jonas Wood,"Wood, Jonas",,missing_cover_image
1265,1245,Westtexaspsychosculpture,"Wool, Christopher",,missing_cover_image
1266,1246,East Broadway Breakdown,"Wool, Christopher",,missing_cover_image
1267,1247,can your monkey do the dog,"Wool, Christopher",,missing_cover_image
1268,1248,Yard,"Wool, Christopher",9783947127078,incomplete_dimensions
1269,1249,Road,"Wool, Christopher",9783935567954,missing_cover_image;incomplete_dimensions
1270,1250,Swamp,"Wool, Christopher",9783947127160,incomplete_dimensions
1271,1251,Psychopts,"Wool, Christopher",,missing_cover_image
1272,1252,Lose my Number,"Wright, iO Tillett",,missing_cover_image
1273,1253,Selected Works 1970-2015,"Wurtz, B",9781903655375,missing_cover_image
1275,1254,Gengetsu,"Yabuki, Takemi",,missing_cover_image
1276,1255,Berlin / Deep in Thought,"Yamawaki, Toshitsugu",,missing_cover_image
1277,1256,Dimension of Vision,"Yamawaki, Toshitsugu",,missing_cover_image
1278,1257,Amma,"Yogananthan, Vasantha",,missing_cover_image;incomplete_dimensions
1280,1259,Site | Cloud,"Yokota, Daisuke",,missing_cover_image
1281,1260,Vertigo,"Yokota, Daisuke",,missing_cover_image
1282,1261,Toransupearento,"Yokota, Daisuke",,missing_cover_image
1283,1262,Spew (limited edition),"Yokota, Daisuke",,missing_cover_image
1284,1263,Effect Twin P T H (signed),"Yokota, Daisuke",,missing_cover_image
1285,1264,CELL (Type C) signed by Daisuke Yokota,"Yokota, Daisuke",,missing_cover_image
1286,1265,CELL (Type A) signed by Daisuke Yokota,"Yokota, Daisuke",,missing_cover_image
1287,1266,CELL (Type D) signed by Daisuke Yokota,"Yokota, Daisuke",,missing_cover_image
1288,1267,CELL (Type B) signed by Daisuke Yokota,"Yokota, Daisuke",,missing_cover_image
1289,1268,Nocturnes (2 copies),"Yokota, Daisuke",,missing_cover_image
1290,1269,Towards The North (signed),"Yokota, Daisuke",,missing_cover_image
1291,1270,AMS Trip Zine 02 (type B),"Yokota, Daisuke",,missing_cover_image
1292,1271,[MISSING],"Yokota, Daisuke",,missing_title;missing_cover_image
1293,1272,Taratine,"Yokota, Daisuke",,missing_cover_image
1294,1273,Vanity,"Young, Coco",9782940524020,missing_cover_image
1295,1274,Small Paintings 1993-2004,"Yuskavage, Lisa",,missing_cover_image
1296,1275,Yuskavage,"Yuskavage, Lisa",,missing_cover_image
1297,1276,[MISSING],"Yuskavage, Lisa",,missing_title;missing_cover_image
1299,1277,What to Want,"Zieher, Scott",9781941556016,missing_cover_image
1301,1279,New York,"Ziff, Lloyd",,missing_cover_image
1303,1281,Down And Out In Moscow,"Zownir, Miron",9783942547345,missing_cover_image
1305,1283,One Picture Book Two Vol 46 - Susan Zadeh Toer,"Zadeh, Susan",,missing_cover_image;incomplete_dimensions
1306,1284,One Picture Book Two Vol 48 - Kimono,"Hosoe, Eikoh",,missing_cover_image;incomplete_dimensions
1307,1285,One Picture Book Two Vol 47 - Paperworks,"Casagrande, Benedetta",,missing_cover_image;incomplete_dimensions
1308,1286,One Picture Book Two Vol 48 - Italian Cars,"Divola, John",,missing_cover_image;incomplete_dimensions
1309,1287,Stay away from nothing,"Thek, Paul",9798988573685,incomplete_dimensions
1310,1288,One Picture Book Two Vol 44 - To Utah 85,"Sohier, Sage",,missing_cover_image;incomplete_dimensions
1311,1289,One Picture Book Two Vol 43 - Highway 61 to Honeyboy,"Dunas, Jeff",,missing_cover_image;incomplete_dimensions
1312,1290,One Picture Book Two Vol 42 - Lookout on Highway 74,"Plumb, Mimi",,missing_cover_image;incomplete_dimensions
1313,1291,One Picture Book Two Vol 41 - Living on Lava,"Foglia, Lucas",,missing_cover_image;incomplete_dimensions
1314,1292,One Picture Book Two Vol 40,"Weems, Carrie Mae",9781590055748,incomplete_dimensions
1315,1293,One Picture Book Two Vol 39 - Daido Dos,"Moriyama, Daido",,missing_cover_image;incomplete_dimensions
1316,1294,One Picture Book Two Vol 38 - Daido Uno,"Moriyama, Daido",,missing_cover_image;incomplete_dimensions
1317,1295,One Picture Book Two Vol 37 - Portent,"Marcuse, Tanya",,missing_cover_image;incomplete_dimensions
1318,1296,One Picture Book Two Vol 36 - Taken by the Tide,"Lax, Maria",,missing_cover_image;incomplete_dimensions
1319,1297,One Picture Book Two Vol 35 - Namibia Redux,"Ehrlich, Richard",,missing_cover_image;incomplete_dimensions
1320,1298,One Picture Book Two Vol 34 - Untitled #2319-B-DMF,"Hido, Todd",,missing_cover_image;incomplete_dimensions
1321,1299,One Picture Book Two Vol 33 - Elemental Forms,"Nikolova, Nadezda",,missing_cover_image;incomplete_dimensions
1322,1300,One Picture Book Two Vol 32 - Bent Tree,"Steinmetz, Mark",,missing_cover_image;incomplete_dimensions
1323,1301,One Picture Book Two Vol 31 - A Va Aller,"Choumali, Joana",,missing_cover_image;incomplete_dimensions
1324,1302,One Picture Book Two Vol 30 - Black Sun,"Callis, Jo Ann",,missing_cover_image;incomplete_dimensions
1325,1303,One Picture Book Two Vol 29 - Peyote,"Monasterio, Pablo Ortiz",,missing_cover_image;incomplete_dimensions
1326,1304,One Picture Book Two Vol 28 - If You Want to Ride,"Soth, Alec",,missing_cover_image;incomplete_dimensions
1327,1305,One Picture Book Two Vol 27 - Ke Lefa Laka Volume 2,"Kganye, Lebohang",,missing_cover_image;incomplete_dimensions
1328,1306,One Picture Book Two Vol 26 - Ke Lefa Laka Volume 1,"Kganye, Lebohang",,missing_cover_image;incomplete_dimensions
1329,1307,One Picture Book Two Vol 25 - Mask,"Kawada, Kikuji",,missing_cover_image;incomplete_dimensions
1330,1308,One Picture Book Two Vol 24 - Pico Boulevard,"Humble, John",,missing_cover_image;incomplete_dimensions
1331,1309,One Picture Book Two Vol 23 - Love You,"Templeton, Deanna",,missing_cover_image;incomplete_dimensions
1332,1310,One Picture Book Two Vol 22 - Auto Hypnosis,"Templeton, Ed",,missing_cover_image;incomplete_dimensions
1333,1311,One Picture Book Two Vol 21 - Africa Gems and Jewels,"Weems, Carrie Mae",9781590055465,incomplete_dimensions
1334,1312,One Picture Book Two Vol 20 - Untitled #11856-0820,"Hido, Todd",,missing_cover_image;incomplete_dimensions
1335,1313,One Picture Book Two Vol 19 - Captains of the Dead Sea,"Malley, Alia",,missing_cover_image;incomplete_dimensions
1336,1314,One Picture Book Two Vol 18 - A Walk Through A Bamboo Grove,"Gibson, David H.",,missing_cover_image;incomplete_dimensions
1337,1315,One Picture Book Two Vol 17 - Notre Dame,"Kenna, Michael",,missing_cover_image;incomplete_dimensions
1338,1316,One Picture Book Two Vol 16 - Cats,"Steinmetz, Mark",,missing_cover_image;incomplete_dimensions
1339,1317,One Picture Book Two Vol 15 - Requiem,"Izu, Kenro",,missing_cover_image;incomplete_dimensions
1340,1318,One Picture Book Two Vol 14 - Darshan,"Sharma, Manjari",,missing_cover_image;incomplete_dimensions
1341,1319,One Picture Book Two Vol 13 - Gas Stations 1982 1986,"Shibata, Toshio",,missing_cover_image;incomplete_dimensions
1342,1320,One Picture Book Two Vol 12 - Instant Decorator,"Simmons, Laurie",,missing_cover_image;incomplete_dimensions
1343,1321,One Picture Book Two Vol 11 - Tata,"Borensztein, Leon",,missing_cover_image;incomplete_dimensions
1344,1322,One Picture Book Two Vol 10 - Daido Moto,"Moriyama, Daido",,missing_cover_image;incomplete_dimensions
1345,1323,One Picture Book Two Vol 09 - I,"Zadeh, Susan A.",,missing_cover_image;incomplete_dimensions
1346,1324,One Picture Book Two Vol 08 - The Sweating Subject,"Banning, Jan",,missing_cover_image;incomplete_dimensions
1347,1325,One Picture Book Two Vol 07 - Residential Variations,"Mulno, Michael",,missing_cover_image;incomplete_dimensions
1348,1326,One Picture Book Two Vol 06 - Cheap Thrills,"Callis, Jo Ann",,missing_cover_image;incomplete_dimensions
1349,1327,One Picture Book Two Vol 05 - Studio ER,"Ruwedel, Mark",,missing_cover_image;incomplete_dimensions
1350,1328,One Picture Book Two Vol 04 - Floridadogs,"Mendoza, Tony",,missing_cover_image;incomplete_dimensions
1351,1329,One Picture Book Two Vol 03 - Monument,"Weems, Carrie Mae",9781590054949,incomplete_dimensions
1352,1330,One Picture Book Two Vol 02 - The Lone Ranger,"Hahn, Betty",,missing_cover_image;incomplete_dimensions
1353,1331,One Picture Book Two Vol 01 - DMZ The 38th Parallel,"Kenna, Michael",,missing_cover_image;incomplete_dimensions
1355,1333,Leo Villareal: Coding Light,"Villareal, Leo",9781580936538,incomplete_dimensions
1356,1334,David Wojnarowicz: Arthur Rimbaud in New York,"Wojnarowicz, David",9788857254067,incomplete_dimensions
1357,1335,"Nicole times, vol. 01","Matsuda, Mitsuhiro",,missing_cover_image
1358,1336,"Nicole times, vol. 02.","Matsuda, Mitsuhiro",,missing_cover_image
1359,1337,"Nicole times, vol. 03.","Matsuda, Mitsuhiro",,missing_cover_image
1360,1338,"Nicole times, vol. 04.","Matsuda, Mitsuhiro",,missing_cover_image
1361,1339,"Nicole times, vol. 05.","Matsuda, Mitsuhiro",,missing_cover_image
1362,1340,"Nicole times, vol. 06.","Matsuda, Mitsuhiro",,missing_cover_image
1363,1341,"Nicole times, vol. 07","Matsuda, Mitsuhiro",,missing_cover_image
1364,1342,"Nicole times, vol. 08.","Matsuda, Mitsuhiro",,missing_cover_image
1365,1343,"Nicole times, vol. 09.","Matsuda, Mitsuhiro",,missing_cover_image
1366,1344,"Nicole times, vol. 10.","Matsuda, Mitsuhiro",,missing_cover_image
1367,1345,"Nicole times, vol. 11.","Matsuda, Mitsuhiro",,missing_cover_image
1368,1346,"Nicole times, vol. 12.","Matsuda, Mitsuhiro",,missing_cover_image
1369,1347,"Nicole times, vol. 13.","Matsuda, Mitsuhiro",,missing_cover_image
1370,1348,"Nicole times, vol. 14.","Matsuda, Mitsuhiro",,missing_cover_image
1371,1349,"Nicole times, vol. 15.","Matsuda, Mitsuhiro",,missing_cover_image
1372,1350,"Nicole times, vol. 16.","Matsuda, Mitsuhiro",,missing_cover_image
1373,1351,"Nicole times, vol. 17.","Matsuda, Mitsuhiro",,missing_cover_image
1374,1352,"Nicole times, vol. 18.","Matsuda, Mitsuhiro",,missing_cover_image
1375,1353,"Nicole times, vol. 18","Matsuda, Mitsuhiro",,missing_cover_image
1376,1354,"Nicole times, vol. 19.","Matsuda, Mitsuhiro",,missing_cover_image
1377,1355,"Nicole times, vol. 21.","Matsuda, Mitsuhiro",,missing_cover_image
1378,1356,"Nicole times, vol. 20","Matsuda, Mitsuhiro",,missing_cover_image
1379,1357,"Nicole times, vol.","Matsuda, Mitsuhiro",,missing_cover_image;incomplete_dimensions
1380,1358,"Nicole times, vol. 24.","Matsuda, Mitsuhiro",,missing_cover_image
1381,1359,"Nicole times, vol. 26","Matsuda, Mitsuhiro",,missing_cover_image
1382,1360,"Nicole times, vol.","Matsuda, Mitsuhiro",,missing_cover_image
1383,1361,"Nicole times, vol.","Matsuda, Mitsuhiro",,missing_cover_image
1384,1362,"Nicole times, vol.","Matsuda, Mitsuhiro",,missing_cover_image
1385,1363,"Nicole times, vol. 31","Matsuda, Mitsuhiro",,missing_cover_image
1386,1364,"Nicole times, vol.","Matsuda, Mitsuhiro",,missing_cover_image
1387,1365,"Nicole times, vol. 32","Matsuda, Mitsuhiro",,missing_cover_image
1388,1366,"Nicole times, vol.","Matsuda, Mitsuhiro",,missing_cover_image
1389,1367,"Nicole times, vol. 36","Matsuda, Mitsuhiro",,missing_cover_image
1390,1368,"Nicole times, vol. 33","Matsuda, Mitsuhiro",,missing_cover_image
1391,1369,"Nicole times, vol. 35","Matsuda, Mitsuhiro",,missing_cover_image
1392,1370,"Nicole times, vol.","Matsuda, Mitsuhiro",,missing_cover_image
1393,1371,All The Young Punks,"Macindoe, Graham",,missing_cover_image
1394,1372,AnOther Magazine - Bjork,Magazine,,missing_cover_image
1395,1373,Backstage Pass: Rock & Roll Photography (Portland Museum of Art),"O'Brien, Thomas Andrew Denenberg and Glenn",978-0300151633,missing_cover_image;incomplete_dimensions
1396,1374,Backstage Pass: Rock & Roll Photography (Portland Museum of Art),"O'Brien, Thomas Andrew Denenberg and Glenn",978-0300151633,missing_cover_image;incomplete_dimensions
1397,1375,Bob Dylan - a man called alias,"Williams, Richard",,missing_cover_image
1398,1376,Bob Dylan - The Darwin Blank Series,Prestel,,missing_cover_image
1399,1377,Bob Dylan - The Darwin Blank Series,"Gallery, Halycyon",,missing_cover_image
1400,1378,Bruce Springsteen: Songs Hardcover  (two copies one sealed),"Springsteen, Bruce",,missing_cover_image
1401,1379,Cash - An American Man,"Miller, Bill",,missing_cover_image
1402,1380,CREEM: America's Only Rock 'N' Roll Magazine (3 copies),"Matheu, Robert",978-0061374562,missing_cover_image;incomplete_dimensions
1403,1381,"David Bowie Is (Museum of Contemporary Art, Chicago: Exhibition Catalogues)   (2 copies)","Broackes, Victoria",978-1851777372,missing_cover_image;incomplete_dimensions
1404,1382,"David Byrne : Tribal Textiles from Persia: Neiriz Collection in the Ethnographical Museum Berlin by David Byrne (2003, Hardcover)","Byrne, David",,missing_cover_image
1405,1383,Dust & Grooves: Adventures in Record Collecting,"Paz, Eilon",978-1607748694,missing_cover_image;incomplete_dimensions
1406,1384,Factory Records: The Complete Graphic Album by Matthew Robertson,"Robertson, Matthew",978-0811856768,missing_cover_image;incomplete_dimensions
1407,1385,Fucked Up + Photocopied: instant art of the punk rock movement,"Turcotte, Bryan Ray",978-1584230007,missing_cover_image;incomplete_dimensions
1408,1386,Fucked Up + Photocopied: instant art of the punk rock movement,"Turcotte, Bryan Ray",978-1584230007,missing_cover_image;incomplete_dimensions
1409,1387,God Listens To Slayer,"Charles, Sanna",978-0956795281,missing_cover_image;incomplete_dimensions
1410,1388,Journals by Kurt Cobain,"Cobain, Kurt",,missing_cover_image
1411,1389,"Joy Division by Kevin Cummins, Bernard Sumner   (Three Copies, one inscribed, one signed, one new)","Cummins, Kevin",978-0847834815,missing_cover_image;incomplete_dimensions
1412,1390,Karlheinz Weinberger - Vol 1 Halbstarke P,"Weinberger, Karlheinz",978-3906822143,missing_cover_image;incomplete_dimensions
1413,1391,New Order by Kevin Cummins    (signed),"Cummins, Kevin",978-0847843602,missing_cover_image;incomplete_dimensions
1414,1392,No Wave: Post-Punk. Underground. New York. 1976-1980,"Coley, Thurston Moore and Byron",978-0810995437,missing_cover_image;incomplete_dimensions
1415,1393,Oh So Pretty: Punk in Print 1976-19801980,"Mott, Toby",978-0714872759,missing_cover_image;incomplete_dimensions
1416,1394,Panic Attack!: Art in the Punk Years,"Sladen, Mark",978-1858944036,missing_cover_image;incomplete_dimensions
1417,1395,Patti Smith 1969-1976,"Linn, Judy",978-0810998322,missing_cover_image;incomplete_dimensions
1418,1396,Punk 365 (365 Series),"(Foreword), Holly George-Warren (Author),‎ Richard Hell",978-0810994041,missing_cover_image;incomplete_dimensions
1419,1397,Punk: Chaos to Couture,"Hell, Andrew Bolton (Author),‎ Richard",978-0300191851,missing_cover_image;incomplete_dimensions
1420,1398,Punks & Portraits San Francisco 1979,"Roberts, John",,missing_cover_image
1421,1399,Rock Book : A Portrait of Music,"director], David Raccuglia [creative",,missing_cover_image;incomplete_dimensions
1422,1400,Rock Seen - Bob Gruen,"Gruen, Bob",,missing_cover_image;incomplete_dimensions
1423,1401,Rolling Stone Images of Rock & Roll,NA,978-0316754682,missing_cover_image;incomplete_dimensions
1424,1402,Showboat: Punk/Sex/Bodies,"Mott, Toby",,missing_cover_image
1425,1403,Skinhead: An Archive. (Signed),"Mott, Toby",978-0956795274,missing_cover_image;incomplete_dimensions
1426,1404,Slash: A Punk Magazine from Los Angeles: 1977-1980,"Roettinger, J.C. Gabel and Brian",978-0996744720,missing_cover_image;incomplete_dimensions
1427,1405,The Who Live Leather Bound –,"Halfin, Ross",978-0904351750,missing_cover_image;incomplete_dimensions
1428,1406,The Beautiful & The Damned: Punk Photographs by Ann Summa,"McKenna, Kristine",978-1935202271,missing_cover_image;incomplete_dimensions
1429,1407,The Bob Dylan Scrapbook 1956-1966,"Santelli, Robert",,missing_cover_image
1430,1408,The Definitive Dlayn Songbook,"Dylan, Bob",,missing_cover_image
1431,1409,The Hollow of the Hand by PJ Harvey,"Murphy, PJ Harvey; Seamus",978-1408865736,missing_cover_image;incomplete_dimensions
1432,1410,Touch Me I'm Sick,"Peterson, Charles",978-1576873915,missing_cover_image;incomplete_dimensions
1433,1411,"TRILLO, Miguel. Rockoco: Imagenes del Pop-Rock 1980-1984 / 2000 – 2016.","Trillo, Miguel",,missing_cover_image
1434,1412,"U2 by U2  (signed by band, 2 copies)","McCormick, Neil",978-0060776756,missing_cover_image;incomplete_dimensions
1435,1413,"Yes Yes Yes Alternative Press 1966-1977, From Provo To Punk","Donno, A. Martegani Eds. E. De",978-8887071627,missing_cover_image;incomplete_dimensions
1436,1414,You can click away of whatever you want: That's PUNK,"Yamaguchi, Herbie",978-4908512056,missing_cover_image
1437,1415,You Should Have Heard Just What I Seen,"Hamilton, James",978-1616234959,missing_cover_image;incomplete_dimensions
1438,1416,Sarah Sze: Paintings,"Sze, Sarah",9781838665623,missing_cover_image;incomplete_dimensions
1439,1417,Nicole Wittenberg,"Wittenberg, Nicole",9781580936811,incomplete_dimensions
1440,1419,Folksongs,"Prince, Richard",9798985236859,incomplete_dimensions
1441,1420,The Fug,"Prince, Richard",9782930573076,incomplete_dimensions
1493,1472,Record Culture Issue 1,Record Culture,,missing_cover_image
1494,1473,Record Culture Issue 2,Record Culture,,missing_cover_image
1495,1474,Record Culture Issue 3,Record Culture,,missing_cover_image
1496,1475,Record Culture Issue 4,Record Culture,,missing_cover_image
1497,1476,Record Culture Issue 5,Record Culture,,missing_cover_image
1498,1477,Record Culture Issue 6,Record Culture,,missing_cover_image
1499,1478,Record Culture Issue 7,Record Culture,,missing_cover_image
1500,1479,Record Culture Issue 8,Record Culture,,missing_cover_image
1501,1480,Record Culture Issue 9,Record Culture,,missing_cover_image
1502,1481,Record Culture Issue 10,Record Culture,,missing_cover_image
1505,1484,Backstage Pass: Rock & Roll Photography,"Denenberg, Thomas Andrew",,incomplete_dimensions
1506,1485,Bob Dylan: The Drawn Blank Series,"Dylan, Bob",,incomplete_dimensions
1507,1486,Dylan: A Man Called Alias,"Williams, Richard",,incomplete_dimensions
1508,1487,Bruce Springsteen: Songs,"Springsteen, Bruce",,incomplete_dimensions
1509,1488,Cash: An American Man,"Miller, Bill",,incomplete_dimensions
1510,1489,CREEM: America's Only Rock 'N' Roll Magazine,"Matheu, Robert",,incomplete_dimensions
1522,1501,Gangs,"Prince, Richard",9780578974965,incomplete_dimensions
1524,1503,Terry,"Richardson, Terry",,missing_cover_image
1526,1505,Interzone,"Slimane, Hedi",,missing_cover_image
1527,1506,Ed in Japan,"Teller, Juergen",,missing_cover_image
1528,1507,Good Morning New York,"Ackermann, Rita",,missing_cover_image
1529,1508,Selective Memory Series,"Lang, Helmut",,missing_cover_image
1530,1509,You Can't Drink It If It's Frozen,"Snow, Dash",,missing_cover_image
1532,1511,Pigxtras,"Korine, Harmony",,missing_cover_image
1533,1512,Cuba 2009,"Marino, Marlene",,missing_cover_image
1534,1513,Debris,"Marcopoulos, Ari",,missing_cover_image
1535,1514,Pussy,"Schmidt, Aurel",,missing_cover_image
1536,1515,Vincent,"Darre, Vincent",,missing_cover_image
1537,1516,Street Mouth,"Moore, Thurston",,missing_cover_image
1538,1517,Full Moon,"Rahlwes, Katja",,missing_cover_image
1539,1518,Purple Book,"Breuning, Olaf",,missing_cover_image
1541,1520,The Journey is the Destination,"McGinley, Ryan",,missing_cover_image
1542,1521,Purple Book,"Snow, Max",,missing_cover_image
1543,1522,Purple Book,"Teller, Juergen",,missing_cover_image
1544,1523,Purple Book,"Sachs, Tom",,missing_cover_image
1545,1524,Purple Book,"Condo, George",,missing_cover_image
1546,1525,Purple Book,"Hayes, Jeanette",,missing_cover_image
1547,1526,The Glen O'Brien Purple Book,"O'Brien, Glen",,missing_cover_image
1548,1527,Purple Book,"Homma, Takashi",,missing_cover_image
1549,1528,Purple Book,"Holler, Carsten",,missing_cover_image
1550,1529,The Paul Mccarthy Purple Book,"Mccarthy, Paul",,missing_cover_image
1551,1530,The Urs Fischer Purple Book,"Fischer, Urs",,missing_cover_image
1556,1535,Canal zone yes Rasta,"Prince, Richard",,missing_cover_image
1557,1536,"Cowboys gagosian , Beverly Hills+","Prince, Richard",,missing_cover_image
1579,1556,Ayoung Kim: Synthetic Storyteller,"Kim, Ayoung",979-11-985617-0-1,incomplete_dimensions
1580,1557,Les Oiseaux,"Raban-Oliva, Lola",978-2-492175-62-6,incomplete_dimensions
1589,1558,Slanted Magazine #45—Sex,Slanted,,missing_cover_image;incomplete_dimensions
1590,1559,AFM Issue 2: Mind Games,AFM,,incomplete_dimensions
1591,1560,AFM Issue 1: Pursuits of Happiness,AFM,,missing_cover_image;incomplete_dimensions
1592,1561,Felix Gonzalez-Torres: Always to Return,"Gonzalez-Torres, Felix",9798890181107,incomplete_dimensions
1593,1562,Purple Issue 5 (Volume II),Purple Magazine,,missing_cover_image
1594,1563,Purple Fashion Magazine Issue 1 (Volume III),Purple Magazine,,missing_cover_image
1595,1564,Purple Fashion Magazine Issue 2 (Volume III),Purple Magazine,,missing_cover_image
1596,1565,Purple Fashion Magazine Issue 3 (Volume III),Purple Magazine,,missing_cover_image
1597,1566,Purple Fashion Magazine Issue 4 (Volume III),Purple Magazine,,missing_cover_image
1598,1567,Purple Fashion Magazine Issue 5 (Volume III),Purple Magazine,,missing_cover_image
1599,1568,Purple Fashion Magazine Issue 6 (Volume III),Purple Magazine,,missing_cover_image
1600,1569,Purple Fashion Magazine Issue 7 (Volume III),Purple Magazine,,missing_cover_image
1601,1570,Purple Fashion Magazine Issue 8 (Volume III),Purple Magazine,,missing_cover_image
1602,1571,Purple Fashion Magazine Issue 9 (Volume III),Purple Magazine,,missing_cover_image
1603,1572,Purple Fashion Magazine Issue 10 (Volume III),Purple Magazine,,missing_cover_image
1604,1573,Purple Fashion Magazine Issue 11 (Volume III),Purple Magazine,,missing_cover_image
1605,1574,Purple Fashion Magazine Issue 12 (Volume III),Purple Magazine,,missing_cover_image
1606,1575,Purple Fashion Magazine Issue 13 (Volume III),Purple Magazine,,missing_cover_image
1607,1576,Purple Fashion Magazine Issue 14 (Volume III),Purple Magazine,,missing_cover_image
1608,1577,Purple Fashion Magazine Issue 15 (Volume III),Purple Magazine,,missing_cover_image
1609,1578,Purple Fashion Magazine Issue 16 (Volume III),Purple Magazine,,missing_cover_image
1610,1579,Purple Fashion Magazine Issue 17 (Volume III),Purple Magazine,,missing_cover_image
1611,1580,Purple Fashion Magazine Issue 18 (Volume III),Purple Magazine,,missing_cover_image
1612,1581,Purple Fashion Magazine Issue 19 (Volume III),Purple Magazine,,missing_cover_image
1613,1582,Purple Fashion Magazine Issue 20 (Volume III),Purple Magazine,,missing_cover_image
1614,1583,Purple Fashion Magazine Issue 21 (Volume III),Purple Magazine,,missing_cover_image
1615,1584,Purple Fashion Magazine Issue 22 (Volume III),Purple Magazine,,missing_cover_image
1616,1585,Purple Fashion Magazine Issue 23 (Volume III),Purple Magazine,,missing_cover_image
1617,1586,Purple Fashion Magazine Issue 24 (Volume III),Purple Magazine,,missing_cover_image
1618,1587,Purple Fashion Magazine Issue 25 (Volume III),Purple Magazine,,missing_cover_image
1619,1588,Purple Fashion Magazine Issue 26 (Volume III),Purple Magazine,,missing_cover_image
1620,1589,Purple Fashion Magazine Issue 27 (Volume III),Purple Magazine,,missing_cover_image
1621,1590,Purple Fashion Magazine Issue 28: 25YRS Anniversary (Volume IV),Purple Magazine,,missing_cover_image
1622,1591,Purple Fashion Magazine Issue 29: Purple 76 Index (Volume IV),Purple Magazine,,missing_cover_image
1623,1592,Purple Fashion Magazine Issue 30: The Los Angeles Issue (Volume IV),Purple Magazine,,missing_cover_image
1624,1593,Purple Fashion Magazine Issue 31: The Paris Issue (Volume IV),Purple Magazine,,missing_cover_image
1625,1594,Purple Fashion Magazine Issue 32: The Cosmos Issue (Volume IV),Purple Magazine,,missing_cover_image
1626,1595,Purple Fashion Magazine Issue 33: The Brain Issue (Volume IV),Purple Magazine,,missing_cover_image
1627,1596,Andre,"Pierson, Jack",978-1-940881-70-6,incomplete_dimensions
1628,1597,Array (Miami Beach),"Pierson, Jack",978-1-940881-71-3,incomplete_dimensions
1629,1598,MUG SHOT – guilty until proven innocent,"Birk, Lukas",,incomplete_dimensions
