"id","author_last","author_first","author_full_name","title","publisher","publication_year","height_cm","width_cm","depth_cm","binding","page_count","edition_printrun","isbn_asin","editor","contributors","is_signed_inscribed","designer","description","artist_url","publisher_url","collection_grouping","tags","classification","bisac","lcc","location","accession_no","featured","image_url","price","weight_g","language","num_images","notes","custom_page_url","cataloged_date"
"100001","2600","","2600: The Hacker Quarterly","2600: The Hacker Quarterly, January 1984","2600 Enterprises, Inc.","1984","","","","","","Volume 1, Number 1","","Emmanuel Goldstein","","","","<p>The first year of 2600, twelve monthly issues beginning in January 1984, when the magazine was a few photocopied sheets of telephone network intelligence edited by Emmanuel Goldstein.</p><p class=""mt-6"">The debut carries ""AHOY! - 2600 Debuts"" alongside ""FBI Goes After ADS Hackers"" and ""The Truth Behind Those 9999 Numbers."" Across the year the newsletter prints a White House phone list, guides to Telenet, MCI and Telemail, MILNET host tables, CN/A and E-Com dialups, and ""Arpanet Hopping: America's Newest Pastime."" ""ESS: Orwell's Prophecy"" and ""TRW: Big Business is Watching You"" state the surveillance argument the magazine has made ever since. Hardware begins with ""Introducing the Clear Box!""; ""Some Thoughts on 'Garbage Picking'"" and ""More on Trashing"" make dumpster diving a standing subject. Later issues add ""The Hacker's Guide To An Area Code,"" ""History of British Phreaking,"" ""Vital Ingredients: Switching Centers and Operators"" and ""Fun With Fortress Fones.""</p><p class=""mt-6"">AT&T's breakup took effect on 1 January 1984, the month 2600 began, and the volume reads as running commentary on it: ""The Dark and Tragic Side of the Great Break-up,"" ""Whose Strike Was That Anyway?"" and ""Be Nice To Your Telco."" MCI's lawyers wrote to the magazine before the year was out, an exchange printed as ""MCI Mail Targets 2600.""</p>","https://www.2600.com","https://www.2600.com","Magazines","Magazines, Hacking, Phone Phreaking, Computer Security, Surveillance","Periodical","","","Hudson Street Library, NYC","","false","","","","English","","The twelve 1984 issues are 2600's own reproduction of the first year, sold by the magazine at its HOPE conferences. They are not 1984 printings.","","2026-09-05"
"100002","2600","","2600: The Hacker Quarterly","2600: The Hacker Quarterly, February 1984","2600 Enterprises, Inc.","1984","","","","","","Volume 1, Number 2","","Emmanuel Goldstein","","","","<p>The first year of 2600, twelve monthly issues beginning in January 1984, when the magazine was a few photocopied sheets of telephone network intelligence edited by Emmanuel Goldstein.</p><p class=""mt-6"">The debut carries ""AHOY! - 2600 Debuts"" alongside ""FBI Goes After ADS Hackers"" and ""The Truth Behind Those 9999 Numbers."" Across the year the newsletter prints a White House phone list, guides to Telenet, MCI and Telemail, MILNET host tables, CN/A and E-Com dialups, and ""Arpanet Hopping: America's Newest Pastime."" ""ESS: Orwell's Prophecy"" and ""TRW: Big Business is Watching You"" state the surveillance argument the magazine has made ever since. Hardware begins with ""Introducing the Clear Box!""; ""Some Thoughts on 'Garbage Picking'"" and ""More on Trashing"" make dumpster diving a standing subject. Later issues add ""The Hacker's Guide To An Area Code,"" ""History of British Phreaking,"" ""Vital Ingredients: Switching Centers and Operators"" and ""Fun With Fortress Fones.""</p><p class=""mt-6"">AT&T's breakup took effect on 1 January 1984, the month 2600 began, and the volume reads as running commentary on it: ""The Dark and Tragic Side of the Great Break-up,"" ""Whose Strike Was That Anyway?"" and ""Be Nice To Your Telco."" MCI's lawyers wrote to the magazine before the year was out, an exchange printed as ""MCI Mail Targets 2600.""</p>","https://www.2600.com","https://www.2600.com","Magazines","Magazines, Hacking, Phone Phreaking, Computer Security, Surveillance","Periodical","","","Hudson Street Library, NYC","","false","","","","English","","The twelve 1984 issues are 2600's own reproduction of the first year, sold by the magazine at its HOPE conferences. They are not 1984 printings.","","2026-09-05"
"100003","2600","","2600: The Hacker Quarterly","2600: The Hacker Quarterly, March 1984","2600 Enterprises, Inc.","1984","","","","","","Volume 1, Number 3","","Emmanuel Goldstein","","","","<p>The first year of 2600, twelve monthly issues beginning in January 1984, when the magazine was a few photocopied sheets of telephone network intelligence edited by Emmanuel Goldstein.</p><p class=""mt-6"">The debut carries ""AHOY! - 2600 Debuts"" alongside ""FBI Goes After ADS Hackers"" and ""The Truth Behind Those 9999 Numbers."" Across the year the newsletter prints a White House phone list, guides to Telenet, MCI and Telemail, MILNET host tables, CN/A and E-Com dialups, and ""Arpanet Hopping: America's Newest Pastime."" ""ESS: Orwell's Prophecy"" and ""TRW: Big Business is Watching You"" state the surveillance argument the magazine has made ever since. Hardware begins with ""Introducing the Clear Box!""; ""Some Thoughts on 'Garbage Picking'"" and ""More on Trashing"" make dumpster diving a standing subject. Later issues add ""The Hacker's Guide To An Area Code,"" ""History of British Phreaking,"" ""Vital Ingredients: Switching Centers and Operators"" and ""Fun With Fortress Fones.""</p><p class=""mt-6"">AT&T's breakup took effect on 1 January 1984, the month 2600 began, and the volume reads as running commentary on it: ""The Dark and Tragic Side of the Great Break-up,"" ""Whose Strike Was That Anyway?"" and ""Be Nice To Your Telco."" MCI's lawyers wrote to the magazine before the year was out, an exchange printed as ""MCI Mail Targets 2600.""</p>","https://www.2600.com","https://www.2600.com","Magazines","Magazines, Hacking, Phone Phreaking, Computer Security, Surveillance","Periodical","","","Hudson Street Library, NYC","","false","","","","English","","The twelve 1984 issues are 2600's own reproduction of the first year, sold by the magazine at its HOPE conferences. They are not 1984 printings.","","2026-09-05"
"100004","2600","","2600: The Hacker Quarterly","2600: The Hacker Quarterly, April 1984","2600 Enterprises, Inc.","1984","","","","","","Volume 1, Number 4","","Emmanuel Goldstein","","","","<p>The first year of 2600, twelve monthly issues beginning in January 1984, when the magazine was a few photocopied sheets of telephone network intelligence edited by Emmanuel Goldstein.</p><p class=""mt-6"">The debut carries ""AHOY! - 2600 Debuts"" alongside ""FBI Goes After ADS Hackers"" and ""The Truth Behind Those 9999 Numbers."" Across the year the newsletter prints a White House phone list, guides to Telenet, MCI and Telemail, MILNET host tables, CN/A and E-Com dialups, and ""Arpanet Hopping: America's Newest Pastime."" ""ESS: Orwell's Prophecy"" and ""TRW: Big Business is Watching You"" state the surveillance argument the magazine has made ever since. Hardware begins with ""Introducing the Clear Box!""; ""Some Thoughts on 'Garbage Picking'"" and ""More on Trashing"" make dumpster diving a standing subject. Later issues add ""The Hacker's Guide To An Area Code,"" ""History of British Phreaking,"" ""Vital Ingredients: Switching Centers and Operators"" and ""Fun With Fortress Fones.""</p><p class=""mt-6"">AT&T's breakup took effect on 1 January 1984, the month 2600 began, and the volume reads as running commentary on it: ""The Dark and Tragic Side of the Great Break-up,"" ""Whose Strike Was That Anyway?"" and ""Be Nice To Your Telco."" MCI's lawyers wrote to the magazine before the year was out, an exchange printed as ""MCI Mail Targets 2600.""</p>","https://www.2600.com","https://www.2600.com","Magazines","Magazines, Hacking, Phone Phreaking, Computer Security, Surveillance","Periodical","","","Hudson Street Library, NYC","","false","","","","English","","The twelve 1984 issues are 2600's own reproduction of the first year, sold by the magazine at its HOPE conferences. They are not 1984 printings.","","2026-09-05"
"100005","2600","","2600: The Hacker Quarterly","2600: The Hacker Quarterly, May 1984","2600 Enterprises, Inc.","1984","","","","","","Volume 1, Number 5","","Emmanuel Goldstein","","","","<p>The first year of 2600, twelve monthly issues beginning in January 1984, when the magazine was a few photocopied sheets of telephone network intelligence edited by Emmanuel Goldstein.</p><p class=""mt-6"">The debut carries ""AHOY! - 2600 Debuts"" alongside ""FBI Goes After ADS Hackers"" and ""The Truth Behind Those 9999 Numbers."" Across the year the newsletter prints a White House phone list, guides to Telenet, MCI and Telemail, MILNET host tables, CN/A and E-Com dialups, and ""Arpanet Hopping: America's Newest Pastime."" ""ESS: Orwell's Prophecy"" and ""TRW: Big Business is Watching You"" state the surveillance argument the magazine has made ever since. Hardware begins with ""Introducing the Clear Box!""; ""Some Thoughts on 'Garbage Picking'"" and ""More on Trashing"" make dumpster diving a standing subject. Later issues add ""The Hacker's Guide To An Area Code,"" ""History of British Phreaking,"" ""Vital Ingredients: Switching Centers and Operators"" and ""Fun With Fortress Fones.""</p><p class=""mt-6"">AT&T's breakup took effect on 1 January 1984, the month 2600 began, and the volume reads as running commentary on it: ""The Dark and Tragic Side of the Great Break-up,"" ""Whose Strike Was That Anyway?"" and ""Be Nice To Your Telco."" MCI's lawyers wrote to the magazine before the year was out, an exchange printed as ""MCI Mail Targets 2600.""</p>","https://www.2600.com","https://www.2600.com","Magazines","Magazines, Hacking, Phone Phreaking, Computer Security, Surveillance","Periodical","","","Hudson Street Library, NYC","","false","","","","English","","The twelve 1984 issues are 2600's own reproduction of the first year, sold by the magazine at its HOPE conferences. They are not 1984 printings.","","2026-09-05"
"100006","2600","","2600: The Hacker Quarterly","2600: The Hacker Quarterly, June 1984","2600 Enterprises, Inc.","1984","","","","","","Volume 1, Number 6","","Emmanuel Goldstein","","","","<p>The first year of 2600, twelve monthly issues beginning in January 1984, when the magazine was a few photocopied sheets of telephone network intelligence edited by Emmanuel Goldstein.</p><p class=""mt-6"">The debut carries ""AHOY! - 2600 Debuts"" alongside ""FBI Goes After ADS Hackers"" and ""The Truth Behind Those 9999 Numbers."" Across the year the newsletter prints a White House phone list, guides to Telenet, MCI and Telemail, MILNET host tables, CN/A and E-Com dialups, and ""Arpanet Hopping: America's Newest Pastime."" ""ESS: Orwell's Prophecy"" and ""TRW: Big Business is Watching You"" state the surveillance argument the magazine has made ever since. Hardware begins with ""Introducing the Clear Box!""; ""Some Thoughts on 'Garbage Picking'"" and ""More on Trashing"" make dumpster diving a standing subject. Later issues add ""The Hacker's Guide To An Area Code,"" ""History of British Phreaking,"" ""Vital Ingredients: Switching Centers and Operators"" and ""Fun With Fortress Fones.""</p><p class=""mt-6"">AT&T's breakup took effect on 1 January 1984, the month 2600 began, and the volume reads as running commentary on it: ""The Dark and Tragic Side of the Great Break-up,"" ""Whose Strike Was That Anyway?"" and ""Be Nice To Your Telco."" MCI's lawyers wrote to the magazine before the year was out, an exchange printed as ""MCI Mail Targets 2600.""</p>","https://www.2600.com","https://www.2600.com","Magazines","Magazines, Hacking, Phone Phreaking, Computer Security, Surveillance","Periodical","","","Hudson Street Library, NYC","","false","","","","English","","The twelve 1984 issues are 2600's own reproduction of the first year, sold by the magazine at its HOPE conferences. They are not 1984 printings.","","2026-09-05"
"100007","2600","","2600: The Hacker Quarterly","2600: The Hacker Quarterly, July 1984","2600 Enterprises, Inc.","1984","","","","","","Volume 1, Number 7","","Emmanuel Goldstein","","","","<p>The first year of 2600, twelve monthly issues beginning in January 1984, when the magazine was a few photocopied sheets of telephone network intelligence edited by Emmanuel Goldstein.</p><p class=""mt-6"">The debut carries ""AHOY! - 2600 Debuts"" alongside ""FBI Goes After ADS Hackers"" and ""The Truth Behind Those 9999 Numbers."" Across the year the newsletter prints a White House phone list, guides to Telenet, MCI and Telemail, MILNET host tables, CN/A and E-Com dialups, and ""Arpanet Hopping: America's Newest Pastime."" ""ESS: Orwell's Prophecy"" and ""TRW: Big Business is Watching You"" state the surveillance argument the magazine has made ever since. Hardware begins with ""Introducing the Clear Box!""; ""Some Thoughts on 'Garbage Picking'"" and ""More on Trashing"" make dumpster diving a standing subject. Later issues add ""The Hacker's Guide To An Area Code,"" ""History of British Phreaking,"" ""Vital Ingredients: Switching Centers and Operators"" and ""Fun With Fortress Fones.""</p><p class=""mt-6"">AT&T's breakup took effect on 1 January 1984, the month 2600 began, and the volume reads as running commentary on it: ""The Dark and Tragic Side of the Great Break-up,"" ""Whose Strike Was That Anyway?"" and ""Be Nice To Your Telco."" MCI's lawyers wrote to the magazine before the year was out, an exchange printed as ""MCI Mail Targets 2600.""</p>","https://www.2600.com","https://www.2600.com","Magazines","Magazines, Hacking, Phone Phreaking, Computer Security, Surveillance","Periodical","","","Hudson Street Library, NYC","","false","","","","English","","The twelve 1984 issues are 2600's own reproduction of the first year, sold by the magazine at its HOPE conferences. They are not 1984 printings.","","2026-09-05"
"100008","2600","","2600: The Hacker Quarterly","2600: The Hacker Quarterly, August 1984","2600 Enterprises, Inc.","1984","","","","","","Volume 1, Number 8","","Emmanuel Goldstein","","","","<p>The first year of 2600, twelve monthly issues beginning in January 1984, when the magazine was a few photocopied sheets of telephone network intelligence edited by Emmanuel Goldstein.</p><p class=""mt-6"">The debut carries ""AHOY! - 2600 Debuts"" alongside ""FBI Goes After ADS Hackers"" and ""The Truth Behind Those 9999 Numbers."" Across the year the newsletter prints a White House phone list, guides to Telenet, MCI and Telemail, MILNET host tables, CN/A and E-Com dialups, and ""Arpanet Hopping: America's Newest Pastime."" ""ESS: Orwell's Prophecy"" and ""TRW: Big Business is Watching You"" state the surveillance argument the magazine has made ever since. Hardware begins with ""Introducing the Clear Box!""; ""Some Thoughts on 'Garbage Picking'"" and ""More on Trashing"" make dumpster diving a standing subject. Later issues add ""The Hacker's Guide To An Area Code,"" ""History of British Phreaking,"" ""Vital Ingredients: Switching Centers and Operators"" and ""Fun With Fortress Fones.""</p><p class=""mt-6"">AT&T's breakup took effect on 1 January 1984, the month 2600 began, and the volume reads as running commentary on it: ""The Dark and Tragic Side of the Great Break-up,"" ""Whose Strike Was That Anyway?"" and ""Be Nice To Your Telco."" MCI's lawyers wrote to the magazine before the year was out, an exchange printed as ""MCI Mail Targets 2600.""</p>","https://www.2600.com","https://www.2600.com","Magazines","Magazines, Hacking, Phone Phreaking, Computer Security, Surveillance","Periodical","","","Hudson Street Library, NYC","","false","","","","English","","The twelve 1984 issues are 2600's own reproduction of the first year, sold by the magazine at its HOPE conferences. They are not 1984 printings.","","2026-09-05"
"100009","2600","","2600: The Hacker Quarterly","2600: The Hacker Quarterly, September 1984","2600 Enterprises, Inc.","1984","","","","","","Volume 1, Number 9","","Emmanuel Goldstein","","","","<p>The first year of 2600, twelve monthly issues beginning in January 1984, when the magazine was a few photocopied sheets of telephone network intelligence edited by Emmanuel Goldstein.</p><p class=""mt-6"">The debut carries ""AHOY! - 2600 Debuts"" alongside ""FBI Goes After ADS Hackers"" and ""The Truth Behind Those 9999 Numbers."" Across the year the newsletter prints a White House phone list, guides to Telenet, MCI and Telemail, MILNET host tables, CN/A and E-Com dialups, and ""Arpanet Hopping: America's Newest Pastime."" ""ESS: Orwell's Prophecy"" and ""TRW: Big Business is Watching You"" state the surveillance argument the magazine has made ever since. Hardware begins with ""Introducing the Clear Box!""; ""Some Thoughts on 'Garbage Picking'"" and ""More on Trashing"" make dumpster diving a standing subject. Later issues add ""The Hacker's Guide To An Area Code,"" ""History of British Phreaking,"" ""Vital Ingredients: Switching Centers and Operators"" and ""Fun With Fortress Fones.""</p><p class=""mt-6"">AT&T's breakup took effect on 1 January 1984, the month 2600 began, and the volume reads as running commentary on it: ""The Dark and Tragic Side of the Great Break-up,"" ""Whose Strike Was That Anyway?"" and ""Be Nice To Your Telco."" MCI's lawyers wrote to the magazine before the year was out, an exchange printed as ""MCI Mail Targets 2600.""</p>","https://www.2600.com","https://www.2600.com","Magazines","Magazines, Hacking, Phone Phreaking, Computer Security, Surveillance","Periodical","","","Hudson Street Library, NYC","","false","","","","English","","The twelve 1984 issues are 2600's own reproduction of the first year, sold by the magazine at its HOPE conferences. They are not 1984 printings.","","2026-09-05"
"100010","2600","","2600: The Hacker Quarterly","2600: The Hacker Quarterly, October 1984","2600 Enterprises, Inc.","1984","","","","","","Volume 1, Number 10","","Emmanuel Goldstein","","","","<p>The first year of 2600, twelve monthly issues beginning in January 1984, when the magazine was a few photocopied sheets of telephone network intelligence edited by Emmanuel Goldstein.</p><p class=""mt-6"">The debut carries ""AHOY! - 2600 Debuts"" alongside ""FBI Goes After ADS Hackers"" and ""The Truth Behind Those 9999 Numbers."" Across the year the newsletter prints a White House phone list, guides to Telenet, MCI and Telemail, MILNET host tables, CN/A and E-Com dialups, and ""Arpanet Hopping: America's Newest Pastime."" ""ESS: Orwell's Prophecy"" and ""TRW: Big Business is Watching You"" state the surveillance argument the magazine has made ever since. Hardware begins with ""Introducing the Clear Box!""; ""Some Thoughts on 'Garbage Picking'"" and ""More on Trashing"" make dumpster diving a standing subject. Later issues add ""The Hacker's Guide To An Area Code,"" ""History of British Phreaking,"" ""Vital Ingredients: Switching Centers and Operators"" and ""Fun With Fortress Fones.""</p><p class=""mt-6"">AT&T's breakup took effect on 1 January 1984, the month 2600 began, and the volume reads as running commentary on it: ""The Dark and Tragic Side of the Great Break-up,"" ""Whose Strike Was That Anyway?"" and ""Be Nice To Your Telco."" MCI's lawyers wrote to the magazine before the year was out, an exchange printed as ""MCI Mail Targets 2600.""</p>","https://www.2600.com","https://www.2600.com","Magazines","Magazines, Hacking, Phone Phreaking, Computer Security, Surveillance","Periodical","","","Hudson Street Library, NYC","","false","","","","English","","The twelve 1984 issues are 2600's own reproduction of the first year, sold by the magazine at its HOPE conferences. They are not 1984 printings.","","2026-09-05"
"100011","2600","","2600: The Hacker Quarterly","2600: The Hacker Quarterly, November 1984","2600 Enterprises, Inc.","1984","","","","","","Volume 1, Number 11","","Emmanuel Goldstein","","","","<p>The first year of 2600, twelve monthly issues beginning in January 1984, when the magazine was a few photocopied sheets of telephone network intelligence edited by Emmanuel Goldstein.</p><p class=""mt-6"">The debut carries ""AHOY! - 2600 Debuts"" alongside ""FBI Goes After ADS Hackers"" and ""The Truth Behind Those 9999 Numbers."" Across the year the newsletter prints a White House phone list, guides to Telenet, MCI and Telemail, MILNET host tables, CN/A and E-Com dialups, and ""Arpanet Hopping: America's Newest Pastime."" ""ESS: Orwell's Prophecy"" and ""TRW: Big Business is Watching You"" state the surveillance argument the magazine has made ever since. Hardware begins with ""Introducing the Clear Box!""; ""Some Thoughts on 'Garbage Picking'"" and ""More on Trashing"" make dumpster diving a standing subject. Later issues add ""The Hacker's Guide To An Area Code,"" ""History of British Phreaking,"" ""Vital Ingredients: Switching Centers and Operators"" and ""Fun With Fortress Fones.""</p><p class=""mt-6"">AT&T's breakup took effect on 1 January 1984, the month 2600 began, and the volume reads as running commentary on it: ""The Dark and Tragic Side of the Great Break-up,"" ""Whose Strike Was That Anyway?"" and ""Be Nice To Your Telco."" MCI's lawyers wrote to the magazine before the year was out, an exchange printed as ""MCI Mail Targets 2600.""</p>","https://www.2600.com","https://www.2600.com","Magazines","Magazines, Hacking, Phone Phreaking, Computer Security, Surveillance","Periodical","","","Hudson Street Library, NYC","","false","","","","English","","The twelve 1984 issues are 2600's own reproduction of the first year, sold by the magazine at its HOPE conferences. They are not 1984 printings.","","2026-09-05"
"100012","2600","","2600: The Hacker Quarterly","2600: The Hacker Quarterly, December 1984","2600 Enterprises, Inc.","1984","","","","","","Volume 1, Number 12","","Emmanuel Goldstein","","","","<p>The first year of 2600, twelve monthly issues beginning in January 1984, when the magazine was a few photocopied sheets of telephone network intelligence edited by Emmanuel Goldstein.</p><p class=""mt-6"">The debut carries ""AHOY! - 2600 Debuts"" alongside ""FBI Goes After ADS Hackers"" and ""The Truth Behind Those 9999 Numbers."" Across the year the newsletter prints a White House phone list, guides to Telenet, MCI and Telemail, MILNET host tables, CN/A and E-Com dialups, and ""Arpanet Hopping: America's Newest Pastime."" ""ESS: Orwell's Prophecy"" and ""TRW: Big Business is Watching You"" state the surveillance argument the magazine has made ever since. Hardware begins with ""Introducing the Clear Box!""; ""Some Thoughts on 'Garbage Picking'"" and ""More on Trashing"" make dumpster diving a standing subject. Later issues add ""The Hacker's Guide To An Area Code,"" ""History of British Phreaking,"" ""Vital Ingredients: Switching Centers and Operators"" and ""Fun With Fortress Fones.""</p><p class=""mt-6"">AT&T's breakup took effect on 1 January 1984, the month 2600 began, and the volume reads as running commentary on it: ""The Dark and Tragic Side of the Great Break-up,"" ""Whose Strike Was That Anyway?"" and ""Be Nice To Your Telco."" MCI's lawyers wrote to the magazine before the year was out, an exchange printed as ""MCI Mail Targets 2600.""</p>","https://www.2600.com","https://www.2600.com","Magazines","Magazines, Hacking, Phone Phreaking, Computer Security, Surveillance","Periodical","","","Hudson Street Library, NYC","","false","","","","English","","The twelve 1984 issues are 2600's own reproduction of the first year, sold by the magazine at its HOPE conferences. They are not 1984 printings.","","2026-09-05"
"100013","2600","","2600: The Hacker Quarterly","2600: The Hacker Quarterly, January 1985","2600 Enterprises, Inc.","1985","","","","","","Volume 2, Number 1","","Emmanuel Goldstein","","","","<p>The second year, in which 2600's own bulletin board was seized in a federal raid and the newsletter turned to defending the people it wrote for.</p><p class=""mt-6"">Early issues announce the 2600 Bulletin Board online. By mid-year the headline is ""2600 Bulletin Board Seized in Raid on Hackers,"" printed beside ""Sherwood Forest Shut Down by Secret Service"" and ""The Threat To Us All."" Operating systems carry the technical run: ""Interesting Things To Do on a DEC-20,"" a two-part guide to VMS, ""RSTS: A Trick or Two"" and ""Surveying the COSMOS."" ""The Theory of Blue Boxing"" and ""What a White Box Can Do"" cover the hardware. ""The Cipher Disk"" is the newsletter's first piece of cryptography, and ""A Guide to the Israeli Phone System"" starts the foreign-system series. Bill Landreth's <em>Out of the Inner Circle</em> is reviewed, and the year closes with a list of more than 1,500 BBS numbers.</p><p class=""mt-6"">""Some Words on Hacker Morality"" and ""And They Call US Crooks?"" put the ethical case; ""Some Important Questions To Ask"" is practical advice for readers expecting a visit. ""The Infinity Transmitter - An Old Bug"" and ""The Early Phreak Days"" begin the newsletter's habit of writing its own prehistory.</p>","https://www.2600.com","https://www.2600.com","Magazines","Magazines, Hacking, Phone Phreaking, Computer Security, Surveillance","Periodical","","","Hudson Street Library, NYC","","false","","","","English","","","","2026-09-05"
"100014","2600","","2600: The Hacker Quarterly","2600: The Hacker Quarterly, February 1985","2600 Enterprises, Inc.","1985","","","","","","Volume 2, Number 2","","Emmanuel Goldstein","","","","<p>The second year, in which 2600's own bulletin board was seized in a federal raid and the newsletter turned to defending the people it wrote for.</p><p class=""mt-6"">Early issues announce the 2600 Bulletin Board online. By mid-year the headline is ""2600 Bulletin Board Seized in Raid on Hackers,"" printed beside ""Sherwood Forest Shut Down by Secret Service"" and ""The Threat To Us All."" Operating systems carry the technical run: ""Interesting Things To Do on a DEC-20,"" a two-part guide to VMS, ""RSTS: A Trick or Two"" and ""Surveying the COSMOS."" ""The Theory of Blue Boxing"" and ""What a White Box Can Do"" cover the hardware. ""The Cipher Disk"" is the newsletter's first piece of cryptography, and ""A Guide to the Israeli Phone System"" starts the foreign-system series. Bill Landreth's <em>Out of the Inner Circle</em> is reviewed, and the year closes with a list of more than 1,500 BBS numbers.</p><p class=""mt-6"">""Some Words on Hacker Morality"" and ""And They Call US Crooks?"" put the ethical case; ""Some Important Questions To Ask"" is practical advice for readers expecting a visit. ""The Infinity Transmitter - An Old Bug"" and ""The Early Phreak Days"" begin the newsletter's habit of writing its own prehistory.</p>","https://www.2600.com","https://www.2600.com","Magazines","Magazines, Hacking, Phone Phreaking, Computer Security, Surveillance","Periodical","","","Hudson Street Library, NYC","","false","","","","English","","","","2026-09-05"
"100015","2600","","2600: The Hacker Quarterly","2600: The Hacker Quarterly, March 1985","2600 Enterprises, Inc.","1985","","","","","","Volume 2, Number 3","","Emmanuel Goldstein","","","","<p>The second year, in which 2600's own bulletin board was seized in a federal raid and the newsletter turned to defending the people it wrote for.</p><p class=""mt-6"">Early issues announce the 2600 Bulletin Board online. By mid-year the headline is ""2600 Bulletin Board Seized in Raid on Hackers,"" printed beside ""Sherwood Forest Shut Down by Secret Service"" and ""The Threat To Us All."" Operating systems carry the technical run: ""Interesting Things To Do on a DEC-20,"" a two-part guide to VMS, ""RSTS: A Trick or Two"" and ""Surveying the COSMOS."" ""The Theory of Blue Boxing"" and ""What a White Box Can Do"" cover the hardware. ""The Cipher Disk"" is the newsletter's first piece of cryptography, and ""A Guide to the Israeli Phone System"" starts the foreign-system series. Bill Landreth's <em>Out of the Inner Circle</em> is reviewed, and the year closes with a list of more than 1,500 BBS numbers.</p><p class=""mt-6"">""Some Words on Hacker Morality"" and ""And They Call US Crooks?"" put the ethical case; ""Some Important Questions To Ask"" is practical advice for readers expecting a visit. ""The Infinity Transmitter - An Old Bug"" and ""The Early Phreak Days"" begin the newsletter's habit of writing its own prehistory.</p>","https://www.2600.com","https://www.2600.com","Magazines","Magazines, Hacking, Phone Phreaking, Computer Security, Surveillance","Periodical","","","Hudson Street Library, NYC","","false","","","","English","","","","2026-09-05"
"100016","2600","","2600: The Hacker Quarterly","2600: The Hacker Quarterly, April 1985","2600 Enterprises, Inc.","1985","","","","","","Volume 2, Number 4","","Emmanuel Goldstein","","","","<p>The second year, in which 2600's own bulletin board was seized in a federal raid and the newsletter turned to defending the people it wrote for.</p><p class=""mt-6"">Early issues announce the 2600 Bulletin Board online. By mid-year the headline is ""2600 Bulletin Board Seized in Raid on Hackers,"" printed beside ""Sherwood Forest Shut Down by Secret Service"" and ""The Threat To Us All."" Operating systems carry the technical run: ""Interesting Things To Do on a DEC-20,"" a two-part guide to VMS, ""RSTS: A Trick or Two"" and ""Surveying the COSMOS."" ""The Theory of Blue Boxing"" and ""What a White Box Can Do"" cover the hardware. ""The Cipher Disk"" is the newsletter's first piece of cryptography, and ""A Guide to the Israeli Phone System"" starts the foreign-system series. Bill Landreth's <em>Out of the Inner Circle</em> is reviewed, and the year closes with a list of more than 1,500 BBS numbers.</p><p class=""mt-6"">""Some Words on Hacker Morality"" and ""And They Call US Crooks?"" put the ethical case; ""Some Important Questions To Ask"" is practical advice for readers expecting a visit. ""The Infinity Transmitter - An Old Bug"" and ""The Early Phreak Days"" begin the newsletter's habit of writing its own prehistory.</p>","https://www.2600.com","https://www.2600.com","Magazines","Magazines, Hacking, Phone Phreaking, Computer Security, Surveillance","Periodical","","","Hudson Street Library, NYC","","false","","","","English","","","","2026-09-05"
"100017","2600","","2600: The Hacker Quarterly","2600: The Hacker Quarterly, May 1985","2600 Enterprises, Inc.","1985","","","","","","Volume 2, Number 5","","Emmanuel Goldstein","","","","<p>The second year, in which 2600's own bulletin board was seized in a federal raid and the newsletter turned to defending the people it wrote for.</p><p class=""mt-6"">Early issues announce the 2600 Bulletin Board online. By mid-year the headline is ""2600 Bulletin Board Seized in Raid on Hackers,"" printed beside ""Sherwood Forest Shut Down by Secret Service"" and ""The Threat To Us All."" Operating systems carry the technical run: ""Interesting Things To Do on a DEC-20,"" a two-part guide to VMS, ""RSTS: A Trick or Two"" and ""Surveying the COSMOS."" ""The Theory of Blue Boxing"" and ""What a White Box Can Do"" cover the hardware. ""The Cipher Disk"" is the newsletter's first piece of cryptography, and ""A Guide to the Israeli Phone System"" starts the foreign-system series. Bill Landreth's <em>Out of the Inner Circle</em> is reviewed, and the year closes with a list of more than 1,500 BBS numbers.</p><p class=""mt-6"">""Some Words on Hacker Morality"" and ""And They Call US Crooks?"" put the ethical case; ""Some Important Questions To Ask"" is practical advice for readers expecting a visit. ""The Infinity Transmitter - An Old Bug"" and ""The Early Phreak Days"" begin the newsletter's habit of writing its own prehistory.</p>","https://www.2600.com","https://www.2600.com","Magazines","Magazines, Hacking, Phone Phreaking, Computer Security, Surveillance","Periodical","","","Hudson Street Library, NYC","","false","","","","English","","","","2026-09-05"
"100018","2600","","2600: The Hacker Quarterly","2600: The Hacker Quarterly, June 1985","2600 Enterprises, Inc.","1985","","","","","","Volume 2, Number 6","","Emmanuel Goldstein","","","","<p>The second year, in which 2600's own bulletin board was seized in a federal raid and the newsletter turned to defending the people it wrote for.</p><p class=""mt-6"">Early issues announce the 2600 Bulletin Board online. By mid-year the headline is ""2600 Bulletin Board Seized in Raid on Hackers,"" printed beside ""Sherwood Forest Shut Down by Secret Service"" and ""The Threat To Us All."" Operating systems carry the technical run: ""Interesting Things To Do on a DEC-20,"" a two-part guide to VMS, ""RSTS: A Trick or Two"" and ""Surveying the COSMOS."" ""The Theory of Blue Boxing"" and ""What a White Box Can Do"" cover the hardware. ""The Cipher Disk"" is the newsletter's first piece of cryptography, and ""A Guide to the Israeli Phone System"" starts the foreign-system series. Bill Landreth's <em>Out of the Inner Circle</em> is reviewed, and the year closes with a list of more than 1,500 BBS numbers.</p><p class=""mt-6"">""Some Words on Hacker Morality"" and ""And They Call US Crooks?"" put the ethical case; ""Some Important Questions To Ask"" is practical advice for readers expecting a visit. ""The Infinity Transmitter - An Old Bug"" and ""The Early Phreak Days"" begin the newsletter's habit of writing its own prehistory.</p>","https://www.2600.com","https://www.2600.com","Magazines","Magazines, Hacking, Phone Phreaking, Computer Security, Surveillance","Periodical","","","Hudson Street Library, NYC","","false","","","","English","","","","2026-09-05"
"100019","2600","","2600: The Hacker Quarterly","2600: The Hacker Quarterly, July 1985","2600 Enterprises, Inc.","1985","","","","","","Volume 2, Number 7","","Emmanuel Goldstein","","","","<p>The second year, in which 2600's own bulletin board was seized in a federal raid and the newsletter turned to defending the people it wrote for.</p><p class=""mt-6"">Early issues announce the 2600 Bulletin Board online. By mid-year the headline is ""2600 Bulletin Board Seized in Raid on Hackers,"" printed beside ""Sherwood Forest Shut Down by Secret Service"" and ""The Threat To Us All."" Operating systems carry the technical run: ""Interesting Things To Do on a DEC-20,"" a two-part guide to VMS, ""RSTS: A Trick or Two"" and ""Surveying the COSMOS."" ""The Theory of Blue Boxing"" and ""What a White Box Can Do"" cover the hardware. ""The Cipher Disk"" is the newsletter's first piece of cryptography, and ""A Guide to the Israeli Phone System"" starts the foreign-system series. Bill Landreth's <em>Out of the Inner Circle</em> is reviewed, and the year closes with a list of more than 1,500 BBS numbers.</p><p class=""mt-6"">""Some Words on Hacker Morality"" and ""And They Call US Crooks?"" put the ethical case; ""Some Important Questions To Ask"" is practical advice for readers expecting a visit. ""The Infinity Transmitter - An Old Bug"" and ""The Early Phreak Days"" begin the newsletter's habit of writing its own prehistory.</p>","https://www.2600.com","https://www.2600.com","Magazines","Magazines, Hacking, Phone Phreaking, Computer Security, Surveillance","Periodical","","","Hudson Street Library, NYC","","false","","","","English","","","","2026-09-05"
"100020","2600","","2600: The Hacker Quarterly","2600: The Hacker Quarterly, August 1985","2600 Enterprises, Inc.","1985","","","","","","Volume 2, Number 8","","Emmanuel Goldstein","","","","<p>The second year, in which 2600's own bulletin board was seized in a federal raid and the newsletter turned to defending the people it wrote for.</p><p class=""mt-6"">Early issues announce the 2600 Bulletin Board online. By mid-year the headline is ""2600 Bulletin Board Seized in Raid on Hackers,"" printed beside ""Sherwood Forest Shut Down by Secret Service"" and ""The Threat To Us All."" Operating systems carry the technical run: ""Interesting Things To Do on a DEC-20,"" a two-part guide to VMS, ""RSTS: A Trick or Two"" and ""Surveying the COSMOS."" ""The Theory of Blue Boxing"" and ""What a White Box Can Do"" cover the hardware. ""The Cipher Disk"" is the newsletter's first piece of cryptography, and ""A Guide to the Israeli Phone System"" starts the foreign-system series. Bill Landreth's <em>Out of the Inner Circle</em> is reviewed, and the year closes with a list of more than 1,500 BBS numbers.</p><p class=""mt-6"">""Some Words on Hacker Morality"" and ""And They Call US Crooks?"" put the ethical case; ""Some Important Questions To Ask"" is practical advice for readers expecting a visit. ""The Infinity Transmitter - An Old Bug"" and ""The Early Phreak Days"" begin the newsletter's habit of writing its own prehistory.</p>","https://www.2600.com","https://www.2600.com","Magazines","Magazines, Hacking, Phone Phreaking, Computer Security, Surveillance","Periodical","","","Hudson Street Library, NYC","","false","","","","English","","","","2026-09-05"
"100021","2600","","2600: The Hacker Quarterly","2600: The Hacker Quarterly, September 1985","2600 Enterprises, Inc.","1985","","","","","","Volume 2, Number 9","","Emmanuel Goldstein","","","","<p>The second year, in which 2600's own bulletin board was seized in a federal raid and the newsletter turned to defending the people it wrote for.</p><p class=""mt-6"">Early issues announce the 2600 Bulletin Board online. By mid-year the headline is ""2600 Bulletin Board Seized in Raid on Hackers,"" printed beside ""Sherwood Forest Shut Down by Secret Service"" and ""The Threat To Us All."" Operating systems carry the technical run: ""Interesting Things To Do on a DEC-20,"" a two-part guide to VMS, ""RSTS: A Trick or Two"" and ""Surveying the COSMOS."" ""The Theory of Blue Boxing"" and ""What a White Box Can Do"" cover the hardware. ""The Cipher Disk"" is the newsletter's first piece of cryptography, and ""A Guide to the Israeli Phone System"" starts the foreign-system series. Bill Landreth's <em>Out of the Inner Circle</em> is reviewed, and the year closes with a list of more than 1,500 BBS numbers.</p><p class=""mt-6"">""Some Words on Hacker Morality"" and ""And They Call US Crooks?"" put the ethical case; ""Some Important Questions To Ask"" is practical advice for readers expecting a visit. ""The Infinity Transmitter - An Old Bug"" and ""The Early Phreak Days"" begin the newsletter's habit of writing its own prehistory.</p>","https://www.2600.com","https://www.2600.com","Magazines","Magazines, Hacking, Phone Phreaking, Computer Security, Surveillance","Periodical","","","Hudson Street Library, NYC","","false","","","","English","","","","2026-09-05"
"100022","2600","","2600: The Hacker Quarterly","2600: The Hacker Quarterly, October 1985","2600 Enterprises, Inc.","1985","","","","","","Volume 2, Number 10","","Emmanuel Goldstein","","","","<p>The second year, in which 2600's own bulletin board was seized in a federal raid and the newsletter turned to defending the people it wrote for.</p><p class=""mt-6"">Early issues announce the 2600 Bulletin Board online. By mid-year the headline is ""2600 Bulletin Board Seized in Raid on Hackers,"" printed beside ""Sherwood Forest Shut Down by Secret Service"" and ""The Threat To Us All."" Operating systems carry the technical run: ""Interesting Things To Do on a DEC-20,"" a two-part guide to VMS, ""RSTS: A Trick or Two"" and ""Surveying the COSMOS."" ""The Theory of Blue Boxing"" and ""What a White Box Can Do"" cover the hardware. ""The Cipher Disk"" is the newsletter's first piece of cryptography, and ""A Guide to the Israeli Phone System"" starts the foreign-system series. Bill Landreth's <em>Out of the Inner Circle</em> is reviewed, and the year closes with a list of more than 1,500 BBS numbers.</p><p class=""mt-6"">""Some Words on Hacker Morality"" and ""And They Call US Crooks?"" put the ethical case; ""Some Important Questions To Ask"" is practical advice for readers expecting a visit. ""The Infinity Transmitter - An Old Bug"" and ""The Early Phreak Days"" begin the newsletter's habit of writing its own prehistory.</p>","https://www.2600.com","https://www.2600.com","Magazines","Magazines, Hacking, Phone Phreaking, Computer Security, Surveillance","Periodical","","","Hudson Street Library, NYC","","false","","","","English","","","","2026-09-05"
"100023","2600","","2600: The Hacker Quarterly","2600: The Hacker Quarterly, November 1985","2600 Enterprises, Inc.","1985","","","","","","Volume 2, Number 11","","Emmanuel Goldstein","","","","<p>The second year, in which 2600's own bulletin board was seized in a federal raid and the newsletter turned to defending the people it wrote for.</p><p class=""mt-6"">Early issues announce the 2600 Bulletin Board online. By mid-year the headline is ""2600 Bulletin Board Seized in Raid on Hackers,"" printed beside ""Sherwood Forest Shut Down by Secret Service"" and ""The Threat To Us All."" Operating systems carry the technical run: ""Interesting Things To Do on a DEC-20,"" a two-part guide to VMS, ""RSTS: A Trick or Two"" and ""Surveying the COSMOS."" ""The Theory of Blue Boxing"" and ""What a White Box Can Do"" cover the hardware. ""The Cipher Disk"" is the newsletter's first piece of cryptography, and ""A Guide to the Israeli Phone System"" starts the foreign-system series. Bill Landreth's <em>Out of the Inner Circle</em> is reviewed, and the year closes with a list of more than 1,500 BBS numbers.</p><p class=""mt-6"">""Some Words on Hacker Morality"" and ""And They Call US Crooks?"" put the ethical case; ""Some Important Questions To Ask"" is practical advice for readers expecting a visit. ""The Infinity Transmitter - An Old Bug"" and ""The Early Phreak Days"" begin the newsletter's habit of writing its own prehistory.</p>","https://www.2600.com","https://www.2600.com","Magazines","Magazines, Hacking, Phone Phreaking, Computer Security, Surveillance","Periodical","","","Hudson Street Library, NYC","","false","","","","English","","","","2026-09-05"
"100024","2600","","2600: The Hacker Quarterly","2600: The Hacker Quarterly, December 1985","2600 Enterprises, Inc.","1985","","","","","","Volume 2, Number 12","","Emmanuel Goldstein","","","","<p>The second year, in which 2600's own bulletin board was seized in a federal raid and the newsletter turned to defending the people it wrote for.</p><p class=""mt-6"">Early issues announce the 2600 Bulletin Board online. By mid-year the headline is ""2600 Bulletin Board Seized in Raid on Hackers,"" printed beside ""Sherwood Forest Shut Down by Secret Service"" and ""The Threat To Us All."" Operating systems carry the technical run: ""Interesting Things To Do on a DEC-20,"" a two-part guide to VMS, ""RSTS: A Trick or Two"" and ""Surveying the COSMOS."" ""The Theory of Blue Boxing"" and ""What a White Box Can Do"" cover the hardware. ""The Cipher Disk"" is the newsletter's first piece of cryptography, and ""A Guide to the Israeli Phone System"" starts the foreign-system series. Bill Landreth's <em>Out of the Inner Circle</em> is reviewed, and the year closes with a list of more than 1,500 BBS numbers.</p><p class=""mt-6"">""Some Words on Hacker Morality"" and ""And They Call US Crooks?"" put the ethical case; ""Some Important Questions To Ask"" is practical advice for readers expecting a visit. ""The Infinity Transmitter - An Old Bug"" and ""The Early Phreak Days"" begin the newsletter's habit of writing its own prehistory.</p>","https://www.2600.com","https://www.2600.com","Magazines","Magazines, Hacking, Phone Phreaking, Computer Security, Surveillance","Periodical","","","Hudson Street Library, NYC","","false","","","","English","","","","2026-09-05"
"100025","2600","","2600: The Hacker Quarterly","2600: The Hacker Quarterly, January 1986","2600 Enterprises, Inc.","1986","","","","","","Volume 3, Number 1","","Emmanuel Goldstein","","","","<p>The third year, which opens with the Private Sector board coming back online and closes on cellular telephony, the technology that would occupy the magazine for the next decade.</p><p class=""mt-6"">""Private Sector Returning"" leads the year, followed by ""Divestiture: What Happened?"" two years after the AT&T break-up. Construction and code run throughout: blue box programs, ""An Overview of AUTOVON and Silver Boxes,"" ""Mobile Phones - Theory & Construction,"" ""Boxing on ITT"" and ""Cellular Telephones - How They Work."" Systems coverage finishes the VMS series and adds ""RSTS For Beginners,"" ""Knowing UNIX,"" ""How To Hack a Pick"" and ""Violating a Vax."" The newsletter also prints ""Exploits in Operator Hell,"" ""A Story of Eavesdropping,"" ""The Free Phones of Philly,"" ""Death of a Pay Phone"" and ""Trashing: America's Source for Information,"" with number lists for Winnipeg, London and Britain's boards.</p><p class=""mt-6"">Two reviews record how the subject was being written about elsewhere, <em>The Computer Underground</em> and a computer crime review. ""The Computel Scoop"" opens a story the newsletter finished the following year, and ""Things We're Not Supposed To Know About"" closes the volume.</p>","https://www.2600.com","https://www.2600.com","Magazines","Magazines, Hacking, Phone Phreaking, Computer Security, Surveillance","Periodical","","","Hudson Street Library, NYC","","false","","","","English","","","","2026-09-05"
"100026","2600","","2600: The Hacker Quarterly","2600: The Hacker Quarterly, February 1986","2600 Enterprises, Inc.","1986","","","","","","Volume 3, Number 2","","Emmanuel Goldstein","","","","<p>The third year, which opens with the Private Sector board coming back online and closes on cellular telephony, the technology that would occupy the magazine for the next decade.</p><p class=""mt-6"">""Private Sector Returning"" leads the year, followed by ""Divestiture: What Happened?"" two years after the AT&T break-up. Construction and code run throughout: blue box programs, ""An Overview of AUTOVON and Silver Boxes,"" ""Mobile Phones - Theory & Construction,"" ""Boxing on ITT"" and ""Cellular Telephones - How They Work."" Systems coverage finishes the VMS series and adds ""RSTS For Beginners,"" ""Knowing UNIX,"" ""How To Hack a Pick"" and ""Violating a Vax."" The newsletter also prints ""Exploits in Operator Hell,"" ""A Story of Eavesdropping,"" ""The Free Phones of Philly,"" ""Death of a Pay Phone"" and ""Trashing: America's Source for Information,"" with number lists for Winnipeg, London and Britain's boards.</p><p class=""mt-6"">Two reviews record how the subject was being written about elsewhere, <em>The Computer Underground</em> and a computer crime review. ""The Computel Scoop"" opens a story the newsletter finished the following year, and ""Things We're Not Supposed To Know About"" closes the volume.</p>","https://www.2600.com","https://www.2600.com","Magazines","Magazines, Hacking, Phone Phreaking, Computer Security, Surveillance","Periodical","","","Hudson Street Library, NYC","","false","","","","English","","","","2026-09-05"
"100027","2600","","2600: The Hacker Quarterly","2600: The Hacker Quarterly, March 1986","2600 Enterprises, Inc.","1986","","","","","","Volume 3, Number 3","","Emmanuel Goldstein","","","","<p>The third year, which opens with the Private Sector board coming back online and closes on cellular telephony, the technology that would occupy the magazine for the next decade.</p><p class=""mt-6"">""Private Sector Returning"" leads the year, followed by ""Divestiture: What Happened?"" two years after the AT&T break-up. Construction and code run throughout: blue box programs, ""An Overview of AUTOVON and Silver Boxes,"" ""Mobile Phones - Theory & Construction,"" ""Boxing on ITT"" and ""Cellular Telephones - How They Work."" Systems coverage finishes the VMS series and adds ""RSTS For Beginners,"" ""Knowing UNIX,"" ""How To Hack a Pick"" and ""Violating a Vax."" The newsletter also prints ""Exploits in Operator Hell,"" ""A Story of Eavesdropping,"" ""The Free Phones of Philly,"" ""Death of a Pay Phone"" and ""Trashing: America's Source for Information,"" with number lists for Winnipeg, London and Britain's boards.</p><p class=""mt-6"">Two reviews record how the subject was being written about elsewhere, <em>The Computer Underground</em> and a computer crime review. ""The Computel Scoop"" opens a story the newsletter finished the following year, and ""Things We're Not Supposed To Know About"" closes the volume.</p>","https://www.2600.com","https://www.2600.com","Magazines","Magazines, Hacking, Phone Phreaking, Computer Security, Surveillance","Periodical","","","Hudson Street Library, NYC","","false","","","","English","","","","2026-09-05"
"100028","2600","","2600: The Hacker Quarterly","2600: The Hacker Quarterly, April 1986","2600 Enterprises, Inc.","1986","","","","","","Volume 3, Number 4","","Emmanuel Goldstein","","","","<p>The third year, which opens with the Private Sector board coming back online and closes on cellular telephony, the technology that would occupy the magazine for the next decade.</p><p class=""mt-6"">""Private Sector Returning"" leads the year, followed by ""Divestiture: What Happened?"" two years after the AT&T break-up. Construction and code run throughout: blue box programs, ""An Overview of AUTOVON and Silver Boxes,"" ""Mobile Phones - Theory & Construction,"" ""Boxing on ITT"" and ""Cellular Telephones - How They Work."" Systems coverage finishes the VMS series and adds ""RSTS For Beginners,"" ""Knowing UNIX,"" ""How To Hack a Pick"" and ""Violating a Vax."" The newsletter also prints ""Exploits in Operator Hell,"" ""A Story of Eavesdropping,"" ""The Free Phones of Philly,"" ""Death of a Pay Phone"" and ""Trashing: America's Source for Information,"" with number lists for Winnipeg, London and Britain's boards.</p><p class=""mt-6"">Two reviews record how the subject was being written about elsewhere, <em>The Computer Underground</em> and a computer crime review. ""The Computel Scoop"" opens a story the newsletter finished the following year, and ""Things We're Not Supposed To Know About"" closes the volume.</p>","https://www.2600.com","https://www.2600.com","Magazines","Magazines, Hacking, Phone Phreaking, Computer Security, Surveillance","Periodical","","","Hudson Street Library, NYC","","false","","","","English","","","","2026-09-05"
"100029","2600","","2600: The Hacker Quarterly","2600: The Hacker Quarterly, May 1986","2600 Enterprises, Inc.","1986","","","","","","Volume 3, Number 5","","Emmanuel Goldstein","","","","<p>The third year, which opens with the Private Sector board coming back online and closes on cellular telephony, the technology that would occupy the magazine for the next decade.</p><p class=""mt-6"">""Private Sector Returning"" leads the year, followed by ""Divestiture: What Happened?"" two years after the AT&T break-up. Construction and code run throughout: blue box programs, ""An Overview of AUTOVON and Silver Boxes,"" ""Mobile Phones - Theory & Construction,"" ""Boxing on ITT"" and ""Cellular Telephones - How They Work."" Systems coverage finishes the VMS series and adds ""RSTS For Beginners,"" ""Knowing UNIX,"" ""How To Hack a Pick"" and ""Violating a Vax."" The newsletter also prints ""Exploits in Operator Hell,"" ""A Story of Eavesdropping,"" ""The Free Phones of Philly,"" ""Death of a Pay Phone"" and ""Trashing: America's Source for Information,"" with number lists for Winnipeg, London and Britain's boards.</p><p class=""mt-6"">Two reviews record how the subject was being written about elsewhere, <em>The Computer Underground</em> and a computer crime review. ""The Computel Scoop"" opens a story the newsletter finished the following year, and ""Things We're Not Supposed To Know About"" closes the volume.</p>","https://www.2600.com","https://www.2600.com","Magazines","Magazines, Hacking, Phone Phreaking, Computer Security, Surveillance","Periodical","","","Hudson Street Library, NYC","","false","","","","English","","","","2026-09-05"
"100030","2600","","2600: The Hacker Quarterly","2600: The Hacker Quarterly, June 1986","2600 Enterprises, Inc.","1986","","","","","","Volume 3, Number 6","","Emmanuel Goldstein","","","","<p>The third year, which opens with the Private Sector board coming back online and closes on cellular telephony, the technology that would occupy the magazine for the next decade.</p><p class=""mt-6"">""Private Sector Returning"" leads the year, followed by ""Divestiture: What Happened?"" two years after the AT&T break-up. Construction and code run throughout: blue box programs, ""An Overview of AUTOVON and Silver Boxes,"" ""Mobile Phones - Theory & Construction,"" ""Boxing on ITT"" and ""Cellular Telephones - How They Work."" Systems coverage finishes the VMS series and adds ""RSTS For Beginners,"" ""Knowing UNIX,"" ""How To Hack a Pick"" and ""Violating a Vax."" The newsletter also prints ""Exploits in Operator Hell,"" ""A Story of Eavesdropping,"" ""The Free Phones of Philly,"" ""Death of a Pay Phone"" and ""Trashing: America's Source for Information,"" with number lists for Winnipeg, London and Britain's boards.</p><p class=""mt-6"">Two reviews record how the subject was being written about elsewhere, <em>The Computer Underground</em> and a computer crime review. ""The Computel Scoop"" opens a story the newsletter finished the following year, and ""Things We're Not Supposed To Know About"" closes the volume.</p>","https://www.2600.com","https://www.2600.com","Magazines","Magazines, Hacking, Phone Phreaking, Computer Security, Surveillance","Periodical","","","Hudson Street Library, NYC","","false","","","","English","","","","2026-09-05"
"100031","2600","","2600: The Hacker Quarterly","2600: The Hacker Quarterly, July 1986","2600 Enterprises, Inc.","1986","","","","","","Volume 3, Number 7","","Emmanuel Goldstein","","","","<p>The third year, which opens with the Private Sector board coming back online and closes on cellular telephony, the technology that would occupy the magazine for the next decade.</p><p class=""mt-6"">""Private Sector Returning"" leads the year, followed by ""Divestiture: What Happened?"" two years after the AT&T break-up. Construction and code run throughout: blue box programs, ""An Overview of AUTOVON and Silver Boxes,"" ""Mobile Phones - Theory & Construction,"" ""Boxing on ITT"" and ""Cellular Telephones - How They Work."" Systems coverage finishes the VMS series and adds ""RSTS For Beginners,"" ""Knowing UNIX,"" ""How To Hack a Pick"" and ""Violating a Vax."" The newsletter also prints ""Exploits in Operator Hell,"" ""A Story of Eavesdropping,"" ""The Free Phones of Philly,"" ""Death of a Pay Phone"" and ""Trashing: America's Source for Information,"" with number lists for Winnipeg, London and Britain's boards.</p><p class=""mt-6"">Two reviews record how the subject was being written about elsewhere, <em>The Computer Underground</em> and a computer crime review. ""The Computel Scoop"" opens a story the newsletter finished the following year, and ""Things We're Not Supposed To Know About"" closes the volume.</p>","https://www.2600.com","https://www.2600.com","Magazines","Magazines, Hacking, Phone Phreaking, Computer Security, Surveillance","Periodical","","","Hudson Street Library, NYC","","false","","","","English","","","","2026-09-05"
"100032","2600","","2600: The Hacker Quarterly","2600: The Hacker Quarterly, August 1986","2600 Enterprises, Inc.","1986","","","","","","Volume 3, Number 8","","Emmanuel Goldstein","","","","<p>The third year, which opens with the Private Sector board coming back online and closes on cellular telephony, the technology that would occupy the magazine for the next decade.</p><p class=""mt-6"">""Private Sector Returning"" leads the year, followed by ""Divestiture: What Happened?"" two years after the AT&T break-up. Construction and code run throughout: blue box programs, ""An Overview of AUTOVON and Silver Boxes,"" ""Mobile Phones - Theory & Construction,"" ""Boxing on ITT"" and ""Cellular Telephones - How They Work."" Systems coverage finishes the VMS series and adds ""RSTS For Beginners,"" ""Knowing UNIX,"" ""How To Hack a Pick"" and ""Violating a Vax."" The newsletter also prints ""Exploits in Operator Hell,"" ""A Story of Eavesdropping,"" ""The Free Phones of Philly,"" ""Death of a Pay Phone"" and ""Trashing: America's Source for Information,"" with number lists for Winnipeg, London and Britain's boards.</p><p class=""mt-6"">Two reviews record how the subject was being written about elsewhere, <em>The Computer Underground</em> and a computer crime review. ""The Computel Scoop"" opens a story the newsletter finished the following year, and ""Things We're Not Supposed To Know About"" closes the volume.</p>","https://www.2600.com","https://www.2600.com","Magazines","Magazines, Hacking, Phone Phreaking, Computer Security, Surveillance","Periodical","","","Hudson Street Library, NYC","","false","","","","English","","","","2026-09-05"
"100033","2600","","2600: The Hacker Quarterly","2600: The Hacker Quarterly, September 1986","2600 Enterprises, Inc.","1986","","","","","","Volume 3, Number 9","","Emmanuel Goldstein","","","","<p>The third year, which opens with the Private Sector board coming back online and closes on cellular telephony, the technology that would occupy the magazine for the next decade.</p><p class=""mt-6"">""Private Sector Returning"" leads the year, followed by ""Divestiture: What Happened?"" two years after the AT&T break-up. Construction and code run throughout: blue box programs, ""An Overview of AUTOVON and Silver Boxes,"" ""Mobile Phones - Theory & Construction,"" ""Boxing on ITT"" and ""Cellular Telephones - How They Work."" Systems coverage finishes the VMS series and adds ""RSTS For Beginners,"" ""Knowing UNIX,"" ""How To Hack a Pick"" and ""Violating a Vax."" The newsletter also prints ""Exploits in Operator Hell,"" ""A Story of Eavesdropping,"" ""The Free Phones of Philly,"" ""Death of a Pay Phone"" and ""Trashing: America's Source for Information,"" with number lists for Winnipeg, London and Britain's boards.</p><p class=""mt-6"">Two reviews record how the subject was being written about elsewhere, <em>The Computer Underground</em> and a computer crime review. ""The Computel Scoop"" opens a story the newsletter finished the following year, and ""Things We're Not Supposed To Know About"" closes the volume.</p>","https://www.2600.com","https://www.2600.com","Magazines","Magazines, Hacking, Phone Phreaking, Computer Security, Surveillance","Periodical","","","Hudson Street Library, NYC","","false","","","","English","","","","2026-09-05"
"100034","2600","","2600: The Hacker Quarterly","2600: The Hacker Quarterly, October 1986","2600 Enterprises, Inc.","1986","","","","","","Volume 3, Number 10","","Emmanuel Goldstein","","","","<p>The third year, which opens with the Private Sector board coming back online and closes on cellular telephony, the technology that would occupy the magazine for the next decade.</p><p class=""mt-6"">""Private Sector Returning"" leads the year, followed by ""Divestiture: What Happened?"" two years after the AT&T break-up. Construction and code run throughout: blue box programs, ""An Overview of AUTOVON and Silver Boxes,"" ""Mobile Phones - Theory & Construction,"" ""Boxing on ITT"" and ""Cellular Telephones - How They Work."" Systems coverage finishes the VMS series and adds ""RSTS For Beginners,"" ""Knowing UNIX,"" ""How To Hack a Pick"" and ""Violating a Vax."" The newsletter also prints ""Exploits in Operator Hell,"" ""A Story of Eavesdropping,"" ""The Free Phones of Philly,"" ""Death of a Pay Phone"" and ""Trashing: America's Source for Information,"" with number lists for Winnipeg, London and Britain's boards.</p><p class=""mt-6"">Two reviews record how the subject was being written about elsewhere, <em>The Computer Underground</em> and a computer crime review. ""The Computel Scoop"" opens a story the newsletter finished the following year, and ""Things We're Not Supposed To Know About"" closes the volume.</p>","https://www.2600.com","https://www.2600.com","Magazines","Magazines, Hacking, Phone Phreaking, Computer Security, Surveillance","Periodical","","","Hudson Street Library, NYC","","false","","","","English","","","","2026-09-05"
"100035","2600","","2600: The Hacker Quarterly","2600: The Hacker Quarterly, November 1986","2600 Enterprises, Inc.","1986","","","","","","Volume 3, Number 11","","Emmanuel Goldstein","","","","<p>The third year, which opens with the Private Sector board coming back online and closes on cellular telephony, the technology that would occupy the magazine for the next decade.</p><p class=""mt-6"">""Private Sector Returning"" leads the year, followed by ""Divestiture: What Happened?"" two years after the AT&T break-up. Construction and code run throughout: blue box programs, ""An Overview of AUTOVON and Silver Boxes,"" ""Mobile Phones - Theory & Construction,"" ""Boxing on ITT"" and ""Cellular Telephones - How They Work."" Systems coverage finishes the VMS series and adds ""RSTS For Beginners,"" ""Knowing UNIX,"" ""How To Hack a Pick"" and ""Violating a Vax."" The newsletter also prints ""Exploits in Operator Hell,"" ""A Story of Eavesdropping,"" ""The Free Phones of Philly,"" ""Death of a Pay Phone"" and ""Trashing: America's Source for Information,"" with number lists for Winnipeg, London and Britain's boards.</p><p class=""mt-6"">Two reviews record how the subject was being written about elsewhere, <em>The Computer Underground</em> and a computer crime review. ""The Computel Scoop"" opens a story the newsletter finished the following year, and ""Things We're Not Supposed To Know About"" closes the volume.</p>","https://www.2600.com","https://www.2600.com","Magazines","Magazines, Hacking, Phone Phreaking, Computer Security, Surveillance","Periodical","","","Hudson Street Library, NYC","","false","","","","English","","","","2026-09-05"
"100036","2600","","2600: The Hacker Quarterly","2600: The Hacker Quarterly, December 1986","2600 Enterprises, Inc.","1986","","","","","","Volume 3, Number 12","","Emmanuel Goldstein","","","","<p>The third year, which opens with the Private Sector board coming back online and closes on cellular telephony, the technology that would occupy the magazine for the next decade.</p><p class=""mt-6"">""Private Sector Returning"" leads the year, followed by ""Divestiture: What Happened?"" two years after the AT&T break-up. Construction and code run throughout: blue box programs, ""An Overview of AUTOVON and Silver Boxes,"" ""Mobile Phones - Theory & Construction,"" ""Boxing on ITT"" and ""Cellular Telephones - How They Work."" Systems coverage finishes the VMS series and adds ""RSTS For Beginners,"" ""Knowing UNIX,"" ""How To Hack a Pick"" and ""Violating a Vax."" The newsletter also prints ""Exploits in Operator Hell,"" ""A Story of Eavesdropping,"" ""The Free Phones of Philly,"" ""Death of a Pay Phone"" and ""Trashing: America's Source for Information,"" with number lists for Winnipeg, London and Britain's boards.</p><p class=""mt-6"">Two reviews record how the subject was being written about elsewhere, <em>The Computer Underground</em> and a computer crime review. ""The Computel Scoop"" opens a story the newsletter finished the following year, and ""Things We're Not Supposed To Know About"" closes the volume.</p>","https://www.2600.com","https://www.2600.com","Magazines","Magazines, Hacking, Phone Phreaking, Computer Security, Surveillance","Periodical","","","Hudson Street Library, NYC","","false","","","","English","","","","2026-09-05"
"100037","2600","","2600: The Hacker Quarterly","2600: The Hacker Quarterly, January 1987","2600 Enterprises, Inc.","1987","","","","","","Volume 4, Number 1","","Emmanuel Goldstein","","","","<p>The fourth and last monthly year, twelve issues that end with 2600 about to become the quarterly it has been ever since.</p><p class=""mt-6"">""TAP: The Legend is Dead"" opens the volume with the end of the newsletter 2600 had succeeded. COSMOS gets a guide and a second article, and Telenet, TSPS and equal access get guides of their own. ""Hacking PC Pursuit,"" ""More Vax Tricks,"" ""IBM's VM/CMS System"" and ""Capturing Passwords"" carry the systems coverage. The telephone material widens well beyond North America: ""Phoning From Europe,"" ""English Dial-it Service,"" Saudi Arabian and South African BBS lists, and an AT&T submarine cable map. ""The Ballad of Captain Crunch"" and an interview with Hugo Cornwall fill out the year. ""Cellular Fraud,"" ""How Phreaks are Caught"" and ""FBI Revealed"" run alongside ""New York Telephone Exposed.""</p><p class=""mt-6"">""Computel Put to Sleep"" ends the story begun in 1986. From Spring 1988 the newsletter became a digest-sized quarterly magazine, and the monthly sheets of the first four volumes were never resumed.</p>","https://www.2600.com","https://www.2600.com","Magazines","Magazines, Hacking, Phone Phreaking, Computer Security, Surveillance","Periodical","","","Hudson Street Library, NYC","","false","/assets/images/magazines/2600/2600-4-1.jpg","","","English","","","","2026-09-05"
"100038","2600","","2600: The Hacker Quarterly","2600: The Hacker Quarterly, February 1987","2600 Enterprises, Inc.","1987","","","","","","Volume 4, Number 2","","Emmanuel Goldstein","","","","<p>The fourth and last monthly year, twelve issues that end with 2600 about to become the quarterly it has been ever since.</p><p class=""mt-6"">""TAP: The Legend is Dead"" opens the volume with the end of the newsletter 2600 had succeeded. COSMOS gets a guide and a second article, and Telenet, TSPS and equal access get guides of their own. ""Hacking PC Pursuit,"" ""More Vax Tricks,"" ""IBM's VM/CMS System"" and ""Capturing Passwords"" carry the systems coverage. The telephone material widens well beyond North America: ""Phoning From Europe,"" ""English Dial-it Service,"" Saudi Arabian and South African BBS lists, and an AT&T submarine cable map. ""The Ballad of Captain Crunch"" and an interview with Hugo Cornwall fill out the year. ""Cellular Fraud,"" ""How Phreaks are Caught"" and ""FBI Revealed"" run alongside ""New York Telephone Exposed.""</p><p class=""mt-6"">""Computel Put to Sleep"" ends the story begun in 1986. From Spring 1988 the newsletter became a digest-sized quarterly magazine, and the monthly sheets of the first four volumes were never resumed.</p>","https://www.2600.com","https://www.2600.com","Magazines","Magazines, Hacking, Phone Phreaking, Computer Security, Surveillance","Periodical","","","Hudson Street Library, NYC","","false","/assets/images/magazines/2600/2600-4-2.jpg","","","English","","","","2026-09-05"
"100039","2600","","2600: The Hacker Quarterly","2600: The Hacker Quarterly, March 1987","2600 Enterprises, Inc.","1987","","","","","","Volume 4, Number 3","","Emmanuel Goldstein","","","","<p>The fourth and last monthly year, twelve issues that end with 2600 about to become the quarterly it has been ever since.</p><p class=""mt-6"">""TAP: The Legend is Dead"" opens the volume with the end of the newsletter 2600 had succeeded. COSMOS gets a guide and a second article, and Telenet, TSPS and equal access get guides of their own. ""Hacking PC Pursuit,"" ""More Vax Tricks,"" ""IBM's VM/CMS System"" and ""Capturing Passwords"" carry the systems coverage. The telephone material widens well beyond North America: ""Phoning From Europe,"" ""English Dial-it Service,"" Saudi Arabian and South African BBS lists, and an AT&T submarine cable map. ""The Ballad of Captain Crunch"" and an interview with Hugo Cornwall fill out the year. ""Cellular Fraud,"" ""How Phreaks are Caught"" and ""FBI Revealed"" run alongside ""New York Telephone Exposed.""</p><p class=""mt-6"">""Computel Put to Sleep"" ends the story begun in 1986. From Spring 1988 the newsletter became a digest-sized quarterly magazine, and the monthly sheets of the first four volumes were never resumed.</p>","https://www.2600.com","https://www.2600.com","Magazines","Magazines, Hacking, Phone Phreaking, Computer Security, Surveillance","Periodical","","","Hudson Street Library, NYC","","false","/assets/images/magazines/2600/2600-4-3.jpg","","","English","","","","2026-09-05"
"100040","2600","","2600: The Hacker Quarterly","2600: The Hacker Quarterly, April 1987","2600 Enterprises, Inc.","1987","","","","","","Volume 4, Number 4","","Emmanuel Goldstein","","","","<p>The fourth and last monthly year, twelve issues that end with 2600 about to become the quarterly it has been ever since.</p><p class=""mt-6"">""TAP: The Legend is Dead"" opens the volume with the end of the newsletter 2600 had succeeded. COSMOS gets a guide and a second article, and Telenet, TSPS and equal access get guides of their own. ""Hacking PC Pursuit,"" ""More Vax Tricks,"" ""IBM's VM/CMS System"" and ""Capturing Passwords"" carry the systems coverage. The telephone material widens well beyond North America: ""Phoning From Europe,"" ""English Dial-it Service,"" Saudi Arabian and South African BBS lists, and an AT&T submarine cable map. ""The Ballad of Captain Crunch"" and an interview with Hugo Cornwall fill out the year. ""Cellular Fraud,"" ""How Phreaks are Caught"" and ""FBI Revealed"" run alongside ""New York Telephone Exposed.""</p><p class=""mt-6"">""Computel Put to Sleep"" ends the story begun in 1986. From Spring 1988 the newsletter became a digest-sized quarterly magazine, and the monthly sheets of the first four volumes were never resumed.</p>","https://www.2600.com","https://www.2600.com","Magazines","Magazines, Hacking, Phone Phreaking, Computer Security, Surveillance","Periodical","","","Hudson Street Library, NYC","","false","/assets/images/magazines/2600/2600-4-4.jpg","","","English","","","","2026-09-05"
"100041","2600","","2600: The Hacker Quarterly","2600: The Hacker Quarterly, May 1987","2600 Enterprises, Inc.","1987","","","","","","Volume 4, Number 5","","Emmanuel Goldstein","","","","<p>The fourth and last monthly year, twelve issues that end with 2600 about to become the quarterly it has been ever since.</p><p class=""mt-6"">""TAP: The Legend is Dead"" opens the volume with the end of the newsletter 2600 had succeeded. COSMOS gets a guide and a second article, and Telenet, TSPS and equal access get guides of their own. ""Hacking PC Pursuit,"" ""More Vax Tricks,"" ""IBM's VM/CMS System"" and ""Capturing Passwords"" carry the systems coverage. The telephone material widens well beyond North America: ""Phoning From Europe,"" ""English Dial-it Service,"" Saudi Arabian and South African BBS lists, and an AT&T submarine cable map. ""The Ballad of Captain Crunch"" and an interview with Hugo Cornwall fill out the year. ""Cellular Fraud,"" ""How Phreaks are Caught"" and ""FBI Revealed"" run alongside ""New York Telephone Exposed.""</p><p class=""mt-6"">""Computel Put to Sleep"" ends the story begun in 1986. From Spring 1988 the newsletter became a digest-sized quarterly magazine, and the monthly sheets of the first four volumes were never resumed.</p>","https://www.2600.com","https://www.2600.com","Magazines","Magazines, Hacking, Phone Phreaking, Computer Security, Surveillance","Periodical","","","Hudson Street Library, NYC","","false","/assets/images/magazines/2600/2600-4-5.jpg","","","English","","","","2026-09-05"
"100042","2600","","2600: The Hacker Quarterly","2600: The Hacker Quarterly, June 1987","2600 Enterprises, Inc.","1987","","","","","","Volume 4, Number 6","","Emmanuel Goldstein","","","","<p>The fourth and last monthly year, twelve issues that end with 2600 about to become the quarterly it has been ever since.</p><p class=""mt-6"">""TAP: The Legend is Dead"" opens the volume with the end of the newsletter 2600 had succeeded. COSMOS gets a guide and a second article, and Telenet, TSPS and equal access get guides of their own. ""Hacking PC Pursuit,"" ""More Vax Tricks,"" ""IBM's VM/CMS System"" and ""Capturing Passwords"" carry the systems coverage. The telephone material widens well beyond North America: ""Phoning From Europe,"" ""English Dial-it Service,"" Saudi Arabian and South African BBS lists, and an AT&T submarine cable map. ""The Ballad of Captain Crunch"" and an interview with Hugo Cornwall fill out the year. ""Cellular Fraud,"" ""How Phreaks are Caught"" and ""FBI Revealed"" run alongside ""New York Telephone Exposed.""</p><p class=""mt-6"">""Computel Put to Sleep"" ends the story begun in 1986. From Spring 1988 the newsletter became a digest-sized quarterly magazine, and the monthly sheets of the first four volumes were never resumed.</p>","https://www.2600.com","https://www.2600.com","Magazines","Magazines, Hacking, Phone Phreaking, Computer Security, Surveillance","Periodical","","","Hudson Street Library, NYC","","false","/assets/images/magazines/2600/2600-4-6.jpg","","","English","","","","2026-09-05"
"100043","2600","","2600: The Hacker Quarterly","2600: The Hacker Quarterly, July 1987","2600 Enterprises, Inc.","1987","","","","","","Volume 4, Number 7","","Emmanuel Goldstein","","","","<p>The fourth and last monthly year, twelve issues that end with 2600 about to become the quarterly it has been ever since.</p><p class=""mt-6"">""TAP: The Legend is Dead"" opens the volume with the end of the newsletter 2600 had succeeded. COSMOS gets a guide and a second article, and Telenet, TSPS and equal access get guides of their own. ""Hacking PC Pursuit,"" ""More Vax Tricks,"" ""IBM's VM/CMS System"" and ""Capturing Passwords"" carry the systems coverage. The telephone material widens well beyond North America: ""Phoning From Europe,"" ""English Dial-it Service,"" Saudi Arabian and South African BBS lists, and an AT&T submarine cable map. ""The Ballad of Captain Crunch"" and an interview with Hugo Cornwall fill out the year. ""Cellular Fraud,"" ""How Phreaks are Caught"" and ""FBI Revealed"" run alongside ""New York Telephone Exposed.""</p><p class=""mt-6"">""Computel Put to Sleep"" ends the story begun in 1986. From Spring 1988 the newsletter became a digest-sized quarterly magazine, and the monthly sheets of the first four volumes were never resumed.</p>","https://www.2600.com","https://www.2600.com","Magazines","Magazines, Hacking, Phone Phreaking, Computer Security, Surveillance","Periodical","","","Hudson Street Library, NYC","","false","/assets/images/magazines/2600/2600-4-7.jpg","","","English","","","","2026-09-05"
"100044","2600","","2600: The Hacker Quarterly","2600: The Hacker Quarterly, August 1987","2600 Enterprises, Inc.","1987","","","","","","Volume 4, Number 8","","Emmanuel Goldstein","","","","<p>The fourth and last monthly year, twelve issues that end with 2600 about to become the quarterly it has been ever since.</p><p class=""mt-6"">""TAP: The Legend is Dead"" opens the volume with the end of the newsletter 2600 had succeeded. COSMOS gets a guide and a second article, and Telenet, TSPS and equal access get guides of their own. ""Hacking PC Pursuit,"" ""More Vax Tricks,"" ""IBM's VM/CMS System"" and ""Capturing Passwords"" carry the systems coverage. The telephone material widens well beyond North America: ""Phoning From Europe,"" ""English Dial-it Service,"" Saudi Arabian and South African BBS lists, and an AT&T submarine cable map. ""The Ballad of Captain Crunch"" and an interview with Hugo Cornwall fill out the year. ""Cellular Fraud,"" ""How Phreaks are Caught"" and ""FBI Revealed"" run alongside ""New York Telephone Exposed.""</p><p class=""mt-6"">""Computel Put to Sleep"" ends the story begun in 1986. From Spring 1988 the newsletter became a digest-sized quarterly magazine, and the monthly sheets of the first four volumes were never resumed.</p>","https://www.2600.com","https://www.2600.com","Magazines","Magazines, Hacking, Phone Phreaking, Computer Security, Surveillance","Periodical","","","Hudson Street Library, NYC","","false","/assets/images/magazines/2600/2600-4-8.jpg","","","English","","","","2026-09-05"
"100045","2600","","2600: The Hacker Quarterly","2600: The Hacker Quarterly, September 1987","2600 Enterprises, Inc.","1987","","","","","","Volume 4, Number 9","","Emmanuel Goldstein","","","","<p>The fourth and last monthly year, twelve issues that end with 2600 about to become the quarterly it has been ever since.</p><p class=""mt-6"">""TAP: The Legend is Dead"" opens the volume with the end of the newsletter 2600 had succeeded. COSMOS gets a guide and a second article, and Telenet, TSPS and equal access get guides of their own. ""Hacking PC Pursuit,"" ""More Vax Tricks,"" ""IBM's VM/CMS System"" and ""Capturing Passwords"" carry the systems coverage. The telephone material widens well beyond North America: ""Phoning From Europe,"" ""English Dial-it Service,"" Saudi Arabian and South African BBS lists, and an AT&T submarine cable map. ""The Ballad of Captain Crunch"" and an interview with Hugo Cornwall fill out the year. ""Cellular Fraud,"" ""How Phreaks are Caught"" and ""FBI Revealed"" run alongside ""New York Telephone Exposed.""</p><p class=""mt-6"">""Computel Put to Sleep"" ends the story begun in 1986. From Spring 1988 the newsletter became a digest-sized quarterly magazine, and the monthly sheets of the first four volumes were never resumed.</p>","https://www.2600.com","https://www.2600.com","Magazines","Magazines, Hacking, Phone Phreaking, Computer Security, Surveillance","Periodical","","","Hudson Street Library, NYC","","false","/assets/images/magazines/2600/2600-4-9.jpg","","","English","","","","2026-09-05"
"100046","2600","","2600: The Hacker Quarterly","2600: The Hacker Quarterly, October 1987","2600 Enterprises, Inc.","1987","","","","","","Volume 4, Number 10","","Emmanuel Goldstein","","","","<p>The fourth and last monthly year, twelve issues that end with 2600 about to become the quarterly it has been ever since.</p><p class=""mt-6"">""TAP: The Legend is Dead"" opens the volume with the end of the newsletter 2600 had succeeded. COSMOS gets a guide and a second article, and Telenet, TSPS and equal access get guides of their own. ""Hacking PC Pursuit,"" ""More Vax Tricks,"" ""IBM's VM/CMS System"" and ""Capturing Passwords"" carry the systems coverage. The telephone material widens well beyond North America: ""Phoning From Europe,"" ""English Dial-it Service,"" Saudi Arabian and South African BBS lists, and an AT&T submarine cable map. ""The Ballad of Captain Crunch"" and an interview with Hugo Cornwall fill out the year. ""Cellular Fraud,"" ""How Phreaks are Caught"" and ""FBI Revealed"" run alongside ""New York Telephone Exposed.""</p><p class=""mt-6"">""Computel Put to Sleep"" ends the story begun in 1986. From Spring 1988 the newsletter became a digest-sized quarterly magazine, and the monthly sheets of the first four volumes were never resumed.</p>","https://www.2600.com","https://www.2600.com","Magazines","Magazines, Hacking, Phone Phreaking, Computer Security, Surveillance","Periodical","","","Hudson Street Library, NYC","","false","/assets/images/magazines/2600/2600-4-10.jpg","","","English","","","","2026-09-05"
"100047","2600","","2600: The Hacker Quarterly","2600: The Hacker Quarterly, November 1987","2600 Enterprises, Inc.","1987","","","","","","Volume 4, Number 11","","Emmanuel Goldstein","","","","<p>The fourth and last monthly year, twelve issues that end with 2600 about to become the quarterly it has been ever since.</p><p class=""mt-6"">""TAP: The Legend is Dead"" opens the volume with the end of the newsletter 2600 had succeeded. COSMOS gets a guide and a second article, and Telenet, TSPS and equal access get guides of their own. ""Hacking PC Pursuit,"" ""More Vax Tricks,"" ""IBM's VM/CMS System"" and ""Capturing Passwords"" carry the systems coverage. The telephone material widens well beyond North America: ""Phoning From Europe,"" ""English Dial-it Service,"" Saudi Arabian and South African BBS lists, and an AT&T submarine cable map. ""The Ballad of Captain Crunch"" and an interview with Hugo Cornwall fill out the year. ""Cellular Fraud,"" ""How Phreaks are Caught"" and ""FBI Revealed"" run alongside ""New York Telephone Exposed.""</p><p class=""mt-6"">""Computel Put to Sleep"" ends the story begun in 1986. From Spring 1988 the newsletter became a digest-sized quarterly magazine, and the monthly sheets of the first four volumes were never resumed.</p>","https://www.2600.com","https://www.2600.com","Magazines","Magazines, Hacking, Phone Phreaking, Computer Security, Surveillance","Periodical","","","Hudson Street Library, NYC","","false","/assets/images/magazines/2600/2600-4-11.jpg","","","English","","","","2026-09-05"
"100048","2600","","2600: The Hacker Quarterly","2600: The Hacker Quarterly, December 1987","2600 Enterprises, Inc.","1987","","","","","","Volume 4, Number 12","","Emmanuel Goldstein","","","","<p>The fourth and last monthly year, twelve issues that end with 2600 about to become the quarterly it has been ever since.</p><p class=""mt-6"">""TAP: The Legend is Dead"" opens the volume with the end of the newsletter 2600 had succeeded. COSMOS gets a guide and a second article, and Telenet, TSPS and equal access get guides of their own. ""Hacking PC Pursuit,"" ""More Vax Tricks,"" ""IBM's VM/CMS System"" and ""Capturing Passwords"" carry the systems coverage. The telephone material widens well beyond North America: ""Phoning From Europe,"" ""English Dial-it Service,"" Saudi Arabian and South African BBS lists, and an AT&T submarine cable map. ""The Ballad of Captain Crunch"" and an interview with Hugo Cornwall fill out the year. ""Cellular Fraud,"" ""How Phreaks are Caught"" and ""FBI Revealed"" run alongside ""New York Telephone Exposed.""</p><p class=""mt-6"">""Computel Put to Sleep"" ends the story begun in 1986. From Spring 1988 the newsletter became a digest-sized quarterly magazine, and the monthly sheets of the first four volumes were never resumed.</p>","https://www.2600.com","https://www.2600.com","Magazines","Magazines, Hacking, Phone Phreaking, Computer Security, Surveillance","Periodical","","","Hudson Street Library, NYC","","false","/assets/images/magazines/2600/2600-4-12.jpg","","","English","","","","2026-09-05"
"100049","2600","","2600: The Hacker Quarterly","2600: The Hacker Quarterly, Spring 1988","2600 Enterprises, Inc.","1988","","","","","","Volume 5, Number 1","","Emmanuel Goldstein","","","","<p>The first volume published quarterly: four digest-sized issues in place of twelve monthly sheets, the format 2600 has kept for the thirty-eight years since.</p><p class=""mt-6"">Spring runs ""Monitoring Phone Calls,"" ""The Hacker Threat,"" ""A ROLM Catastrophe,"" ""Private Sector Scam Revisited"" and AT&T/BOC routing codes. Summer prints ""A Solution To Viruses"" beside ""How To Write a Virus,"" together with ""Building a Red Box,"" ""Allnet's Legal Problems"" and a reply to Captain Zap. Autumn covers outside loop information, cellular phones, a map of the 516 area code and a red box program, and asks ""Who Was Strowger?"" Winter opens with ""The Internet Worm Story,"" the magazine's account of the worm that had taken down much of the network that November, and adds a hacker's guide to UNIX, ""Overhearing Phone Calls,"" ""Soviet Operators,"" ""Hardwiring Free Calls"" and a report on the Chaos Computer Club.</p><p class=""mt-6"">Red boxes arrive in the catalogue here, with construction plans in Summer and a program in Autumn. The magazine returned to the subject for the next fifteen years, through ""The Ten Dollar Red Box"" in 1994 and ""Why Redboxing Still Works (sorta)"" in 2003.</p>","https://www.2600.com","https://store.2600.com/products/spring-1988","Magazines","Magazines, Hacking, Phone Phreaking, Computer Security, Surveillance","Periodical","","","Hudson Street Library, NYC","","false","/assets/images/magazines/2600/2600-5-1.jpg","","","English","","","","2026-09-05"
"100050","2600","","2600: The Hacker Quarterly","2600: The Hacker Quarterly, Summer 1988","2600 Enterprises, Inc.","1988","","","","","","Volume 5, Number 2","","Emmanuel Goldstein","","","","<p>The first volume published quarterly: four digest-sized issues in place of twelve monthly sheets, the format 2600 has kept for the thirty-eight years since.</p><p class=""mt-6"">Spring runs ""Monitoring Phone Calls,"" ""The Hacker Threat,"" ""A ROLM Catastrophe,"" ""Private Sector Scam Revisited"" and AT&T/BOC routing codes. Summer prints ""A Solution To Viruses"" beside ""How To Write a Virus,"" together with ""Building a Red Box,"" ""Allnet's Legal Problems"" and a reply to Captain Zap. Autumn covers outside loop information, cellular phones, a map of the 516 area code and a red box program, and asks ""Who Was Strowger?"" Winter opens with ""The Internet Worm Story,"" the magazine's account of the worm that had taken down much of the network that November, and adds a hacker's guide to UNIX, ""Overhearing Phone Calls,"" ""Soviet Operators,"" ""Hardwiring Free Calls"" and a report on the Chaos Computer Club.</p><p class=""mt-6"">Red boxes arrive in the catalogue here, with construction plans in Summer and a program in Autumn. The magazine returned to the subject for the next fifteen years, through ""The Ten Dollar Red Box"" in 1994 and ""Why Redboxing Still Works (sorta)"" in 2003.</p>","https://www.2600.com","https://store.2600.com/products/summer-1988","Magazines","Magazines, Hacking, Phone Phreaking, Computer Security, Surveillance","Periodical","","","Hudson Street Library, NYC","","false","/assets/images/magazines/2600/2600-5-2.jpg","","","English","","","","2026-09-05"
"100051","2600","","2600: The Hacker Quarterly","2600: The Hacker Quarterly, Autumn 1988","2600 Enterprises, Inc.","1988","","","","","","Volume 5, Number 3","","Emmanuel Goldstein","","","","<p>The first volume published quarterly: four digest-sized issues in place of twelve monthly sheets, the format 2600 has kept for the thirty-eight years since.</p><p class=""mt-6"">Spring runs ""Monitoring Phone Calls,"" ""The Hacker Threat,"" ""A ROLM Catastrophe,"" ""Private Sector Scam Revisited"" and AT&T/BOC routing codes. Summer prints ""A Solution To Viruses"" beside ""How To Write a Virus,"" together with ""Building a Red Box,"" ""Allnet's Legal Problems"" and a reply to Captain Zap. Autumn covers outside loop information, cellular phones, a map of the 516 area code and a red box program, and asks ""Who Was Strowger?"" Winter opens with ""The Internet Worm Story,"" the magazine's account of the worm that had taken down much of the network that November, and adds a hacker's guide to UNIX, ""Overhearing Phone Calls,"" ""Soviet Operators,"" ""Hardwiring Free Calls"" and a report on the Chaos Computer Club.</p><p class=""mt-6"">Red boxes arrive in the catalogue here, with construction plans in Summer and a program in Autumn. The magazine returned to the subject for the next fifteen years, through ""The Ten Dollar Red Box"" in 1994 and ""Why Redboxing Still Works (sorta)"" in 2003.</p>","https://www.2600.com","https://store.2600.com/products/autumn-1988","Magazines","Magazines, Hacking, Phone Phreaking, Computer Security, Surveillance","Periodical","","","Hudson Street Library, NYC","","false","/assets/images/magazines/2600/2600-5-3.jpg","","","English","","","","2026-09-05"
"100052","2600","","2600: The Hacker Quarterly","2600: The Hacker Quarterly, Winter 1988-1989","2600 Enterprises, Inc.","1988","","","","","","Volume 5, Number 4","","Emmanuel Goldstein","","","","<p>The first volume published quarterly: four digest-sized issues in place of twelve monthly sheets, the format 2600 has kept for the thirty-eight years since.</p><p class=""mt-6"">Spring runs ""Monitoring Phone Calls,"" ""The Hacker Threat,"" ""A ROLM Catastrophe,"" ""Private Sector Scam Revisited"" and AT&T/BOC routing codes. Summer prints ""A Solution To Viruses"" beside ""How To Write a Virus,"" together with ""Building a Red Box,"" ""Allnet's Legal Problems"" and a reply to Captain Zap. Autumn covers outside loop information, cellular phones, a map of the 516 area code and a red box program, and asks ""Who Was Strowger?"" Winter opens with ""The Internet Worm Story,"" the magazine's account of the worm that had taken down much of the network that November, and adds a hacker's guide to UNIX, ""Overhearing Phone Calls,"" ""Soviet Operators,"" ""Hardwiring Free Calls"" and a report on the Chaos Computer Club.</p><p class=""mt-6"">Red boxes arrive in the catalogue here, with construction plans in Summer and a program in Autumn. The magazine returned to the subject for the next fifteen years, through ""The Ten Dollar Red Box"" in 1994 and ""Why Redboxing Still Works (sorta)"" in 2003.</p>","https://www.2600.com","https://store.2600.com/products/winter-1988-1989","Magazines","Magazines, Hacking, Phone Phreaking, Computer Security, Surveillance","Periodical","","","Hudson Street Library, NYC","","false","/assets/images/magazines/2600/2600-5-4.jpg","","","English","","","","2026-09-05"
"100053","2600","","2600: The Hacker Quarterly","2600: The Hacker Quarterly, Spring 1989","2600 Enterprises, Inc.","1989","","","","","","Volume 6, Number 1","","Emmanuel Goldstein","","","","<p>The 1989 volume, which follows the arrest and prosecution of hackers on both sides of the Atlantic while continuing to document the network they worked in.</p><p class=""mt-6"">Spring opens with ""Hackers in Jail"" and runs ""The Wonders of UNIX,"" ""800 & 900 Exchanges"" and ""Payphones Explained."" Summer prints the first half of a guide to PRIMOS, ""Scanning For Calls,"" ""Tips on Trashing,"" ""A Sprint Story,"" ""Spanish Phones"" and ""A Summer Worm,"" with reviews of the <em>Pirate Radio Directory</em> and the revived <em>TAP</em>. Autumn covers the NYNEX strike, ""British Telecom's Guilty Conscience,"" ""The Death of COSMOS?,"" ""The Secrets of 4TEL,"" REMOBS, voice mail hacking and ""Punching Payphones."" Winter carries ""The AT&T Story,"" NYNEX central office data, the second half of the PRIMOS guide and instructions for building a silver box.</p><p class=""mt-6"">Autumn's report on the Galactic Hacker Party, held in Amsterdam that August, is the magazine's first coverage of a large European hacker gathering, a connection it kept through the Dutch camps of the following decades.</p>","https://www.2600.com","https://store.2600.com/products/spring-1989","Magazines","Magazines, Hacking, Phone Phreaking, Computer Security, Surveillance","Periodical","","","Hudson Street Library, NYC","","false","/assets/images/magazines/2600/2600-6-1.jpg","","","English","","","","2026-09-05"
"100054","2600","","2600: The Hacker Quarterly","2600: The Hacker Quarterly, Summer 1989","2600 Enterprises, Inc.","1989","","","","","","Volume 6, Number 2","","Emmanuel Goldstein","","","","<p>The 1989 volume, which follows the arrest and prosecution of hackers on both sides of the Atlantic while continuing to document the network they worked in.</p><p class=""mt-6"">Spring opens with ""Hackers in Jail"" and runs ""The Wonders of UNIX,"" ""800 & 900 Exchanges"" and ""Payphones Explained."" Summer prints the first half of a guide to PRIMOS, ""Scanning For Calls,"" ""Tips on Trashing,"" ""A Sprint Story,"" ""Spanish Phones"" and ""A Summer Worm,"" with reviews of the <em>Pirate Radio Directory</em> and the revived <em>TAP</em>. Autumn covers the NYNEX strike, ""British Telecom's Guilty Conscience,"" ""The Death of COSMOS?,"" ""The Secrets of 4TEL,"" REMOBS, voice mail hacking and ""Punching Payphones."" Winter carries ""The AT&T Story,"" NYNEX central office data, the second half of the PRIMOS guide and instructions for building a silver box.</p><p class=""mt-6"">Autumn's report on the Galactic Hacker Party, held in Amsterdam that August, is the magazine's first coverage of a large European hacker gathering, a connection it kept through the Dutch camps of the following decades.</p>","https://www.2600.com","https://store.2600.com/products/summer-1989","Magazines","Magazines, Hacking, Phone Phreaking, Computer Security, Surveillance","Periodical","","","Hudson Street Library, NYC","","false","/assets/images/magazines/2600/2600-6-2.jpg","","","English","","","","2026-09-05"
"100055","2600","","2600: The Hacker Quarterly","2600: The Hacker Quarterly, Autumn 1989","2600 Enterprises, Inc.","1989","","","","","","Volume 6, Number 3","","Emmanuel Goldstein","","","","<p>The 1989 volume, which follows the arrest and prosecution of hackers on both sides of the Atlantic while continuing to document the network they worked in.</p><p class=""mt-6"">Spring opens with ""Hackers in Jail"" and runs ""The Wonders of UNIX,"" ""800 & 900 Exchanges"" and ""Payphones Explained."" Summer prints the first half of a guide to PRIMOS, ""Scanning For Calls,"" ""Tips on Trashing,"" ""A Sprint Story,"" ""Spanish Phones"" and ""A Summer Worm,"" with reviews of the <em>Pirate Radio Directory</em> and the revived <em>TAP</em>. Autumn covers the NYNEX strike, ""British Telecom's Guilty Conscience,"" ""The Death of COSMOS?,"" ""The Secrets of 4TEL,"" REMOBS, voice mail hacking and ""Punching Payphones."" Winter carries ""The AT&T Story,"" NYNEX central office data, the second half of the PRIMOS guide and instructions for building a silver box.</p><p class=""mt-6"">Autumn's report on the Galactic Hacker Party, held in Amsterdam that August, is the magazine's first coverage of a large European hacker gathering, a connection it kept through the Dutch camps of the following decades.</p>","https://www.2600.com","https://store.2600.com/products/autumn-1989","Magazines","Magazines, Hacking, Phone Phreaking, Computer Security, Surveillance","Periodical","","","Hudson Street Library, NYC","","false","/assets/images/magazines/2600/2600-6-3.jpg","","","English","","","","2026-09-05"
"100056","2600","","2600: The Hacker Quarterly","2600: The Hacker Quarterly, Winter 1989-1990","2600 Enterprises, Inc.","1989","","","","","","Volume 6, Number 4","","Emmanuel Goldstein","","","","<p>The 1989 volume, which follows the arrest and prosecution of hackers on both sides of the Atlantic while continuing to document the network they worked in.</p><p class=""mt-6"">Spring opens with ""Hackers in Jail"" and runs ""The Wonders of UNIX,"" ""800 & 900 Exchanges"" and ""Payphones Explained."" Summer prints the first half of a guide to PRIMOS, ""Scanning For Calls,"" ""Tips on Trashing,"" ""A Sprint Story,"" ""Spanish Phones"" and ""A Summer Worm,"" with reviews of the <em>Pirate Radio Directory</em> and the revived <em>TAP</em>. Autumn covers the NYNEX strike, ""British Telecom's Guilty Conscience,"" ""The Death of COSMOS?,"" ""The Secrets of 4TEL,"" REMOBS, voice mail hacking and ""Punching Payphones."" Winter carries ""The AT&T Story,"" NYNEX central office data, the second half of the PRIMOS guide and instructions for building a silver box.</p><p class=""mt-6"">Autumn's report on the Galactic Hacker Party, held in Amsterdam that August, is the magazine's first coverage of a large European hacker gathering, a connection it kept through the Dutch camps of the following decades.</p>","https://www.2600.com","https://store.2600.com/products/winter-1989-1990","Magazines","Magazines, Hacking, Phone Phreaking, Computer Security, Surveillance","Periodical","","","Hudson Street Library, NYC","","false","/assets/images/magazines/2600/2600-6-4.jpg","","","English","","","","2026-09-05"
"100057","2600","","2600: The Hacker Quarterly","2600: The Hacker Quarterly, Spring 1990","2600 Enterprises, Inc.","1990","","","","","","Volume 7, Number 1","","Emmanuel Goldstein","","","","<p>The 1990 volume, published through the year of the E911 document prosecution and the founding of the Electronic Frontier Foundation.</p><p class=""mt-6"">Spring prints ""The 911 Document,"" the file at the centre of the government's case, next to ""How Blue Boxers Are Caught,"" ""Facts About MIZAR,"" a touch tone decoder project and a review of Clifford Stoll's <em>The Cuckoo's Egg</em>. Summer covers ""The Neidorf/Phrack Trial"" with an interview with Craig Neidorf and an explanation of the new Electronic Frontier Foundation, under the editorial ""A Bittersweet Victory."" Autumn turns to Caller ID, with ""Defeating Trap Tracing,"" ""The Definitive ANAC Guide,"" a credit card algorithm and an interview with the cryptographer Dorothy Denning. Winter runs ""A Political Hacking Scandal,"" ""The Hacker Reading List,"" more leaked documents and an anatomy of the 1-900-STOPPER service.</p><p class=""mt-6"">""Fun at the 2600 Meeting"" in the Spring issue is an early account of the monthly public meetings the magazine organises, a fixture of its back pages from this period onward.</p>","https://www.2600.com","https://store.2600.com/products/spring-1900","Magazines","Magazines, Hacking, Phone Phreaking, Computer Security, Surveillance","Periodical","","","Hudson Street Library, NYC","","false","/assets/images/magazines/2600/2600-7-1.jpg","","","English","","","","2026-09-05"
"100058","2600","","2600: The Hacker Quarterly","2600: The Hacker Quarterly, Summer 1990","2600 Enterprises, Inc.","1990","","","","","","Volume 7, Number 2","","Emmanuel Goldstein","","","","<p>The 1990 volume, published through the year of the E911 document prosecution and the founding of the Electronic Frontier Foundation.</p><p class=""mt-6"">Spring prints ""The 911 Document,"" the file at the centre of the government's case, next to ""How Blue Boxers Are Caught,"" ""Facts About MIZAR,"" a touch tone decoder project and a review of Clifford Stoll's <em>The Cuckoo's Egg</em>. Summer covers ""The Neidorf/Phrack Trial"" with an interview with Craig Neidorf and an explanation of the new Electronic Frontier Foundation, under the editorial ""A Bittersweet Victory."" Autumn turns to Caller ID, with ""Defeating Trap Tracing,"" ""The Definitive ANAC Guide,"" a credit card algorithm and an interview with the cryptographer Dorothy Denning. Winter runs ""A Political Hacking Scandal,"" ""The Hacker Reading List,"" more leaked documents and an anatomy of the 1-900-STOPPER service.</p><p class=""mt-6"">""Fun at the 2600 Meeting"" in the Spring issue is an early account of the monthly public meetings the magazine organises, a fixture of its back pages from this period onward.</p>","https://www.2600.com","https://store.2600.com/products/summer-1990","Magazines","Magazines, Hacking, Phone Phreaking, Computer Security, Surveillance","Periodical","","","Hudson Street Library, NYC","","false","/assets/images/magazines/2600/2600-7-2.jpg","","","English","","","","2026-09-05"
"100059","2600","","2600: The Hacker Quarterly","2600: The Hacker Quarterly, Autumn 1990","2600 Enterprises, Inc.","1990","","","","","","Volume 7, Number 3","","Emmanuel Goldstein","","","","<p>The 1990 volume, published through the year of the E911 document prosecution and the founding of the Electronic Frontier Foundation.</p><p class=""mt-6"">Spring prints ""The 911 Document,"" the file at the centre of the government's case, next to ""How Blue Boxers Are Caught,"" ""Facts About MIZAR,"" a touch tone decoder project and a review of Clifford Stoll's <em>The Cuckoo's Egg</em>. Summer covers ""The Neidorf/Phrack Trial"" with an interview with Craig Neidorf and an explanation of the new Electronic Frontier Foundation, under the editorial ""A Bittersweet Victory."" Autumn turns to Caller ID, with ""Defeating Trap Tracing,"" ""The Definitive ANAC Guide,"" a credit card algorithm and an interview with the cryptographer Dorothy Denning. Winter runs ""A Political Hacking Scandal,"" ""The Hacker Reading List,"" more leaked documents and an anatomy of the 1-900-STOPPER service.</p><p class=""mt-6"">""Fun at the 2600 Meeting"" in the Spring issue is an early account of the monthly public meetings the magazine organises, a fixture of its back pages from this period onward.</p>","https://www.2600.com","https://store.2600.com/products/autumn-1990","Magazines","Magazines, Hacking, Phone Phreaking, Computer Security, Surveillance","Periodical","","","Hudson Street Library, NYC","","false","/assets/images/magazines/2600/2600-7-3.jpg","","","English","","","","2026-09-05"
"100060","2600","","2600: The Hacker Quarterly","2600: The Hacker Quarterly, Winter 1990-1991","2600 Enterprises, Inc.","1990","","","","","","Volume 7, Number 4","","Emmanuel Goldstein","","","","<p>The 1990 volume, published through the year of the E911 document prosecution and the founding of the Electronic Frontier Foundation.</p><p class=""mt-6"">Spring prints ""The 911 Document,"" the file at the centre of the government's case, next to ""How Blue Boxers Are Caught,"" ""Facts About MIZAR,"" a touch tone decoder project and a review of Clifford Stoll's <em>The Cuckoo's Egg</em>. Summer covers ""The Neidorf/Phrack Trial"" with an interview with Craig Neidorf and an explanation of the new Electronic Frontier Foundation, under the editorial ""A Bittersweet Victory."" Autumn turns to Caller ID, with ""Defeating Trap Tracing,"" ""The Definitive ANAC Guide,"" a credit card algorithm and an interview with the cryptographer Dorothy Denning. Winter runs ""A Political Hacking Scandal,"" ""The Hacker Reading List,"" more leaked documents and an anatomy of the 1-900-STOPPER service.</p><p class=""mt-6"">""Fun at the 2600 Meeting"" in the Spring issue is an early account of the monthly public meetings the magazine organises, a fixture of its back pages from this period onward.</p>","https://www.2600.com","https://store.2600.com/products/winter-1990-1991","Magazines","Magazines, Hacking, Phone Phreaking, Computer Security, Surveillance","Periodical","","","Hudson Street Library, NYC","","false","/assets/images/magazines/2600/2600-7-4.jpg","","","English","","","","2026-09-05"
"100061","2600","","2600: The Hacker Quarterly","2600: The Hacker Quarterly, Spring 1991","2600 Enterprises, Inc.","1991","","","","","","Volume 8, Number 1","","Emmanuel Goldstein","","","","<p>The 1991 volume, whose Autumn issue printed ""Simplex Locks: Illusion of Security,"" the article that put a mechanical lock among the magazine's cover subjects and drew replies for the next twenty years.</p><p class=""mt-6"">Spring reports the sentencing of Len Rose in ""The Terminus of Len Rose,"" with an Atari virus, a Soviet BBS list, a UNIX password hacker, internet outdials and ""The New LEC Order."" Summer asks ""Where Have All The Hackers Gone?"" and covers magnetic stripes, MCIMAX, a tone tracer project, ""More on the CLASS Struggle"" and a review of Katie Hafner and John Markoff's <em>Cyberpunk</em>. Autumn adds ""Dutch Hacker Intrusion,"" ""Protecting Your SSN,"" ""Postal Hacking,"" ""Psychology in the Hacker World"" and useful UNIX programs. Winter runs the crypt() source, class features, a COCOT column, mobile frequencies, ""Gulf War Printer Virus,"" ""Major Telco Privacy Hole"" and ""Human Database Centers.""</p><p class=""mt-6"">The Simplex piece produced a Simplex and USPS update in the same volume and a full sequel two decades later, ""Simplex Locks: Illusion of Security, Version 2.0,"" in the Winter 2011 issue.</p>","https://www.2600.com","https://store.2600.com/products/spring-1991","Magazines","Magazines, Hacking, Phone Phreaking, Computer Security, Surveillance","Periodical","","","Hudson Street Library, NYC","","false","/assets/images/magazines/2600/2600-8-1.jpg","","","English","","","","2026-09-05"
"100062","2600","","2600: The Hacker Quarterly","2600: The Hacker Quarterly, Summer 1991","2600 Enterprises, Inc.","1991","","","","","","Volume 8, Number 2","","Emmanuel Goldstein","","","","<p>The 1991 volume, whose Autumn issue printed ""Simplex Locks: Illusion of Security,"" the article that put a mechanical lock among the magazine's cover subjects and drew replies for the next twenty years.</p><p class=""mt-6"">Spring reports the sentencing of Len Rose in ""The Terminus of Len Rose,"" with an Atari virus, a Soviet BBS list, a UNIX password hacker, internet outdials and ""The New LEC Order."" Summer asks ""Where Have All The Hackers Gone?"" and covers magnetic stripes, MCIMAX, a tone tracer project, ""More on the CLASS Struggle"" and a review of Katie Hafner and John Markoff's <em>Cyberpunk</em>. Autumn adds ""Dutch Hacker Intrusion,"" ""Protecting Your SSN,"" ""Postal Hacking,"" ""Psychology in the Hacker World"" and useful UNIX programs. Winter runs the crypt() source, class features, a COCOT column, mobile frequencies, ""Gulf War Printer Virus,"" ""Major Telco Privacy Hole"" and ""Human Database Centers.""</p><p class=""mt-6"">The Simplex piece produced a Simplex and USPS update in the same volume and a full sequel two decades later, ""Simplex Locks: Illusion of Security, Version 2.0,"" in the Winter 2011 issue.</p>","https://www.2600.com","https://store.2600.com/products/summer-1991","Magazines","Magazines, Hacking, Phone Phreaking, Computer Security, Surveillance","Periodical","","","Hudson Street Library, NYC","","false","/assets/images/magazines/2600/2600-8-2.jpg","","","English","","","","2026-09-05"
"100063","2600","","2600: The Hacker Quarterly","2600: The Hacker Quarterly, Autumn 1991","2600 Enterprises, Inc.","1991","","","","","","Volume 8, Number 3","","Emmanuel Goldstein","","","","<p>The 1991 volume, whose Autumn issue printed ""Simplex Locks: Illusion of Security,"" the article that put a mechanical lock among the magazine's cover subjects and drew replies for the next twenty years.</p><p class=""mt-6"">Spring reports the sentencing of Len Rose in ""The Terminus of Len Rose,"" with an Atari virus, a Soviet BBS list, a UNIX password hacker, internet outdials and ""The New LEC Order."" Summer asks ""Where Have All The Hackers Gone?"" and covers magnetic stripes, MCIMAX, a tone tracer project, ""More on the CLASS Struggle"" and a review of Katie Hafner and John Markoff's <em>Cyberpunk</em>. Autumn adds ""Dutch Hacker Intrusion,"" ""Protecting Your SSN,"" ""Postal Hacking,"" ""Psychology in the Hacker World"" and useful UNIX programs. Winter runs the crypt() source, class features, a COCOT column, mobile frequencies, ""Gulf War Printer Virus,"" ""Major Telco Privacy Hole"" and ""Human Database Centers.""</p><p class=""mt-6"">The Simplex piece produced a Simplex and USPS update in the same volume and a full sequel two decades later, ""Simplex Locks: Illusion of Security, Version 2.0,"" in the Winter 2011 issue.</p>","https://www.2600.com","https://store.2600.com/products/autumn-1991","Magazines","Magazines, Hacking, Phone Phreaking, Computer Security, Surveillance","Periodical","","","Hudson Street Library, NYC","","false","/assets/images/magazines/2600/2600-8-3.jpg","","","English","","","","2026-09-05"
"100064","2600","","2600: The Hacker Quarterly","2600: The Hacker Quarterly, Winter 1991-1992","2600 Enterprises, Inc.","1991","","","","","","Volume 8, Number 4","","Emmanuel Goldstein","","","","<p>The 1991 volume, whose Autumn issue printed ""Simplex Locks: Illusion of Security,"" the article that put a mechanical lock among the magazine's cover subjects and drew replies for the next twenty years.</p><p class=""mt-6"">Spring reports the sentencing of Len Rose in ""The Terminus of Len Rose,"" with an Atari virus, a Soviet BBS list, a UNIX password hacker, internet outdials and ""The New LEC Order."" Summer asks ""Where Have All The Hackers Gone?"" and covers magnetic stripes, MCIMAX, a tone tracer project, ""More on the CLASS Struggle"" and a review of Katie Hafner and John Markoff's <em>Cyberpunk</em>. Autumn adds ""Dutch Hacker Intrusion,"" ""Protecting Your SSN,"" ""Postal Hacking,"" ""Psychology in the Hacker World"" and useful UNIX programs. Winter runs the crypt() source, class features, a COCOT column, mobile frequencies, ""Gulf War Printer Virus,"" ""Major Telco Privacy Hole"" and ""Human Database Centers.""</p><p class=""mt-6"">The Simplex piece produced a Simplex and USPS update in the same volume and a full sequel two decades later, ""Simplex Locks: Illusion of Security, Version 2.0,"" in the Winter 2011 issue.</p>","https://www.2600.com","https://store.2600.com/products/winter-1991-1992","Magazines","Magazines, Hacking, Phone Phreaking, Computer Security, Surveillance","Periodical","","","Hudson Street Library, NYC","","false","/assets/images/magazines/2600/2600-8-4.jpg","","","English","","","","2026-09-05"
"100065","2600","","2600: The Hacker Quarterly","2600: The Hacker Quarterly, Spring 1992","2600 Enterprises, Inc.","1992","","","","","","Volume 9, Number 1","","Emmanuel Goldstein","","","","<p>The 1992 volume, in which viruses take up as much space as the telephone network and the magazine reviews both <em>Sneakers</em> and Bruce Sterling's <em>The Hacker Crackdown</em>.</p><p class=""mt-6"">Spring prints an MS-DOS virus, a batch virus, ""Virus Scanners Revealed,"" ""Hacking WWIV,"" ""How To Take Apart a Payphone,"" ""The Australian Phone System,"" ""Catching Peepers"" and a review of Steve Jackson's <em>Hacker</em> card game. Summer covers portable hacking, a hitchhiker's guide to boxing, a demon dialer review, ""Defeating *69,"" ""The View of a Fed"" and voice mail hacking. Autumn adds ""Hacking AmiExpress,"" ""Defeating Callback Verification,"" a shopper's guide to COCOTs, a simple C virus and ""Toll Fraud."" Winter runs ""Hackers in a World of Malls,"" ""Cipher Fun,"" a beginner's guide to Minitel, vehicle identification numbers, a list of Secret Service sites and a letter from prison.</p><p class=""mt-6"">Steve Jackson Games had been raided by the Secret Service two years earlier, which is why a card game gets a technical review here. The Autumn review of <em>The Hacker Crackdown</em> covers the book written about that raid and the prosecutions around it.</p>","https://www.2600.com","https://store.2600.com/products/spring-1992","Magazines","Magazines, Hacking, Phone Phreaking, Computer Security, Surveillance","Periodical","","","Hudson Street Library, NYC","","false","/assets/images/magazines/2600/2600-9-1.jpg","","","English","","","","2026-09-05"
"100066","2600","","2600: The Hacker Quarterly","2600: The Hacker Quarterly, Summer 1992","2600 Enterprises, Inc.","1992","","","","","","Volume 9, Number 2","","Emmanuel Goldstein","","","","<p>The 1992 volume, in which viruses take up as much space as the telephone network and the magazine reviews both <em>Sneakers</em> and Bruce Sterling's <em>The Hacker Crackdown</em>.</p><p class=""mt-6"">Spring prints an MS-DOS virus, a batch virus, ""Virus Scanners Revealed,"" ""Hacking WWIV,"" ""How To Take Apart a Payphone,"" ""The Australian Phone System,"" ""Catching Peepers"" and a review of Steve Jackson's <em>Hacker</em> card game. Summer covers portable hacking, a hitchhiker's guide to boxing, a demon dialer review, ""Defeating *69,"" ""The View of a Fed"" and voice mail hacking. Autumn adds ""Hacking AmiExpress,"" ""Defeating Callback Verification,"" a shopper's guide to COCOTs, a simple C virus and ""Toll Fraud."" Winter runs ""Hackers in a World of Malls,"" ""Cipher Fun,"" a beginner's guide to Minitel, vehicle identification numbers, a list of Secret Service sites and a letter from prison.</p><p class=""mt-6"">Steve Jackson Games had been raided by the Secret Service two years earlier, which is why a card game gets a technical review here. The Autumn review of <em>The Hacker Crackdown</em> covers the book written about that raid and the prosecutions around it.</p>","https://www.2600.com","https://store.2600.com/products/summer-1992","Magazines","Magazines, Hacking, Phone Phreaking, Computer Security, Surveillance","Periodical","","","Hudson Street Library, NYC","","false","/assets/images/magazines/2600/2600-9-2.jpg","","","English","","","","2026-09-05"
"100067","2600","","2600: The Hacker Quarterly","2600: The Hacker Quarterly, Autumn 1992","2600 Enterprises, Inc.","1992","","","","","","Volume 9, Number 3","","Emmanuel Goldstein","","","","<p>The 1992 volume, in which viruses take up as much space as the telephone network and the magazine reviews both <em>Sneakers</em> and Bruce Sterling's <em>The Hacker Crackdown</em>.</p><p class=""mt-6"">Spring prints an MS-DOS virus, a batch virus, ""Virus Scanners Revealed,"" ""Hacking WWIV,"" ""How To Take Apart a Payphone,"" ""The Australian Phone System,"" ""Catching Peepers"" and a review of Steve Jackson's <em>Hacker</em> card game. Summer covers portable hacking, a hitchhiker's guide to boxing, a demon dialer review, ""Defeating *69,"" ""The View of a Fed"" and voice mail hacking. Autumn adds ""Hacking AmiExpress,"" ""Defeating Callback Verification,"" a shopper's guide to COCOTs, a simple C virus and ""Toll Fraud."" Winter runs ""Hackers in a World of Malls,"" ""Cipher Fun,"" a beginner's guide to Minitel, vehicle identification numbers, a list of Secret Service sites and a letter from prison.</p><p class=""mt-6"">Steve Jackson Games had been raided by the Secret Service two years earlier, which is why a card game gets a technical review here. The Autumn review of <em>The Hacker Crackdown</em> covers the book written about that raid and the prosecutions around it.</p>","https://www.2600.com","https://store.2600.com/products/autumn-1992","Magazines","Magazines, Hacking, Phone Phreaking, Computer Security, Surveillance","Periodical","","","Hudson Street Library, NYC","","false","/assets/images/magazines/2600/2600-9-3.jpg","","","English","","","","2026-09-05"
"100068","2600","","2600: The Hacker Quarterly","2600: The Hacker Quarterly, Winter 1992-1993","2600 Enterprises, Inc.","1992","","","","","","Volume 9, Number 4","","Emmanuel Goldstein","","","","<p>The 1992 volume, in which viruses take up as much space as the telephone network and the magazine reviews both <em>Sneakers</em> and Bruce Sterling's <em>The Hacker Crackdown</em>.</p><p class=""mt-6"">Spring prints an MS-DOS virus, a batch virus, ""Virus Scanners Revealed,"" ""Hacking WWIV,"" ""How To Take Apart a Payphone,"" ""The Australian Phone System,"" ""Catching Peepers"" and a review of Steve Jackson's <em>Hacker</em> card game. Summer covers portable hacking, a hitchhiker's guide to boxing, a demon dialer review, ""Defeating *69,"" ""The View of a Fed"" and voice mail hacking. Autumn adds ""Hacking AmiExpress,"" ""Defeating Callback Verification,"" a shopper's guide to COCOTs, a simple C virus and ""Toll Fraud."" Winter runs ""Hackers in a World of Malls,"" ""Cipher Fun,"" a beginner's guide to Minitel, vehicle identification numbers, a list of Secret Service sites and a letter from prison.</p><p class=""mt-6"">Steve Jackson Games had been raided by the Secret Service two years earlier, which is why a card game gets a technical review here. The Autumn review of <em>The Hacker Crackdown</em> covers the book written about that raid and the prosecutions around it.</p>","https://www.2600.com","https://store.2600.com/products/winter-1992-1993","Magazines","Magazines, Hacking, Phone Phreaking, Computer Security, Surveillance","Periodical","","","Hudson Street Library, NYC","","false","/assets/images/magazines/2600/2600-9-4.jpg","","","English","","","","2026-09-05"
"100069","2600","","2600: The Hacker Quarterly","2600: The Hacker Quarterly, Spring 1993","2600 Enterprises, Inc.","1993","","","","","","Volume 10, Number 1","","Emmanuel Goldstein","","","","<p>The 1993 volume, published while the Secret Service was on trial over the Steve Jackson Games raid and the magazine's attention was moving to cellular telephony and cable.</p><p class=""mt-6"">Spring runs ""Cellular Magic,"" ""Trouble in the White House,"" beige box construction, ""Descrambling Cable,"" ""Secret Service on Trial,"" ""A Study of Hackers"" and ""Getting Your File."" Summer prints a guide to the 5ESS switch, ""British Credit Holes,"" ""High School Hacking,"" a DTMF decoder review, meeting advice and a toll fraud device. Autumn covers the Hacking at the End of the Universe camp, ""The Wheel Cipher,"" Caller ID technicalities, ""Hacking Honesty Tests,"" password cracking software, ""Changing Your Grades,"" an overview of DSS1 and a review of <em>Approaching Zero</em>. Winter adds ""Hackers in Jail, Part Two,"" ""Cellular Phone Biopsy,"" ""Elementary Switching,"" ""Hacking Smartphone,"" NYNEX voice mail and digital locks.</p><p class=""mt-6"">Hacking at the End of the Universe, held on a Dutch campsite that August, is the second of the outdoor European gatherings the magazine covered, after the Galactic Hacker Party of 1989.</p>","https://www.2600.com","https://store.2600.com/products/spring-1993","Magazines","Magazines, Hacking, Phone Phreaking, Computer Security, Surveillance","Periodical","","","Hudson Street Library, NYC","","false","/assets/images/magazines/2600/2600-10-1.jpg","","","English","","","","2026-09-05"
"100070","2600","","2600: The Hacker Quarterly","2600: The Hacker Quarterly, Summer 1993","2600 Enterprises, Inc.","1993","","","","","","Volume 10, Number 2","","Emmanuel Goldstein","","","","<p>The 1993 volume, published while the Secret Service was on trial over the Steve Jackson Games raid and the magazine's attention was moving to cellular telephony and cable.</p><p class=""mt-6"">Spring runs ""Cellular Magic,"" ""Trouble in the White House,"" beige box construction, ""Descrambling Cable,"" ""Secret Service on Trial,"" ""A Study of Hackers"" and ""Getting Your File."" Summer prints a guide to the 5ESS switch, ""British Credit Holes,"" ""High School Hacking,"" a DTMF decoder review, meeting advice and a toll fraud device. Autumn covers the Hacking at the End of the Universe camp, ""The Wheel Cipher,"" Caller ID technicalities, ""Hacking Honesty Tests,"" password cracking software, ""Changing Your Grades,"" an overview of DSS1 and a review of <em>Approaching Zero</em>. Winter adds ""Hackers in Jail, Part Two,"" ""Cellular Phone Biopsy,"" ""Elementary Switching,"" ""Hacking Smartphone,"" NYNEX voice mail and digital locks.</p><p class=""mt-6"">Hacking at the End of the Universe, held on a Dutch campsite that August, is the second of the outdoor European gatherings the magazine covered, after the Galactic Hacker Party of 1989.</p>","https://www.2600.com","https://store.2600.com/products/summer-1993","Magazines","Magazines, Hacking, Phone Phreaking, Computer Security, Surveillance","Periodical","","","Hudson Street Library, NYC","","false","/assets/images/magazines/2600/2600-10-2.jpg","","","English","","","","2026-09-05"
"100071","2600","","2600: The Hacker Quarterly","2600: The Hacker Quarterly, Autumn 1993","2600 Enterprises, Inc.","1993","","","","","","Volume 10, Number 3","","Emmanuel Goldstein","","","","<p>The 1993 volume, published while the Secret Service was on trial over the Steve Jackson Games raid and the magazine's attention was moving to cellular telephony and cable.</p><p class=""mt-6"">Spring runs ""Cellular Magic,"" ""Trouble in the White House,"" beige box construction, ""Descrambling Cable,"" ""Secret Service on Trial,"" ""A Study of Hackers"" and ""Getting Your File."" Summer prints a guide to the 5ESS switch, ""British Credit Holes,"" ""High School Hacking,"" a DTMF decoder review, meeting advice and a toll fraud device. Autumn covers the Hacking at the End of the Universe camp, ""The Wheel Cipher,"" Caller ID technicalities, ""Hacking Honesty Tests,"" password cracking software, ""Changing Your Grades,"" an overview of DSS1 and a review of <em>Approaching Zero</em>. Winter adds ""Hackers in Jail, Part Two,"" ""Cellular Phone Biopsy,"" ""Elementary Switching,"" ""Hacking Smartphone,"" NYNEX voice mail and digital locks.</p><p class=""mt-6"">Hacking at the End of the Universe, held on a Dutch campsite that August, is the second of the outdoor European gatherings the magazine covered, after the Galactic Hacker Party of 1989.</p>","https://www.2600.com","https://store.2600.com/products/autumn-1993","Magazines","Magazines, Hacking, Phone Phreaking, Computer Security, Surveillance","Periodical","","","Hudson Street Library, NYC","","false","/assets/images/magazines/2600/2600-10-3.jpg","","","English","","","","2026-09-05"
"100072","2600","","2600: The Hacker Quarterly","2600: The Hacker Quarterly, Winter 1993-1994","2600 Enterprises, Inc.","1993","","","","","","Volume 10, Number 4","","Emmanuel Goldstein","","","","<p>The 1993 volume, published while the Secret Service was on trial over the Steve Jackson Games raid and the magazine's attention was moving to cellular telephony and cable.</p><p class=""mt-6"">Spring runs ""Cellular Magic,"" ""Trouble in the White House,"" beige box construction, ""Descrambling Cable,"" ""Secret Service on Trial,"" ""A Study of Hackers"" and ""Getting Your File."" Summer prints a guide to the 5ESS switch, ""British Credit Holes,"" ""High School Hacking,"" a DTMF decoder review, meeting advice and a toll fraud device. Autumn covers the Hacking at the End of the Universe camp, ""The Wheel Cipher,"" Caller ID technicalities, ""Hacking Honesty Tests,"" password cracking software, ""Changing Your Grades,"" an overview of DSS1 and a review of <em>Approaching Zero</em>. Winter adds ""Hackers in Jail, Part Two,"" ""Cellular Phone Biopsy,"" ""Elementary Switching,"" ""Hacking Smartphone,"" NYNEX voice mail and digital locks.</p><p class=""mt-6"">Hacking at the End of the Universe, held on a Dutch campsite that August, is the second of the outdoor European gatherings the magazine covered, after the Galactic Hacker Party of 1989.</p>","https://www.2600.com","https://store.2600.com/products/winter-1993-1994","Magazines","Magazines, Hacking, Phone Phreaking, Computer Security, Surveillance","Periodical","","","Hudson Street Library, NYC","","false","/assets/images/magazines/2600/2600-10-4.jpg","","","English","","","","2026-09-05"
"100073","2600","","2600: The Hacker Quarterly","2600: The Hacker Quarterly, Spring 1994","2600 Enterprises, Inc.","1994","","","","","","Volume 11, Number 1","","Emmanuel Goldstein","","","","<p>The 1994 volume, whose Summer issue reports the first Hackers On Planet Earth conference, the New York gathering 2600 organised that August and has run at intervals ever since.</p><p class=""mt-6"">Spring opens with ""Crime Waves"" and prints a DTMF decoder, NYNEX cards, ""Hacking Health,"" ""Software Piracy,"" facts on the Freedom of Information Act, blue boxing on CCITT System 5, ""The Chrome Box"" and reviews of <em>Secrets of a Super Hacker</em> and a UNIX security title. Summer covers HOPE itself along with ""Life Under GTD5,"" ""The Joys of Voice Mail,"" ""Finger Follies,"" ""Hacking Prodigy,"" keystroke monitoring and ""Detecting Corporate Leaks."" Autumn runs ""Opening Doors,"" ""Monitoring U.S. Mail,"" ""Irish Telephones,"" ""Hacking Netcash,"" ""Generating an ESN,"" ""The Ten Dollar Red Box"" and ""Breaking Windows."" Winter reports the passage of the Digital Telephony bill and adds ""Bypassing Protec,"" ""The Risks of War Dialing,"" cellular hardware and ""Janitor Privileges.""</p><p class=""mt-6"">The <em>Secrets of a Super Hacker</em> reviewed in the Spring issue is the Loompanics manual published under the name The Knightmare, a copy of which is shelved in this wing.</p>","https://www.2600.com","https://store.2600.com/products/spring-1994","Magazines","Magazines, Hacking, Phone Phreaking, Computer Security, Surveillance","Periodical","","","Hudson Street Library, NYC","","false","/assets/images/magazines/2600/2600-11-1.jpg","","","English","","","","2026-09-05"
"100074","2600","","2600: The Hacker Quarterly","2600: The Hacker Quarterly, Summer 1994","2600 Enterprises, Inc.","1994","","","","","","Volume 11, Number 2","","Emmanuel Goldstein","","","","<p>The 1994 volume, whose Summer issue reports the first Hackers On Planet Earth conference, the New York gathering 2600 organised that August and has run at intervals ever since.</p><p class=""mt-6"">Spring opens with ""Crime Waves"" and prints a DTMF decoder, NYNEX cards, ""Hacking Health,"" ""Software Piracy,"" facts on the Freedom of Information Act, blue boxing on CCITT System 5, ""The Chrome Box"" and reviews of <em>Secrets of a Super Hacker</em> and a UNIX security title. Summer covers HOPE itself along with ""Life Under GTD5,"" ""The Joys of Voice Mail,"" ""Finger Follies,"" ""Hacking Prodigy,"" keystroke monitoring and ""Detecting Corporate Leaks."" Autumn runs ""Opening Doors,"" ""Monitoring U.S. Mail,"" ""Irish Telephones,"" ""Hacking Netcash,"" ""Generating an ESN,"" ""The Ten Dollar Red Box"" and ""Breaking Windows."" Winter reports the passage of the Digital Telephony bill and adds ""Bypassing Protec,"" ""The Risks of War Dialing,"" cellular hardware and ""Janitor Privileges.""</p><p class=""mt-6"">The <em>Secrets of a Super Hacker</em> reviewed in the Spring issue is the Loompanics manual published under the name The Knightmare, a copy of which is shelved in this wing.</p>","https://www.2600.com","https://store.2600.com/products/summer-1994","Magazines","Magazines, Hacking, Phone Phreaking, Computer Security, Surveillance","Periodical","","","Hudson Street Library, NYC","","false","/assets/images/magazines/2600/2600-11-2.jpg","","","English","","","","2026-09-05"
"100075","2600","","2600: The Hacker Quarterly","2600: The Hacker Quarterly, Autumn 1994","2600 Enterprises, Inc.","1994","","","","","","Volume 11, Number 3","","Emmanuel Goldstein","","","","<p>The 1994 volume, whose Summer issue reports the first Hackers On Planet Earth conference, the New York gathering 2600 organised that August and has run at intervals ever since.</p><p class=""mt-6"">Spring opens with ""Crime Waves"" and prints a DTMF decoder, NYNEX cards, ""Hacking Health,"" ""Software Piracy,"" facts on the Freedom of Information Act, blue boxing on CCITT System 5, ""The Chrome Box"" and reviews of <em>Secrets of a Super Hacker</em> and a UNIX security title. Summer covers HOPE itself along with ""Life Under GTD5,"" ""The Joys of Voice Mail,"" ""Finger Follies,"" ""Hacking Prodigy,"" keystroke monitoring and ""Detecting Corporate Leaks."" Autumn runs ""Opening Doors,"" ""Monitoring U.S. Mail,"" ""Irish Telephones,"" ""Hacking Netcash,"" ""Generating an ESN,"" ""The Ten Dollar Red Box"" and ""Breaking Windows."" Winter reports the passage of the Digital Telephony bill and adds ""Bypassing Protec,"" ""The Risks of War Dialing,"" cellular hardware and ""Janitor Privileges.""</p><p class=""mt-6"">The <em>Secrets of a Super Hacker</em> reviewed in the Spring issue is the Loompanics manual published under the name The Knightmare, a copy of which is shelved in this wing.</p>","https://www.2600.com","https://store.2600.com/products/autumn-1994","Magazines","Magazines, Hacking, Phone Phreaking, Computer Security, Surveillance","Periodical","","","Hudson Street Library, NYC","","false","/assets/images/magazines/2600/2600-11-3.jpg","","","English","","","","2026-09-05"
"100076","2600","","2600: The Hacker Quarterly","2600: The Hacker Quarterly, Winter 1994-1995","2600 Enterprises, Inc.","1994","","","","","","Volume 11, Number 4","","Emmanuel Goldstein","","","","<p>The 1994 volume, whose Summer issue reports the first Hackers On Planet Earth conference, the New York gathering 2600 organised that August and has run at intervals ever since.</p><p class=""mt-6"">Spring opens with ""Crime Waves"" and prints a DTMF decoder, NYNEX cards, ""Hacking Health,"" ""Software Piracy,"" facts on the Freedom of Information Act, blue boxing on CCITT System 5, ""The Chrome Box"" and reviews of <em>Secrets of a Super Hacker</em> and a UNIX security title. Summer covers HOPE itself along with ""Life Under GTD5,"" ""The Joys of Voice Mail,"" ""Finger Follies,"" ""Hacking Prodigy,"" keystroke monitoring and ""Detecting Corporate Leaks."" Autumn runs ""Opening Doors,"" ""Monitoring U.S. Mail,"" ""Irish Telephones,"" ""Hacking Netcash,"" ""Generating an ESN,"" ""The Ten Dollar Red Box"" and ""Breaking Windows."" Winter reports the passage of the Digital Telephony bill and adds ""Bypassing Protec,"" ""The Risks of War Dialing,"" cellular hardware and ""Janitor Privileges.""</p><p class=""mt-6"">The <em>Secrets of a Super Hacker</em> reviewed in the Spring issue is the Loompanics manual published under the name The Knightmare, a copy of which is shelved in this wing.</p>","https://www.2600.com","https://store.2600.com/products/winter-1994-1995","Magazines","Magazines, Hacking, Phone Phreaking, Computer Security, Surveillance","Periodical","","","Hudson Street Library, NYC","","false","/assets/images/magazines/2600/2600-11-4.jpg","","","English","","","","2026-09-05"
"100077","2600","","2600: The Hacker Quarterly","2600: The Hacker Quarterly, Spring 1995","2600 Enterprises, Inc.","1995","","","","","","Volume 12, Number 1","","Emmanuel Goldstein","","","","<p>The 1995 volume, dominated by two arrests: Kevin Mitnick in February and Ed Cummings, known to readers as Bernie S., a month later.</p><p class=""mt-6"">Spring leads with ""The World vs. Kevin Mitnick"" and runs ""The Gold Card,"" ATM camera security, cellular interception techniques, ""Hacking in Brazil,"" a 500 exchange guide and a review of <em>Masters of Deception</em>. Summer opens ""The Bernie S. Saga"" and adds new antiviral technologies, ""The Gender Snooper,"" ATM tricks, ""Hacking AS/400,"" war dialing and a second piece on cable denial. Autumn prints ""No More Secrets,"" stealth trojans, ""Military Madness,"" Macintosh key capturing, a COCOT resource guide, the mutation engine demystified, an ISDN overview and reviews of the films <em>The Net</em> and <em>Hackers</em>. Winter covers ""What Happens on the AT&T Side,"" ""A Spoofing Odyssey,"" ""Infiltrating Disney,"" Ethernet sniffing, Verifone machines and the books <em>The Fugitive Game</em> and <em>Takedown</em>.</p><p class=""mt-6"">Both arrests became long campaigns in the magazine, and coverage of them continued in every volume for the rest of the decade.</p>","https://www.2600.com","https://store.2600.com/products/spring-1995","Magazines","Magazines, Hacking, Phone Phreaking, Computer Security, Surveillance","Periodical","","","Hudson Street Library, NYC","","false","/assets/images/magazines/2600/2600-12-1.jpg","","","English","","","","2026-09-05"
"100078","2600","","2600: The Hacker Quarterly","2600: The Hacker Quarterly, Summer 1995","2600 Enterprises, Inc.","1995","","","","","","Volume 12, Number 2","","Emmanuel Goldstein","","","","<p>The 1995 volume, dominated by two arrests: Kevin Mitnick in February and Ed Cummings, known to readers as Bernie S., a month later.</p><p class=""mt-6"">Spring leads with ""The World vs. Kevin Mitnick"" and runs ""The Gold Card,"" ATM camera security, cellular interception techniques, ""Hacking in Brazil,"" a 500 exchange guide and a review of <em>Masters of Deception</em>. Summer opens ""The Bernie S. Saga"" and adds new antiviral technologies, ""The Gender Snooper,"" ATM tricks, ""Hacking AS/400,"" war dialing and a second piece on cable denial. Autumn prints ""No More Secrets,"" stealth trojans, ""Military Madness,"" Macintosh key capturing, a COCOT resource guide, the mutation engine demystified, an ISDN overview and reviews of the films <em>The Net</em> and <em>Hackers</em>. Winter covers ""What Happens on the AT&T Side,"" ""A Spoofing Odyssey,"" ""Infiltrating Disney,"" Ethernet sniffing, Verifone machines and the books <em>The Fugitive Game</em> and <em>Takedown</em>.</p><p class=""mt-6"">Both arrests became long campaigns in the magazine, and coverage of them continued in every volume for the rest of the decade.</p>","https://www.2600.com","https://store.2600.com/products/summer-1995","Magazines","Magazines, Hacking, Phone Phreaking, Computer Security, Surveillance","Periodical","","","Hudson Street Library, NYC","","false","/assets/images/magazines/2600/2600-12-2.jpg","","","English","","","","2026-09-05"
"100079","2600","","2600: The Hacker Quarterly","2600: The Hacker Quarterly, Autumn 1995","2600 Enterprises, Inc.","1995","","","","","","Volume 12, Number 3","","Emmanuel Goldstein","","","","<p>The 1995 volume, dominated by two arrests: Kevin Mitnick in February and Ed Cummings, known to readers as Bernie S., a month later.</p><p class=""mt-6"">Spring leads with ""The World vs. Kevin Mitnick"" and runs ""The Gold Card,"" ATM camera security, cellular interception techniques, ""Hacking in Brazil,"" a 500 exchange guide and a review of <em>Masters of Deception</em>. Summer opens ""The Bernie S. Saga"" and adds new antiviral technologies, ""The Gender Snooper,"" ATM tricks, ""Hacking AS/400,"" war dialing and a second piece on cable denial. Autumn prints ""No More Secrets,"" stealth trojans, ""Military Madness,"" Macintosh key capturing, a COCOT resource guide, the mutation engine demystified, an ISDN overview and reviews of the films <em>The Net</em> and <em>Hackers</em>. Winter covers ""What Happens on the AT&T Side,"" ""A Spoofing Odyssey,"" ""Infiltrating Disney,"" Ethernet sniffing, Verifone machines and the books <em>The Fugitive Game</em> and <em>Takedown</em>.</p><p class=""mt-6"">Both arrests became long campaigns in the magazine, and coverage of them continued in every volume for the rest of the decade.</p>","https://www.2600.com","https://store.2600.com/products/autumn-1995","Magazines","Magazines, Hacking, Phone Phreaking, Computer Security, Surveillance","Periodical","","","Hudson Street Library, NYC","","false","/assets/images/magazines/2600/2600-12-3.jpg","","","English","","","","2026-09-05"
"100080","2600","","2600: The Hacker Quarterly","2600: The Hacker Quarterly, Winter 1995-1996","2600 Enterprises, Inc.","1995","","","","","","Volume 12, Number 4","","Emmanuel Goldstein","","","","<p>The 1995 volume, dominated by two arrests: Kevin Mitnick in February and Ed Cummings, known to readers as Bernie S., a month later.</p><p class=""mt-6"">Spring leads with ""The World vs. Kevin Mitnick"" and runs ""The Gold Card,"" ATM camera security, cellular interception techniques, ""Hacking in Brazil,"" a 500 exchange guide and a review of <em>Masters of Deception</em>. Summer opens ""The Bernie S. Saga"" and adds new antiviral technologies, ""The Gender Snooper,"" ATM tricks, ""Hacking AS/400,"" war dialing and a second piece on cable denial. Autumn prints ""No More Secrets,"" stealth trojans, ""Military Madness,"" Macintosh key capturing, a COCOT resource guide, the mutation engine demystified, an ISDN overview and reviews of the films <em>The Net</em> and <em>Hackers</em>. Winter covers ""What Happens on the AT&T Side,"" ""A Spoofing Odyssey,"" ""Infiltrating Disney,"" Ethernet sniffing, Verifone machines and the books <em>The Fugitive Game</em> and <em>Takedown</em>.</p><p class=""mt-6"">Both arrests became long campaigns in the magazine, and coverage of them continued in every volume for the rest of the decade.</p>","https://www.2600.com","https://store.2600.com/products/winter-1995-1996","Magazines","Magazines, Hacking, Phone Phreaking, Computer Security, Surveillance","Periodical","","","Hudson Street Library, NYC","","false","/assets/images/magazines/2600/2600-12-4.jpg","","","English","","","","2026-09-05"
"100081","2600","","2600: The Hacker Quarterly","2600: The Hacker Quarterly, Spring 1996","2600 Enterprises, Inc.","1996","","","","","","Volume 13, Number 1","","Emmanuel Goldstein","","","","<p>The 1996 volume, the year the magazine's subject shifted from dial-up systems to the web, marked by the Spring editorial ""Caught in the Web"" and the Autumn ""PHF Exploit.""</p><p class=""mt-6"">Spring runs ""Tap Alert,"" ""Unshredding the Evidence,"" ""Confessions of a Beige Boxer,"" ""Hacking Caller ID Boxes,"" ""The Alaskan Phone System,"" a Motorola cellular guide and ""Avoiding Suspicion."" Summer covers ""Flood Warning,"" ""Scanning Australia,"" ""How To Create Encryption,"" RCONSOLE hacking, ""Flightlink Fun,"" ""Starting a Hacker Scene"" and ""And Justice For All."" Autumn prints ""Searches and Arrests,"" ""Hacking the SCC OS,"" the Brazilian phone system, GTE voice prompts, ""Hack Your High School,"" federal BBS lists, ""Building the Cheese Box,"" ""Spoofing Cellular Service"" and ""The Weird World of AOL."" Winter adds ""Toward More Secrets,"" ""Chipcards Explained,"" ""Craft Access Terminal,"" ""Cracking AskSam,"" ""Snooping Via MS-Mail,"" ""Social Engineering Via Video"" and ""Defeating the W95 Screensaver.""</p><p class=""mt-6"">""Starting a Hacker Scene"" in the Summer issue is an early piece of organising advice. The magazine came back to it in the Summer 2008 issue with ""Thirteen Years of Starting a Hacker Scene.""</p>","https://www.2600.com","https://store.2600.com/products/spring-1996","Magazines","Magazines, Hacking, Phone Phreaking, Computer Security, Surveillance","Periodical","","","Hudson Street Library, NYC","","false","/assets/images/magazines/2600/2600-13-1.jpg","","","English","","","","2026-09-05"
"100082","2600","","2600: The Hacker Quarterly","2600: The Hacker Quarterly, Summer 1996","2600 Enterprises, Inc.","1996","","","","","","Volume 13, Number 2","","Emmanuel Goldstein","","","","<p>The 1996 volume, the year the magazine's subject shifted from dial-up systems to the web, marked by the Spring editorial ""Caught in the Web"" and the Autumn ""PHF Exploit.""</p><p class=""mt-6"">Spring runs ""Tap Alert,"" ""Unshredding the Evidence,"" ""Confessions of a Beige Boxer,"" ""Hacking Caller ID Boxes,"" ""The Alaskan Phone System,"" a Motorola cellular guide and ""Avoiding Suspicion."" Summer covers ""Flood Warning,"" ""Scanning Australia,"" ""How To Create Encryption,"" RCONSOLE hacking, ""Flightlink Fun,"" ""Starting a Hacker Scene"" and ""And Justice For All."" Autumn prints ""Searches and Arrests,"" ""Hacking the SCC OS,"" the Brazilian phone system, GTE voice prompts, ""Hack Your High School,"" federal BBS lists, ""Building the Cheese Box,"" ""Spoofing Cellular Service"" and ""The Weird World of AOL."" Winter adds ""Toward More Secrets,"" ""Chipcards Explained,"" ""Craft Access Terminal,"" ""Cracking AskSam,"" ""Snooping Via MS-Mail,"" ""Social Engineering Via Video"" and ""Defeating the W95 Screensaver.""</p><p class=""mt-6"">""Starting a Hacker Scene"" in the Summer issue is an early piece of organising advice. The magazine came back to it in the Summer 2008 issue with ""Thirteen Years of Starting a Hacker Scene.""</p>","https://www.2600.com","https://store.2600.com/products/summer-1996","Magazines","Magazines, Hacking, Phone Phreaking, Computer Security, Surveillance","Periodical","","","Hudson Street Library, NYC","","false","/assets/images/magazines/2600/2600-13-2.jpg","","","English","","","","2026-09-05"
"100083","2600","","2600: The Hacker Quarterly","2600: The Hacker Quarterly, Autumn 1996","2600 Enterprises, Inc.","1996","","","","","","Volume 13, Number 3","","Emmanuel Goldstein","","","","<p>The 1996 volume, the year the magazine's subject shifted from dial-up systems to the web, marked by the Spring editorial ""Caught in the Web"" and the Autumn ""PHF Exploit.""</p><p class=""mt-6"">Spring runs ""Tap Alert,"" ""Unshredding the Evidence,"" ""Confessions of a Beige Boxer,"" ""Hacking Caller ID Boxes,"" ""The Alaskan Phone System,"" a Motorola cellular guide and ""Avoiding Suspicion."" Summer covers ""Flood Warning,"" ""Scanning Australia,"" ""How To Create Encryption,"" RCONSOLE hacking, ""Flightlink Fun,"" ""Starting a Hacker Scene"" and ""And Justice For All."" Autumn prints ""Searches and Arrests,"" ""Hacking the SCC OS,"" the Brazilian phone system, GTE voice prompts, ""Hack Your High School,"" federal BBS lists, ""Building the Cheese Box,"" ""Spoofing Cellular Service"" and ""The Weird World of AOL."" Winter adds ""Toward More Secrets,"" ""Chipcards Explained,"" ""Craft Access Terminal,"" ""Cracking AskSam,"" ""Snooping Via MS-Mail,"" ""Social Engineering Via Video"" and ""Defeating the W95 Screensaver.""</p><p class=""mt-6"">""Starting a Hacker Scene"" in the Summer issue is an early piece of organising advice. The magazine came back to it in the Summer 2008 issue with ""Thirteen Years of Starting a Hacker Scene.""</p>","https://www.2600.com","https://store.2600.com/products/autumn-1996","Magazines","Magazines, Hacking, Phone Phreaking, Computer Security, Surveillance","Periodical","","","Hudson Street Library, NYC","","false","/assets/images/magazines/2600/2600-13-3.jpg","","","English","","","","2026-09-05"
"100084","2600","","2600: The Hacker Quarterly","2600: The Hacker Quarterly, Winter 1996-1997","2600 Enterprises, Inc.","1996","","","","","","Volume 13, Number 4","","Emmanuel Goldstein","","","","<p>The 1996 volume, the year the magazine's subject shifted from dial-up systems to the web, marked by the Spring editorial ""Caught in the Web"" and the Autumn ""PHF Exploit.""</p><p class=""mt-6"">Spring runs ""Tap Alert,"" ""Unshredding the Evidence,"" ""Confessions of a Beige Boxer,"" ""Hacking Caller ID Boxes,"" ""The Alaskan Phone System,"" a Motorola cellular guide and ""Avoiding Suspicion."" Summer covers ""Flood Warning,"" ""Scanning Australia,"" ""How To Create Encryption,"" RCONSOLE hacking, ""Flightlink Fun,"" ""Starting a Hacker Scene"" and ""And Justice For All."" Autumn prints ""Searches and Arrests,"" ""Hacking the SCC OS,"" the Brazilian phone system, GTE voice prompts, ""Hack Your High School,"" federal BBS lists, ""Building the Cheese Box,"" ""Spoofing Cellular Service"" and ""The Weird World of AOL."" Winter adds ""Toward More Secrets,"" ""Chipcards Explained,"" ""Craft Access Terminal,"" ""Cracking AskSam,"" ""Snooping Via MS-Mail,"" ""Social Engineering Via Video"" and ""Defeating the W95 Screensaver.""</p><p class=""mt-6"">""Starting a Hacker Scene"" in the Summer issue is an early piece of organising advice. The magazine came back to it in the Summer 2008 issue with ""Thirteen Years of Starting a Hacker Scene.""</p>","https://www.2600.com","https://store.2600.com/products/winter-1996-1997","Magazines","Magazines, Hacking, Phone Phreaking, Computer Security, Surveillance","Periodical","","","Hudson Street Library, NYC","","false","/assets/images/magazines/2600/2600-13-4.jpg","","","English","","","","2026-09-05"
"100085","2600","","2600: The Hacker Quarterly","2600: The Hacker Quarterly, Spring 1997","2600 Enterprises, Inc.","1997","","","","","","Volume 14, Number 1","","Emmanuel Goldstein","","","","<p>The 1997 volume, which follows the arrival of GSM and cable modems in North America while the campaign for Kevin Mitnick runs through every issue.</p><p class=""mt-6"">Spring prints ""Hacking LED Signs,"" ""Use Your Skills to Escape Boot Camp,"" ""Poor Man's Access,"" ""Consequences of .gov/.mil Hacking,"" ""Credit Card Numbers Via Calculators,"" cellular programming data, ""How To Hack Tech Support,"" a letter from prison and ""How To Legally Use a Red Box."" Summer covers cable modem security holes, ""GSM Comes to North America,"" ""The Wonders of Net2Phone,"" ""Those Pesky Mylar Strips,"" ""Fortezza: The Next Clipper?,"" ""Tricks and Treats of the Autovon"" and ""The Ins and Outs of Metrocard Gold."" Autumn runs ""How To Get Busted by the Feds,"" ""Hacking Fedex,"" ""Brute Forcing the World,"" ""Hacking the Vote,"" ""The EZPass System"" and ""Secrets of Walmart."" Winter adds ""The Medical Information Bureau,"" ""TCP/IP Basics and Shortcomings,"" ""The Ominous GETS,"" ""The Potential of Mobil Speedpass,"" ""The Argentinian Phone System"" and ""Spying on Yahoo.""</p><p class=""mt-6"">The MetroCard and E-ZPass articles begin the magazine's long attention to transit fare systems, which runs on through ""New York City's MTA Exposed"" in 2005 and ""Hacking NYC MTA Kiosks"" in 2021.</p>","https://www.2600.com","https://store.2600.com/products/spring-1997","Magazines","Magazines, Hacking, Phone Phreaking, Computer Security, Surveillance","Periodical","","","Hudson Street Library, NYC","","false","/assets/images/magazines/2600/2600-14-1.jpg","","","English","","","","2026-09-05"
"100086","2600","","2600: The Hacker Quarterly","2600: The Hacker Quarterly, Summer 1997","2600 Enterprises, Inc.","1997","","","","","","Volume 14, Number 2","","Emmanuel Goldstein","","","","<p>The 1997 volume, which follows the arrival of GSM and cable modems in North America while the campaign for Kevin Mitnick runs through every issue.</p><p class=""mt-6"">Spring prints ""Hacking LED Signs,"" ""Use Your Skills to Escape Boot Camp,"" ""Poor Man's Access,"" ""Consequences of .gov/.mil Hacking,"" ""Credit Card Numbers Via Calculators,"" cellular programming data, ""How To Hack Tech Support,"" a letter from prison and ""How To Legally Use a Red Box."" Summer covers cable modem security holes, ""GSM Comes to North America,"" ""The Wonders of Net2Phone,"" ""Those Pesky Mylar Strips,"" ""Fortezza: The Next Clipper?,"" ""Tricks and Treats of the Autovon"" and ""The Ins and Outs of Metrocard Gold."" Autumn runs ""How To Get Busted by the Feds,"" ""Hacking Fedex,"" ""Brute Forcing the World,"" ""Hacking the Vote,"" ""The EZPass System"" and ""Secrets of Walmart."" Winter adds ""The Medical Information Bureau,"" ""TCP/IP Basics and Shortcomings,"" ""The Ominous GETS,"" ""The Potential of Mobil Speedpass,"" ""The Argentinian Phone System"" and ""Spying on Yahoo.""</p><p class=""mt-6"">The MetroCard and E-ZPass articles begin the magazine's long attention to transit fare systems, which runs on through ""New York City's MTA Exposed"" in 2005 and ""Hacking NYC MTA Kiosks"" in 2021.</p>","https://www.2600.com","https://store.2600.com/products/summer-1997","Magazines","Magazines, Hacking, Phone Phreaking, Computer Security, Surveillance","Periodical","","","Hudson Street Library, NYC","","false","/assets/images/magazines/2600/2600-14-2.jpg","","","English","","","","2026-09-05"
"100087","2600","","2600: The Hacker Quarterly","2600: The Hacker Quarterly, Autumn 1997","2600 Enterprises, Inc.","1997","","","","","","Volume 14, Number 3","","Emmanuel Goldstein","","","","<p>The 1997 volume, which follows the arrival of GSM and cable modems in North America while the campaign for Kevin Mitnick runs through every issue.</p><p class=""mt-6"">Spring prints ""Hacking LED Signs,"" ""Use Your Skills to Escape Boot Camp,"" ""Poor Man's Access,"" ""Consequences of .gov/.mil Hacking,"" ""Credit Card Numbers Via Calculators,"" cellular programming data, ""How To Hack Tech Support,"" a letter from prison and ""How To Legally Use a Red Box."" Summer covers cable modem security holes, ""GSM Comes to North America,"" ""The Wonders of Net2Phone,"" ""Those Pesky Mylar Strips,"" ""Fortezza: The Next Clipper?,"" ""Tricks and Treats of the Autovon"" and ""The Ins and Outs of Metrocard Gold."" Autumn runs ""How To Get Busted by the Feds,"" ""Hacking Fedex,"" ""Brute Forcing the World,"" ""Hacking the Vote,"" ""The EZPass System"" and ""Secrets of Walmart."" Winter adds ""The Medical Information Bureau,"" ""TCP/IP Basics and Shortcomings,"" ""The Ominous GETS,"" ""The Potential of Mobil Speedpass,"" ""The Argentinian Phone System"" and ""Spying on Yahoo.""</p><p class=""mt-6"">The MetroCard and E-ZPass articles begin the magazine's long attention to transit fare systems, which runs on through ""New York City's MTA Exposed"" in 2005 and ""Hacking NYC MTA Kiosks"" in 2021.</p>","https://www.2600.com","https://store.2600.com/products/autumn-1997","Magazines","Magazines, Hacking, Phone Phreaking, Computer Security, Surveillance","Periodical","","","Hudson Street Library, NYC","","false","/assets/images/magazines/2600/2600-14-3.jpg","","","English","","","","2026-09-05"
"100088","2600","","2600: The Hacker Quarterly","2600: The Hacker Quarterly, Winter 1997-1998","2600 Enterprises, Inc.","1997","","","","","","Volume 14, Number 4","","Emmanuel Goldstein","","","","<p>The 1997 volume, which follows the arrival of GSM and cable modems in North America while the campaign for Kevin Mitnick runs through every issue.</p><p class=""mt-6"">Spring prints ""Hacking LED Signs,"" ""Use Your Skills to Escape Boot Camp,"" ""Poor Man's Access,"" ""Consequences of .gov/.mil Hacking,"" ""Credit Card Numbers Via Calculators,"" cellular programming data, ""How To Hack Tech Support,"" a letter from prison and ""How To Legally Use a Red Box."" Summer covers cable modem security holes, ""GSM Comes to North America,"" ""The Wonders of Net2Phone,"" ""Those Pesky Mylar Strips,"" ""Fortezza: The Next Clipper?,"" ""Tricks and Treats of the Autovon"" and ""The Ins and Outs of Metrocard Gold."" Autumn runs ""How To Get Busted by the Feds,"" ""Hacking Fedex,"" ""Brute Forcing the World,"" ""Hacking the Vote,"" ""The EZPass System"" and ""Secrets of Walmart."" Winter adds ""The Medical Information Bureau,"" ""TCP/IP Basics and Shortcomings,"" ""The Ominous GETS,"" ""The Potential of Mobil Speedpass,"" ""The Argentinian Phone System"" and ""Spying on Yahoo.""</p><p class=""mt-6"">The MetroCard and E-ZPass articles begin the magazine's long attention to transit fare systems, which runs on through ""New York City's MTA Exposed"" in 2005 and ""Hacking NYC MTA Kiosks"" in 2021.</p>","https://www.2600.com","https://store.2600.com/products/winter-1997-1998","Magazines","Magazines, Hacking, Phone Phreaking, Computer Security, Surveillance","Periodical","","","Hudson Street Library, NYC","","false","/assets/images/magazines/2600/2600-14-4.jpg","","","English","","","","2026-09-05"
"100089","2600","","2600: The Hacker Quarterly","2600: The Hacker Quarterly, Spring 1998","2600 Enterprises, Inc.","1998","","","","","","Volume 15, Number 1","","Emmanuel Goldstein","","","","<p>The 1998 volume, whose Autumn issue carries a tutorial on Back Orifice, released by the Cult of the Dead Cow at DEF CON that August.</p><p class=""mt-6"">Spring covers the Defense Switched Network, ""More on Military Phones"" and ""The Mysteries of SIPRnet."" It also runs ""Eggdropping,"" ""Defeating Cyberpatrol,"" ""A Brief History of Postal Hacking"" and ""Setting Up UNIX Trapdoors."" Summer prints ""Where Long Distance Charges Come From,"" a newbie guide to NT 4.0 and a modem diverter project. ""The Tyranny of Project LUCID,"" ""Millenium Payphones"" and ""How To Hack Your ISP"" follow. Autumn adds homemade TCP packets, socket programming, ""How To Probe A Remote Network"" and ""Cushioned Encryption and Deniability."" Three articles follow on getting the better of Blockbuster, Moviefone and Radio Shack. Winter runs a touch memory primer, ""The Facts of SSN,"" ""Become a Radio Ninja,"" ""Why Anonymous Phone Cards Aren't"" and ""The Cryptography of Today.""</p><p class=""mt-6"">SIPRnet is followed across four volumes, from ""The Mysteries of SIPRnet"" in this Spring issue to ""Still More on Siprnet"" in Spring 2000.</p>","https://www.2600.com","https://store.2600.com/products/spring-1998","Magazines","Magazines, Hacking, Phone Phreaking, Computer Security, Surveillance","Periodical","","","Hudson Street Library, NYC","","false","/assets/images/magazines/2600/2600-15-1.jpg","","","English","","","","2026-09-05"
"100090","2600","","2600: The Hacker Quarterly","2600: The Hacker Quarterly, Summer 1998","2600 Enterprises, Inc.","1998","","","","","","Volume 15, Number 2","","Emmanuel Goldstein","","","","<p>The 1998 volume, whose Autumn issue carries a tutorial on Back Orifice, released by the Cult of the Dead Cow at DEF CON that August.</p><p class=""mt-6"">Spring covers the Defense Switched Network, ""More on Military Phones"" and ""The Mysteries of SIPRnet."" It also runs ""Eggdropping,"" ""Defeating Cyberpatrol,"" ""A Brief History of Postal Hacking"" and ""Setting Up UNIX Trapdoors."" Summer prints ""Where Long Distance Charges Come From,"" a newbie guide to NT 4.0 and a modem diverter project. ""The Tyranny of Project LUCID,"" ""Millenium Payphones"" and ""How To Hack Your ISP"" follow. Autumn adds homemade TCP packets, socket programming, ""How To Probe A Remote Network"" and ""Cushioned Encryption and Deniability."" Three articles follow on getting the better of Blockbuster, Moviefone and Radio Shack. Winter runs a touch memory primer, ""The Facts of SSN,"" ""Become a Radio Ninja,"" ""Why Anonymous Phone Cards Aren't"" and ""The Cryptography of Today.""</p><p class=""mt-6"">SIPRnet is followed across four volumes, from ""The Mysteries of SIPRnet"" in this Spring issue to ""Still More on Siprnet"" in Spring 2000.</p>","https://www.2600.com","https://store.2600.com/products/summer-1998","Magazines","Magazines, Hacking, Phone Phreaking, Computer Security, Surveillance","Periodical","","","Hudson Street Library, NYC","","false","/assets/images/magazines/2600/2600-15-2.jpg","","","English","","","","2026-09-05"
"100091","2600","","2600: The Hacker Quarterly","2600: The Hacker Quarterly, Autumn 1998","2600 Enterprises, Inc.","1998","","","","","","Volume 15, Number 3","","Emmanuel Goldstein","","","","<p>The 1998 volume, whose Autumn issue carries a tutorial on Back Orifice, released by the Cult of the Dead Cow at DEF CON that August.</p><p class=""mt-6"">Spring covers the Defense Switched Network, ""More on Military Phones"" and ""The Mysteries of SIPRnet."" It also runs ""Eggdropping,"" ""Defeating Cyberpatrol,"" ""A Brief History of Postal Hacking"" and ""Setting Up UNIX Trapdoors."" Summer prints ""Where Long Distance Charges Come From,"" a newbie guide to NT 4.0 and a modem diverter project. ""The Tyranny of Project LUCID,"" ""Millenium Payphones"" and ""How To Hack Your ISP"" follow. Autumn adds homemade TCP packets, socket programming, ""How To Probe A Remote Network"" and ""Cushioned Encryption and Deniability."" Three articles follow on getting the better of Blockbuster, Moviefone and Radio Shack. Winter runs a touch memory primer, ""The Facts of SSN,"" ""Become a Radio Ninja,"" ""Why Anonymous Phone Cards Aren't"" and ""The Cryptography of Today.""</p><p class=""mt-6"">SIPRnet is followed across four volumes, from ""The Mysteries of SIPRnet"" in this Spring issue to ""Still More on Siprnet"" in Spring 2000.</p>","https://www.2600.com","https://store.2600.com/products/autumn-1998","Magazines","Magazines, Hacking, Phone Phreaking, Computer Security, Surveillance","Periodical","","","Hudson Street Library, NYC","","false","/assets/images/magazines/2600/2600-15-3.jpg","","","English","","","","2026-09-05"
"100092","2600","","2600: The Hacker Quarterly","2600: The Hacker Quarterly, Winter 1998-1999","2600 Enterprises, Inc.","1998","","","","","","Volume 15, Number 4","","Emmanuel Goldstein","","","","<p>The 1998 volume, whose Autumn issue carries a tutorial on Back Orifice, released by the Cult of the Dead Cow at DEF CON that August.</p><p class=""mt-6"">Spring covers the Defense Switched Network, ""More on Military Phones"" and ""The Mysteries of SIPRnet."" It also runs ""Eggdropping,"" ""Defeating Cyberpatrol,"" ""A Brief History of Postal Hacking"" and ""Setting Up UNIX Trapdoors."" Summer prints ""Where Long Distance Charges Come From,"" a newbie guide to NT 4.0 and a modem diverter project. ""The Tyranny of Project LUCID,"" ""Millenium Payphones"" and ""How To Hack Your ISP"" follow. Autumn adds homemade TCP packets, socket programming, ""How To Probe A Remote Network"" and ""Cushioned Encryption and Deniability."" Three articles follow on getting the better of Blockbuster, Moviefone and Radio Shack. Winter runs a touch memory primer, ""The Facts of SSN,"" ""Become a Radio Ninja,"" ""Why Anonymous Phone Cards Aren't"" and ""The Cryptography of Today.""</p><p class=""mt-6"">SIPRnet is followed across four volumes, from ""The Mysteries of SIPRnet"" in this Spring issue to ""Still More on Siprnet"" in Spring 2000.</p>","https://www.2600.com","https://store.2600.com/products/winter-1998-1999","Magazines","Magazines, Hacking, Phone Phreaking, Computer Security, Surveillance","Periodical","","","Hudson Street Library, NYC","","false","/assets/images/magazines/2600/2600-15-4.jpg","","","English","","","","2026-09-05"
"100093","2600","","2600: The Hacker Quarterly","2600: The Hacker Quarterly, Spring 1999","2600 Enterprises, Inc.","1999","","","","","","Volume 16, Number 1","","Emmanuel Goldstein","","","","<p>The 1999 volume, in which nmap, Netbus and Tripwire arrive in the pages beside the payphone and scanner articles the magazine had been running for fifteen years.</p><p class=""mt-6"">Spring covers vehicle tracking with AVI and ETTM, ""Cracking the Time-Banc System,"" ""Wreaking Havoc with Netbus,"" internet peering, ""Fun with Tripwire,"" ""A Hacker's Guide to Getting Busted,"" an overview of SS7, network scanning with nmap and hacking a Sony PlayStation. Summer prints ""Securing Your Linux Box,"" ""Fun at Costco,"" ""Broad Band via the Earth,"" ""Secrets of Copy Protection,"" two facing articles on parents spying on their children, ""The Future of IPV6"" and pushbutton lock hacking. Autumn runs ""Upload Bombing,"" ""The Terrorist of Orange, Texas,"" ITS prison phones, ""Infiltrating Mediaone,"" forging ping packets, ""Quantum Hacking,"" Protel COCOTs and an overview of Cellemetry. Winter adds ""Accessing Forbidden NTFS Drives,"" ""DATUs - The Tool of the New Age Phreak,"" ""I Own Your Car!,"" POCSAG and FLEX interception, ""Hack The Media"" and ""Why Redboxing Doesn't Work.""</p><p class=""mt-6"">""Why Redboxing Doesn't Work"" closes an argument the magazine had run since 1988. ""Why Redboxing Still Works (sorta)"" answered it four years later.</p>","https://www.2600.com","https://store.2600.com/products/spring-1999","Magazines","Magazines, Hacking, Phone Phreaking, Computer Security, Surveillance","Periodical","","","Hudson Street Library, NYC","","false","/assets/images/magazines/2600/2600-16-1.jpg","","","English","","","","2026-09-05"
"100094","2600","","2600: The Hacker Quarterly","2600: The Hacker Quarterly, Summer 1999","2600 Enterprises, Inc.","1999","","","","","","Volume 16, Number 2","","Emmanuel Goldstein","","","","<p>The 1999 volume, in which nmap, Netbus and Tripwire arrive in the pages beside the payphone and scanner articles the magazine had been running for fifteen years.</p><p class=""mt-6"">Spring covers vehicle tracking with AVI and ETTM, ""Cracking the Time-Banc System,"" ""Wreaking Havoc with Netbus,"" internet peering, ""Fun with Tripwire,"" ""A Hacker's Guide to Getting Busted,"" an overview of SS7, network scanning with nmap and hacking a Sony PlayStation. Summer prints ""Securing Your Linux Box,"" ""Fun at Costco,"" ""Broad Band via the Earth,"" ""Secrets of Copy Protection,"" two facing articles on parents spying on their children, ""The Future of IPV6"" and pushbutton lock hacking. Autumn runs ""Upload Bombing,"" ""The Terrorist of Orange, Texas,"" ITS prison phones, ""Infiltrating Mediaone,"" forging ping packets, ""Quantum Hacking,"" Protel COCOTs and an overview of Cellemetry. Winter adds ""Accessing Forbidden NTFS Drives,"" ""DATUs - The Tool of the New Age Phreak,"" ""I Own Your Car!,"" POCSAG and FLEX interception, ""Hack The Media"" and ""Why Redboxing Doesn't Work.""</p><p class=""mt-6"">""Why Redboxing Doesn't Work"" closes an argument the magazine had run since 1988. ""Why Redboxing Still Works (sorta)"" answered it four years later.</p>","https://www.2600.com","https://store.2600.com/products/summer-1999","Magazines","Magazines, Hacking, Phone Phreaking, Computer Security, Surveillance","Periodical","","","Hudson Street Library, NYC","","false","/assets/images/magazines/2600/2600-16-2.jpg","","","English","","","","2026-09-05"
"100095","2600","","2600: The Hacker Quarterly","2600: The Hacker Quarterly, Autumn 1999","2600 Enterprises, Inc.","1999","","","","","","Volume 16, Number 3","","Emmanuel Goldstein","","","","<p>The 1999 volume, in which nmap, Netbus and Tripwire arrive in the pages beside the payphone and scanner articles the magazine had been running for fifteen years.</p><p class=""mt-6"">Spring covers vehicle tracking with AVI and ETTM, ""Cracking the Time-Banc System,"" ""Wreaking Havoc with Netbus,"" internet peering, ""Fun with Tripwire,"" ""A Hacker's Guide to Getting Busted,"" an overview of SS7, network scanning with nmap and hacking a Sony PlayStation. Summer prints ""Securing Your Linux Box,"" ""Fun at Costco,"" ""Broad Band via the Earth,"" ""Secrets of Copy Protection,"" two facing articles on parents spying on their children, ""The Future of IPV6"" and pushbutton lock hacking. Autumn runs ""Upload Bombing,"" ""The Terrorist of Orange, Texas,"" ITS prison phones, ""Infiltrating Mediaone,"" forging ping packets, ""Quantum Hacking,"" Protel COCOTs and an overview of Cellemetry. Winter adds ""Accessing Forbidden NTFS Drives,"" ""DATUs - The Tool of the New Age Phreak,"" ""I Own Your Car!,"" POCSAG and FLEX interception, ""Hack The Media"" and ""Why Redboxing Doesn't Work.""</p><p class=""mt-6"">""Why Redboxing Doesn't Work"" closes an argument the magazine had run since 1988. ""Why Redboxing Still Works (sorta)"" answered it four years later.</p>","https://www.2600.com","https://store.2600.com/products/autumn-1999","Magazines","Magazines, Hacking, Phone Phreaking, Computer Security, Surveillance","Periodical","","","Hudson Street Library, NYC","","false","/assets/images/magazines/2600/2600-16-3.jpg","","","English","","","","2026-09-05"
"100096","2600","","2600: The Hacker Quarterly","2600: The Hacker Quarterly, Winter 1999-2000","2600 Enterprises, Inc.","1999","","","","","","Volume 16, Number 4","","Emmanuel Goldstein","","","","<p>The 1999 volume, in which nmap, Netbus and Tripwire arrive in the pages beside the payphone and scanner articles the magazine had been running for fifteen years.</p><p class=""mt-6"">Spring covers vehicle tracking with AVI and ETTM, ""Cracking the Time-Banc System,"" ""Wreaking Havoc with Netbus,"" internet peering, ""Fun with Tripwire,"" ""A Hacker's Guide to Getting Busted,"" an overview of SS7, network scanning with nmap and hacking a Sony PlayStation. Summer prints ""Securing Your Linux Box,"" ""Fun at Costco,"" ""Broad Band via the Earth,"" ""Secrets of Copy Protection,"" two facing articles on parents spying on their children, ""The Future of IPV6"" and pushbutton lock hacking. Autumn runs ""Upload Bombing,"" ""The Terrorist of Orange, Texas,"" ITS prison phones, ""Infiltrating Mediaone,"" forging ping packets, ""Quantum Hacking,"" Protel COCOTs and an overview of Cellemetry. Winter adds ""Accessing Forbidden NTFS Drives,"" ""DATUs - The Tool of the New Age Phreak,"" ""I Own Your Car!,"" POCSAG and FLEX interception, ""Hack The Media"" and ""Why Redboxing Doesn't Work.""</p><p class=""mt-6"">""Why Redboxing Doesn't Work"" closes an argument the magazine had run since 1988. ""Why Redboxing Still Works (sorta)"" answered it four years later.</p>","https://www.2600.com","https://store.2600.com/products/winter-1999-2000","Magazines","Magazines, Hacking, Phone Phreaking, Computer Security, Surveillance","Periodical","","","Hudson Street Library, NYC","","false","/assets/images/magazines/2600/2600-16-4.jpg","","","English","","","","2026-09-05"
"100097","2600","","2600: The Hacker Quarterly","2600: The Hacker Quarterly, Spring 2000","2600 Enterprises, Inc.","2000","","","","","","Volume 17, Number 1","","Emmanuel Goldstein","","","","<p>The 2000 volume, published while 2600 was itself the defendant in the case the major film studios brought over the DVD descrambling code DeCSS.</p><p class=""mt-6"">Spring runs ""A Taste of Freedom,"" ""How to Stay a Sysadmin,"" ""Military Computer Secrets,"" ""All About Securid,"" ""AT&T's Gaping Hole,"" ""How PSX Copy Protection Works,"" ""How to Build a Coffee Box"" and ""How Does That DSS Card Really Work?"" Summer covers system profiling, biometrics, ""Strange Abuses For Your Home Phone,"" packet analysis, ""Secrets of Dell,"" ""How Domains Are Stolen,"" Java applet hacking and an interview with Jello Biafra. Autumn, under the editorial ""A Summer of Trials,"" prints ""DeCSS in Words,"" kernel modification with LKMs, ""Hunting the Paper Carnivore,"" anomaly detection systems, ""Accessing Federal Court Records"" and ""Build a Car Computer."" Winter adds BellSouth's Mobitex network, Sub7, ""Get Anyone's Credit Report For Free,"" ""The DVD Paper Chain,"" ""Hacking an NT Domain from the Desktop"" and ""Jury Nullification and The Hacker.""</p><p class=""mt-6"">Universal City Studios v. Reimerdes was tried in New York that July and decided in August. ""DeCSS in Words"" and ""The DVD Paper Chain"" were both written under the injunction that came out of it.</p>","https://www.2600.com","https://store.2600.com/products/spring-2000","Magazines","Magazines, Hacking, Phone Phreaking, Computer Security, Surveillance","Periodical","","","Hudson Street Library, NYC","","false","/assets/images/magazines/2600/2600-17-1.jpg","","","English","","","","2026-09-05"
"100098","2600","","2600: The Hacker Quarterly","2600: The Hacker Quarterly, Summer 2000","2600 Enterprises, Inc.","2000","","","","","","Volume 17, Number 2","","Emmanuel Goldstein","","","","<p>The 2000 volume, published while 2600 was itself the defendant in the case the major film studios brought over the DVD descrambling code DeCSS.</p><p class=""mt-6"">Spring runs ""A Taste of Freedom,"" ""How to Stay a Sysadmin,"" ""Military Computer Secrets,"" ""All About Securid,"" ""AT&T's Gaping Hole,"" ""How PSX Copy Protection Works,"" ""How to Build a Coffee Box"" and ""How Does That DSS Card Really Work?"" Summer covers system profiling, biometrics, ""Strange Abuses For Your Home Phone,"" packet analysis, ""Secrets of Dell,"" ""How Domains Are Stolen,"" Java applet hacking and an interview with Jello Biafra. Autumn, under the editorial ""A Summer of Trials,"" prints ""DeCSS in Words,"" kernel modification with LKMs, ""Hunting the Paper Carnivore,"" anomaly detection systems, ""Accessing Federal Court Records"" and ""Build a Car Computer."" Winter adds BellSouth's Mobitex network, Sub7, ""Get Anyone's Credit Report For Free,"" ""The DVD Paper Chain,"" ""Hacking an NT Domain from the Desktop"" and ""Jury Nullification and The Hacker.""</p><p class=""mt-6"">Universal City Studios v. Reimerdes was tried in New York that July and decided in August. ""DeCSS in Words"" and ""The DVD Paper Chain"" were both written under the injunction that came out of it.</p>","https://www.2600.com","https://store.2600.com/products/summer-2000","Magazines","Magazines, Hacking, Phone Phreaking, Computer Security, Surveillance","Periodical","","","Hudson Street Library, NYC","","false","/assets/images/magazines/2600/2600-17-2.jpg","","","English","","","","2026-09-05"
"100099","2600","","2600: The Hacker Quarterly","2600: The Hacker Quarterly, Autumn 2000","2600 Enterprises, Inc.","2000","","","","","","Volume 17, Number 3","","Emmanuel Goldstein","","","","<p>The 2000 volume, published while 2600 was itself the defendant in the case the major film studios brought over the DVD descrambling code DeCSS.</p><p class=""mt-6"">Spring runs ""A Taste of Freedom,"" ""How to Stay a Sysadmin,"" ""Military Computer Secrets,"" ""All About Securid,"" ""AT&T's Gaping Hole,"" ""How PSX Copy Protection Works,"" ""How to Build a Coffee Box"" and ""How Does That DSS Card Really Work?"" Summer covers system profiling, biometrics, ""Strange Abuses For Your Home Phone,"" packet analysis, ""Secrets of Dell,"" ""How Domains Are Stolen,"" Java applet hacking and an interview with Jello Biafra. Autumn, under the editorial ""A Summer of Trials,"" prints ""DeCSS in Words,"" kernel modification with LKMs, ""Hunting the Paper Carnivore,"" anomaly detection systems, ""Accessing Federal Court Records"" and ""Build a Car Computer."" Winter adds BellSouth's Mobitex network, Sub7, ""Get Anyone's Credit Report For Free,"" ""The DVD Paper Chain,"" ""Hacking an NT Domain from the Desktop"" and ""Jury Nullification and The Hacker.""</p><p class=""mt-6"">Universal City Studios v. Reimerdes was tried in New York that July and decided in August. ""DeCSS in Words"" and ""The DVD Paper Chain"" were both written under the injunction that came out of it.</p>","https://www.2600.com","https://store.2600.com/products/autumn-2000","Magazines","Magazines, Hacking, Phone Phreaking, Computer Security, Surveillance","Periodical","","","Hudson Street Library, NYC","","false","/assets/images/magazines/2600/2600-17-3.jpg","","","English","","","","2026-09-05"
"100100","2600","","2600: The Hacker Quarterly","2600: The Hacker Quarterly, Winter 2000-2001","2600 Enterprises, Inc.","2000","","","","","","Volume 17, Number 4","","Emmanuel Goldstein","","","","<p>The 2000 volume, published while 2600 was itself the defendant in the case the major film studios brought over the DVD descrambling code DeCSS.</p><p class=""mt-6"">Spring runs ""A Taste of Freedom,"" ""How to Stay a Sysadmin,"" ""Military Computer Secrets,"" ""All About Securid,"" ""AT&T's Gaping Hole,"" ""How PSX Copy Protection Works,"" ""How to Build a Coffee Box"" and ""How Does That DSS Card Really Work?"" Summer covers system profiling, biometrics, ""Strange Abuses For Your Home Phone,"" packet analysis, ""Secrets of Dell,"" ""How Domains Are Stolen,"" Java applet hacking and an interview with Jello Biafra. Autumn, under the editorial ""A Summer of Trials,"" prints ""DeCSS in Words,"" kernel modification with LKMs, ""Hunting the Paper Carnivore,"" anomaly detection systems, ""Accessing Federal Court Records"" and ""Build a Car Computer."" Winter adds BellSouth's Mobitex network, Sub7, ""Get Anyone's Credit Report For Free,"" ""The DVD Paper Chain,"" ""Hacking an NT Domain from the Desktop"" and ""Jury Nullification and The Hacker.""</p><p class=""mt-6"">Universal City Studios v. Reimerdes was tried in New York that July and decided in August. ""DeCSS in Words"" and ""The DVD Paper Chain"" were both written under the injunction that came out of it.</p>","https://www.2600.com","https://store.2600.com/products/winter-2000-2001","Magazines","Magazines, Hacking, Phone Phreaking, Computer Security, Surveillance","Periodical","","","Hudson Street Library, NYC","","false","/assets/images/magazines/2600/2600-17-4.jpg","","","English","","","","2026-09-05"
"100101","2600","","2600: The Hacker Quarterly","2600: The Hacker Quarterly, Spring 2001","2600 Enterprises, Inc.","2001","","","","","","Volume 18, Number 1","","Emmanuel Goldstein","","","","<p>The 2001 volume, whose Autumn issue, headed ""Consequences,"" is the magazine's first after 11 September.</p><p class=""mt-6"">Spring prints ""Police Searches of Computers,"" ""The Future of PKI"" and ""Breaking the Windows Script Encoder,"" with ""The Billboard Liberation Front"" and ""Declawing Your :CueCat."" Summer covers ""What is Carnivore, Really?"" and ""Everything Your Parents Told You About ESS was a Lie,"" alongside pieces on TCP wrappers, password authentication myths and ""Snooping the Stack."" Autumn runs ""Passport Hacking,"" ""How to Decrypt DirecTV,"" ""Code Red 2"" and ""The Ultimate DRM Hack."" It also carries ""Defeating Intrusion Detection Systems,"" an introduction to ARP spoofing and ""Hacking Kodak Picture Maker."" Winter adds the security of the Inferno OS, ""The Future of Enhanced 911,"" ""Building a Floppy Based Router,"" ""Build a Wooden Computer"" and ""Examining Student Databases.""</p><p class=""mt-6"">The CueCat barcode reader, given away free to magazine subscribers that year, is taken apart here and again in Summer 2004 in ""Passwords on a Cue Cat.""</p>","https://www.2600.com","https://store.2600.com/products/spring-2001","Magazines","Magazines, Hacking, Phone Phreaking, Computer Security, Surveillance","Periodical","","","Hudson Street Library, NYC","","false","/assets/images/magazines/2600/2600-18-1.jpg","","","English","","","","2026-09-05"
"100102","2600","","2600: The Hacker Quarterly","2600: The Hacker Quarterly, Summer 2001","2600 Enterprises, Inc.","2001","","","","","","Volume 18, Number 2","","Emmanuel Goldstein","","","","<p>The 2001 volume, whose Autumn issue, headed ""Consequences,"" is the magazine's first after 11 September.</p><p class=""mt-6"">Spring prints ""Police Searches of Computers,"" ""The Future of PKI"" and ""Breaking the Windows Script Encoder,"" with ""The Billboard Liberation Front"" and ""Declawing Your :CueCat."" Summer covers ""What is Carnivore, Really?"" and ""Everything Your Parents Told You About ESS was a Lie,"" alongside pieces on TCP wrappers, password authentication myths and ""Snooping the Stack."" Autumn runs ""Passport Hacking,"" ""How to Decrypt DirecTV,"" ""Code Red 2"" and ""The Ultimate DRM Hack."" It also carries ""Defeating Intrusion Detection Systems,"" an introduction to ARP spoofing and ""Hacking Kodak Picture Maker."" Winter adds the security of the Inferno OS, ""The Future of Enhanced 911,"" ""Building a Floppy Based Router,"" ""Build a Wooden Computer"" and ""Examining Student Databases.""</p><p class=""mt-6"">The CueCat barcode reader, given away free to magazine subscribers that year, is taken apart here and again in Summer 2004 in ""Passwords on a Cue Cat.""</p>","https://www.2600.com","https://store.2600.com/products/summer-2001","Magazines","Magazines, Hacking, Phone Phreaking, Computer Security, Surveillance","Periodical","","","Hudson Street Library, NYC","","false","/assets/images/magazines/2600/2600-18-2.jpg","","","English","","","","2026-09-05"
"100103","2600","","2600: The Hacker Quarterly","2600: The Hacker Quarterly, Autumn 2001","2600 Enterprises, Inc.","2001","","","","","","Volume 18, Number 3","","Emmanuel Goldstein","","","","<p>The 2001 volume, whose Autumn issue, headed ""Consequences,"" is the magazine's first after 11 September.</p><p class=""mt-6"">Spring prints ""Police Searches of Computers,"" ""The Future of PKI"" and ""Breaking the Windows Script Encoder,"" with ""The Billboard Liberation Front"" and ""Declawing Your :CueCat."" Summer covers ""What is Carnivore, Really?"" and ""Everything Your Parents Told You About ESS was a Lie,"" alongside pieces on TCP wrappers, password authentication myths and ""Snooping the Stack."" Autumn runs ""Passport Hacking,"" ""How to Decrypt DirecTV,"" ""Code Red 2"" and ""The Ultimate DRM Hack."" It also carries ""Defeating Intrusion Detection Systems,"" an introduction to ARP spoofing and ""Hacking Kodak Picture Maker."" Winter adds the security of the Inferno OS, ""The Future of Enhanced 911,"" ""Building a Floppy Based Router,"" ""Build a Wooden Computer"" and ""Examining Student Databases.""</p><p class=""mt-6"">The CueCat barcode reader, given away free to magazine subscribers that year, is taken apart here and again in Summer 2004 in ""Passwords on a Cue Cat.""</p>","https://www.2600.com","https://store.2600.com/products/autumn-2001","Magazines","Magazines, Hacking, Phone Phreaking, Computer Security, Surveillance","Periodical","","","Hudson Street Library, NYC","","false","/assets/images/magazines/2600/2600-18-3.jpg","","","English","","","","2026-09-05"
"100104","2600","","2600: The Hacker Quarterly","2600: The Hacker Quarterly, Winter 2001-2002","2600 Enterprises, Inc.","2001","","","","","","Volume 18, Number 4","","Emmanuel Goldstein","","","","<p>The 2001 volume, whose Autumn issue, headed ""Consequences,"" is the magazine's first after 11 September.</p><p class=""mt-6"">Spring prints ""Police Searches of Computers,"" ""The Future of PKI"" and ""Breaking the Windows Script Encoder,"" with ""The Billboard Liberation Front"" and ""Declawing Your :CueCat."" Summer covers ""What is Carnivore, Really?"" and ""Everything Your Parents Told You About ESS was a Lie,"" alongside pieces on TCP wrappers, password authentication myths and ""Snooping the Stack."" Autumn runs ""Passport Hacking,"" ""How to Decrypt DirecTV,"" ""Code Red 2"" and ""The Ultimate DRM Hack."" It also carries ""Defeating Intrusion Detection Systems,"" an introduction to ARP spoofing and ""Hacking Kodak Picture Maker."" Winter adds the security of the Inferno OS, ""The Future of Enhanced 911,"" ""Building a Floppy Based Router,"" ""Build a Wooden Computer"" and ""Examining Student Databases.""</p><p class=""mt-6"">The CueCat barcode reader, given away free to magazine subscribers that year, is taken apart here and again in Summer 2004 in ""Passwords on a Cue Cat.""</p>","https://www.2600.com","https://store.2600.com/products/winter-2001-2002","Magazines","Magazines, Hacking, Phone Phreaking, Computer Security, Surveillance","Periodical","","","Hudson Street Library, NYC","","false","/assets/images/magazines/2600/2600-18-4.jpg","","","English","","","","2026-09-05"
"100105","2600","","2600: The Hacker Quarterly","2600: The Hacker Quarterly, Spring 2002","2600 Enterprises, Inc.","2002","","","","","","Volume 19, Number 1","","Emmanuel Goldstein","","","","<p>The 2002 volume, in which 802.11b wireless networking becomes a subject of its own and the magazine begins tracking the surveillance law passed after 11 September.</p><p class=""mt-6"">Spring runs ""Transaction Based Systems,"" ""How to Regain Privacy on the Net,"" ""Stupid Google Tricks"" and ""The Definitive Guide to Phreak Boxes."" ""CampusWide Wide Open"" and ""Defeating Network Address Translation"" follow. Summer prints ""The Comprehensive Guide to 802.11B Wireless Networks"" and ""How to Break Through a Proxy or Firewall,"" with ""The Afghan Phone System"" and ""Getting Into Cisco Routers."" Autumn covers ""Lawfully Authorized Electronic Surveillance,"" ""The Mysterious World of the Lerg"" and ""A History of '31337SP34K',"" plus a review of Kevin Mitnick's <em>The Art of Deception</em>. Winter adds ""Passport Hacking Revisited,"" ""Warspying,"" ""Honeypots: Building the Better Hacker,"" ""Cracking Voter Fraud,"" ""Linux on the Xbox"" and ""Exposing the Coinstar Network.""</p><p class=""mt-6"">The Autumn editorial is ""Freedom's Biggest Enemy."" Together with ""A New Era of Telecommunications Surveillance"" in Summer and the Winter piece on the proposed CBDTPA, it sets out the legislative argument the magazine pursued for the decade.</p>","https://www.2600.com","https://store.2600.com/products/spring-2002","Magazines","Magazines, Hacking, Phone Phreaking, Computer Security, Surveillance","Periodical","","","Hudson Street Library, NYC","","false","/assets/images/magazines/2600/2600-19-1.jpg","","","English","","","","2026-09-05"
"100106","2600","","2600: The Hacker Quarterly","2600: The Hacker Quarterly, Summer 2002","2600 Enterprises, Inc.","2002","","","","","","Volume 19, Number 2","","Emmanuel Goldstein","","","","<p>The 2002 volume, in which 802.11b wireless networking becomes a subject of its own and the magazine begins tracking the surveillance law passed after 11 September.</p><p class=""mt-6"">Spring runs ""Transaction Based Systems,"" ""How to Regain Privacy on the Net,"" ""Stupid Google Tricks"" and ""The Definitive Guide to Phreak Boxes."" ""CampusWide Wide Open"" and ""Defeating Network Address Translation"" follow. Summer prints ""The Comprehensive Guide to 802.11B Wireless Networks"" and ""How to Break Through a Proxy or Firewall,"" with ""The Afghan Phone System"" and ""Getting Into Cisco Routers."" Autumn covers ""Lawfully Authorized Electronic Surveillance,"" ""The Mysterious World of the Lerg"" and ""A History of '31337SP34K',"" plus a review of Kevin Mitnick's <em>The Art of Deception</em>. Winter adds ""Passport Hacking Revisited,"" ""Warspying,"" ""Honeypots: Building the Better Hacker,"" ""Cracking Voter Fraud,"" ""Linux on the Xbox"" and ""Exposing the Coinstar Network.""</p><p class=""mt-6"">The Autumn editorial is ""Freedom's Biggest Enemy."" Together with ""A New Era of Telecommunications Surveillance"" in Summer and the Winter piece on the proposed CBDTPA, it sets out the legislative argument the magazine pursued for the decade.</p>","https://www.2600.com","https://store.2600.com/products/summer-2002","Magazines","Magazines, Hacking, Phone Phreaking, Computer Security, Surveillance","Periodical","","","Hudson Street Library, NYC","","false","/assets/images/magazines/2600/2600-19-2.jpg","","","English","","","","2026-09-05"
"100107","2600","","2600: The Hacker Quarterly","2600: The Hacker Quarterly, Autumn 2002","2600 Enterprises, Inc.","2002","","","","","","Volume 19, Number 3","","Emmanuel Goldstein","","","","<p>The 2002 volume, in which 802.11b wireless networking becomes a subject of its own and the magazine begins tracking the surveillance law passed after 11 September.</p><p class=""mt-6"">Spring runs ""Transaction Based Systems,"" ""How to Regain Privacy on the Net,"" ""Stupid Google Tricks"" and ""The Definitive Guide to Phreak Boxes."" ""CampusWide Wide Open"" and ""Defeating Network Address Translation"" follow. Summer prints ""The Comprehensive Guide to 802.11B Wireless Networks"" and ""How to Break Through a Proxy or Firewall,"" with ""The Afghan Phone System"" and ""Getting Into Cisco Routers."" Autumn covers ""Lawfully Authorized Electronic Surveillance,"" ""The Mysterious World of the Lerg"" and ""A History of '31337SP34K',"" plus a review of Kevin Mitnick's <em>The Art of Deception</em>. Winter adds ""Passport Hacking Revisited,"" ""Warspying,"" ""Honeypots: Building the Better Hacker,"" ""Cracking Voter Fraud,"" ""Linux on the Xbox"" and ""Exposing the Coinstar Network.""</p><p class=""mt-6"">The Autumn editorial is ""Freedom's Biggest Enemy."" Together with ""A New Era of Telecommunications Surveillance"" in Summer and the Winter piece on the proposed CBDTPA, it sets out the legislative argument the magazine pursued for the decade.</p>","https://www.2600.com","https://store.2600.com/products/autumn-2002","Magazines","Magazines, Hacking, Phone Phreaking, Computer Security, Surveillance","Periodical","","","Hudson Street Library, NYC","","false","/assets/images/magazines/2600/2600-19-3.jpg","","","English","","","","2026-09-05"
"100108","2600","","2600: The Hacker Quarterly","2600: The Hacker Quarterly, Winter 2002-2003","2600 Enterprises, Inc.","2002","","","","","","Volume 19, Number 4","","Emmanuel Goldstein","","","","<p>The 2002 volume, in which 802.11b wireless networking becomes a subject of its own and the magazine begins tracking the surveillance law passed after 11 September.</p><p class=""mt-6"">Spring runs ""Transaction Based Systems,"" ""How to Regain Privacy on the Net,"" ""Stupid Google Tricks"" and ""The Definitive Guide to Phreak Boxes."" ""CampusWide Wide Open"" and ""Defeating Network Address Translation"" follow. Summer prints ""The Comprehensive Guide to 802.11B Wireless Networks"" and ""How to Break Through a Proxy or Firewall,"" with ""The Afghan Phone System"" and ""Getting Into Cisco Routers."" Autumn covers ""Lawfully Authorized Electronic Surveillance,"" ""The Mysterious World of the Lerg"" and ""A History of '31337SP34K',"" plus a review of Kevin Mitnick's <em>The Art of Deception</em>. Winter adds ""Passport Hacking Revisited,"" ""Warspying,"" ""Honeypots: Building the Better Hacker,"" ""Cracking Voter Fraud,"" ""Linux on the Xbox"" and ""Exposing the Coinstar Network.""</p><p class=""mt-6"">The Autumn editorial is ""Freedom's Biggest Enemy."" Together with ""A New Era of Telecommunications Surveillance"" in Summer and the Winter piece on the proposed CBDTPA, it sets out the legislative argument the magazine pursued for the decade.</p>","https://www.2600.com","https://store.2600.com/products/winter-2002-2003","Magazines","Magazines, Hacking, Phone Phreaking, Computer Security, Surveillance","Periodical","","","Hudson Street Library, NYC","","false","/assets/images/magazines/2600/2600-19-4.jpg","","","English","","","","2026-09-05"
"100109","2600","","2600: The Hacker Quarterly","2600: The Hacker Quarterly, Spring 2003","2600 Enterprises, Inc.","2003","","","","","","Volume 20, Number 1","","Emmanuel Goldstein","","","","<p>The 2003 volume, published through the invasion of Iraq, opening with the editorial ""Not in Our Name"" and an article by a hacker sent there.</p><p class=""mt-6"">Spring runs ""ANI and Caller ID Spoofing,"" ""A Hacker Goes to Iraq"" and ""Getting Busted - Military Style,"" with ""Fun with 802.11b at Kroger's"" and ""Best Buy Insecurities."" Summer covers ""Traversing the Corporate Firewall,"" ""Staying Anonymous in the Information Age"" and hardware key logging. It also prints ""Microphones, Laptops, and Supertaps,"" ""McWireless Exposed"" and ""Why Redboxing Still Works (sorta)."" Autumn takes in ""Getting to Know Your Neighbors,"" ""Servers on a Ghetto ISP,"" ""Case Mods Made Easy"" and ""More Xbox Fun and Mischief."" ""The Hacker Diet"" and ""The Threat of Biometrics"" close the issue. Winter adds ""Hacking the Genome,"" ""Living Without an SSN,"" ""WEP: Not For Me,"" ""War Driving with a Pocket PC,"" ""Verizon's Call Intercept"" and ""Unlocking GSM Handsets.""</p><p class=""mt-6"">Wireless runs through the whole volume, from the supermarket article in Spring to three war driving and WEP pieces in Winter, and it is the volume's largest single subject.</p>","https://www.2600.com","https://store.2600.com/products/spring-2004","Magazines","Magazines, Hacking, Phone Phreaking, Computer Security, Surveillance","Periodical","","","Hudson Street Library, NYC","","false","/assets/images/magazines/2600/2600-20-1.jpg","","","English","","","","2026-09-05"
"100110","2600","","2600: The Hacker Quarterly","2600: The Hacker Quarterly, Summer 2003","2600 Enterprises, Inc.","2003","","","","","","Volume 20, Number 2","","Emmanuel Goldstein","","","","<p>The 2003 volume, published through the invasion of Iraq, opening with the editorial ""Not in Our Name"" and an article by a hacker sent there.</p><p class=""mt-6"">Spring runs ""ANI and Caller ID Spoofing,"" ""A Hacker Goes to Iraq"" and ""Getting Busted - Military Style,"" with ""Fun with 802.11b at Kroger's"" and ""Best Buy Insecurities."" Summer covers ""Traversing the Corporate Firewall,"" ""Staying Anonymous in the Information Age"" and hardware key logging. It also prints ""Microphones, Laptops, and Supertaps,"" ""McWireless Exposed"" and ""Why Redboxing Still Works (sorta)."" Autumn takes in ""Getting to Know Your Neighbors,"" ""Servers on a Ghetto ISP,"" ""Case Mods Made Easy"" and ""More Xbox Fun and Mischief."" ""The Hacker Diet"" and ""The Threat of Biometrics"" close the issue. Winter adds ""Hacking the Genome,"" ""Living Without an SSN,"" ""WEP: Not For Me,"" ""War Driving with a Pocket PC,"" ""Verizon's Call Intercept"" and ""Unlocking GSM Handsets.""</p><p class=""mt-6"">Wireless runs through the whole volume, from the supermarket article in Spring to three war driving and WEP pieces in Winter, and it is the volume's largest single subject.</p>","https://www.2600.com","https://store.2600.com/products/summer-2003","Magazines","Magazines, Hacking, Phone Phreaking, Computer Security, Surveillance","Periodical","","","Hudson Street Library, NYC","","false","/assets/images/magazines/2600/2600-20-2.jpg","","","English","","","","2026-09-05"
"100111","2600","","2600: The Hacker Quarterly","2600: The Hacker Quarterly, Autumn 2003","2600 Enterprises, Inc.","2003","","","","","","Volume 20, Number 3","","Emmanuel Goldstein","","","","<p>The 2003 volume, published through the invasion of Iraq, opening with the editorial ""Not in Our Name"" and an article by a hacker sent there.</p><p class=""mt-6"">Spring runs ""ANI and Caller ID Spoofing,"" ""A Hacker Goes to Iraq"" and ""Getting Busted - Military Style,"" with ""Fun with 802.11b at Kroger's"" and ""Best Buy Insecurities."" Summer covers ""Traversing the Corporate Firewall,"" ""Staying Anonymous in the Information Age"" and hardware key logging. It also prints ""Microphones, Laptops, and Supertaps,"" ""McWireless Exposed"" and ""Why Redboxing Still Works (sorta)."" Autumn takes in ""Getting to Know Your Neighbors,"" ""Servers on a Ghetto ISP,"" ""Case Mods Made Easy"" and ""More Xbox Fun and Mischief."" ""The Hacker Diet"" and ""The Threat of Biometrics"" close the issue. Winter adds ""Hacking the Genome,"" ""Living Without an SSN,"" ""WEP: Not For Me,"" ""War Driving with a Pocket PC,"" ""Verizon's Call Intercept"" and ""Unlocking GSM Handsets.""</p><p class=""mt-6"">Wireless runs through the whole volume, from the supermarket article in Spring to three war driving and WEP pieces in Winter, and it is the volume's largest single subject.</p>","https://www.2600.com","https://store.2600.com/products/autumn-2003","Magazines","Magazines, Hacking, Phone Phreaking, Computer Security, Surveillance","Periodical","","","Hudson Street Library, NYC","","false","/assets/images/magazines/2600/2600-20-3.jpg","","","English","","","","2026-09-05"
"100112","2600","","2600: The Hacker Quarterly","2600: The Hacker Quarterly, Winter 2003-2004","2600 Enterprises, Inc.","2003","","","","","","Volume 20, Number 4","","Emmanuel Goldstein","","","","<p>The 2003 volume, published through the invasion of Iraq, opening with the editorial ""Not in Our Name"" and an article by a hacker sent there.</p><p class=""mt-6"">Spring runs ""ANI and Caller ID Spoofing,"" ""A Hacker Goes to Iraq"" and ""Getting Busted - Military Style,"" with ""Fun with 802.11b at Kroger's"" and ""Best Buy Insecurities."" Summer covers ""Traversing the Corporate Firewall,"" ""Staying Anonymous in the Information Age"" and hardware key logging. It also prints ""Microphones, Laptops, and Supertaps,"" ""McWireless Exposed"" and ""Why Redboxing Still Works (sorta)."" Autumn takes in ""Getting to Know Your Neighbors,"" ""Servers on a Ghetto ISP,"" ""Case Mods Made Easy"" and ""More Xbox Fun and Mischief."" ""The Hacker Diet"" and ""The Threat of Biometrics"" close the issue. Winter adds ""Hacking the Genome,"" ""Living Without an SSN,"" ""WEP: Not For Me,"" ""War Driving with a Pocket PC,"" ""Verizon's Call Intercept"" and ""Unlocking GSM Handsets.""</p><p class=""mt-6"">Wireless runs through the whole volume, from the supermarket article in Spring to three war driving and WEP pieces in Winter, and it is the volume's largest single subject.</p>","https://www.2600.com","https://store.2600.com/products/winter-2003-2004","Magazines","Magazines, Hacking, Phone Phreaking, Computer Security, Surveillance","Periodical","","","Hudson Street Library, NYC","","false","/assets/images/magazines/2600/2600-20-4.jpg","","","English","","","","2026-09-05"
"100113","2600","","2600: The Hacker Quarterly","2600: The Hacker Quarterly, Spring 2004","2600 Enterprises, Inc.","2004","","","","","","Volume 21, Number 1","","Emmanuel Goldstein","","","","<p>The twentieth anniversary volume, opening with the editorial ""Twenty Years After"" and running the magazine's widest spread yet of articles on ordinary commercial systems.</p><p class=""mt-6"">Spring covers ""Taking Advantage of Physical Access,"" ""Hacking the Hilton,"" ""Cruise Cracking"" and ""Hacking a Mercedes Benz with a Universal Remote."" It also runs ""Barcode Tricks,"" ""Installing Debian on your Unmodded Xbox"" and ""Setting Your Music Free: iTunes Music Sans DRM."" Summer prints ""Scumware, Spyware, Adware, Sneakware,"" ""Impromptu Lock Picks,"" ""Magstripe Interfacing - A Lost Art"" and ""Passwords on a Cue Cat,"" with ""A Guide to Internet Piracy."" Autumn runs ""Anti-Forensics: Make Secrets Stay Secret,"" ""Digital CDMA Cloning,"" ""Bit Torrent - The Future of the Internet?,"" ""Hacking Soda Machines"" and ""Warwalking in Times Square."" Winter adds ""Hacking CDMA PRLs,"" ""Catching Credit Card Fraud through Steganography,"" ""Hacking LaGard ComboGard Locks,"" ""Hacking Ticketmaster"" and ""Building Cheap ID Cards.""</p><p class=""mt-6"">The Fifth HOPE was held in New York that July, fifth in the conference series 2600 began in 1994.</p>","https://www.2600.com","https://store.2600.com/products/spring-2003","Magazines","Magazines, Hacking, Phone Phreaking, Computer Security, Surveillance","Periodical","","","Hudson Street Library, NYC","","false","/assets/images/magazines/2600/2600-21-1.jpg","","","English","","","","2026-09-05"
"100114","2600","","2600: The Hacker Quarterly","2600: The Hacker Quarterly, Summer 2004","2600 Enterprises, Inc.","2004","","","","","","Volume 21, Number 2","","Emmanuel Goldstein","","","","<p>The twentieth anniversary volume, opening with the editorial ""Twenty Years After"" and running the magazine's widest spread yet of articles on ordinary commercial systems.</p><p class=""mt-6"">Spring covers ""Taking Advantage of Physical Access,"" ""Hacking the Hilton,"" ""Cruise Cracking"" and ""Hacking a Mercedes Benz with a Universal Remote."" It also runs ""Barcode Tricks,"" ""Installing Debian on your Unmodded Xbox"" and ""Setting Your Music Free: iTunes Music Sans DRM."" Summer prints ""Scumware, Spyware, Adware, Sneakware,"" ""Impromptu Lock Picks,"" ""Magstripe Interfacing - A Lost Art"" and ""Passwords on a Cue Cat,"" with ""A Guide to Internet Piracy."" Autumn runs ""Anti-Forensics: Make Secrets Stay Secret,"" ""Digital CDMA Cloning,"" ""Bit Torrent - The Future of the Internet?,"" ""Hacking Soda Machines"" and ""Warwalking in Times Square."" Winter adds ""Hacking CDMA PRLs,"" ""Catching Credit Card Fraud through Steganography,"" ""Hacking LaGard ComboGard Locks,"" ""Hacking Ticketmaster"" and ""Building Cheap ID Cards.""</p><p class=""mt-6"">The Fifth HOPE was held in New York that July, fifth in the conference series 2600 began in 1994.</p>","https://www.2600.com","https://store.2600.com/products/summer-2004","Magazines","Magazines, Hacking, Phone Phreaking, Computer Security, Surveillance","Periodical","","","Hudson Street Library, NYC","","false","/assets/images/magazines/2600/2600-21-2.jpg","","","English","","","","2026-09-05"
"100115","2600","","2600: The Hacker Quarterly","2600: The Hacker Quarterly, Autumn 2004","2600 Enterprises, Inc.","2004","","","","","","Volume 21, Number 3","","Emmanuel Goldstein","","","","<p>The twentieth anniversary volume, opening with the editorial ""Twenty Years After"" and running the magazine's widest spread yet of articles on ordinary commercial systems.</p><p class=""mt-6"">Spring covers ""Taking Advantage of Physical Access,"" ""Hacking the Hilton,"" ""Cruise Cracking"" and ""Hacking a Mercedes Benz with a Universal Remote."" It also runs ""Barcode Tricks,"" ""Installing Debian on your Unmodded Xbox"" and ""Setting Your Music Free: iTunes Music Sans DRM."" Summer prints ""Scumware, Spyware, Adware, Sneakware,"" ""Impromptu Lock Picks,"" ""Magstripe Interfacing - A Lost Art"" and ""Passwords on a Cue Cat,"" with ""A Guide to Internet Piracy."" Autumn runs ""Anti-Forensics: Make Secrets Stay Secret,"" ""Digital CDMA Cloning,"" ""Bit Torrent - The Future of the Internet?,"" ""Hacking Soda Machines"" and ""Warwalking in Times Square."" Winter adds ""Hacking CDMA PRLs,"" ""Catching Credit Card Fraud through Steganography,"" ""Hacking LaGard ComboGard Locks,"" ""Hacking Ticketmaster"" and ""Building Cheap ID Cards.""</p><p class=""mt-6"">The Fifth HOPE was held in New York that July, fifth in the conference series 2600 began in 1994.</p>","https://www.2600.com","https://store.2600.com/products/autumn-2004","Magazines","Magazines, Hacking, Phone Phreaking, Computer Security, Surveillance","Periodical","","","Hudson Street Library, NYC","","false","/assets/images/magazines/2600/2600-21-3.jpg","","","English","","","","2026-09-05"
"100116","2600","","2600: The Hacker Quarterly","2600: The Hacker Quarterly, Winter 2004-2005","2600 Enterprises, Inc.","2004","","","","","","Volume 21, Number 4","","Emmanuel Goldstein","","","","<p>The twentieth anniversary volume, opening with the editorial ""Twenty Years After"" and running the magazine's widest spread yet of articles on ordinary commercial systems.</p><p class=""mt-6"">Spring covers ""Taking Advantage of Physical Access,"" ""Hacking the Hilton,"" ""Cruise Cracking"" and ""Hacking a Mercedes Benz with a Universal Remote."" It also runs ""Barcode Tricks,"" ""Installing Debian on your Unmodded Xbox"" and ""Setting Your Music Free: iTunes Music Sans DRM."" Summer prints ""Scumware, Spyware, Adware, Sneakware,"" ""Impromptu Lock Picks,"" ""Magstripe Interfacing - A Lost Art"" and ""Passwords on a Cue Cat,"" with ""A Guide to Internet Piracy."" Autumn runs ""Anti-Forensics: Make Secrets Stay Secret,"" ""Digital CDMA Cloning,"" ""Bit Torrent - The Future of the Internet?,"" ""Hacking Soda Machines"" and ""Warwalking in Times Square."" Winter adds ""Hacking CDMA PRLs,"" ""Catching Credit Card Fraud through Steganography,"" ""Hacking LaGard ComboGard Locks,"" ""Hacking Ticketmaster"" and ""Building Cheap ID Cards.""</p><p class=""mt-6"">The Fifth HOPE was held in New York that July, fifth in the conference series 2600 began in 1994.</p>","https://www.2600.com","https://store.2600.com/products/winter-2004-2005","Magazines","Magazines, Hacking, Phone Phreaking, Computer Security, Surveillance","Periodical","","","Hudson Street Library, NYC","","false","/assets/images/magazines/2600/2600-21-4.jpg","","","English","","","","2026-09-05"
"100117","2600","","2600: The Hacker Quarterly","2600: The Hacker Quarterly, Spring 2005","2600 Enterprises, Inc.","2005","","","","","","Volume 22, Number 1","","Emmanuel Goldstein","","","","<p>The 2005 volume, which opens with ""New York City's MTA Exposed"" and spends the year on Google, voice over IP, and the systems running inside chain stores.</p><p class=""mt-6"">Spring runs ""Electronic Application Insecurity,"" ""Voice Over Internet Protocol,"" ""Hacking Cisco IP Phones"" and ""Hunting Wifi Leeches."" It also prints ""HP Printers: The Hidden Threat,"" ""Magnetic Stripe Reading"" and ""Inside the Emergency Alert System."" Summer is largely Google: ""Hacking Google AdWords,"" ""Hacking Google Map's Satellite Imagery"" and ""Googlejacking by Example,"" beside ""Home Depot's Lousy Security"" and ""Spying on the Library."" Autumn covers data destruction, ""Getting More out of SSH,"" ""Using Tor and SSH Tunneling,"" ""Javascript Injection"" and ""A Peek Inside a Simple ATM Machine."" Winter adds ""Hacking a JP1 Remote Control,"" ""The RedBox DVD Kiosk,"" ""How to Track Any UK GSM Mobile Phone"" and an introduction to the Asterisk PBX.</p><p class=""mt-6"">Tor appears in the magazine for the first time in the Autumn issue. It became a standing subject: its control protocol in 2009, running a hidden service in 2017, and the disappearance of hidden services in 2021.</p>","https://www.2600.com","https://store.2600.com/products/spring-2006","Magazines","Magazines, Hacking, Phone Phreaking, Computer Security, Surveillance","Periodical","","","Hudson Street Library, NYC","","false","/assets/images/magazines/2600/2600-22-1.jpg","","","English","","","","2026-09-05"
"100118","2600","","2600: The Hacker Quarterly","2600: The Hacker Quarterly, Summer 2005","2600 Enterprises, Inc.","2005","","","","","","Volume 22, Number 2","","Emmanuel Goldstein","","","","<p>The 2005 volume, which opens with ""New York City's MTA Exposed"" and spends the year on Google, voice over IP, and the systems running inside chain stores.</p><p class=""mt-6"">Spring runs ""Electronic Application Insecurity,"" ""Voice Over Internet Protocol,"" ""Hacking Cisco IP Phones"" and ""Hunting Wifi Leeches."" It also prints ""HP Printers: The Hidden Threat,"" ""Magnetic Stripe Reading"" and ""Inside the Emergency Alert System."" Summer is largely Google: ""Hacking Google AdWords,"" ""Hacking Google Map's Satellite Imagery"" and ""Googlejacking by Example,"" beside ""Home Depot's Lousy Security"" and ""Spying on the Library."" Autumn covers data destruction, ""Getting More out of SSH,"" ""Using Tor and SSH Tunneling,"" ""Javascript Injection"" and ""A Peek Inside a Simple ATM Machine."" Winter adds ""Hacking a JP1 Remote Control,"" ""The RedBox DVD Kiosk,"" ""How to Track Any UK GSM Mobile Phone"" and an introduction to the Asterisk PBX.</p><p class=""mt-6"">Tor appears in the magazine for the first time in the Autumn issue. It became a standing subject: its control protocol in 2009, running a hidden service in 2017, and the disappearance of hidden services in 2021.</p>","https://www.2600.com","https://store.2600.com/products/summer-2005","Magazines","Magazines, Hacking, Phone Phreaking, Computer Security, Surveillance","Periodical","","","Hudson Street Library, NYC","","false","/assets/images/magazines/2600/2600-22-2.jpg","","","English","","","","2026-09-05"
"100119","2600","","2600: The Hacker Quarterly","2600: The Hacker Quarterly, Autumn 2005","2600 Enterprises, Inc.","2005","","","","","","Volume 22, Number 3","","Emmanuel Goldstein","","","","<p>The 2005 volume, which opens with ""New York City's MTA Exposed"" and spends the year on Google, voice over IP, and the systems running inside chain stores.</p><p class=""mt-6"">Spring runs ""Electronic Application Insecurity,"" ""Voice Over Internet Protocol,"" ""Hacking Cisco IP Phones"" and ""Hunting Wifi Leeches."" It also prints ""HP Printers: The Hidden Threat,"" ""Magnetic Stripe Reading"" and ""Inside the Emergency Alert System."" Summer is largely Google: ""Hacking Google AdWords,"" ""Hacking Google Map's Satellite Imagery"" and ""Googlejacking by Example,"" beside ""Home Depot's Lousy Security"" and ""Spying on the Library."" Autumn covers data destruction, ""Getting More out of SSH,"" ""Using Tor and SSH Tunneling,"" ""Javascript Injection"" and ""A Peek Inside a Simple ATM Machine."" Winter adds ""Hacking a JP1 Remote Control,"" ""The RedBox DVD Kiosk,"" ""How to Track Any UK GSM Mobile Phone"" and an introduction to the Asterisk PBX.</p><p class=""mt-6"">Tor appears in the magazine for the first time in the Autumn issue. It became a standing subject: its control protocol in 2009, running a hidden service in 2017, and the disappearance of hidden services in 2021.</p>","https://www.2600.com","https://store.2600.com/products/autumn-2005","Magazines","Magazines, Hacking, Phone Phreaking, Computer Security, Surveillance","Periodical","","","Hudson Street Library, NYC","","false","/assets/images/magazines/2600/2600-22-3.jpg","","","English","","","","2026-09-05"
"100120","2600","","2600: The Hacker Quarterly","2600: The Hacker Quarterly, Winter 2005-2006","2600 Enterprises, Inc.","2005","","","","","","Volume 22, Number 4","","Emmanuel Goldstein","","","","<p>The 2005 volume, which opens with ""New York City's MTA Exposed"" and spends the year on Google, voice over IP, and the systems running inside chain stores.</p><p class=""mt-6"">Spring runs ""Electronic Application Insecurity,"" ""Voice Over Internet Protocol,"" ""Hacking Cisco IP Phones"" and ""Hunting Wifi Leeches."" It also prints ""HP Printers: The Hidden Threat,"" ""Magnetic Stripe Reading"" and ""Inside the Emergency Alert System."" Summer is largely Google: ""Hacking Google AdWords,"" ""Hacking Google Map's Satellite Imagery"" and ""Googlejacking by Example,"" beside ""Home Depot's Lousy Security"" and ""Spying on the Library."" Autumn covers data destruction, ""Getting More out of SSH,"" ""Using Tor and SSH Tunneling,"" ""Javascript Injection"" and ""A Peek Inside a Simple ATM Machine."" Winter adds ""Hacking a JP1 Remote Control,"" ""The RedBox DVD Kiosk,"" ""How to Track Any UK GSM Mobile Phone"" and an introduction to the Asterisk PBX.</p><p class=""mt-6"">Tor appears in the magazine for the first time in the Autumn issue. It became a standing subject: its control protocol in 2009, running a hidden service in 2017, and the disappearance of hidden services in 2021.</p>","https://www.2600.com","https://store.2600.com/products/winter-2005-2006","Magazines","Magazines, Hacking, Phone Phreaking, Computer Security, Surveillance","Periodical","","","Hudson Street Library, NYC","","false","/assets/images/magazines/2600/2600-22-4.jpg","","","English","","","","2026-09-05"
"100121","2600","","2600: The Hacker Quarterly","2600: The Hacker Quarterly, Spring 2006","2600 Enterprises, Inc.","2006","","","","","","Volume 23, Number 1","","Emmanuel Goldstein","","","","<p>The 2006 volume, in which the magazine acquired its named columns and, in the Winter issue, more pages than it had ever run.</p><p class=""mt-6"">Spring covers ""Filesharing using TinyURL.com,"" ""XSS'ing MySpace.com,"" ""United Kingdom: The State of Surveillance"" and ""Hacking the Facebook,"" with ""The Secrets of Cingular Wireless"" and ""A Look at Jabber/XMPP."" Summer adds ""More on Hacking Facebook,"" ""Getting Screwed by PayPal,"" ""Easy Access to T-Mobile and Cingular Accounts"" and ""Breaking Mac OS X Program Security."" Autumn runs ""Identity Theft: Misinformation Can Be Your Friend,"" ""Where Have The Philes Gone?,"" ""A Back Door to Your Oracle Database"" and ""Hacking Flickr."" ""Never Pay for WiFi Again!"" and ""Attacking Third Party Tracking"" close it. Winter covers ""Circumventing the DoD's SmartFilter,"" ""Red Boxing Revealed for the New Age,"" ""How to Build a Book Safe"" and ""The Not-So-Great Firewall of China.""</p><p class=""mt-6"">TELECOM INFORMER, HACKER PERSPECTIVE and TECHNO-EXEGESIS all begin here. The HACKER PERSPECTIVE slot, a guest essay in every issue, was filled across the four issues by The Cheshire Catalyst, Bruce Schneier, Mark Abene and Phillip Torrone.</p>","https://www.2600.com","https://store.2600.com/products/spring-2005","Magazines","Magazines, Hacking, Phone Phreaking, Computer Security, Surveillance","Periodical","","","Hudson Street Library, NYC","","false","/assets/images/magazines/2600/2600-23-1.jpg","","","English","","","","2026-09-05"
"100122","2600","","2600: The Hacker Quarterly","2600: The Hacker Quarterly, Summer 2006","2600 Enterprises, Inc.","2006","","","","","","Volume 23, Number 2","","Emmanuel Goldstein","","","","<p>The 2006 volume, in which the magazine acquired its named columns and, in the Winter issue, more pages than it had ever run.</p><p class=""mt-6"">Spring covers ""Filesharing using TinyURL.com,"" ""XSS'ing MySpace.com,"" ""United Kingdom: The State of Surveillance"" and ""Hacking the Facebook,"" with ""The Secrets of Cingular Wireless"" and ""A Look at Jabber/XMPP."" Summer adds ""More on Hacking Facebook,"" ""Getting Screwed by PayPal,"" ""Easy Access to T-Mobile and Cingular Accounts"" and ""Breaking Mac OS X Program Security."" Autumn runs ""Identity Theft: Misinformation Can Be Your Friend,"" ""Where Have The Philes Gone?,"" ""A Back Door to Your Oracle Database"" and ""Hacking Flickr."" ""Never Pay for WiFi Again!"" and ""Attacking Third Party Tracking"" close it. Winter covers ""Circumventing the DoD's SmartFilter,"" ""Red Boxing Revealed for the New Age,"" ""How to Build a Book Safe"" and ""The Not-So-Great Firewall of China.""</p><p class=""mt-6"">TELECOM INFORMER, HACKER PERSPECTIVE and TECHNO-EXEGESIS all begin here. The HACKER PERSPECTIVE slot, a guest essay in every issue, was filled across the four issues by The Cheshire Catalyst, Bruce Schneier, Mark Abene and Phillip Torrone.</p>","https://www.2600.com","https://store.2600.com/products/summer-2006","Magazines","Magazines, Hacking, Phone Phreaking, Computer Security, Surveillance","Periodical","","","Hudson Street Library, NYC","","false","/assets/images/magazines/2600/2600-23-2.jpg","","","English","","","","2026-09-05"
"100123","2600","","2600: The Hacker Quarterly","2600: The Hacker Quarterly, Autumn 2006","2600 Enterprises, Inc.","2006","","","","","","Volume 23, Number 3","","Emmanuel Goldstein","","","","<p>The 2006 volume, in which the magazine acquired its named columns and, in the Winter issue, more pages than it had ever run.</p><p class=""mt-6"">Spring covers ""Filesharing using TinyURL.com,"" ""XSS'ing MySpace.com,"" ""United Kingdom: The State of Surveillance"" and ""Hacking the Facebook,"" with ""The Secrets of Cingular Wireless"" and ""A Look at Jabber/XMPP."" Summer adds ""More on Hacking Facebook,"" ""Getting Screwed by PayPal,"" ""Easy Access to T-Mobile and Cingular Accounts"" and ""Breaking Mac OS X Program Security."" Autumn runs ""Identity Theft: Misinformation Can Be Your Friend,"" ""Where Have The Philes Gone?,"" ""A Back Door to Your Oracle Database"" and ""Hacking Flickr."" ""Never Pay for WiFi Again!"" and ""Attacking Third Party Tracking"" close it. Winter covers ""Circumventing the DoD's SmartFilter,"" ""Red Boxing Revealed for the New Age,"" ""How to Build a Book Safe"" and ""The Not-So-Great Firewall of China.""</p><p class=""mt-6"">TELECOM INFORMER, HACKER PERSPECTIVE and TECHNO-EXEGESIS all begin here. The HACKER PERSPECTIVE slot, a guest essay in every issue, was filled across the four issues by The Cheshire Catalyst, Bruce Schneier, Mark Abene and Phillip Torrone.</p>","https://www.2600.com","https://store.2600.com/products/autumn-2006","Magazines","Magazines, Hacking, Phone Phreaking, Computer Security, Surveillance","Periodical","","","Hudson Street Library, NYC","","false","/assets/images/magazines/2600/2600-23-3.jpg","","","English","","","","2026-09-05"
"100124","2600","","2600: The Hacker Quarterly","2600: The Hacker Quarterly, Winter 2006-2007","2600 Enterprises, Inc.","2006","","","","","","Volume 23, Number 4","","Emmanuel Goldstein","","","","<p>The 2006 volume, in which the magazine acquired its named columns and, in the Winter issue, more pages than it had ever run.</p><p class=""mt-6"">Spring covers ""Filesharing using TinyURL.com,"" ""XSS'ing MySpace.com,"" ""United Kingdom: The State of Surveillance"" and ""Hacking the Facebook,"" with ""The Secrets of Cingular Wireless"" and ""A Look at Jabber/XMPP."" Summer adds ""More on Hacking Facebook,"" ""Getting Screwed by PayPal,"" ""Easy Access to T-Mobile and Cingular Accounts"" and ""Breaking Mac OS X Program Security."" Autumn runs ""Identity Theft: Misinformation Can Be Your Friend,"" ""Where Have The Philes Gone?,"" ""A Back Door to Your Oracle Database"" and ""Hacking Flickr."" ""Never Pay for WiFi Again!"" and ""Attacking Third Party Tracking"" close it. Winter covers ""Circumventing the DoD's SmartFilter,"" ""Red Boxing Revealed for the New Age,"" ""How to Build a Book Safe"" and ""The Not-So-Great Firewall of China.""</p><p class=""mt-6"">TELECOM INFORMER, HACKER PERSPECTIVE and TECHNO-EXEGESIS all begin here. The HACKER PERSPECTIVE slot, a guest essay in every issue, was filled across the four issues by The Cheshire Catalyst, Bruce Schneier, Mark Abene and Phillip Torrone.</p>","https://www.2600.com","https://store.2600.com/products/winter-2006-2007","Magazines","Magazines, Hacking, Phone Phreaking, Computer Security, Surveillance","Periodical","","","Hudson Street Library, NYC","","false","/assets/images/magazines/2600/2600-23-4.jpg","","","English","","","","2026-09-05"
"100125","2600","","2600: The Hacker Quarterly","2600: The Hacker Quarterly, Spring 2007","2600 Enterprises, Inc.","2007","","","","","","Volume 24, Number 1","","Emmanuel Goldstein","","","","<p>The 2007 volume, the first with TRANSMISSIONS running in every issue and the first in which web application security takes as much space as the telephone network.</p><p class=""mt-6"">Spring runs ""Understanding Web Application Security,"" ""RFID: Radio Freak-me-out Identification"" and ""Avoiding Internet Filtering,"" with ""Hacking Your Own Front Door,"" ""Dorking the DoorKing"" and ""Hacking My Ambulance."" ""Network Ninjitsu: Bypassing Firewalls and Web Filters"" and ""How to Cripple the FBI"" close the issue. Summer covers ""Discovering Vulns,"" ""Enhancing Nortel IP Phones with Open Source Software,"" ""Deobfuscation,"" ""Internet Archaeology"" and ""Java Reverse Engineering."" Autumn prints ""VoIP Security: Shit or Get Off the POTS,"" ""Social Engineering and Pretexts,"" ""The RIAA's War on Terror,"" ""Hacking an Election"" and ""The Trouble with Library Records."" Winter adds ""Building Your Own Networks,"" ""Darknets,"" ""An Introduction to Beige Boxing,"" ""Hacking the SanDisk U3,"" ""Facebook Applications Revealed"" and ""Zero-Knowledge Intrusion.""</p><p class=""mt-6"">The Autumn HACKER PERSPECTIVE column is headed ""YOU,"" an open call for the guest essay filled that year by Bill Squire, Mitch Altman and Rop Gonggrijp.</p>","https://www.2600.com","https://store.2600.com/products/spring-2007","Magazines","Magazines, Hacking, Phone Phreaking, Computer Security, Surveillance","Periodical","","","Hudson Street Library, NYC","","false","/assets/images/magazines/2600/2600-24-1.jpg","","","English","","","","2026-09-05"
"100126","2600","","2600: The Hacker Quarterly","2600: The Hacker Quarterly, Summer 2007","2600 Enterprises, Inc.","2007","","","","","","Volume 24, Number 2","","Emmanuel Goldstein","","","","<p>The 2007 volume, the first with TRANSMISSIONS running in every issue and the first in which web application security takes as much space as the telephone network.</p><p class=""mt-6"">Spring runs ""Understanding Web Application Security,"" ""RFID: Radio Freak-me-out Identification"" and ""Avoiding Internet Filtering,"" with ""Hacking Your Own Front Door,"" ""Dorking the DoorKing"" and ""Hacking My Ambulance."" ""Network Ninjitsu: Bypassing Firewalls and Web Filters"" and ""How to Cripple the FBI"" close the issue. Summer covers ""Discovering Vulns,"" ""Enhancing Nortel IP Phones with Open Source Software,"" ""Deobfuscation,"" ""Internet Archaeology"" and ""Java Reverse Engineering."" Autumn prints ""VoIP Security: Shit or Get Off the POTS,"" ""Social Engineering and Pretexts,"" ""The RIAA's War on Terror,"" ""Hacking an Election"" and ""The Trouble with Library Records."" Winter adds ""Building Your Own Networks,"" ""Darknets,"" ""An Introduction to Beige Boxing,"" ""Hacking the SanDisk U3,"" ""Facebook Applications Revealed"" and ""Zero-Knowledge Intrusion.""</p><p class=""mt-6"">The Autumn HACKER PERSPECTIVE column is headed ""YOU,"" an open call for the guest essay filled that year by Bill Squire, Mitch Altman and Rop Gonggrijp.</p>","https://www.2600.com","https://store.2600.com/products/summer-2007","Magazines","Magazines, Hacking, Phone Phreaking, Computer Security, Surveillance","Periodical","","","Hudson Street Library, NYC","","false","/assets/images/magazines/2600/2600-24-2.jpg","","","English","","","","2026-09-05"
"100127","2600","","2600: The Hacker Quarterly","2600: The Hacker Quarterly, Autumn 2007","2600 Enterprises, Inc.","2007","","","","","","Volume 24, Number 3","","Emmanuel Goldstein","","","","<p>The 2007 volume, the first with TRANSMISSIONS running in every issue and the first in which web application security takes as much space as the telephone network.</p><p class=""mt-6"">Spring runs ""Understanding Web Application Security,"" ""RFID: Radio Freak-me-out Identification"" and ""Avoiding Internet Filtering,"" with ""Hacking Your Own Front Door,"" ""Dorking the DoorKing"" and ""Hacking My Ambulance."" ""Network Ninjitsu: Bypassing Firewalls and Web Filters"" and ""How to Cripple the FBI"" close the issue. Summer covers ""Discovering Vulns,"" ""Enhancing Nortel IP Phones with Open Source Software,"" ""Deobfuscation,"" ""Internet Archaeology"" and ""Java Reverse Engineering."" Autumn prints ""VoIP Security: Shit or Get Off the POTS,"" ""Social Engineering and Pretexts,"" ""The RIAA's War on Terror,"" ""Hacking an Election"" and ""The Trouble with Library Records."" Winter adds ""Building Your Own Networks,"" ""Darknets,"" ""An Introduction to Beige Boxing,"" ""Hacking the SanDisk U3,"" ""Facebook Applications Revealed"" and ""Zero-Knowledge Intrusion.""</p><p class=""mt-6"">The Autumn HACKER PERSPECTIVE column is headed ""YOU,"" an open call for the guest essay filled that year by Bill Squire, Mitch Altman and Rop Gonggrijp.</p>","https://www.2600.com","https://store.2600.com/products/autumn-2007","Magazines","Magazines, Hacking, Phone Phreaking, Computer Security, Surveillance","Periodical","","","Hudson Street Library, NYC","","false","/assets/images/magazines/2600/2600-24-3.jpg","","","English","","","","2026-09-05"
"100128","2600","","2600: The Hacker Quarterly","2600: The Hacker Quarterly, Winter 2007-2008","2600 Enterprises, Inc.","2007","","","","","","Volume 24, Number 4","","Emmanuel Goldstein","","","","<p>The 2007 volume, the first with TRANSMISSIONS running in every issue and the first in which web application security takes as much space as the telephone network.</p><p class=""mt-6"">Spring runs ""Understanding Web Application Security,"" ""RFID: Radio Freak-me-out Identification"" and ""Avoiding Internet Filtering,"" with ""Hacking Your Own Front Door,"" ""Dorking the DoorKing"" and ""Hacking My Ambulance."" ""Network Ninjitsu: Bypassing Firewalls and Web Filters"" and ""How to Cripple the FBI"" close the issue. Summer covers ""Discovering Vulns,"" ""Enhancing Nortel IP Phones with Open Source Software,"" ""Deobfuscation,"" ""Internet Archaeology"" and ""Java Reverse Engineering."" Autumn prints ""VoIP Security: Shit or Get Off the POTS,"" ""Social Engineering and Pretexts,"" ""The RIAA's War on Terror,"" ""Hacking an Election"" and ""The Trouble with Library Records."" Winter adds ""Building Your Own Networks,"" ""Darknets,"" ""An Introduction to Beige Boxing,"" ""Hacking the SanDisk U3,"" ""Facebook Applications Revealed"" and ""Zero-Knowledge Intrusion.""</p><p class=""mt-6"">The Autumn HACKER PERSPECTIVE column is headed ""YOU,"" an open call for the guest essay filled that year by Bill Squire, Mitch Altman and Rop Gonggrijp.</p>","https://www.2600.com","https://store.2600.com/products/winter-2007-2008","Magazines","Magazines, Hacking, Phone Phreaking, Computer Security, Surveillance","Periodical","","","Hudson Street Library, NYC","","false","/assets/images/magazines/2600/2600-24-4.jpg","","","English","","","","2026-09-05"
"100129","2600","","2600: The Hacker Quarterly","2600: The Hacker Quarterly, Spring 2008","2600 Enterprises, Inc.","2008","","","","","","Volume 25, Number 1","","Emmanuel Goldstein","","","","<p>The 2008 volume, which runs a short story in each of its four issues and gives voice over IP, RFID and barcodes the space the magazine had once given to boxes.</p><p class=""mt-6"">Spring covers ""Vhreaking with VoxALot,"" ""Dirt-Cheap Phone Calls - The VoIP Way,"" ""Gaming AT&T Mobility,"" ""Hacking Two-Dimensional Barcodes,"" ""Dissecting the EPC: RFID for the Commercial Sector,"" ""Eavesdropping with LD_PRELOAD,"" ""Remember CompUSA,"" ""The EU Directive on Data Retention: Surveillance 2.0"" and the story ""To Kill an Atomic Subwoofer."" Summer prints ""Don't 'Locate Me',"" ""Exploring Road Runner's Internal Network,"" ""The HughesNet FAP,"" ""Hacking Society,"" ""Thirteen Years of Starting a Hacker Scene,"" ""Hacking: A Graffiti Writer's Perspective,"" ""Capturing Botnet Malware Using a Honeypot,"" ""JavaScript Password DOMination"" and ""The Geek Squad."" Autumn runs ""Bell's Mind Markup Language,"" ""The TORminator,"" ""The State of Cyberspace and Cyberwar,"" ""Watching the Watchers,"" ""Penetration Testing: The Red Team Way,"" ""Blackhat SEO,"" ""USB Antiforensics"" and ""Hacking Music."" Winter adds an introduction to forensic data recovery, ""Social Engineering the Stock Market,"" ""Hack Thyself,"" ""Anonymous SSH at the Library,"" ""Pappy's Cheese Box,"" ""Gaming Gamestop"" and ""Hacking WebCT.""</p><p class=""mt-6"">The Last HOPE was held in New York that July. The year's guest essayists were Martin Eberhard, Barry Wels, Nick Farr and Bre Pettis.</p>","https://www.2600.com","https://store.2600.com/products/spring-2008","Magazines","Magazines, Hacking, Phone Phreaking, Computer Security, Surveillance","Periodical","","","Hudson Street Library, NYC","","false","/assets/images/magazines/2600/2600-25-1.jpg","","","English","","","","2026-09-05"
"100130","2600","","2600: The Hacker Quarterly","2600: The Hacker Quarterly, Summer 2008","2600 Enterprises, Inc.","2008","","","","","","Volume 25, Number 2","","Emmanuel Goldstein","","","","<p>The 2008 volume, which runs a short story in each of its four issues and gives voice over IP, RFID and barcodes the space the magazine had once given to boxes.</p><p class=""mt-6"">Spring covers ""Vhreaking with VoxALot,"" ""Dirt-Cheap Phone Calls - The VoIP Way,"" ""Gaming AT&T Mobility,"" ""Hacking Two-Dimensional Barcodes,"" ""Dissecting the EPC: RFID for the Commercial Sector,"" ""Eavesdropping with LD_PRELOAD,"" ""Remember CompUSA,"" ""The EU Directive on Data Retention: Surveillance 2.0"" and the story ""To Kill an Atomic Subwoofer."" Summer prints ""Don't 'Locate Me',"" ""Exploring Road Runner's Internal Network,"" ""The HughesNet FAP,"" ""Hacking Society,"" ""Thirteen Years of Starting a Hacker Scene,"" ""Hacking: A Graffiti Writer's Perspective,"" ""Capturing Botnet Malware Using a Honeypot,"" ""JavaScript Password DOMination"" and ""The Geek Squad."" Autumn runs ""Bell's Mind Markup Language,"" ""The TORminator,"" ""The State of Cyberspace and Cyberwar,"" ""Watching the Watchers,"" ""Penetration Testing: The Red Team Way,"" ""Blackhat SEO,"" ""USB Antiforensics"" and ""Hacking Music."" Winter adds an introduction to forensic data recovery, ""Social Engineering the Stock Market,"" ""Hack Thyself,"" ""Anonymous SSH at the Library,"" ""Pappy's Cheese Box,"" ""Gaming Gamestop"" and ""Hacking WebCT.""</p><p class=""mt-6"">The Last HOPE was held in New York that July. The year's guest essayists were Martin Eberhard, Barry Wels, Nick Farr and Bre Pettis.</p>","https://www.2600.com","https://store.2600.com/products/summer-2008","Magazines","Magazines, Hacking, Phone Phreaking, Computer Security, Surveillance","Periodical","","","Hudson Street Library, NYC","","false","/assets/images/magazines/2600/2600-25-2.jpg","","","English","","","","2026-09-05"
"100131","2600","","2600: The Hacker Quarterly","2600: The Hacker Quarterly, Autumn 2008","2600 Enterprises, Inc.","2008","","","","","","Volume 25, Number 3","","Emmanuel Goldstein","","","","<p>The 2008 volume, which runs a short story in each of its four issues and gives voice over IP, RFID and barcodes the space the magazine had once given to boxes.</p><p class=""mt-6"">Spring covers ""Vhreaking with VoxALot,"" ""Dirt-Cheap Phone Calls - The VoIP Way,"" ""Gaming AT&T Mobility,"" ""Hacking Two-Dimensional Barcodes,"" ""Dissecting the EPC: RFID for the Commercial Sector,"" ""Eavesdropping with LD_PRELOAD,"" ""Remember CompUSA,"" ""The EU Directive on Data Retention: Surveillance 2.0"" and the story ""To Kill an Atomic Subwoofer."" Summer prints ""Don't 'Locate Me',"" ""Exploring Road Runner's Internal Network,"" ""The HughesNet FAP,"" ""Hacking Society,"" ""Thirteen Years of Starting a Hacker Scene,"" ""Hacking: A Graffiti Writer's Perspective,"" ""Capturing Botnet Malware Using a Honeypot,"" ""JavaScript Password DOMination"" and ""The Geek Squad."" Autumn runs ""Bell's Mind Markup Language,"" ""The TORminator,"" ""The State of Cyberspace and Cyberwar,"" ""Watching the Watchers,"" ""Penetration Testing: The Red Team Way,"" ""Blackhat SEO,"" ""USB Antiforensics"" and ""Hacking Music."" Winter adds an introduction to forensic data recovery, ""Social Engineering the Stock Market,"" ""Hack Thyself,"" ""Anonymous SSH at the Library,"" ""Pappy's Cheese Box,"" ""Gaming Gamestop"" and ""Hacking WebCT.""</p><p class=""mt-6"">The Last HOPE was held in New York that July. The year's guest essayists were Martin Eberhard, Barry Wels, Nick Farr and Bre Pettis.</p>","https://www.2600.com","https://store.2600.com/products/autumn-2008","Magazines","Magazines, Hacking, Phone Phreaking, Computer Security, Surveillance","Periodical","","","Hudson Street Library, NYC","","false","/assets/images/magazines/2600/2600-25-3.jpg","","","English","","","","2026-09-05"
"100132","2600","","2600: The Hacker Quarterly","2600: The Hacker Quarterly, Winter 2008-2009","2600 Enterprises, Inc.","2008","","","","","","Volume 25, Number 4","","Emmanuel Goldstein","","","","<p>The 2008 volume, which runs a short story in each of its four issues and gives voice over IP, RFID and barcodes the space the magazine had once given to boxes.</p><p class=""mt-6"">Spring covers ""Vhreaking with VoxALot,"" ""Dirt-Cheap Phone Calls - The VoIP Way,"" ""Gaming AT&T Mobility,"" ""Hacking Two-Dimensional Barcodes,"" ""Dissecting the EPC: RFID for the Commercial Sector,"" ""Eavesdropping with LD_PRELOAD,"" ""Remember CompUSA,"" ""The EU Directive on Data Retention: Surveillance 2.0"" and the story ""To Kill an Atomic Subwoofer."" Summer prints ""Don't 'Locate Me',"" ""Exploring Road Runner's Internal Network,"" ""The HughesNet FAP,"" ""Hacking Society,"" ""Thirteen Years of Starting a Hacker Scene,"" ""Hacking: A Graffiti Writer's Perspective,"" ""Capturing Botnet Malware Using a Honeypot,"" ""JavaScript Password DOMination"" and ""The Geek Squad."" Autumn runs ""Bell's Mind Markup Language,"" ""The TORminator,"" ""The State of Cyberspace and Cyberwar,"" ""Watching the Watchers,"" ""Penetration Testing: The Red Team Way,"" ""Blackhat SEO,"" ""USB Antiforensics"" and ""Hacking Music."" Winter adds an introduction to forensic data recovery, ""Social Engineering the Stock Market,"" ""Hack Thyself,"" ""Anonymous SSH at the Library,"" ""Pappy's Cheese Box,"" ""Gaming Gamestop"" and ""Hacking WebCT.""</p><p class=""mt-6"">The Last HOPE was held in New York that July. The year's guest essayists were Martin Eberhard, Barry Wels, Nick Farr and Bre Pettis.</p>","https://www.2600.com","https://store.2600.com/products/winter-2008-2009","Magazines","Magazines, Hacking, Phone Phreaking, Computer Security, Surveillance","Periodical","","","Hudson Street Library, NYC","","false","/assets/images/magazines/2600/2600-25-4.jpg","","","English","","","","2026-09-05"
"100133","2600","","2600: The Hacker Quarterly","2600: The Hacker Quarterly, Spring 2009","2600 Enterprises, Inc.","2009","","","","","","Volume 26, Number 1","","Emmanuel Goldstein","","","","<p>The 2009 volume, which prints a directory of hackerspaces across all four issues as the movement it documents spreads through North America and Europe.</p><p class=""mt-6"">Spring opens with ""Year 26"" and runs ""ATA Security Exposed,"" ""Outsourced,"" ""MP3s: A Covert Means of Distributing Information"" and ""Inside Google Radio."" ""Network Neutrality Simplified"" and ""DNS Spoofing on a LAN"" follow. Summer covers ""Regaining Privacy in a Digital World,"" ""Why the 'No-Fly List' is a Fraud,"" ""Finding Information in the Library of Congress"" and ""Abusing Metadata."" Autumn prints ""Exploiting University Students using Rogue Access Points,"" ""Post-Apocalyptic Communications,"" ""Cracking WPA - PSK"" and ""Hard Disk Encryption, No Excuses."" Winter adds ""Pwning Past Whole Disk Encryption,"" ""Hacking Tor's Control Protocol,"" ""Underground Physical Network"" and ""Retail Automation - ABS.""</p><p class=""mt-6"">The HACKER SPACES listings cover North America, Europe, the rest of the world and then new foreign entries, one section an issue. HACKER HAPPENINGS begins in the same volume.</p>","https://www.2600.com","https://store.2600.com/products/spring-2009","Magazines","Magazines, Hacking, Phone Phreaking, Computer Security, Surveillance","Periodical","","","Hudson Street Library, NYC","","false","/assets/images/magazines/2600/2600-26-1.jpg","","","English","","","","2026-09-05"
"100134","2600","","2600: The Hacker Quarterly","2600: The Hacker Quarterly, Summer 2009","2600 Enterprises, Inc.","2009","","","","","","Volume 26, Number 2","","Emmanuel Goldstein","","","","<p>The 2009 volume, which prints a directory of hackerspaces across all four issues as the movement it documents spreads through North America and Europe.</p><p class=""mt-6"">Spring opens with ""Year 26"" and runs ""ATA Security Exposed,"" ""Outsourced,"" ""MP3s: A Covert Means of Distributing Information"" and ""Inside Google Radio."" ""Network Neutrality Simplified"" and ""DNS Spoofing on a LAN"" follow. Summer covers ""Regaining Privacy in a Digital World,"" ""Why the 'No-Fly List' is a Fraud,"" ""Finding Information in the Library of Congress"" and ""Abusing Metadata."" Autumn prints ""Exploiting University Students using Rogue Access Points,"" ""Post-Apocalyptic Communications,"" ""Cracking WPA - PSK"" and ""Hard Disk Encryption, No Excuses."" Winter adds ""Pwning Past Whole Disk Encryption,"" ""Hacking Tor's Control Protocol,"" ""Underground Physical Network"" and ""Retail Automation - ABS.""</p><p class=""mt-6"">The HACKER SPACES listings cover North America, Europe, the rest of the world and then new foreign entries, one section an issue. HACKER HAPPENINGS begins in the same volume.</p>","https://www.2600.com","https://store.2600.com/products/summer-2009","Magazines","Magazines, Hacking, Phone Phreaking, Computer Security, Surveillance","Periodical","","","Hudson Street Library, NYC","","false","/assets/images/magazines/2600/2600-26-2.jpg","","","English","","","","2026-09-05"
"100135","2600","","2600: The Hacker Quarterly","2600: The Hacker Quarterly, Autumn 2009","2600 Enterprises, Inc.","2009","","","","","","Volume 26, Number 3","","Emmanuel Goldstein","","","","<p>The 2009 volume, which prints a directory of hackerspaces across all four issues as the movement it documents spreads through North America and Europe.</p><p class=""mt-6"">Spring opens with ""Year 26"" and runs ""ATA Security Exposed,"" ""Outsourced,"" ""MP3s: A Covert Means of Distributing Information"" and ""Inside Google Radio."" ""Network Neutrality Simplified"" and ""DNS Spoofing on a LAN"" follow. Summer covers ""Regaining Privacy in a Digital World,"" ""Why the 'No-Fly List' is a Fraud,"" ""Finding Information in the Library of Congress"" and ""Abusing Metadata."" Autumn prints ""Exploiting University Students using Rogue Access Points,"" ""Post-Apocalyptic Communications,"" ""Cracking WPA - PSK"" and ""Hard Disk Encryption, No Excuses."" Winter adds ""Pwning Past Whole Disk Encryption,"" ""Hacking Tor's Control Protocol,"" ""Underground Physical Network"" and ""Retail Automation - ABS.""</p><p class=""mt-6"">The HACKER SPACES listings cover North America, Europe, the rest of the world and then new foreign entries, one section an issue. HACKER HAPPENINGS begins in the same volume.</p>","https://www.2600.com","https://store.2600.com/products/autumn-2009","Magazines","Magazines, Hacking, Phone Phreaking, Computer Security, Surveillance","Periodical","","","Hudson Street Library, NYC","","false","/assets/images/magazines/2600/2600-26-3.jpg","","","English","","","","2026-09-05"
"100136","2600","","2600: The Hacker Quarterly","2600: The Hacker Quarterly, Winter 2009-2010","2600 Enterprises, Inc.","2009","","","","","","Volume 26, Number 4","","Emmanuel Goldstein","","","","<p>The 2009 volume, which prints a directory of hackerspaces across all four issues as the movement it documents spreads through North America and Europe.</p><p class=""mt-6"">Spring opens with ""Year 26"" and runs ""ATA Security Exposed,"" ""Outsourced,"" ""MP3s: A Covert Means of Distributing Information"" and ""Inside Google Radio."" ""Network Neutrality Simplified"" and ""DNS Spoofing on a LAN"" follow. Summer covers ""Regaining Privacy in a Digital World,"" ""Why the 'No-Fly List' is a Fraud,"" ""Finding Information in the Library of Congress"" and ""Abusing Metadata."" Autumn prints ""Exploiting University Students using Rogue Access Points,"" ""Post-Apocalyptic Communications,"" ""Cracking WPA - PSK"" and ""Hard Disk Encryption, No Excuses."" Winter adds ""Pwning Past Whole Disk Encryption,"" ""Hacking Tor's Control Protocol,"" ""Underground Physical Network"" and ""Retail Automation - ABS.""</p><p class=""mt-6"">The HACKER SPACES listings cover North America, Europe, the rest of the world and then new foreign entries, one section an issue. HACKER HAPPENINGS begins in the same volume.</p>","https://www.2600.com","https://store.2600.com/products/winter-2009-2010","Magazines","Magazines, Hacking, Phone Phreaking, Computer Security, Surveillance","Periodical","","","Hudson Street Library, NYC","","false","/assets/images/magazines/2600/2600-26-4.jpg","","","English","","","","2026-09-05"
"100137","2600","","2600: The Hacker Quarterly","2600: The Hacker Quarterly, Spring 2010","2600 Enterprises, Inc.","2010","","","","","","Volume 27, Number 1","","Emmanuel Goldstein","","","","<p>The 2010 volume, whose Spring editorial ""Cloudy Skies"" opens the magazine's long argument with cloud computing.</p><p class=""mt-6"">Spring runs ""Insecurities in Emergency Rescue,"" ""The Grey Hat Manifesto,"" ""The Hacker Enigma"" and ""An Introduction to CSRF Attacks,"" with ""Dr. Jekyll and Mr. PayPass."" Summer covers ""Hacking Google Analytics,"" ""My Second Implant,"" ""Call the World for Free"" and ""Educational Wireless Honeypots."" It also prints ""Why You Need a Grimoire,"" ""Hacking Boingo Wireless"" and ""Private Key Exchange Using Quantum Physics."" Autumn takes in ""Old School Hacking"" and ""How I Learned to Stop Worrying and Spam the Scammers."" ""Seven Things 'Hackers' Did Right"" and ""Life Without Walls: Circumventing Your Home Security System"" follow. Winter adds ""Bash Bash Bash!,"" ""How to Cheat at Foursquare,"" ""Android, You Broke My Heart,"" ""Invisible ASCII: A Poor Person's Steganography"" and ""Phun with FOIA.""</p><p class=""mt-6"">The Autumn editorial ""Conflict in the Hacker World"" and the following spring's ""Abusing the Cloud"" name the two arguments the magazine carried into the next decade.</p>","https://www.2600.com","https://store.2600.com/products/copy-of-copy-of-copy-of-copy-of-copy-of-copy-of-copy-of-copy-of-copy-of-copy-of-copy-of-copy-of-copy-of-copy-of-copy-of-season-year","Magazines","Magazines, Hacking, Phone Phreaking, Computer Security, Surveillance","Periodical","","","Hudson Street Library, NYC","","false","/assets/images/magazines/2600/2600-27-1.jpg","","","English","","","","2026-09-05"
"100138","2600","","2600: The Hacker Quarterly","2600: The Hacker Quarterly, Summer 2010","2600 Enterprises, Inc.","2010","","","","","","Volume 27, Number 2","","Emmanuel Goldstein","","","","<p>The 2010 volume, whose Spring editorial ""Cloudy Skies"" opens the magazine's long argument with cloud computing.</p><p class=""mt-6"">Spring runs ""Insecurities in Emergency Rescue,"" ""The Grey Hat Manifesto,"" ""The Hacker Enigma"" and ""An Introduction to CSRF Attacks,"" with ""Dr. Jekyll and Mr. PayPass."" Summer covers ""Hacking Google Analytics,"" ""My Second Implant,"" ""Call the World for Free"" and ""Educational Wireless Honeypots."" It also prints ""Why You Need a Grimoire,"" ""Hacking Boingo Wireless"" and ""Private Key Exchange Using Quantum Physics."" Autumn takes in ""Old School Hacking"" and ""How I Learned to Stop Worrying and Spam the Scammers."" ""Seven Things 'Hackers' Did Right"" and ""Life Without Walls: Circumventing Your Home Security System"" follow. Winter adds ""Bash Bash Bash!,"" ""How to Cheat at Foursquare,"" ""Android, You Broke My Heart,"" ""Invisible ASCII: A Poor Person's Steganography"" and ""Phun with FOIA.""</p><p class=""mt-6"">The Autumn editorial ""Conflict in the Hacker World"" and the following spring's ""Abusing the Cloud"" name the two arguments the magazine carried into the next decade.</p>","https://www.2600.com","https://store.2600.com/products/copy-of-copy-of-copy-of-copy-of-copy-of-copy-of-copy-of-copy-of-copy-of-copy-of-copy-of-copy-of-copy-of-copy-of-season-year","Magazines","Magazines, Hacking, Phone Phreaking, Computer Security, Surveillance","Periodical","","","Hudson Street Library, NYC","","false","/assets/images/magazines/2600/2600-27-2.jpg","","","English","","","","2026-09-05"
"100139","2600","","2600: The Hacker Quarterly","2600: The Hacker Quarterly, Autumn 2010","2600 Enterprises, Inc.","2010","","","","","","Volume 27, Number 3","","Emmanuel Goldstein","","","","<p>The 2010 volume, whose Spring editorial ""Cloudy Skies"" opens the magazine's long argument with cloud computing.</p><p class=""mt-6"">Spring runs ""Insecurities in Emergency Rescue,"" ""The Grey Hat Manifesto,"" ""The Hacker Enigma"" and ""An Introduction to CSRF Attacks,"" with ""Dr. Jekyll and Mr. PayPass."" Summer covers ""Hacking Google Analytics,"" ""My Second Implant,"" ""Call the World for Free"" and ""Educational Wireless Honeypots."" It also prints ""Why You Need a Grimoire,"" ""Hacking Boingo Wireless"" and ""Private Key Exchange Using Quantum Physics."" Autumn takes in ""Old School Hacking"" and ""How I Learned to Stop Worrying and Spam the Scammers."" ""Seven Things 'Hackers' Did Right"" and ""Life Without Walls: Circumventing Your Home Security System"" follow. Winter adds ""Bash Bash Bash!,"" ""How to Cheat at Foursquare,"" ""Android, You Broke My Heart,"" ""Invisible ASCII: A Poor Person's Steganography"" and ""Phun with FOIA.""</p><p class=""mt-6"">The Autumn editorial ""Conflict in the Hacker World"" and the following spring's ""Abusing the Cloud"" name the two arguments the magazine carried into the next decade.</p>","https://www.2600.com","https://store.2600.com/products/copy-of-copy-of-copy-of-copy-of-copy-of-copy-of-copy-of-copy-of-copy-of-copy-of-copy-of-copy-of-copy-of-season-year","Magazines","Magazines, Hacking, Phone Phreaking, Computer Security, Surveillance","Periodical","","","Hudson Street Library, NYC","","false","/assets/images/magazines/2600/2600-27-3.jpg","","","English","","","","2026-09-05"
"100140","2600","","2600: The Hacker Quarterly","2600: The Hacker Quarterly, Winter 2010-2011","2600 Enterprises, Inc.","2010","","","","","","Volume 27, Number 4","","Emmanuel Goldstein","","","","<p>The 2010 volume, whose Spring editorial ""Cloudy Skies"" opens the magazine's long argument with cloud computing.</p><p class=""mt-6"">Spring runs ""Insecurities in Emergency Rescue,"" ""The Grey Hat Manifesto,"" ""The Hacker Enigma"" and ""An Introduction to CSRF Attacks,"" with ""Dr. Jekyll and Mr. PayPass."" Summer covers ""Hacking Google Analytics,"" ""My Second Implant,"" ""Call the World for Free"" and ""Educational Wireless Honeypots."" It also prints ""Why You Need a Grimoire,"" ""Hacking Boingo Wireless"" and ""Private Key Exchange Using Quantum Physics."" Autumn takes in ""Old School Hacking"" and ""How I Learned to Stop Worrying and Spam the Scammers."" ""Seven Things 'Hackers' Did Right"" and ""Life Without Walls: Circumventing Your Home Security System"" follow. Winter adds ""Bash Bash Bash!,"" ""How to Cheat at Foursquare,"" ""Android, You Broke My Heart,"" ""Invisible ASCII: A Poor Person's Steganography"" and ""Phun with FOIA.""</p><p class=""mt-6"">The Autumn editorial ""Conflict in the Hacker World"" and the following spring's ""Abusing the Cloud"" name the two arguments the magazine carried into the next decade.</p>","https://www.2600.com","https://store.2600.com/products/copy-of-copy-of-copy-of-copy-of-copy-of-copy-of-copy-of-copy-of-copy-of-copy-of-copy-of-copy-of-season-year","Magazines","Magazines, Hacking, Phone Phreaking, Computer Security, Surveillance","Periodical","","","Hudson Street Library, NYC","","false","/assets/images/magazines/2600/2600-27-4.jpg","","","English","","","","2026-09-05"
"100141","2600","","2600: The Hacker Quarterly","2600: The Hacker Quarterly, Spring 2011","2600 Enterprises, Inc.","2011","","","","","","Volume 28, Number 1","","Emmanuel Goldstein","","","","<p>The 2011 volume, published through the year of Anonymous, which the magazine covers twice under near-identical titles and from opposite directions.</p><p class=""mt-6"">Spring runs ""Why I Like E-Books,"" ""Who is Anonymous or How to Troll the Media for Fun and Profit"" and ""How to Accept Payments Anonymously."" It also prints ""How to Find Out What the Government Knows About You,"" ""Virtual Anti-Forensics"" and ""Abusing the Cloud."" Summer covers ""Detecting and Tracking Stealth Satellites,"" ""Pen Testing from a Mile Away,"" ""Securing Online Voting"" and ""Mobile Hacking with Android,"" with ""How I Escaped Google."" Autumn prints ""Introduction to Chrome OS,"" ""Bypassing Shell Restrictions,"" ""Network Anonymity Through 'MAC Swapping',"" ""Video Game Hacking"" and the story ""Kill Switch."" Winter adds ""Who is Anonymous?,"" ""Free Phone Numbers with Google Voice,"" ""MAC Spoofing Your Way to Free Internet,"" ""Hacking Refog Keylogger,"" ""Pirating the Caribbean"" and ""The Piracy Situation.""</p><p class=""mt-6"">The Winter issue's ""Simplex Locks: Illusion of Security, Version 2.0"" returns to the Autumn 1991 article of the same name after twenty years. ""The Piracy Situation,"" in the same issue, opened an exchange that filled three articles the following summer.</p>","https://www.2600.com","https://store.2600.com/products/copy-of-copy-of-copy-of-copy-of-copy-of-copy-of-copy-of-copy-of-copy-of-copy-of-copy-of-season-year","Magazines","Magazines, Hacking, Phone Phreaking, Computer Security, Surveillance","Periodical","","","Hudson Street Library, NYC","","false","/assets/images/magazines/2600/2600-28-1.jpg","","","English","","","","2026-09-05"
"100142","2600","","2600: The Hacker Quarterly","2600: The Hacker Quarterly, Summer 2011","2600 Enterprises, Inc.","2011","","","","","","Volume 28, Number 2","","Emmanuel Goldstein","","","","<p>The 2011 volume, published through the year of Anonymous, which the magazine covers twice under near-identical titles and from opposite directions.</p><p class=""mt-6"">Spring runs ""Why I Like E-Books,"" ""Who is Anonymous or How to Troll the Media for Fun and Profit"" and ""How to Accept Payments Anonymously."" It also prints ""How to Find Out What the Government Knows About You,"" ""Virtual Anti-Forensics"" and ""Abusing the Cloud."" Summer covers ""Detecting and Tracking Stealth Satellites,"" ""Pen Testing from a Mile Away,"" ""Securing Online Voting"" and ""Mobile Hacking with Android,"" with ""How I Escaped Google."" Autumn prints ""Introduction to Chrome OS,"" ""Bypassing Shell Restrictions,"" ""Network Anonymity Through 'MAC Swapping',"" ""Video Game Hacking"" and the story ""Kill Switch."" Winter adds ""Who is Anonymous?,"" ""Free Phone Numbers with Google Voice,"" ""MAC Spoofing Your Way to Free Internet,"" ""Hacking Refog Keylogger,"" ""Pirating the Caribbean"" and ""The Piracy Situation.""</p><p class=""mt-6"">The Winter issue's ""Simplex Locks: Illusion of Security, Version 2.0"" returns to the Autumn 1991 article of the same name after twenty years. ""The Piracy Situation,"" in the same issue, opened an exchange that filled three articles the following summer.</p>","https://www.2600.com","https://store.2600.com/products/copy-of-copy-of-copy-of-copy-of-copy-of-copy-of-copy-of-copy-of-copy-of-copy-of-season-year","Magazines","Magazines, Hacking, Phone Phreaking, Computer Security, Surveillance","Periodical","","","Hudson Street Library, NYC","","false","/assets/images/magazines/2600/2600-28-2.jpg","","","English","","","","2026-09-05"
"100143","2600","","2600: The Hacker Quarterly","2600: The Hacker Quarterly, Autumn 2011","2600 Enterprises, Inc.","2011","","","","","","Volume 28, Number 3","","Emmanuel Goldstein","","","","<p>The 2011 volume, published through the year of Anonymous, which the magazine covers twice under near-identical titles and from opposite directions.</p><p class=""mt-6"">Spring runs ""Why I Like E-Books,"" ""Who is Anonymous or How to Troll the Media for Fun and Profit"" and ""How to Accept Payments Anonymously."" It also prints ""How to Find Out What the Government Knows About You,"" ""Virtual Anti-Forensics"" and ""Abusing the Cloud."" Summer covers ""Detecting and Tracking Stealth Satellites,"" ""Pen Testing from a Mile Away,"" ""Securing Online Voting"" and ""Mobile Hacking with Android,"" with ""How I Escaped Google."" Autumn prints ""Introduction to Chrome OS,"" ""Bypassing Shell Restrictions,"" ""Network Anonymity Through 'MAC Swapping',"" ""Video Game Hacking"" and the story ""Kill Switch."" Winter adds ""Who is Anonymous?,"" ""Free Phone Numbers with Google Voice,"" ""MAC Spoofing Your Way to Free Internet,"" ""Hacking Refog Keylogger,"" ""Pirating the Caribbean"" and ""The Piracy Situation.""</p><p class=""mt-6"">The Winter issue's ""Simplex Locks: Illusion of Security, Version 2.0"" returns to the Autumn 1991 article of the same name after twenty years. ""The Piracy Situation,"" in the same issue, opened an exchange that filled three articles the following summer.</p>","https://www.2600.com","https://store.2600.com/products/copy-of-copy-of-copy-of-copy-of-copy-of-copy-of-copy-of-copy-of-copy-of-season-year","Magazines","Magazines, Hacking, Phone Phreaking, Computer Security, Surveillance","Periodical","","","Hudson Street Library, NYC","","false","/assets/images/magazines/2600/2600-28-3.jpg","","","English","","","","2026-09-05"
"100144","2600","","2600: The Hacker Quarterly","2600: The Hacker Quarterly, Winter 2011-2012","2600 Enterprises, Inc.","2011","","","","","","Volume 28, Number 4","","Emmanuel Goldstein","","","","<p>The 2011 volume, published through the year of Anonymous, which the magazine covers twice under near-identical titles and from opposite directions.</p><p class=""mt-6"">Spring runs ""Why I Like E-Books,"" ""Who is Anonymous or How to Troll the Media for Fun and Profit"" and ""How to Accept Payments Anonymously."" It also prints ""How to Find Out What the Government Knows About You,"" ""Virtual Anti-Forensics"" and ""Abusing the Cloud."" Summer covers ""Detecting and Tracking Stealth Satellites,"" ""Pen Testing from a Mile Away,"" ""Securing Online Voting"" and ""Mobile Hacking with Android,"" with ""How I Escaped Google."" Autumn prints ""Introduction to Chrome OS,"" ""Bypassing Shell Restrictions,"" ""Network Anonymity Through 'MAC Swapping',"" ""Video Game Hacking"" and the story ""Kill Switch."" Winter adds ""Who is Anonymous?,"" ""Free Phone Numbers with Google Voice,"" ""MAC Spoofing Your Way to Free Internet,"" ""Hacking Refog Keylogger,"" ""Pirating the Caribbean"" and ""The Piracy Situation.""</p><p class=""mt-6"">The Winter issue's ""Simplex Locks: Illusion of Security, Version 2.0"" returns to the Autumn 1991 article of the same name after twenty years. ""The Piracy Situation,"" in the same issue, opened an exchange that filled three articles the following summer.</p>","https://www.2600.com","https://store.2600.com/products/copy-of-copy-of-copy-of-copy-of-copy-of-copy-of-copy-of-copy-of-season-year","Magazines","Magazines, Hacking, Phone Phreaking, Computer Security, Surveillance","Periodical","","","Hudson Street Library, NYC","","false","/assets/images/magazines/2600/2600-28-4.jpg","","","English","","","","2026-09-05"
"100145","2600","","2600: The Hacker Quarterly","2600: The Hacker Quarterly, Spring 2012","2600 Enterprises, Inc.","2012","","","","","","Volume 29, Number 1","","Emmanuel Goldstein","","","","<p>The 2012 volume, in which a reader argument about piracy runs on into a second year and Stuxnet gets its analysis.</p><p class=""mt-6"">Spring covers ""A PHP Rootkit Case Study,"" ""Denial of Service 2.0,"" ""Spoofing MAC Addresses on Windows"" and ""GroupMe: A Modern Approach to Social Engineering."" It also runs ""Stupid 9-Volt Tricks,"" ""Learning from Stratfor: Extracting a Salt from an MD5 Hash"" and ""Backdooring with Metasploit."" Summer prints a Bluetooth hunter's guide, ""Building a Cat-5 Cable Tap"" and ""NGFW - Not Grandpa's Firewall,"" together with three replies to the previous volume's piracy article. Autumn runs ""Technology at the Federal Bureau of Prisons,"" ""The Quadcopter Crash Course,"" ""Hackers in Space,"" ""Beware the Cyber Weapons Industrial Complex"" and ""Stuxnet: An Analysis."" Winter adds ""Basic Code Breaking,"" ""Hardware Hacking - An Introduction Via Dev' Boards,"" ""Steganography over Covert Channels"" and ""The Security Funnel: When OpenVPN Meets Tor.""</p><p class=""mt-6"">The serialised fiction ""Hacking the Naked Princess"" begins in the Summer issue and ran, in numbered instalments, until 2020.</p>","https://www.2600.com","https://store.2600.com/products/copy-of-copy-of-copy-of-copy-of-copy-of-copy-of-copy-of-season-year","Magazines","Magazines, Hacking, Phone Phreaking, Computer Security, Surveillance","Periodical","","","Hudson Street Library, NYC","","false","/assets/images/magazines/2600/2600-29-1.jpg","","","English","","","","2026-09-05"
"100146","2600","","2600: The Hacker Quarterly","2600: The Hacker Quarterly, Summer 2012","2600 Enterprises, Inc.","2012","","","","","","Volume 29, Number 2","","Emmanuel Goldstein","","","","<p>The 2012 volume, in which a reader argument about piracy runs on into a second year and Stuxnet gets its analysis.</p><p class=""mt-6"">Spring covers ""A PHP Rootkit Case Study,"" ""Denial of Service 2.0,"" ""Spoofing MAC Addresses on Windows"" and ""GroupMe: A Modern Approach to Social Engineering."" It also runs ""Stupid 9-Volt Tricks,"" ""Learning from Stratfor: Extracting a Salt from an MD5 Hash"" and ""Backdooring with Metasploit."" Summer prints a Bluetooth hunter's guide, ""Building a Cat-5 Cable Tap"" and ""NGFW - Not Grandpa's Firewall,"" together with three replies to the previous volume's piracy article. Autumn runs ""Technology at the Federal Bureau of Prisons,"" ""The Quadcopter Crash Course,"" ""Hackers in Space,"" ""Beware the Cyber Weapons Industrial Complex"" and ""Stuxnet: An Analysis."" Winter adds ""Basic Code Breaking,"" ""Hardware Hacking - An Introduction Via Dev' Boards,"" ""Steganography over Covert Channels"" and ""The Security Funnel: When OpenVPN Meets Tor.""</p><p class=""mt-6"">The serialised fiction ""Hacking the Naked Princess"" begins in the Summer issue and ran, in numbered instalments, until 2020.</p>","https://www.2600.com","https://store.2600.com/products/copy-of-copy-of-copy-of-copy-of-copy-of-copy-of-season-year","Magazines","Magazines, Hacking, Phone Phreaking, Computer Security, Surveillance","Periodical","","","Hudson Street Library, NYC","","false","/assets/images/magazines/2600/2600-29-2.jpg","","","English","","","","2026-09-05"
"100147","2600","","2600: The Hacker Quarterly","2600: The Hacker Quarterly, Autumn 2012","2600 Enterprises, Inc.","2012","","","","","","Volume 29, Number 3","","Emmanuel Goldstein","","","","<p>The 2012 volume, in which a reader argument about piracy runs on into a second year and Stuxnet gets its analysis.</p><p class=""mt-6"">Spring covers ""A PHP Rootkit Case Study,"" ""Denial of Service 2.0,"" ""Spoofing MAC Addresses on Windows"" and ""GroupMe: A Modern Approach to Social Engineering."" It also runs ""Stupid 9-Volt Tricks,"" ""Learning from Stratfor: Extracting a Salt from an MD5 Hash"" and ""Backdooring with Metasploit."" Summer prints a Bluetooth hunter's guide, ""Building a Cat-5 Cable Tap"" and ""NGFW - Not Grandpa's Firewall,"" together with three replies to the previous volume's piracy article. Autumn runs ""Technology at the Federal Bureau of Prisons,"" ""The Quadcopter Crash Course,"" ""Hackers in Space,"" ""Beware the Cyber Weapons Industrial Complex"" and ""Stuxnet: An Analysis."" Winter adds ""Basic Code Breaking,"" ""Hardware Hacking - An Introduction Via Dev' Boards,"" ""Steganography over Covert Channels"" and ""The Security Funnel: When OpenVPN Meets Tor.""</p><p class=""mt-6"">The serialised fiction ""Hacking the Naked Princess"" begins in the Summer issue and ran, in numbered instalments, until 2020.</p>","https://www.2600.com","https://store.2600.com/products/copy-of-copy-of-copy-of-copy-of-copy-of-season-year","Magazines","Magazines, Hacking, Phone Phreaking, Computer Security, Surveillance","Periodical","","","Hudson Street Library, NYC","","false","/assets/images/magazines/2600/2600-29-3.jpg","","","English","","","","2026-09-05"
"100148","2600","","2600: The Hacker Quarterly","2600: The Hacker Quarterly, Winter 2012-2013","2600 Enterprises, Inc.","2012","","","","","","Volume 29, Number 4","","Emmanuel Goldstein","","","","<p>The 2012 volume, in which a reader argument about piracy runs on into a second year and Stuxnet gets its analysis.</p><p class=""mt-6"">Spring covers ""A PHP Rootkit Case Study,"" ""Denial of Service 2.0,"" ""Spoofing MAC Addresses on Windows"" and ""GroupMe: A Modern Approach to Social Engineering."" It also runs ""Stupid 9-Volt Tricks,"" ""Learning from Stratfor: Extracting a Salt from an MD5 Hash"" and ""Backdooring with Metasploit."" Summer prints a Bluetooth hunter's guide, ""Building a Cat-5 Cable Tap"" and ""NGFW - Not Grandpa's Firewall,"" together with three replies to the previous volume's piracy article. Autumn runs ""Technology at the Federal Bureau of Prisons,"" ""The Quadcopter Crash Course,"" ""Hackers in Space,"" ""Beware the Cyber Weapons Industrial Complex"" and ""Stuxnet: An Analysis."" Winter adds ""Basic Code Breaking,"" ""Hardware Hacking - An Introduction Via Dev' Boards,"" ""Steganography over Covert Channels"" and ""The Security Funnel: When OpenVPN Meets Tor.""</p><p class=""mt-6"">The serialised fiction ""Hacking the Naked Princess"" begins in the Summer issue and ran, in numbered instalments, until 2020.</p>","https://www.2600.com","https://store.2600.com/products/copy-of-copy-of-copy-of-copy-of-season-year","Magazines","Magazines, Hacking, Phone Phreaking, Computer Security, Surveillance","Periodical","","","Hudson Street Library, NYC","","false","/assets/images/magazines/2600/2600-29-4.jpg","","","English","","","","2026-09-05"
"100149","2600","","2600: The Hacker Quarterly","2600: The Hacker Quarterly, Spring 2013","2600 Enterprises, Inc.","2013","","","","","","Volume 30, Number 1","","Emmanuel Goldstein","","","","<p>The thirtieth volume, published through the summer of the Snowden disclosures, with the Autumn editorial ""The Right to Know.""</p><p class=""mt-6"">Spring covers ""Guest Networks: Protection Less Than WEP?,"" ""Practical Cryptanalysis,"" ""Social Engineering: Tactics for Prevention"" and ""Extra-Legal Harassment."" It also runs ""Fiddler - Never Trust the Client,"" ""Hypercapitalism and Its Discontents"" and ""Cracking Push-Button Locks,"" with a review of <em>Exploding the Phone</em>. Summer prints ""Splunking the Google Dork,"" ""Fun with the Minuteman III Weapon System,"" ""A Broad Spectrum of DRM"" and ""0-Day Adventures,"" beside ""Cyber Attacks on Equities Markets."" Autumn runs two articles on Bitcoin, ""Hacking The Apple Collective,"" ""Internet Trolls,"" ""Access Tandem Codes and the Hidden Phone Network"" and ""Defeating Forensic Attacks on Full Disk Encryption."" Winter adds ""Privacy - A New Hope Through Tails,"" ""Wi-Fi Security: Attack and Defense,"" ""Pretty Good Privacy"" and ""The Growing Schism Between Hackers and the Law.""</p><p class=""mt-6"">Bitcoin enters the magazine in the Autumn issue. One article introduces it, and a second asks whether it is the hacker currency, a question the volumes since have kept returning to.</p>","https://www.2600.com","https://store.2600.com/products/copy-of-copy-of-copy-of-season-year","Magazines","Magazines, Hacking, Phone Phreaking, Computer Security, Surveillance","Periodical","","","Hudson Street Library, NYC","","false","/assets/images/magazines/2600/2600-30-1.jpg","","","English","","","","2026-09-05"
"100150","2600","","2600: The Hacker Quarterly","2600: The Hacker Quarterly, Summer 2013","2600 Enterprises, Inc.","2013","","","","","","Volume 30, Number 2","","Emmanuel Goldstein","","","","<p>The thirtieth volume, published through the summer of the Snowden disclosures, with the Autumn editorial ""The Right to Know.""</p><p class=""mt-6"">Spring covers ""Guest Networks: Protection Less Than WEP?,"" ""Practical Cryptanalysis,"" ""Social Engineering: Tactics for Prevention"" and ""Extra-Legal Harassment."" It also runs ""Fiddler - Never Trust the Client,"" ""Hypercapitalism and Its Discontents"" and ""Cracking Push-Button Locks,"" with a review of <em>Exploding the Phone</em>. Summer prints ""Splunking the Google Dork,"" ""Fun with the Minuteman III Weapon System,"" ""A Broad Spectrum of DRM"" and ""0-Day Adventures,"" beside ""Cyber Attacks on Equities Markets."" Autumn runs two articles on Bitcoin, ""Hacking The Apple Collective,"" ""Internet Trolls,"" ""Access Tandem Codes and the Hidden Phone Network"" and ""Defeating Forensic Attacks on Full Disk Encryption."" Winter adds ""Privacy - A New Hope Through Tails,"" ""Wi-Fi Security: Attack and Defense,"" ""Pretty Good Privacy"" and ""The Growing Schism Between Hackers and the Law.""</p><p class=""mt-6"">Bitcoin enters the magazine in the Autumn issue. One article introduces it, and a second asks whether it is the hacker currency, a question the volumes since have kept returning to.</p>","https://www.2600.com","https://store.2600.com/products/copy-of-copy-of-season-year","Magazines","Magazines, Hacking, Phone Phreaking, Computer Security, Surveillance","Periodical","","","Hudson Street Library, NYC","","false","/assets/images/magazines/2600/2600-30-2.jpg","","","English","","","","2026-09-05"
"100151","2600","","2600: The Hacker Quarterly","2600: The Hacker Quarterly, Autumn 2013","2600 Enterprises, Inc.","2013","","","","","","Volume 30, Number 3","","Emmanuel Goldstein","","","","<p>The thirtieth volume, published through the summer of the Snowden disclosures, with the Autumn editorial ""The Right to Know.""</p><p class=""mt-6"">Spring covers ""Guest Networks: Protection Less Than WEP?,"" ""Practical Cryptanalysis,"" ""Social Engineering: Tactics for Prevention"" and ""Extra-Legal Harassment."" It also runs ""Fiddler - Never Trust the Client,"" ""Hypercapitalism and Its Discontents"" and ""Cracking Push-Button Locks,"" with a review of <em>Exploding the Phone</em>. Summer prints ""Splunking the Google Dork,"" ""Fun with the Minuteman III Weapon System,"" ""A Broad Spectrum of DRM"" and ""0-Day Adventures,"" beside ""Cyber Attacks on Equities Markets."" Autumn runs two articles on Bitcoin, ""Hacking The Apple Collective,"" ""Internet Trolls,"" ""Access Tandem Codes and the Hidden Phone Network"" and ""Defeating Forensic Attacks on Full Disk Encryption."" Winter adds ""Privacy - A New Hope Through Tails,"" ""Wi-Fi Security: Attack and Defense,"" ""Pretty Good Privacy"" and ""The Growing Schism Between Hackers and the Law.""</p><p class=""mt-6"">Bitcoin enters the magazine in the Autumn issue. One article introduces it, and a second asks whether it is the hacker currency, a question the volumes since have kept returning to.</p>","https://www.2600.com","https://store.2600.com/products/copy-of-season-year","Magazines","Magazines, Hacking, Phone Phreaking, Computer Security, Surveillance","Periodical","","","Hudson Street Library, NYC","","false","/assets/images/magazines/2600/2600-30-3.jpg","","","English","","","","2026-09-05"
"100152","2600","","2600: The Hacker Quarterly","2600: The Hacker Quarterly, Winter 2013-2014","2600 Enterprises, Inc.","2013","","","","","","Volume 30, Number 4","","Emmanuel Goldstein","","","","<p>The thirtieth volume, published through the summer of the Snowden disclosures, with the Autumn editorial ""The Right to Know.""</p><p class=""mt-6"">Spring covers ""Guest Networks: Protection Less Than WEP?,"" ""Practical Cryptanalysis,"" ""Social Engineering: Tactics for Prevention"" and ""Extra-Legal Harassment."" It also runs ""Fiddler - Never Trust the Client,"" ""Hypercapitalism and Its Discontents"" and ""Cracking Push-Button Locks,"" with a review of <em>Exploding the Phone</em>. Summer prints ""Splunking the Google Dork,"" ""Fun with the Minuteman III Weapon System,"" ""A Broad Spectrum of DRM"" and ""0-Day Adventures,"" beside ""Cyber Attacks on Equities Markets."" Autumn runs two articles on Bitcoin, ""Hacking The Apple Collective,"" ""Internet Trolls,"" ""Access Tandem Codes and the Hidden Phone Network"" and ""Defeating Forensic Attacks on Full Disk Encryption."" Winter adds ""Privacy - A New Hope Through Tails,"" ""Wi-Fi Security: Attack and Defense,"" ""Pretty Good Privacy"" and ""The Growing Schism Between Hackers and the Law.""</p><p class=""mt-6"">Bitcoin enters the magazine in the Autumn issue. One article introduces it, and a second asks whether it is the hacker currency, a question the volumes since have kept returning to.</p>","https://www.2600.com","https://store.2600.com/products/season-year","Magazines","Magazines, Hacking, Phone Phreaking, Computer Security, Surveillance","Periodical","","","Hudson Street Library, NYC","","false","/assets/images/magazines/2600/2600-30-4.jpg","","","English","","","","2026-09-05"
"100153","2600","","2600: The Hacker Quarterly","2600: The Hacker Quarterly, Spring 2014","2600 Enterprises, Inc.","2014","","","","","","Volume 31, Number 1","","Emmanuel Goldstein","","","","<p>The thirtieth anniversary volume, opening with ""Thirty Years On"" and closing with ""The 21st Century Hacker Manifesto.""</p><p class=""mt-6"">Spring covers ""Lessons from 'Secret' History,"" ""Asterisk: The Busy Box,"" ""Robbing the Rich Using Bitcoin"" and ""The Night the ATM Went Down on Me."" It also runs ""Android Reversing Bootcamp"" and ""Hacking Commercial Maytag Washers and Dryers."" Summer prints ""Sabotage The System: Encryption as Surveillance State Monkey Wrench,"" ""Crossover: Where Metal and Hacking Met and Mixed"" and ""Yippie Ki-Yay: Social Engineering and Film,"" beside ""Toilet Hacking."" Autumn runs ""The Demoscene - Code, Graphics, and Music Hacking,"" ""Bugging a Room with an IP Phone,"" ""Writing Buffer Overflows for Non-Programmers"" and ""Covert War-Driving with WiGLE."" Winter adds ""Password Cracking in the Modern Age,"" ""Format De-Shifting,"" ""Home Depot Hacks,"" ""Recon on Disney's Magic Band"" and ""Crypto Systems Which Resist Quantum Computers.""</p><p class=""mt-6"">EFFECTING DIGITAL FREEDOM, written by the Electronic Frontier Foundation, begins in the Autumn issue and has run in every issue since.</p>","https://www.2600.com","https://store.2600.com/products/spring-2014","Magazines","Magazines, Hacking, Phone Phreaking, Computer Security, Surveillance","Periodical","","","Hudson Street Library, NYC","","false","/assets/images/magazines/2600/2600-31-1.jpg","","","English","","","","2026-09-05"
"100154","2600","","2600: The Hacker Quarterly","2600: The Hacker Quarterly, Summer 2014","2600 Enterprises, Inc.","2014","","","","","","Volume 31, Number 2","","Emmanuel Goldstein","","","","<p>The thirtieth anniversary volume, opening with ""Thirty Years On"" and closing with ""The 21st Century Hacker Manifesto.""</p><p class=""mt-6"">Spring covers ""Lessons from 'Secret' History,"" ""Asterisk: The Busy Box,"" ""Robbing the Rich Using Bitcoin"" and ""The Night the ATM Went Down on Me."" It also runs ""Android Reversing Bootcamp"" and ""Hacking Commercial Maytag Washers and Dryers."" Summer prints ""Sabotage The System: Encryption as Surveillance State Monkey Wrench,"" ""Crossover: Where Metal and Hacking Met and Mixed"" and ""Yippie Ki-Yay: Social Engineering and Film,"" beside ""Toilet Hacking."" Autumn runs ""The Demoscene - Code, Graphics, and Music Hacking,"" ""Bugging a Room with an IP Phone,"" ""Writing Buffer Overflows for Non-Programmers"" and ""Covert War-Driving with WiGLE."" Winter adds ""Password Cracking in the Modern Age,"" ""Format De-Shifting,"" ""Home Depot Hacks,"" ""Recon on Disney's Magic Band"" and ""Crypto Systems Which Resist Quantum Computers.""</p><p class=""mt-6"">EFFECTING DIGITAL FREEDOM, written by the Electronic Frontier Foundation, begins in the Autumn issue and has run in every issue since.</p>","https://www.2600.com","https://store.2600.com/products/summer-2014","Magazines","Magazines, Hacking, Phone Phreaking, Computer Security, Surveillance","Periodical","","","Hudson Street Library, NYC","","false","/assets/images/magazines/2600/2600-31-2.jpg","","","English","","","","2026-09-05"
"100155","2600","","2600: The Hacker Quarterly","2600: The Hacker Quarterly, Autumn 2014","2600 Enterprises, Inc.","2014","","","","","","Volume 31, Number 3","","Emmanuel Goldstein","","","","<p>The thirtieth anniversary volume, opening with ""Thirty Years On"" and closing with ""The 21st Century Hacker Manifesto.""</p><p class=""mt-6"">Spring covers ""Lessons from 'Secret' History,"" ""Asterisk: The Busy Box,"" ""Robbing the Rich Using Bitcoin"" and ""The Night the ATM Went Down on Me."" It also runs ""Android Reversing Bootcamp"" and ""Hacking Commercial Maytag Washers and Dryers."" Summer prints ""Sabotage The System: Encryption as Surveillance State Monkey Wrench,"" ""Crossover: Where Metal and Hacking Met and Mixed"" and ""Yippie Ki-Yay: Social Engineering and Film,"" beside ""Toilet Hacking."" Autumn runs ""The Demoscene - Code, Graphics, and Music Hacking,"" ""Bugging a Room with an IP Phone,"" ""Writing Buffer Overflows for Non-Programmers"" and ""Covert War-Driving with WiGLE."" Winter adds ""Password Cracking in the Modern Age,"" ""Format De-Shifting,"" ""Home Depot Hacks,"" ""Recon on Disney's Magic Band"" and ""Crypto Systems Which Resist Quantum Computers.""</p><p class=""mt-6"">EFFECTING DIGITAL FREEDOM, written by the Electronic Frontier Foundation, begins in the Autumn issue and has run in every issue since.</p>","https://www.2600.com","https://store.2600.com/products/autumn-2014","Magazines","Magazines, Hacking, Phone Phreaking, Computer Security, Surveillance","Periodical","","","Hudson Street Library, NYC","","false","/assets/images/magazines/2600/2600-31-3.jpg","","","English","","","","2026-09-05"
"100156","2600","","2600: The Hacker Quarterly","2600: The Hacker Quarterly, Winter 2014-2015","2600 Enterprises, Inc.","2014","","","","","","Volume 31, Number 4","","Emmanuel Goldstein","","","","<p>The thirtieth anniversary volume, opening with ""Thirty Years On"" and closing with ""The 21st Century Hacker Manifesto.""</p><p class=""mt-6"">Spring covers ""Lessons from 'Secret' History,"" ""Asterisk: The Busy Box,"" ""Robbing the Rich Using Bitcoin"" and ""The Night the ATM Went Down on Me."" It also runs ""Android Reversing Bootcamp"" and ""Hacking Commercial Maytag Washers and Dryers."" Summer prints ""Sabotage The System: Encryption as Surveillance State Monkey Wrench,"" ""Crossover: Where Metal and Hacking Met and Mixed"" and ""Yippie Ki-Yay: Social Engineering and Film,"" beside ""Toilet Hacking."" Autumn runs ""The Demoscene - Code, Graphics, and Music Hacking,"" ""Bugging a Room with an IP Phone,"" ""Writing Buffer Overflows for Non-Programmers"" and ""Covert War-Driving with WiGLE."" Winter adds ""Password Cracking in the Modern Age,"" ""Format De-Shifting,"" ""Home Depot Hacks,"" ""Recon on Disney's Magic Band"" and ""Crypto Systems Which Resist Quantum Computers.""</p><p class=""mt-6"">EFFECTING DIGITAL FREEDOM, written by the Electronic Frontier Foundation, begins in the Autumn issue and has run in every issue since.</p>","https://www.2600.com","https://store.2600.com/products/winter-2014-2015","Magazines","Magazines, Hacking, Phone Phreaking, Computer Security, Surveillance","Periodical","","","Hudson Street Library, NYC","","false","/assets/images/magazines/2600/2600-31-4.jpg","","","English","","","","2026-09-05"
"100157","2600","","2600: The Hacker Quarterly","2600: The Hacker Quarterly, Spring 2015","2600 Enterprises, Inc.","2015","","","","","","Volume 32, Number 1","","Emmanuel Goldstein","","","","<p>The 2015 volume, in which the magazine reviews <em>Mr. Robot</em>, covers the Ashley Madison breach, and prints a reader's cipher next to the article that breaks it.</p><p class=""mt-6"">Spring runs ""So, You Want to Be a Darknet Drug Lord....,"" ""Brazil's Electronic Voting Booth,"" ""Evolution of a Hack"" and ""McAfee Family Protection - Epic Fail!"" It also prints ""Ohio Prison IT Security from the Inside"" and ""Are Smart Meters the End-All?"" Summer covers ""I Tapped That... Tapping a Nationwide Telecommunications Network,"" ""Chiron and Me: Hacking Astronomy,"" ""Library Security"" and ""Decoding a Carrier Pigeon."" Autumn takes in ""A Primer on Home Automation,"" ""Dangerous Clouds,"" ""Ashley Madison Military Sites,"" ""Open Source Repository Abuse"" and ""The Dawn of the Crypto Age."" Winter adds ""USBkill - A Program for the Very Paranoid Computer User,"" ""Circumventing Chrome and Firefox's Third Party Cookie Block,"" ""Hackerspaces: A Definition"" and ""The Limits of Open Source Hardware.""</p><p class=""mt-6"">""Yull Encryption"" and ""A Brief Cryptanalysis of Yull"" run in the same Winter issue, a reader's cipher and its breaking printed side by side.</p>","https://www.2600.com","https://store.2600.com/products/spring-2015","Magazines","Magazines, Hacking, Phone Phreaking, Computer Security, Surveillance","Periodical","","","Hudson Street Library, NYC","","false","/assets/images/magazines/2600/2600-32-1.jpg","","","English","","","","2026-09-05"
"100158","2600","","2600: The Hacker Quarterly","2600: The Hacker Quarterly, Summer 2015","2600 Enterprises, Inc.","2015","","","","","","Volume 32, Number 2","","Emmanuel Goldstein","","","","<p>The 2015 volume, in which the magazine reviews <em>Mr. Robot</em>, covers the Ashley Madison breach, and prints a reader's cipher next to the article that breaks it.</p><p class=""mt-6"">Spring runs ""So, You Want to Be a Darknet Drug Lord....,"" ""Brazil's Electronic Voting Booth,"" ""Evolution of a Hack"" and ""McAfee Family Protection - Epic Fail!"" It also prints ""Ohio Prison IT Security from the Inside"" and ""Are Smart Meters the End-All?"" Summer covers ""I Tapped That... Tapping a Nationwide Telecommunications Network,"" ""Chiron and Me: Hacking Astronomy,"" ""Library Security"" and ""Decoding a Carrier Pigeon."" Autumn takes in ""A Primer on Home Automation,"" ""Dangerous Clouds,"" ""Ashley Madison Military Sites,"" ""Open Source Repository Abuse"" and ""The Dawn of the Crypto Age."" Winter adds ""USBkill - A Program for the Very Paranoid Computer User,"" ""Circumventing Chrome and Firefox's Third Party Cookie Block,"" ""Hackerspaces: A Definition"" and ""The Limits of Open Source Hardware.""</p><p class=""mt-6"">""Yull Encryption"" and ""A Brief Cryptanalysis of Yull"" run in the same Winter issue, a reader's cipher and its breaking printed side by side.</p>","https://www.2600.com","https://store.2600.com/products/summer-2015","Magazines","Magazines, Hacking, Phone Phreaking, Computer Security, Surveillance","Periodical","","","Hudson Street Library, NYC","","false","/assets/images/magazines/2600/2600-32-2.jpg","","","English","","","","2026-09-05"
"100159","2600","","2600: The Hacker Quarterly","2600: The Hacker Quarterly, Autumn 2015","2600 Enterprises, Inc.","2015","","","","","","Volume 32, Number 3","","Emmanuel Goldstein","","","","<p>The 2015 volume, in which the magazine reviews <em>Mr. Robot</em>, covers the Ashley Madison breach, and prints a reader's cipher next to the article that breaks it.</p><p class=""mt-6"">Spring runs ""So, You Want to Be a Darknet Drug Lord....,"" ""Brazil's Electronic Voting Booth,"" ""Evolution of a Hack"" and ""McAfee Family Protection - Epic Fail!"" It also prints ""Ohio Prison IT Security from the Inside"" and ""Are Smart Meters the End-All?"" Summer covers ""I Tapped That... Tapping a Nationwide Telecommunications Network,"" ""Chiron and Me: Hacking Astronomy,"" ""Library Security"" and ""Decoding a Carrier Pigeon."" Autumn takes in ""A Primer on Home Automation,"" ""Dangerous Clouds,"" ""Ashley Madison Military Sites,"" ""Open Source Repository Abuse"" and ""The Dawn of the Crypto Age."" Winter adds ""USBkill - A Program for the Very Paranoid Computer User,"" ""Circumventing Chrome and Firefox's Third Party Cookie Block,"" ""Hackerspaces: A Definition"" and ""The Limits of Open Source Hardware.""</p><p class=""mt-6"">""Yull Encryption"" and ""A Brief Cryptanalysis of Yull"" run in the same Winter issue, a reader's cipher and its breaking printed side by side.</p>","https://www.2600.com","https://store.2600.com/products/autumn-2015","Magazines","Magazines, Hacking, Phone Phreaking, Computer Security, Surveillance","Periodical","","","Hudson Street Library, NYC","","false","/assets/images/magazines/2600/2600-32-3.jpg","","","English","","","","2026-09-05"
"100160","2600","","2600: The Hacker Quarterly","2600: The Hacker Quarterly, Winter 2015-2016","2600 Enterprises, Inc.","2015","","","","","","Volume 32, Number 4","","Emmanuel Goldstein","","","","<p>The 2015 volume, in which the magazine reviews <em>Mr. Robot</em>, covers the Ashley Madison breach, and prints a reader's cipher next to the article that breaks it.</p><p class=""mt-6"">Spring runs ""So, You Want to Be a Darknet Drug Lord....,"" ""Brazil's Electronic Voting Booth,"" ""Evolution of a Hack"" and ""McAfee Family Protection - Epic Fail!"" It also prints ""Ohio Prison IT Security from the Inside"" and ""Are Smart Meters the End-All?"" Summer covers ""I Tapped That... Tapping a Nationwide Telecommunications Network,"" ""Chiron and Me: Hacking Astronomy,"" ""Library Security"" and ""Decoding a Carrier Pigeon."" Autumn takes in ""A Primer on Home Automation,"" ""Dangerous Clouds,"" ""Ashley Madison Military Sites,"" ""Open Source Repository Abuse"" and ""The Dawn of the Crypto Age."" Winter adds ""USBkill - A Program for the Very Paranoid Computer User,"" ""Circumventing Chrome and Firefox's Third Party Cookie Block,"" ""Hackerspaces: A Definition"" and ""The Limits of Open Source Hardware.""</p><p class=""mt-6"">""Yull Encryption"" and ""A Brief Cryptanalysis of Yull"" run in the same Winter issue, a reader's cipher and its breaking printed side by side.</p>","https://www.2600.com","https://store.2600.com/products/winter-2015-2016","Magazines","Magazines, Hacking, Phone Phreaking, Computer Security, Surveillance","Periodical","","","Hudson Street Library, NYC","","false","/assets/images/magazines/2600/2600-32-4.jpg","","","English","","","","2026-09-05"
"100161","2600","","2600: The Hacker Quarterly","2600: The Hacker Quarterly, Spring 2016","2600 Enterprises, Inc.","2016","","","","","","Volume 33, Number 1","","Emmanuel Goldstein","","","","<p>The 2016 volume, published through an American election year the magazine covers with a Twitter bot experiment in the Spring issue and a parallel president in the Autumn.</p><p class=""mt-6"">Spring runs ""Scraping for Cache,"" ""Hacking Using Parse Database Injection,"" ""Defense Against the Black Arts of Forensics"" and ""A Plan 9 Primer."" It also prints ""Exif Location Recon with Python,"" ""Eleventh Graders and Nuclear Bombs"" and ""Reconnaissance at Spa World."" Summer covers ""Pre-Surveillance of Law Enforcement Using Targeted Advertising,"" ""Abandoned Routers: Forgotten, But Not Gone,"" ""Card Transactions Explained"" and ""To Hack an Uber."" Autumn takes in ""Hacking for Knowledge,"" ""MOV Before You JMP,"" ""A Captive Portal Puzzle at Sea,"" ""Building DIY Community Mesh Networks"" and ""Verizon's HOPE Scam."" Winter adds ""Rescuing Fake Memory Devices,"" ""The Coca-Cola Blacklist,"" ""Using Discord Servers to HTTP Flood,"" ""Spying Across Borders in the Age of Email"" and ""Rotten Apples: OS X 101.""</p><p class=""mt-6"">The Winter issue announces the 2600 Leak Department and opens ""Successful Network Attacks,"" a five-part series that ran on through the following volume.</p>","https://www.2600.com","https://store.2600.com/products/spring-2016","Magazines","Magazines, Hacking, Phone Phreaking, Computer Security, Surveillance","Periodical","","","Hudson Street Library, NYC","","false","/assets/images/magazines/2600/2600-33-1.jpg","","","English","","","","2026-09-05"
"100162","2600","","2600: The Hacker Quarterly","2600: The Hacker Quarterly, Summer 2016","2600 Enterprises, Inc.","2016","","","","","","Volume 33, Number 2","","Emmanuel Goldstein","","","","<p>The 2016 volume, published through an American election year the magazine covers with a Twitter bot experiment in the Spring issue and a parallel president in the Autumn.</p><p class=""mt-6"">Spring runs ""Scraping for Cache,"" ""Hacking Using Parse Database Injection,"" ""Defense Against the Black Arts of Forensics"" and ""A Plan 9 Primer."" It also prints ""Exif Location Recon with Python,"" ""Eleventh Graders and Nuclear Bombs"" and ""Reconnaissance at Spa World."" Summer covers ""Pre-Surveillance of Law Enforcement Using Targeted Advertising,"" ""Abandoned Routers: Forgotten, But Not Gone,"" ""Card Transactions Explained"" and ""To Hack an Uber."" Autumn takes in ""Hacking for Knowledge,"" ""MOV Before You JMP,"" ""A Captive Portal Puzzle at Sea,"" ""Building DIY Community Mesh Networks"" and ""Verizon's HOPE Scam."" Winter adds ""Rescuing Fake Memory Devices,"" ""The Coca-Cola Blacklist,"" ""Using Discord Servers to HTTP Flood,"" ""Spying Across Borders in the Age of Email"" and ""Rotten Apples: OS X 101.""</p><p class=""mt-6"">The Winter issue announces the 2600 Leak Department and opens ""Successful Network Attacks,"" a five-part series that ran on through the following volume.</p>","https://www.2600.com","https://store.2600.com/products/summer-2016","Magazines","Magazines, Hacking, Phone Phreaking, Computer Security, Surveillance","Periodical","","","Hudson Street Library, NYC","","false","/assets/images/magazines/2600/2600-33-2.jpg","","","English","","","","2026-09-05"
"100163","2600","","2600: The Hacker Quarterly","2600: The Hacker Quarterly, Autumn 2016","2600 Enterprises, Inc.","2016","","","","","","Volume 33, Number 3","","Emmanuel Goldstein","","","","<p>The 2016 volume, published through an American election year the magazine covers with a Twitter bot experiment in the Spring issue and a parallel president in the Autumn.</p><p class=""mt-6"">Spring runs ""Scraping for Cache,"" ""Hacking Using Parse Database Injection,"" ""Defense Against the Black Arts of Forensics"" and ""A Plan 9 Primer."" It also prints ""Exif Location Recon with Python,"" ""Eleventh Graders and Nuclear Bombs"" and ""Reconnaissance at Spa World."" Summer covers ""Pre-Surveillance of Law Enforcement Using Targeted Advertising,"" ""Abandoned Routers: Forgotten, But Not Gone,"" ""Card Transactions Explained"" and ""To Hack an Uber."" Autumn takes in ""Hacking for Knowledge,"" ""MOV Before You JMP,"" ""A Captive Portal Puzzle at Sea,"" ""Building DIY Community Mesh Networks"" and ""Verizon's HOPE Scam."" Winter adds ""Rescuing Fake Memory Devices,"" ""The Coca-Cola Blacklist,"" ""Using Discord Servers to HTTP Flood,"" ""Spying Across Borders in the Age of Email"" and ""Rotten Apples: OS X 101.""</p><p class=""mt-6"">The Winter issue announces the 2600 Leak Department and opens ""Successful Network Attacks,"" a five-part series that ran on through the following volume.</p>","https://www.2600.com","https://store.2600.com/products/autumn-2016","Magazines","Magazines, Hacking, Phone Phreaking, Computer Security, Surveillance","Periodical","","","Hudson Street Library, NYC","","false","/assets/images/magazines/2600/2600-33-3.jpg","","","English","","","","2026-09-05"
"100164","2600","","2600: The Hacker Quarterly","2600: The Hacker Quarterly, Winter 2016-2017","2600 Enterprises, Inc.","2016","","","","","","Volume 33, Number 4","","Emmanuel Goldstein","","","","<p>The 2016 volume, published through an American election year the magazine covers with a Twitter bot experiment in the Spring issue and a parallel president in the Autumn.</p><p class=""mt-6"">Spring runs ""Scraping for Cache,"" ""Hacking Using Parse Database Injection,"" ""Defense Against the Black Arts of Forensics"" and ""A Plan 9 Primer."" It also prints ""Exif Location Recon with Python,"" ""Eleventh Graders and Nuclear Bombs"" and ""Reconnaissance at Spa World."" Summer covers ""Pre-Surveillance of Law Enforcement Using Targeted Advertising,"" ""Abandoned Routers: Forgotten, But Not Gone,"" ""Card Transactions Explained"" and ""To Hack an Uber."" Autumn takes in ""Hacking for Knowledge,"" ""MOV Before You JMP,"" ""A Captive Portal Puzzle at Sea,"" ""Building DIY Community Mesh Networks"" and ""Verizon's HOPE Scam."" Winter adds ""Rescuing Fake Memory Devices,"" ""The Coca-Cola Blacklist,"" ""Using Discord Servers to HTTP Flood,"" ""Spying Across Borders in the Age of Email"" and ""Rotten Apples: OS X 101.""</p><p class=""mt-6"">The Winter issue announces the 2600 Leak Department and opens ""Successful Network Attacks,"" a five-part series that ran on through the following volume.</p>","https://www.2600.com","https://store.2600.com/products/winter-2016-2017","Magazines","Magazines, Hacking, Phone Phreaking, Computer Security, Surveillance","Periodical","","","Hudson Street Library, NYC","","false","/assets/images/magazines/2600/2600-33-4.jpg","","","English","","","","2026-09-05"
"100165","2600","","2600: The Hacker Quarterly","2600: The Hacker Quarterly, Spring 2017","2600 Enterprises, Inc.","2017","","","","","","Volume 34, Number 1","","Emmanuel Goldstein","","","","<p>The 2017 volume, which introduces the CITIZEN ENGINEER column and finishes the five-part ""Successful Network Attacks"" series.</p><p class=""mt-6"">Spring runs ""New U.K. Surveillance Laws,"" ""Voices in the Sky: Satellite Communication Methods,"" ""Lockbox PIN Code Generator"" and ""Hacking Free Wi-Fi on Delta Flights."" It also prints ""Telephones from Space,"" ""Software Cracking with dotPeek,"" ""Obfuscating Torrent Traffic"" and ""White House Phone Numbers."" Summer covers ""The Censorship Resistant Internet: How to Run a Tor Hidden Service,"" ""Hacktivism to End Human Trafficking and Modern Day Slavery"" and ""A Declaration of Independence for Cyberspace."" Autumn prints ""Bypass Your ISP's DNS and Run A Private OpenNIC Server,"" ""PHP Backdoors,"" ""Inseparable: The Intersectionality of Hacking and Politics"" and ""(learn (LISP))."" Winter adds ""Using dnscat2 for Encrypted C&C over DNS,"" ""What Happens When WHOIS Data Is Made Public,"" ""Deauthing the Neighbors, or Ring Theory"" and ""Quantum Computers and Bitcoin.""</p><p class=""mt-6"">""White House Phone Numbers"" in the Spring issue reprints the kind of list the newsletter ran in its first year, thirty-three years after ""White House Phone List.""</p>","https://www.2600.com","https://store.2600.com/products/spring-2017","Magazines","Magazines, Hacking, Phone Phreaking, Computer Security, Surveillance","Periodical","","","Hudson Street Library, NYC","","false","/assets/images/magazines/2600/2600-34-1.jpg","","","English","","","","2026-09-05"
"100166","2600","","2600: The Hacker Quarterly","2600: The Hacker Quarterly, Summer 2017","2600 Enterprises, Inc.","2017","","","","","","Volume 34, Number 2","","Emmanuel Goldstein","","","","<p>The 2017 volume, which introduces the CITIZEN ENGINEER column and finishes the five-part ""Successful Network Attacks"" series.</p><p class=""mt-6"">Spring runs ""New U.K. Surveillance Laws,"" ""Voices in the Sky: Satellite Communication Methods,"" ""Lockbox PIN Code Generator"" and ""Hacking Free Wi-Fi on Delta Flights."" It also prints ""Telephones from Space,"" ""Software Cracking with dotPeek,"" ""Obfuscating Torrent Traffic"" and ""White House Phone Numbers."" Summer covers ""The Censorship Resistant Internet: How to Run a Tor Hidden Service,"" ""Hacktivism to End Human Trafficking and Modern Day Slavery"" and ""A Declaration of Independence for Cyberspace."" Autumn prints ""Bypass Your ISP's DNS and Run A Private OpenNIC Server,"" ""PHP Backdoors,"" ""Inseparable: The Intersectionality of Hacking and Politics"" and ""(learn (LISP))."" Winter adds ""Using dnscat2 for Encrypted C&C over DNS,"" ""What Happens When WHOIS Data Is Made Public,"" ""Deauthing the Neighbors, or Ring Theory"" and ""Quantum Computers and Bitcoin.""</p><p class=""mt-6"">""White House Phone Numbers"" in the Spring issue reprints the kind of list the newsletter ran in its first year, thirty-three years after ""White House Phone List.""</p>","https://www.2600.com","https://store.2600.com/products/summer-2017","Magazines","Magazines, Hacking, Phone Phreaking, Computer Security, Surveillance","Periodical","","","Hudson Street Library, NYC","","false","/assets/images/magazines/2600/2600-34-2.jpg","","","English","","","","2026-09-05"
"100167","2600","","2600: The Hacker Quarterly","2600: The Hacker Quarterly, Autumn 2017","2600 Enterprises, Inc.","2017","","","","","","Volume 34, Number 3","","Emmanuel Goldstein","","","","<p>The 2017 volume, which introduces the CITIZEN ENGINEER column and finishes the five-part ""Successful Network Attacks"" series.</p><p class=""mt-6"">Spring runs ""New U.K. Surveillance Laws,"" ""Voices in the Sky: Satellite Communication Methods,"" ""Lockbox PIN Code Generator"" and ""Hacking Free Wi-Fi on Delta Flights."" It also prints ""Telephones from Space,"" ""Software Cracking with dotPeek,"" ""Obfuscating Torrent Traffic"" and ""White House Phone Numbers."" Summer covers ""The Censorship Resistant Internet: How to Run a Tor Hidden Service,"" ""Hacktivism to End Human Trafficking and Modern Day Slavery"" and ""A Declaration of Independence for Cyberspace."" Autumn prints ""Bypass Your ISP's DNS and Run A Private OpenNIC Server,"" ""PHP Backdoors,"" ""Inseparable: The Intersectionality of Hacking and Politics"" and ""(learn (LISP))."" Winter adds ""Using dnscat2 for Encrypted C&C over DNS,"" ""What Happens When WHOIS Data Is Made Public,"" ""Deauthing the Neighbors, or Ring Theory"" and ""Quantum Computers and Bitcoin.""</p><p class=""mt-6"">""White House Phone Numbers"" in the Spring issue reprints the kind of list the newsletter ran in its first year, thirty-three years after ""White House Phone List.""</p>","https://www.2600.com","https://store.2600.com/products/autumn-2017","Magazines","Magazines, Hacking, Phone Phreaking, Computer Security, Surveillance","Periodical","","","Hudson Street Library, NYC","","false","/assets/images/magazines/2600/2600-34-3.jpg","","","English","","","","2026-09-05"
"100168","2600","","2600: The Hacker Quarterly","2600: The Hacker Quarterly, Winter 2017-2018","2600 Enterprises, Inc.","2017","","","","","","Volume 34, Number 4","","Emmanuel Goldstein","","","","<p>The 2017 volume, which introduces the CITIZEN ENGINEER column and finishes the five-part ""Successful Network Attacks"" series.</p><p class=""mt-6"">Spring runs ""New U.K. Surveillance Laws,"" ""Voices in the Sky: Satellite Communication Methods,"" ""Lockbox PIN Code Generator"" and ""Hacking Free Wi-Fi on Delta Flights."" It also prints ""Telephones from Space,"" ""Software Cracking with dotPeek,"" ""Obfuscating Torrent Traffic"" and ""White House Phone Numbers."" Summer covers ""The Censorship Resistant Internet: How to Run a Tor Hidden Service,"" ""Hacktivism to End Human Trafficking and Modern Day Slavery"" and ""A Declaration of Independence for Cyberspace."" Autumn prints ""Bypass Your ISP's DNS and Run A Private OpenNIC Server,"" ""PHP Backdoors,"" ""Inseparable: The Intersectionality of Hacking and Politics"" and ""(learn (LISP))."" Winter adds ""Using dnscat2 for Encrypted C&C over DNS,"" ""What Happens When WHOIS Data Is Made Public,"" ""Deauthing the Neighbors, or Ring Theory"" and ""Quantum Computers and Bitcoin.""</p><p class=""mt-6"">""White House Phone Numbers"" in the Spring issue reprints the kind of list the newsletter ran in its first year, thirty-three years after ""White House Phone List.""</p>","https://www.2600.com","https://store.2600.com/products/winter-2017-2018","Magazines","Magazines, Hacking, Phone Phreaking, Computer Security, Surveillance","Periodical","","","Hudson Street Library, NYC","","false","/assets/images/magazines/2600/2600-34-4.jpg","","","English","","","","2026-09-05"
"100169","2600","","2600: The Hacker Quarterly","2600: The Hacker Quarterly, Spring 2018","2600 Enterprises, Inc.","2018","","","","","","Volume 35, Number 1","","Emmanuel Goldstein","","","","<p>The 2018 volume, in which book reviews become a regular feature and the reporting turns to data protection law, IoT botnets and automated policing.</p><p class=""mt-6"">Spring covers ""The Secrecy and Security of the Special Counsel,"" ""Breaking Standards,"" ""How to Run an I2P Hidden Service"" and ""A Review of CopperheadOS."" It also runs ""Unlocking the Secret of Keys,"" ""Bluetooth Hacking 101,"" ""Hidden ISPs"" and ""Extrapolating Phone Numbers Using Facebook and PayPal."" Summer prints ""A N00b's Guide to the Dark Web,"" ""The IPv6 Delusion,"" ""Serial Number Cracking For Fun and Profit"" and ""Automating a Police State."" Autumn runs ""Digital Sanctuary Cities,"" ""Removing eBook DRM without OCR or GUIs"" and ""The Evolution of Ran$omware."" ""GDPR - Active Empowerment vs. Passive Consumerism"" and ""A Characteristic Study of IoT Botnets"" follow. Winter adds ""1979 Plus 40 Years,"" ""AV1: One Giant Leap for Video-Kind,"" ""Social Engineering from Prison"" and ""Thumbcache.db Primer.""</p><p class=""mt-6"">Books are reviewed in two of the four issues. Kevin Mitnick's <em>The Art of Invisibility</em> comes in Autumn, then <em>Surveillance Valley</em> and <em>Ten Arguments for Deleting Your Social Media Accounts Right Now</em> together in Winter.</p>","https://www.2600.com","https://store.2600.com/products/spring-2018","Magazines","Magazines, Hacking, Phone Phreaking, Computer Security, Surveillance","Periodical","","","Hudson Street Library, NYC","","false","/assets/images/magazines/2600/2600-35-1.jpg","","","English","","","","2026-09-05"
"100170","2600","","2600: The Hacker Quarterly","2600: The Hacker Quarterly, Summer 2018","2600 Enterprises, Inc.","2018","","","","","","Volume 35, Number 2","","Emmanuel Goldstein","","","","<p>The 2018 volume, in which book reviews become a regular feature and the reporting turns to data protection law, IoT botnets and automated policing.</p><p class=""mt-6"">Spring covers ""The Secrecy and Security of the Special Counsel,"" ""Breaking Standards,"" ""How to Run an I2P Hidden Service"" and ""A Review of CopperheadOS."" It also runs ""Unlocking the Secret of Keys,"" ""Bluetooth Hacking 101,"" ""Hidden ISPs"" and ""Extrapolating Phone Numbers Using Facebook and PayPal."" Summer prints ""A N00b's Guide to the Dark Web,"" ""The IPv6 Delusion,"" ""Serial Number Cracking For Fun and Profit"" and ""Automating a Police State."" Autumn runs ""Digital Sanctuary Cities,"" ""Removing eBook DRM without OCR or GUIs"" and ""The Evolution of Ran$omware."" ""GDPR - Active Empowerment vs. Passive Consumerism"" and ""A Characteristic Study of IoT Botnets"" follow. Winter adds ""1979 Plus 40 Years,"" ""AV1: One Giant Leap for Video-Kind,"" ""Social Engineering from Prison"" and ""Thumbcache.db Primer.""</p><p class=""mt-6"">Books are reviewed in two of the four issues. Kevin Mitnick's <em>The Art of Invisibility</em> comes in Autumn, then <em>Surveillance Valley</em> and <em>Ten Arguments for Deleting Your Social Media Accounts Right Now</em> together in Winter.</p>","https://www.2600.com","https://store.2600.com/products/summer-2018","Magazines","Magazines, Hacking, Phone Phreaking, Computer Security, Surveillance","Periodical","","","Hudson Street Library, NYC","","false","/assets/images/magazines/2600/2600-35-2.jpg","","","English","","","","2026-09-05"
"100171","2600","","2600: The Hacker Quarterly","2600: The Hacker Quarterly, Autumn 2018","2600 Enterprises, Inc.","2018","","","","","","Volume 35, Number 3","","Emmanuel Goldstein","","","","<p>The 2018 volume, in which book reviews become a regular feature and the reporting turns to data protection law, IoT botnets and automated policing.</p><p class=""mt-6"">Spring covers ""The Secrecy and Security of the Special Counsel,"" ""Breaking Standards,"" ""How to Run an I2P Hidden Service"" and ""A Review of CopperheadOS."" It also runs ""Unlocking the Secret of Keys,"" ""Bluetooth Hacking 101,"" ""Hidden ISPs"" and ""Extrapolating Phone Numbers Using Facebook and PayPal."" Summer prints ""A N00b's Guide to the Dark Web,"" ""The IPv6 Delusion,"" ""Serial Number Cracking For Fun and Profit"" and ""Automating a Police State."" Autumn runs ""Digital Sanctuary Cities,"" ""Removing eBook DRM without OCR or GUIs"" and ""The Evolution of Ran$omware."" ""GDPR - Active Empowerment vs. Passive Consumerism"" and ""A Characteristic Study of IoT Botnets"" follow. Winter adds ""1979 Plus 40 Years,"" ""AV1: One Giant Leap for Video-Kind,"" ""Social Engineering from Prison"" and ""Thumbcache.db Primer.""</p><p class=""mt-6"">Books are reviewed in two of the four issues. Kevin Mitnick's <em>The Art of Invisibility</em> comes in Autumn, then <em>Surveillance Valley</em> and <em>Ten Arguments for Deleting Your Social Media Accounts Right Now</em> together in Winter.</p>","https://www.2600.com","https://store.2600.com/products/autumn-2018","Magazines","Magazines, Hacking, Phone Phreaking, Computer Security, Surveillance","Periodical","","","Hudson Street Library, NYC","","false","/assets/images/magazines/2600/2600-35-3.jpg","","","English","","","","2026-09-05"
"100172","2600","","2600: The Hacker Quarterly","2600: The Hacker Quarterly, Winter 2018-2019","2600 Enterprises, Inc.","2018","","","","","","Volume 35, Number 4","","Emmanuel Goldstein","","","","<p>The 2018 volume, in which book reviews become a regular feature and the reporting turns to data protection law, IoT botnets and automated policing.</p><p class=""mt-6"">Spring covers ""The Secrecy and Security of the Special Counsel,"" ""Breaking Standards,"" ""How to Run an I2P Hidden Service"" and ""A Review of CopperheadOS."" It also runs ""Unlocking the Secret of Keys,"" ""Bluetooth Hacking 101,"" ""Hidden ISPs"" and ""Extrapolating Phone Numbers Using Facebook and PayPal."" Summer prints ""A N00b's Guide to the Dark Web,"" ""The IPv6 Delusion,"" ""Serial Number Cracking For Fun and Profit"" and ""Automating a Police State."" Autumn runs ""Digital Sanctuary Cities,"" ""Removing eBook DRM without OCR or GUIs"" and ""The Evolution of Ran$omware."" ""GDPR - Active Empowerment vs. Passive Consumerism"" and ""A Characteristic Study of IoT Botnets"" follow. Winter adds ""1979 Plus 40 Years,"" ""AV1: One Giant Leap for Video-Kind,"" ""Social Engineering from Prison"" and ""Thumbcache.db Primer.""</p><p class=""mt-6"">Books are reviewed in two of the four issues. Kevin Mitnick's <em>The Art of Invisibility</em> comes in Autumn, then <em>Surveillance Valley</em> and <em>Ten Arguments for Deleting Your Social Media Accounts Right Now</em> together in Winter.</p>","https://www.2600.com","https://store.2600.com/products/winter-2018-2019","Magazines","Magazines, Hacking, Phone Phreaking, Computer Security, Surveillance","Periodical","","","Hudson Street Library, NYC","","false","/assets/images/magazines/2600/2600-35-4.jpg","","","English","","","","2026-09-05"
"100173","2600","","2600: The Hacker Quarterly","2600: The Hacker Quarterly, Spring 2019","2600 Enterprises, Inc.","2019","","","","","","Volume 36, Number 1","","Emmanuel Goldstein","","","","<p>The 2019 volume, the last before the pandemic, with the Spring editorial ""Preserving the Future"" and a run of articles on Android internals and quantum computing.</p><p class=""mt-6"">Spring covers ""Reverse Engineering Android Apps,"" ""Android Smartphone Secret Codes: Revealed,"" ""How to Make Your eBooks Inheritable"" and ""Second-Generation Quantum Computers."" It also runs ""In-Browser Cryptojacking,"" ""Lights Out! Guerilla Radio"" and ""We Just Called Them Dialers,"" with a review of <em>Weapons of Math Destruction</em>. Summer prints ""Porting IoT Malware to Windows,"" ""There Is No Magic in the Clouds"" and ""Connecting to the Internet for Free Using Iodine,"" with a review of <em>Broad Band</em>. Autumn runs ""Fully Homomorphic Encryption and Privacy,"" ""The Mysteries of the Hidden Internet,"" ""Breaking DirecTV's DVR Authentication"" and ""The Case Against Certified Ethical Hacking."" Winter adds ""Industrial Control with Modbus,"" ""Cyberspelunking,"" ""Steganographic Filesystems,"" ""Death of a Scene"" and ""Body Key-Logging.""</p><p class=""mt-6"">CITIZEN ENGINEER runs for the last time in the Winter issue. That issue also carries a correction to an earlier article, printed as ""Student Privacy by Practice - Not by Policy (fixing our mistake).""</p>","https://www.2600.com","https://store.2600.com/products/spring-2019","Magazines","Magazines, Hacking, Phone Phreaking, Computer Security, Surveillance","Periodical","","","Hudson Street Library, NYC","","false","/assets/images/magazines/2600/2600-36-1.jpg","","","English","","","","2026-09-05"
"100174","2600","","2600: The Hacker Quarterly","2600: The Hacker Quarterly, Summer 2019","2600 Enterprises, Inc.","2019","","","","","","Volume 36, Number 2","","Emmanuel Goldstein","","","","<p>The 2019 volume, the last before the pandemic, with the Spring editorial ""Preserving the Future"" and a run of articles on Android internals and quantum computing.</p><p class=""mt-6"">Spring covers ""Reverse Engineering Android Apps,"" ""Android Smartphone Secret Codes: Revealed,"" ""How to Make Your eBooks Inheritable"" and ""Second-Generation Quantum Computers."" It also runs ""In-Browser Cryptojacking,"" ""Lights Out! Guerilla Radio"" and ""We Just Called Them Dialers,"" with a review of <em>Weapons of Math Destruction</em>. Summer prints ""Porting IoT Malware to Windows,"" ""There Is No Magic in the Clouds"" and ""Connecting to the Internet for Free Using Iodine,"" with a review of <em>Broad Band</em>. Autumn runs ""Fully Homomorphic Encryption and Privacy,"" ""The Mysteries of the Hidden Internet,"" ""Breaking DirecTV's DVR Authentication"" and ""The Case Against Certified Ethical Hacking."" Winter adds ""Industrial Control with Modbus,"" ""Cyberspelunking,"" ""Steganographic Filesystems,"" ""Death of a Scene"" and ""Body Key-Logging.""</p><p class=""mt-6"">CITIZEN ENGINEER runs for the last time in the Winter issue. That issue also carries a correction to an earlier article, printed as ""Student Privacy by Practice - Not by Policy (fixing our mistake).""</p>","https://www.2600.com","https://store.2600.com/products/summer-2019","Magazines","Magazines, Hacking, Phone Phreaking, Computer Security, Surveillance","Periodical","","","Hudson Street Library, NYC","","false","/assets/images/magazines/2600/2600-36-2.jpg","","","English","","","","2026-09-05"
"100175","2600","","2600: The Hacker Quarterly","2600: The Hacker Quarterly, Autumn 2019","2600 Enterprises, Inc.","2019","","","","","","Volume 36, Number 3","","Emmanuel Goldstein","","","","<p>The 2019 volume, the last before the pandemic, with the Spring editorial ""Preserving the Future"" and a run of articles on Android internals and quantum computing.</p><p class=""mt-6"">Spring covers ""Reverse Engineering Android Apps,"" ""Android Smartphone Secret Codes: Revealed,"" ""How to Make Your eBooks Inheritable"" and ""Second-Generation Quantum Computers."" It also runs ""In-Browser Cryptojacking,"" ""Lights Out! Guerilla Radio"" and ""We Just Called Them Dialers,"" with a review of <em>Weapons of Math Destruction</em>. Summer prints ""Porting IoT Malware to Windows,"" ""There Is No Magic in the Clouds"" and ""Connecting to the Internet for Free Using Iodine,"" with a review of <em>Broad Band</em>. Autumn runs ""Fully Homomorphic Encryption and Privacy,"" ""The Mysteries of the Hidden Internet,"" ""Breaking DirecTV's DVR Authentication"" and ""The Case Against Certified Ethical Hacking."" Winter adds ""Industrial Control with Modbus,"" ""Cyberspelunking,"" ""Steganographic Filesystems,"" ""Death of a Scene"" and ""Body Key-Logging.""</p><p class=""mt-6"">CITIZEN ENGINEER runs for the last time in the Winter issue. That issue also carries a correction to an earlier article, printed as ""Student Privacy by Practice - Not by Policy (fixing our mistake).""</p>","https://www.2600.com","https://store.2600.com/products/autumn-2019","Magazines","Magazines, Hacking, Phone Phreaking, Computer Security, Surveillance","Periodical","","","Hudson Street Library, NYC","","false","/assets/images/magazines/2600/2600-36-3.jpg","","","English","","","","2026-09-05"
"100176","2600","","2600: The Hacker Quarterly","2600: The Hacker Quarterly, Winter 2019-2020","2600 Enterprises, Inc.","2019","","","","","","Volume 36, Number 4","","Emmanuel Goldstein","","","","<p>The 2019 volume, the last before the pandemic, with the Spring editorial ""Preserving the Future"" and a run of articles on Android internals and quantum computing.</p><p class=""mt-6"">Spring covers ""Reverse Engineering Android Apps,"" ""Android Smartphone Secret Codes: Revealed,"" ""How to Make Your eBooks Inheritable"" and ""Second-Generation Quantum Computers."" It also runs ""In-Browser Cryptojacking,"" ""Lights Out! Guerilla Radio"" and ""We Just Called Them Dialers,"" with a review of <em>Weapons of Math Destruction</em>. Summer prints ""Porting IoT Malware to Windows,"" ""There Is No Magic in the Clouds"" and ""Connecting to the Internet for Free Using Iodine,"" with a review of <em>Broad Band</em>. Autumn runs ""Fully Homomorphic Encryption and Privacy,"" ""The Mysteries of the Hidden Internet,"" ""Breaking DirecTV's DVR Authentication"" and ""The Case Against Certified Ethical Hacking."" Winter adds ""Industrial Control with Modbus,"" ""Cyberspelunking,"" ""Steganographic Filesystems,"" ""Death of a Scene"" and ""Body Key-Logging.""</p><p class=""mt-6"">CITIZEN ENGINEER runs for the last time in the Winter issue. That issue also carries a correction to an earlier article, printed as ""Student Privacy by Practice - Not by Policy (fixing our mistake).""</p>","https://www.2600.com","https://store.2600.com/products/winter-2019-2020","Magazines","Magazines, Hacking, Phone Phreaking, Computer Security, Surveillance","Periodical","","","Hudson Street Library, NYC","","false","/assets/images/magazines/2600/2600-36-4.jpg","","","English","","","","2026-09-05"
"100177","2600","","2600: The Hacker Quarterly","2600: The Hacker Quarterly, Spring 2020","2600 Enterprises, Inc.","2020","","","","","","Volume 37, Number 1","","Emmanuel Goldstein","","","","<p>The 2020 volume, whose Spring editorial ""The New Social Disease"" was written as the pandemic closed the offices its readers worked in.</p><p class=""mt-6"">Spring covers ""Cracking Your Neighbor's Wi-Fi for $180,"" ""Null-Routing Facebook Using Small Tech to Fight Big Tech"" and ""Hackerspace School."" It also runs ""Antique Malware Can Still Bite You,"" ""Printers: The Overlooked Security Concerns,"" ""Yahoo Groups and the Legacy of Internet Content"" and ""An Introduction to Chaff."" Summer prints ""Skimming Credit Card and ACH Payment Details from Tigerpaw Software Clients,"" ""Towards a Secure Telephone Network"" and ""Ghosting an Operating System for Privacy,"" beside ""OhNoDaddy: GoDaddy Compromised."" Autumn runs ""Smile, You're On Camera,"" ""Hacking Rotary Dials,"" ""QR Chaos,"" ""Clean Rooms and Reverse Engineering"" and ""What's Old Is New Again - We Are Still Jackpotting ATMs."" Winter adds ""The TikTok Spyware Conspiracy,"" ""Hacking Digital Signage Screens,"" ""How To Write Malware in PowerShell"" and ""The Brazilian Phone System Revisited.""</p><p class=""mt-6"">HOPE 2020 was held online that July and the Autumn issue carries the debrief. ARTIFICIAL INTERRUPTION begins in the Summer issue, which is also where ""Hacking the Naked Princess"" ends after eight years.</p>","https://www.2600.com","https://store.2600.com/products/spring-2020","Magazines","Magazines, Hacking, Phone Phreaking, Computer Security, Surveillance","Periodical","","","Hudson Street Library, NYC","","false","/assets/images/magazines/2600/2600-37-1.jpg","","","English","","","","2026-09-05"
"100178","2600","","2600: The Hacker Quarterly","2600: The Hacker Quarterly, Summer 2020","2600 Enterprises, Inc.","2020","","","","","","Volume 37, Number 2","","Emmanuel Goldstein","","","","<p>The 2020 volume, whose Spring editorial ""The New Social Disease"" was written as the pandemic closed the offices its readers worked in.</p><p class=""mt-6"">Spring covers ""Cracking Your Neighbor's Wi-Fi for $180,"" ""Null-Routing Facebook Using Small Tech to Fight Big Tech"" and ""Hackerspace School."" It also runs ""Antique Malware Can Still Bite You,"" ""Printers: The Overlooked Security Concerns,"" ""Yahoo Groups and the Legacy of Internet Content"" and ""An Introduction to Chaff."" Summer prints ""Skimming Credit Card and ACH Payment Details from Tigerpaw Software Clients,"" ""Towards a Secure Telephone Network"" and ""Ghosting an Operating System for Privacy,"" beside ""OhNoDaddy: GoDaddy Compromised."" Autumn runs ""Smile, You're On Camera,"" ""Hacking Rotary Dials,"" ""QR Chaos,"" ""Clean Rooms and Reverse Engineering"" and ""What's Old Is New Again - We Are Still Jackpotting ATMs."" Winter adds ""The TikTok Spyware Conspiracy,"" ""Hacking Digital Signage Screens,"" ""How To Write Malware in PowerShell"" and ""The Brazilian Phone System Revisited.""</p><p class=""mt-6"">HOPE 2020 was held online that July and the Autumn issue carries the debrief. ARTIFICIAL INTERRUPTION begins in the Summer issue, which is also where ""Hacking the Naked Princess"" ends after eight years.</p>","https://www.2600.com","https://store.2600.com/products/summer-2020","Magazines","Magazines, Hacking, Phone Phreaking, Computer Security, Surveillance","Periodical","","","Hudson Street Library, NYC","","false","/assets/images/magazines/2600/2600-37-2.jpg","","","English","","","","2026-09-05"
"100179","2600","","2600: The Hacker Quarterly","2600: The Hacker Quarterly, Autumn 2020","2600 Enterprises, Inc.","2020","","","","","","Volume 37, Number 3","","Emmanuel Goldstein","","","","<p>The 2020 volume, whose Spring editorial ""The New Social Disease"" was written as the pandemic closed the offices its readers worked in.</p><p class=""mt-6"">Spring covers ""Cracking Your Neighbor's Wi-Fi for $180,"" ""Null-Routing Facebook Using Small Tech to Fight Big Tech"" and ""Hackerspace School."" It also runs ""Antique Malware Can Still Bite You,"" ""Printers: The Overlooked Security Concerns,"" ""Yahoo Groups and the Legacy of Internet Content"" and ""An Introduction to Chaff."" Summer prints ""Skimming Credit Card and ACH Payment Details from Tigerpaw Software Clients,"" ""Towards a Secure Telephone Network"" and ""Ghosting an Operating System for Privacy,"" beside ""OhNoDaddy: GoDaddy Compromised."" Autumn runs ""Smile, You're On Camera,"" ""Hacking Rotary Dials,"" ""QR Chaos,"" ""Clean Rooms and Reverse Engineering"" and ""What's Old Is New Again - We Are Still Jackpotting ATMs."" Winter adds ""The TikTok Spyware Conspiracy,"" ""Hacking Digital Signage Screens,"" ""How To Write Malware in PowerShell"" and ""The Brazilian Phone System Revisited.""</p><p class=""mt-6"">HOPE 2020 was held online that July and the Autumn issue carries the debrief. ARTIFICIAL INTERRUPTION begins in the Summer issue, which is also where ""Hacking the Naked Princess"" ends after eight years.</p>","https://www.2600.com","https://store.2600.com/products/autumn-2020","Magazines","Magazines, Hacking, Phone Phreaking, Computer Security, Surveillance","Periodical","","","Hudson Street Library, NYC","","false","/assets/images/magazines/2600/2600-37-3.jpg","","","English","","","","2026-09-05"
"100180","2600","","2600: The Hacker Quarterly","2600: The Hacker Quarterly, Winter 2020-2021","2600 Enterprises, Inc.","2020","","","","","","Volume 37, Number 4","","Emmanuel Goldstein","","","","<p>The 2020 volume, whose Spring editorial ""The New Social Disease"" was written as the pandemic closed the offices its readers worked in.</p><p class=""mt-6"">Spring covers ""Cracking Your Neighbor's Wi-Fi for $180,"" ""Null-Routing Facebook Using Small Tech to Fight Big Tech"" and ""Hackerspace School."" It also runs ""Antique Malware Can Still Bite You,"" ""Printers: The Overlooked Security Concerns,"" ""Yahoo Groups and the Legacy of Internet Content"" and ""An Introduction to Chaff."" Summer prints ""Skimming Credit Card and ACH Payment Details from Tigerpaw Software Clients,"" ""Towards a Secure Telephone Network"" and ""Ghosting an Operating System for Privacy,"" beside ""OhNoDaddy: GoDaddy Compromised."" Autumn runs ""Smile, You're On Camera,"" ""Hacking Rotary Dials,"" ""QR Chaos,"" ""Clean Rooms and Reverse Engineering"" and ""What's Old Is New Again - We Are Still Jackpotting ATMs."" Winter adds ""The TikTok Spyware Conspiracy,"" ""Hacking Digital Signage Screens,"" ""How To Write Malware in PowerShell"" and ""The Brazilian Phone System Revisited.""</p><p class=""mt-6"">HOPE 2020 was held online that July and the Autumn issue carries the debrief. ARTIFICIAL INTERRUPTION begins in the Summer issue, which is also where ""Hacking the Naked Princess"" ends after eight years.</p>","https://www.2600.com","https://store.2600.com/products/winter-2020-2021","Magazines","Magazines, Hacking, Phone Phreaking, Computer Security, Surveillance","Periodical","","","Hudson Street Library, NYC","","false","/assets/images/magazines/2600/2600-37-4.jpg","","","English","","","","2026-09-05"
"100181","2600","","2600: The Hacker Quarterly","2600: The Hacker Quarterly, Spring 2021","2600 Enterprises, Inc.","2021","","","","","","Volume 38, Number 1","","Emmanuel Goldstein","","","","<p>The 2021 volume, in which the magazine's arguments with cryptocurrency, quantum computing and machine learning take as much space as its network security coverage.</p><p class=""mt-6"">Spring runs ""Anonymity, Privacy, and Reality,"" ""Ham Radio, SMS, and the ISS,"" ""Randomize Your Exit Node"" and ""Logging Discord Tokens."" It also prints ""A Layman's Intro to Quantum Computers,"" ""Inside Job: Exploiting Alarm Systems and the People Who Monitor Them"" and ""A Proposal for the Elimination of Passwords."" Summer covers ""More Privacy and Better Security Through Email Diversification,"" ""Fluc Google's FLoC,"" ""The Demise of Network Security"" and ""Vulnerabilities in Deep Artificial Neural Networks."" Autumn prints ""Wherever You Go, There You Are,"" ""Where Have All the Tor Sites Gone?,"" ""The FBI Communications Breach of 2010"" and ""Hacking NYC MTA Kiosks."" Winter adds ""L-Band: Frequencies and Equipment You Need to Know About,"" ""In the Trenches: Working as a Security Analyst,"" ""Inside the New World of Cryptocurrency Phishing"" and ""leet.c.""</p><p class=""mt-6"">""The Phreak's Field Guide to Identifying North American Phone Switches"" begins in the Autumn issue and concludes in Spring 2022. The serial ""An Atavistic Freak Out"" starts in Summer and ran to a final episode two years later.</p>","https://www.2600.com","https://store.2600.com/products/spring-2021","Magazines","Magazines, Hacking, Phone Phreaking, Computer Security, Surveillance","Periodical","","","Hudson Street Library, NYC","","false","/assets/images/magazines/2600/2600-38-1.jpg","","","English","","","","2026-09-05"
"100182","2600","","2600: The Hacker Quarterly","2600: The Hacker Quarterly, Summer 2021","2600 Enterprises, Inc.","2021","","","","","","Volume 38, Number 2","","Emmanuel Goldstein","","","","<p>The 2021 volume, in which the magazine's arguments with cryptocurrency, quantum computing and machine learning take as much space as its network security coverage.</p><p class=""mt-6"">Spring runs ""Anonymity, Privacy, and Reality,"" ""Ham Radio, SMS, and the ISS,"" ""Randomize Your Exit Node"" and ""Logging Discord Tokens."" It also prints ""A Layman's Intro to Quantum Computers,"" ""Inside Job: Exploiting Alarm Systems and the People Who Monitor Them"" and ""A Proposal for the Elimination of Passwords."" Summer covers ""More Privacy and Better Security Through Email Diversification,"" ""Fluc Google's FLoC,"" ""The Demise of Network Security"" and ""Vulnerabilities in Deep Artificial Neural Networks."" Autumn prints ""Wherever You Go, There You Are,"" ""Where Have All the Tor Sites Gone?,"" ""The FBI Communications Breach of 2010"" and ""Hacking NYC MTA Kiosks."" Winter adds ""L-Band: Frequencies and Equipment You Need to Know About,"" ""In the Trenches: Working as a Security Analyst,"" ""Inside the New World of Cryptocurrency Phishing"" and ""leet.c.""</p><p class=""mt-6"">""The Phreak's Field Guide to Identifying North American Phone Switches"" begins in the Autumn issue and concludes in Spring 2022. The serial ""An Atavistic Freak Out"" starts in Summer and ran to a final episode two years later.</p>","https://www.2600.com","https://store.2600.com/products/summer-2021","Magazines","Magazines, Hacking, Phone Phreaking, Computer Security, Surveillance","Periodical","","","Hudson Street Library, NYC","","false","/assets/images/magazines/2600/2600-38-2.jpg","","","English","","","","2026-09-05"
"100183","2600","","2600: The Hacker Quarterly","2600: The Hacker Quarterly, Autumn 2021","2600 Enterprises, Inc.","2021","","","","","","Volume 38, Number 3","","Emmanuel Goldstein","","","","<p>The 2021 volume, in which the magazine's arguments with cryptocurrency, quantum computing and machine learning take as much space as its network security coverage.</p><p class=""mt-6"">Spring runs ""Anonymity, Privacy, and Reality,"" ""Ham Radio, SMS, and the ISS,"" ""Randomize Your Exit Node"" and ""Logging Discord Tokens."" It also prints ""A Layman's Intro to Quantum Computers,"" ""Inside Job: Exploiting Alarm Systems and the People Who Monitor Them"" and ""A Proposal for the Elimination of Passwords."" Summer covers ""More Privacy and Better Security Through Email Diversification,"" ""Fluc Google's FLoC,"" ""The Demise of Network Security"" and ""Vulnerabilities in Deep Artificial Neural Networks."" Autumn prints ""Wherever You Go, There You Are,"" ""Where Have All the Tor Sites Gone?,"" ""The FBI Communications Breach of 2010"" and ""Hacking NYC MTA Kiosks."" Winter adds ""L-Band: Frequencies and Equipment You Need to Know About,"" ""In the Trenches: Working as a Security Analyst,"" ""Inside the New World of Cryptocurrency Phishing"" and ""leet.c.""</p><p class=""mt-6"">""The Phreak's Field Guide to Identifying North American Phone Switches"" begins in the Autumn issue and concludes in Spring 2022. The serial ""An Atavistic Freak Out"" starts in Summer and ran to a final episode two years later.</p>","https://www.2600.com","https://store.2600.com/products/autumn-2021","Magazines","Magazines, Hacking, Phone Phreaking, Computer Security, Surveillance","Periodical","","","Hudson Street Library, NYC","","false","/assets/images/magazines/2600/2600-38-3.jpg","","","English","","","","2026-09-05"
"100184","2600","","2600: The Hacker Quarterly","2600: The Hacker Quarterly, Winter 2021-2022","2600 Enterprises, Inc.","2021","","","","","","Volume 38, Number 4","","Emmanuel Goldstein","","","","<p>The 2021 volume, in which the magazine's arguments with cryptocurrency, quantum computing and machine learning take as much space as its network security coverage.</p><p class=""mt-6"">Spring runs ""Anonymity, Privacy, and Reality,"" ""Ham Radio, SMS, and the ISS,"" ""Randomize Your Exit Node"" and ""Logging Discord Tokens."" It also prints ""A Layman's Intro to Quantum Computers,"" ""Inside Job: Exploiting Alarm Systems and the People Who Monitor Them"" and ""A Proposal for the Elimination of Passwords."" Summer covers ""More Privacy and Better Security Through Email Diversification,"" ""Fluc Google's FLoC,"" ""The Demise of Network Security"" and ""Vulnerabilities in Deep Artificial Neural Networks."" Autumn prints ""Wherever You Go, There You Are,"" ""Where Have All the Tor Sites Gone?,"" ""The FBI Communications Breach of 2010"" and ""Hacking NYC MTA Kiosks."" Winter adds ""L-Band: Frequencies and Equipment You Need to Know About,"" ""In the Trenches: Working as a Security Analyst,"" ""Inside the New World of Cryptocurrency Phishing"" and ""leet.c.""</p><p class=""mt-6"">""The Phreak's Field Guide to Identifying North American Phone Switches"" begins in the Autumn issue and concludes in Spring 2022. The serial ""An Atavistic Freak Out"" starts in Summer and ran to a final episode two years later.</p>","https://www.2600.com","https://store.2600.com/products/winter-2021-2022","Magazines","Magazines, Hacking, Phone Phreaking, Computer Security, Surveillance","Periodical","","","Hudson Street Library, NYC","","false","/assets/images/magazines/2600/2600-38-4.jpg","","","English","","","","2026-09-05"
"100185","2600","","2600: The Hacker Quarterly","2600: The Hacker Quarterly, Spring 2022","2600 Enterprises, Inc.","2022","","","","","","Volume 39, Number 1","","Emmanuel Goldstein","","","","<p>The 2022 volume, whose Autumn issue reports A New HOPE, the first of the conferences held after the pandemic.</p><p class=""mt-6"">Spring runs ""How to Create a Practical Burner Phone for the Average User,"" ""Exploring the BACnet Protocol for Fun and Profit"" and ""FOIA as Weapon."" It also prints ""Web 3.0 is Bullshit,"" ""Why You Need to Self-Host"" and ""Sleuthing Google Apps Part 1: Google Calendar,"" with a review of <em>Sandworm</em>. Summer covers ""Phishing in 2022,"" ""Plain Text in Plain Sight: Smaller Alternatives to the World Wide Web,"" ""Hacking Traffic Lights"" and ""Dial-a-Word."" Autumn prints ""A New HOPE: Release Notes,"" ""The Internet of Problems,"" ""An Introduction Algorithm to Decoding an Enigma"" and ""How to Double-Spend a Bitcoin."" Winter adds ""Degradation as DRM,"" ""Friendly Fraud,"" ""Current Bulletin Board Systems: How It's Done,"" ""The Coolest Hacker Multitool On the Market: The Flipper Zero"" and ""The Search for Life at 300 Baud.""</p><p class=""mt-6"">The Autumn issue marks thirty years of <em>Sneakers</em>, a film this magazine reviewed when it opened in 1992.</p>","https://www.2600.com","https://store.2600.com/products/spring-2022","Magazines","Magazines, Hacking, Phone Phreaking, Computer Security, Surveillance","Periodical","","","Hudson Street Library, NYC","","false","/assets/images/magazines/2600/2600-39-1.jpg","","","English","","","","2026-09-05"
"100186","2600","","2600: The Hacker Quarterly","2600: The Hacker Quarterly, Summer 2022","2600 Enterprises, Inc.","2022","","","","","","Volume 39, Number 2","","Emmanuel Goldstein","","","","<p>The 2022 volume, whose Autumn issue reports A New HOPE, the first of the conferences held after the pandemic.</p><p class=""mt-6"">Spring runs ""How to Create a Practical Burner Phone for the Average User,"" ""Exploring the BACnet Protocol for Fun and Profit"" and ""FOIA as Weapon."" It also prints ""Web 3.0 is Bullshit,"" ""Why You Need to Self-Host"" and ""Sleuthing Google Apps Part 1: Google Calendar,"" with a review of <em>Sandworm</em>. Summer covers ""Phishing in 2022,"" ""Plain Text in Plain Sight: Smaller Alternatives to the World Wide Web,"" ""Hacking Traffic Lights"" and ""Dial-a-Word."" Autumn prints ""A New HOPE: Release Notes,"" ""The Internet of Problems,"" ""An Introduction Algorithm to Decoding an Enigma"" and ""How to Double-Spend a Bitcoin."" Winter adds ""Degradation as DRM,"" ""Friendly Fraud,"" ""Current Bulletin Board Systems: How It's Done,"" ""The Coolest Hacker Multitool On the Market: The Flipper Zero"" and ""The Search for Life at 300 Baud.""</p><p class=""mt-6"">The Autumn issue marks thirty years of <em>Sneakers</em>, a film this magazine reviewed when it opened in 1992.</p>","https://www.2600.com","https://store.2600.com/products/summer-2022","Magazines","Magazines, Hacking, Phone Phreaking, Computer Security, Surveillance","Periodical","","","Hudson Street Library, NYC","","false","/assets/images/magazines/2600/2600-39-2.jpg","","","English","","","","2026-09-05"
"100187","2600","","2600: The Hacker Quarterly","2600: The Hacker Quarterly, Autumn 2022","2600 Enterprises, Inc.","2022","","","","","","Volume 39, Number 3","","Emmanuel Goldstein","","","","<p>The 2022 volume, whose Autumn issue reports A New HOPE, the first of the conferences held after the pandemic.</p><p class=""mt-6"">Spring runs ""How to Create a Practical Burner Phone for the Average User,"" ""Exploring the BACnet Protocol for Fun and Profit"" and ""FOIA as Weapon."" It also prints ""Web 3.0 is Bullshit,"" ""Why You Need to Self-Host"" and ""Sleuthing Google Apps Part 1: Google Calendar,"" with a review of <em>Sandworm</em>. Summer covers ""Phishing in 2022,"" ""Plain Text in Plain Sight: Smaller Alternatives to the World Wide Web,"" ""Hacking Traffic Lights"" and ""Dial-a-Word."" Autumn prints ""A New HOPE: Release Notes,"" ""The Internet of Problems,"" ""An Introduction Algorithm to Decoding an Enigma"" and ""How to Double-Spend a Bitcoin."" Winter adds ""Degradation as DRM,"" ""Friendly Fraud,"" ""Current Bulletin Board Systems: How It's Done,"" ""The Coolest Hacker Multitool On the Market: The Flipper Zero"" and ""The Search for Life at 300 Baud.""</p><p class=""mt-6"">The Autumn issue marks thirty years of <em>Sneakers</em>, a film this magazine reviewed when it opened in 1992.</p>","https://www.2600.com","https://store.2600.com/products/autumn-2022","Magazines","Magazines, Hacking, Phone Phreaking, Computer Security, Surveillance","Periodical","","","Hudson Street Library, NYC","","false","/assets/images/magazines/2600/2600-39-3.jpg","","","English","","","","2026-09-05"
"100188","2600","","2600: The Hacker Quarterly","2600: The Hacker Quarterly, Winter 2022-2023","2600 Enterprises, Inc.","2022","","","","","","Volume 39, Number 4","","Emmanuel Goldstein","","","","<p>The 2022 volume, whose Autumn issue reports A New HOPE, the first of the conferences held after the pandemic.</p><p class=""mt-6"">Spring runs ""How to Create a Practical Burner Phone for the Average User,"" ""Exploring the BACnet Protocol for Fun and Profit"" and ""FOIA as Weapon."" It also prints ""Web 3.0 is Bullshit,"" ""Why You Need to Self-Host"" and ""Sleuthing Google Apps Part 1: Google Calendar,"" with a review of <em>Sandworm</em>. Summer covers ""Phishing in 2022,"" ""Plain Text in Plain Sight: Smaller Alternatives to the World Wide Web,"" ""Hacking Traffic Lights"" and ""Dial-a-Word."" Autumn prints ""A New HOPE: Release Notes,"" ""The Internet of Problems,"" ""An Introduction Algorithm to Decoding an Enigma"" and ""How to Double-Spend a Bitcoin."" Winter adds ""Degradation as DRM,"" ""Friendly Fraud,"" ""Current Bulletin Board Systems: How It's Done,"" ""The Coolest Hacker Multitool On the Market: The Flipper Zero"" and ""The Search for Life at 300 Baud.""</p><p class=""mt-6"">The Autumn issue marks thirty years of <em>Sneakers</em>, a film this magazine reviewed when it opened in 1992.</p>","https://www.2600.com","https://store.2600.com/products/winter-2022-2023","Magazines","Magazines, Hacking, Phone Phreaking, Computer Security, Surveillance","Periodical","","","Hudson Street Library, NYC","","false","/assets/images/magazines/2600/2600-39-4.jpg","","","English","","","","2026-09-05"
"100189","2600","","2600: The Hacker Quarterly","2600: The Hacker Quarterly, Spring 2023","2600 Enterprises, Inc.","2023","","","","","","Volume 40, Number 1","","Emmanuel Goldstein","","","","<p>The fortieth volume, published in the year of ChatGPT, which the magazine argues with in every issue and names in the Summer editorial ""Artificial Nonsense.""</p><p class=""mt-6"">Spring covers ""Sleuthing Google Apps Part 2,"" ""Hacker Movies,"" ""A Post-Soviet Payphone Trick"" and ""Organizing Music Files With SongRec and Shazam."" It also runs ""Hacking The Lenovo 11e Chromebook,"" ""Known Plaintext Attacks Are Caesar-ous Business,"" ""What is Futel?"" and ""AI For Content Generation."" Summer prints ""Programming of the Past,"" ""Science Fair and Congressional Farce,"" ""A Chain Addition Generator in AWK"" and ""The Metaverse Is a Solution Looking for a Problem."" Autumn runs ""Designing an OpenAI Powered IRC Chat Bot for Fun and Profit,"" ""The Arrival of 2600 Digital Delivery,"" ""But I Don't Want a Copilot"" and ""Diskless Malware."" Winter adds ""The Dark Side of DNA Data,"" ""The BoneBox,"" ""Adventures in Lockpicking,"" ""A Quick Intro to Biohacking"" and reviews of <em>Pegasus</em> and <em>Fancy Bear Goes Phishing</em>.</p><p class=""mt-6"">Two series carry the volume: ""American Shanzhai"" runs in all four issues, and ""Quantum Computer Algorithms"" in three, ending with an article on DES decryption.</p>","https://www.2600.com","https://store.2600.com/products/spring-2023","Magazines","Magazines, Hacking, Phone Phreaking, Computer Security, Surveillance","Periodical","","","Hudson Street Library, NYC","","false","/assets/images/magazines/2600/2600-40-1.jpg","","","English","","","","2026-09-05"
"100190","2600","","2600: The Hacker Quarterly","2600: The Hacker Quarterly, Summer 2023","2600 Enterprises, Inc.","2023","","","","","","Volume 40, Number 2","","Emmanuel Goldstein","","","","<p>The fortieth volume, published in the year of ChatGPT, which the magazine argues with in every issue and names in the Summer editorial ""Artificial Nonsense.""</p><p class=""mt-6"">Spring covers ""Sleuthing Google Apps Part 2,"" ""Hacker Movies,"" ""A Post-Soviet Payphone Trick"" and ""Organizing Music Files With SongRec and Shazam."" It also runs ""Hacking The Lenovo 11e Chromebook,"" ""Known Plaintext Attacks Are Caesar-ous Business,"" ""What is Futel?"" and ""AI For Content Generation."" Summer prints ""Programming of the Past,"" ""Science Fair and Congressional Farce,"" ""A Chain Addition Generator in AWK"" and ""The Metaverse Is a Solution Looking for a Problem."" Autumn runs ""Designing an OpenAI Powered IRC Chat Bot for Fun and Profit,"" ""The Arrival of 2600 Digital Delivery,"" ""But I Don't Want a Copilot"" and ""Diskless Malware."" Winter adds ""The Dark Side of DNA Data,"" ""The BoneBox,"" ""Adventures in Lockpicking,"" ""A Quick Intro to Biohacking"" and reviews of <em>Pegasus</em> and <em>Fancy Bear Goes Phishing</em>.</p><p class=""mt-6"">Two series carry the volume: ""American Shanzhai"" runs in all four issues, and ""Quantum Computer Algorithms"" in three, ending with an article on DES decryption.</p>","https://www.2600.com","https://store.2600.com/products/summer-2023","Magazines","Magazines, Hacking, Phone Phreaking, Computer Security, Surveillance","Periodical","","","Hudson Street Library, NYC","","false","/assets/images/magazines/2600/2600-40-2.jpg","","","English","","","","2026-09-05"
"100191","2600","","2600: The Hacker Quarterly","2600: The Hacker Quarterly, Autumn 2023","2600 Enterprises, Inc.","2023","","","","","","Volume 40, Number 3","","Emmanuel Goldstein","","","","<p>The fortieth volume, published in the year of ChatGPT, which the magazine argues with in every issue and names in the Summer editorial ""Artificial Nonsense.""</p><p class=""mt-6"">Spring covers ""Sleuthing Google Apps Part 2,"" ""Hacker Movies,"" ""A Post-Soviet Payphone Trick"" and ""Organizing Music Files With SongRec and Shazam."" It also runs ""Hacking The Lenovo 11e Chromebook,"" ""Known Plaintext Attacks Are Caesar-ous Business,"" ""What is Futel?"" and ""AI For Content Generation."" Summer prints ""Programming of the Past,"" ""Science Fair and Congressional Farce,"" ""A Chain Addition Generator in AWK"" and ""The Metaverse Is a Solution Looking for a Problem."" Autumn runs ""Designing an OpenAI Powered IRC Chat Bot for Fun and Profit,"" ""The Arrival of 2600 Digital Delivery,"" ""But I Don't Want a Copilot"" and ""Diskless Malware."" Winter adds ""The Dark Side of DNA Data,"" ""The BoneBox,"" ""Adventures in Lockpicking,"" ""A Quick Intro to Biohacking"" and reviews of <em>Pegasus</em> and <em>Fancy Bear Goes Phishing</em>.</p><p class=""mt-6"">Two series carry the volume: ""American Shanzhai"" runs in all four issues, and ""Quantum Computer Algorithms"" in three, ending with an article on DES decryption.</p>","https://www.2600.com","https://store.2600.com/products/autumn-2023","Magazines","Magazines, Hacking, Phone Phreaking, Computer Security, Surveillance","Periodical","","","Hudson Street Library, NYC","","false","/assets/images/magazines/2600/2600-40-3.jpg","","","English","","","","2026-09-05"
"100192","2600","","2600: The Hacker Quarterly","2600: The Hacker Quarterly, Winter 2023-2024","2600 Enterprises, Inc.","2023","","","","","","Volume 40, Number 4","","Emmanuel Goldstein","","","","<p>The fortieth volume, published in the year of ChatGPT, which the magazine argues with in every issue and names in the Summer editorial ""Artificial Nonsense.""</p><p class=""mt-6"">Spring covers ""Sleuthing Google Apps Part 2,"" ""Hacker Movies,"" ""A Post-Soviet Payphone Trick"" and ""Organizing Music Files With SongRec and Shazam."" It also runs ""Hacking The Lenovo 11e Chromebook,"" ""Known Plaintext Attacks Are Caesar-ous Business,"" ""What is Futel?"" and ""AI For Content Generation."" Summer prints ""Programming of the Past,"" ""Science Fair and Congressional Farce,"" ""A Chain Addition Generator in AWK"" and ""The Metaverse Is a Solution Looking for a Problem."" Autumn runs ""Designing an OpenAI Powered IRC Chat Bot for Fun and Profit,"" ""The Arrival of 2600 Digital Delivery,"" ""But I Don't Want a Copilot"" and ""Diskless Malware."" Winter adds ""The Dark Side of DNA Data,"" ""The BoneBox,"" ""Adventures in Lockpicking,"" ""A Quick Intro to Biohacking"" and reviews of <em>Pegasus</em> and <em>Fancy Bear Goes Phishing</em>.</p><p class=""mt-6"">Two series carry the volume: ""American Shanzhai"" runs in all four issues, and ""Quantum Computer Algorithms"" in three, ending with an article on DES decryption.</p>","https://www.2600.com","https://store.2600.com/products/winter-2023-2024","Magazines","Magazines, Hacking, Phone Phreaking, Computer Security, Surveillance","Periodical","","","Hudson Street Library, NYC","","false","/assets/images/magazines/2600/2600-40-4.jpg","","","English","","","","2026-09-05"
"100193","2600","","2600: The Hacker Quarterly","2600: The Hacker Quarterly, Spring 2024","2600 Enterprises, Inc.","2024","","","","","","Volume 41, Number 1","","Emmanuel Goldstein","","","","<p>The 2024 volume, the magazine's fortieth year, in which its long arguments about passwords, surveillance and machine learning all run in serial form.</p><p class=""mt-6"">Spring covers ""How to Social Engineer AI to Bypass Learned Ethics,"" ""A Brief Guide to Sci-Hub"" and ""Further Password Discourse - Fundamentals."" It also runs ""Listening to Your Computer,"" ""Overcoming Toyota USB Filesystem Limits,"" ""The Garden of Privacy"" and ""Reflections on Wikileaks and Snowden."" Summer prints ""Big Tech Is the New Soviet Union,"" ""Cookie Monster,"" ""Encoded Audio Capture The Flag"" and ""Payphone Extenders: The Access Numbers That Replaced Red Boxing."" Autumn runs ""Further Password Discourse - Better Practices,"" ""Hacking the URL Schema,"" ""Introduction to the Robot Operating System (ROS)"" and ""Ten Teens and a Server Room."" Winter adds ""A Brief Look at Apple's Gatekeeper,"" ""Domain Name Battlefield,"" ""TIS-100: What It Tasted Like,"" ""Use OSINT to Investigate a Phishing Scam"" and ""City of Flint - Pwned Hard.""</p><p class=""mt-6"">The volume's clearest reader exchange runs between two issues. ""Big Tech Is the New Soviet Union"" appears in Summer, and ""Big Tech Is Not the Soviet Union - It's Capitalism Gone Wild"" answers it in Winter.</p>","https://www.2600.com","https://store.2600.com/products/spring-2024","Magazines","Magazines, Hacking, Phone Phreaking, Computer Security, Surveillance","Periodical","","","Hudson Street Library, NYC","","false","/assets/images/magazines/2600/2600-41-1.jpg","","","English","","","","2026-09-05"
"100194","2600","","2600: The Hacker Quarterly","2600: The Hacker Quarterly, Summer 2024","2600 Enterprises, Inc.","2024","","","","","","Volume 41, Number 2","","Emmanuel Goldstein","","","","<p>The 2024 volume, the magazine's fortieth year, in which its long arguments about passwords, surveillance and machine learning all run in serial form.</p><p class=""mt-6"">Spring covers ""How to Social Engineer AI to Bypass Learned Ethics,"" ""A Brief Guide to Sci-Hub"" and ""Further Password Discourse - Fundamentals."" It also runs ""Listening to Your Computer,"" ""Overcoming Toyota USB Filesystem Limits,"" ""The Garden of Privacy"" and ""Reflections on Wikileaks and Snowden."" Summer prints ""Big Tech Is the New Soviet Union,"" ""Cookie Monster,"" ""Encoded Audio Capture The Flag"" and ""Payphone Extenders: The Access Numbers That Replaced Red Boxing."" Autumn runs ""Further Password Discourse - Better Practices,"" ""Hacking the URL Schema,"" ""Introduction to the Robot Operating System (ROS)"" and ""Ten Teens and a Server Room."" Winter adds ""A Brief Look at Apple's Gatekeeper,"" ""Domain Name Battlefield,"" ""TIS-100: What It Tasted Like,"" ""Use OSINT to Investigate a Phishing Scam"" and ""City of Flint - Pwned Hard.""</p><p class=""mt-6"">The volume's clearest reader exchange runs between two issues. ""Big Tech Is the New Soviet Union"" appears in Summer, and ""Big Tech Is Not the Soviet Union - It's Capitalism Gone Wild"" answers it in Winter.</p>","https://www.2600.com","https://store.2600.com/products/summer-2024","Magazines","Magazines, Hacking, Phone Phreaking, Computer Security, Surveillance","Periodical","","","Hudson Street Library, NYC","","false","/assets/images/magazines/2600/2600-41-2.jpg","","","English","","","","2026-09-05"
"100195","2600","","2600: The Hacker Quarterly","2600: The Hacker Quarterly, Autumn 2024","2600 Enterprises, Inc.","2024","","","","","","Volume 41, Number 3","","Emmanuel Goldstein","","","","<p>The 2024 volume, the magazine's fortieth year, in which its long arguments about passwords, surveillance and machine learning all run in serial form.</p><p class=""mt-6"">Spring covers ""How to Social Engineer AI to Bypass Learned Ethics,"" ""A Brief Guide to Sci-Hub"" and ""Further Password Discourse - Fundamentals."" It also runs ""Listening to Your Computer,"" ""Overcoming Toyota USB Filesystem Limits,"" ""The Garden of Privacy"" and ""Reflections on Wikileaks and Snowden."" Summer prints ""Big Tech Is the New Soviet Union,"" ""Cookie Monster,"" ""Encoded Audio Capture The Flag"" and ""Payphone Extenders: The Access Numbers That Replaced Red Boxing."" Autumn runs ""Further Password Discourse - Better Practices,"" ""Hacking the URL Schema,"" ""Introduction to the Robot Operating System (ROS)"" and ""Ten Teens and a Server Room."" Winter adds ""A Brief Look at Apple's Gatekeeper,"" ""Domain Name Battlefield,"" ""TIS-100: What It Tasted Like,"" ""Use OSINT to Investigate a Phishing Scam"" and ""City of Flint - Pwned Hard.""</p><p class=""mt-6"">The volume's clearest reader exchange runs between two issues. ""Big Tech Is the New Soviet Union"" appears in Summer, and ""Big Tech Is Not the Soviet Union - It's Capitalism Gone Wild"" answers it in Winter.</p>","https://www.2600.com","https://store.2600.com/products/autumn-2024","Magazines","Magazines, Hacking, Phone Phreaking, Computer Security, Surveillance","Periodical","","","Hudson Street Library, NYC","","false","/assets/images/magazines/2600/2600-41-3.jpg","","","English","","","","2026-09-05"
"100196","2600","","2600: The Hacker Quarterly","2600: The Hacker Quarterly, Winter 2024-2025","2600 Enterprises, Inc.","2024","","","","","","Volume 41, Number 4","","Emmanuel Goldstein","","","","<p>The 2024 volume, the magazine's fortieth year, in which its long arguments about passwords, surveillance and machine learning all run in serial form.</p><p class=""mt-6"">Spring covers ""How to Social Engineer AI to Bypass Learned Ethics,"" ""A Brief Guide to Sci-Hub"" and ""Further Password Discourse - Fundamentals."" It also runs ""Listening to Your Computer,"" ""Overcoming Toyota USB Filesystem Limits,"" ""The Garden of Privacy"" and ""Reflections on Wikileaks and Snowden."" Summer prints ""Big Tech Is the New Soviet Union,"" ""Cookie Monster,"" ""Encoded Audio Capture The Flag"" and ""Payphone Extenders: The Access Numbers That Replaced Red Boxing."" Autumn runs ""Further Password Discourse - Better Practices,"" ""Hacking the URL Schema,"" ""Introduction to the Robot Operating System (ROS)"" and ""Ten Teens and a Server Room."" Winter adds ""A Brief Look at Apple's Gatekeeper,"" ""Domain Name Battlefield,"" ""TIS-100: What It Tasted Like,"" ""Use OSINT to Investigate a Phishing Scam"" and ""City of Flint - Pwned Hard.""</p><p class=""mt-6"">The volume's clearest reader exchange runs between two issues. ""Big Tech Is the New Soviet Union"" appears in Summer, and ""Big Tech Is Not the Soviet Union - It's Capitalism Gone Wild"" answers it in Winter.</p>","https://www.2600.com","https://store.2600.com/products/winter-2024-2025","Magazines","Magazines, Hacking, Phone Phreaking, Computer Security, Surveillance","Periodical","","","Hudson Street Library, NYC","","false","/assets/images/magazines/2600/2600-41-4.jpg","","","English","","","","2026-09-05"
"100197","2600","","2600: The Hacker Quarterly","2600: The Hacker Quarterly, Spring 2025","2600 Enterprises, Inc.","2025","","","","","","Volume 42, Number 1","","Emmanuel Goldstein","","","","<p>The 2025 volume, in which the Robot Operating System, attack tooling written with large language models, and the surveillance economy take most of the technical pages.</p><p class=""mt-6"">Spring runs ""Brute Forcing a Website Passkey by Spoofing Web Authentication Using cURL,"" ""Meditations on Societal Collapse (Via Payphone)"" and ""Hackers in Hospitals."" It also prints ""Setting Up a Simulated Environment for the Robot Operating System (ROS),"" ""Building a Password Cracker Using OpenAI and Rust"" and ""Zero-Day Markets: Inside the Shadow Economy of Exploits."" Summer covers ""AI's Zero Start Problem,"" ""Tito: A Complete In-Memory Rootkit,"" ""Saving With Cyberdecks"" and ""The Roaming Library: Preserving Knowledge in the Age of Digital Fragility."" Autumn prints ""Hack the Broligarchy: Big Tech's Political Coup and Our Digital Demise,"" ""Malware in the Filesystem"" and ""Observing the Wolves: Why Honeypots Matter in the Fight for Privacy."" Winter adds ""SnapSafe: Security on Android From Forensic Searches,"" ""Without Further Ado, ROS 2,"" ""Decentralized Authentication Across the Web"" and ""wpUsers.sh: Countering Disinformation With a Simple Bash Script.""</p><p class=""mt-6"">The Autumn editorial is ""HOPE for the Future,"" and the Winter issue reports from HOPE_16, held that August. The Robot Operating System articles run through three issues and continue into the following volume.</p>","https://www.2600.com","https://store.2600.com/products/spring-2025","Magazines","Magazines, Hacking, Phone Phreaking, Computer Security, Surveillance","Periodical","","","Hudson Street Library, NYC","","false","/assets/images/magazines/2600/2600-42-1.jpg","","","English","","","","2026-09-05"
"100198","2600","","2600: The Hacker Quarterly","2600: The Hacker Quarterly, Summer 2025","2600 Enterprises, Inc.","2025","","","","","","Volume 42, Number 2","","Emmanuel Goldstein","","","","<p>The 2025 volume, in which the Robot Operating System, attack tooling written with large language models, and the surveillance economy take most of the technical pages.</p><p class=""mt-6"">Spring runs ""Brute Forcing a Website Passkey by Spoofing Web Authentication Using cURL,"" ""Meditations on Societal Collapse (Via Payphone)"" and ""Hackers in Hospitals."" It also prints ""Setting Up a Simulated Environment for the Robot Operating System (ROS),"" ""Building a Password Cracker Using OpenAI and Rust"" and ""Zero-Day Markets: Inside the Shadow Economy of Exploits."" Summer covers ""AI's Zero Start Problem,"" ""Tito: A Complete In-Memory Rootkit,"" ""Saving With Cyberdecks"" and ""The Roaming Library: Preserving Knowledge in the Age of Digital Fragility."" Autumn prints ""Hack the Broligarchy: Big Tech's Political Coup and Our Digital Demise,"" ""Malware in the Filesystem"" and ""Observing the Wolves: Why Honeypots Matter in the Fight for Privacy."" Winter adds ""SnapSafe: Security on Android From Forensic Searches,"" ""Without Further Ado, ROS 2,"" ""Decentralized Authentication Across the Web"" and ""wpUsers.sh: Countering Disinformation With a Simple Bash Script.""</p><p class=""mt-6"">The Autumn editorial is ""HOPE for the Future,"" and the Winter issue reports from HOPE_16, held that August. The Robot Operating System articles run through three issues and continue into the following volume.</p>","https://www.2600.com","https://store.2600.com/products/summer-2025","Magazines","Magazines, Hacking, Phone Phreaking, Computer Security, Surveillance","Periodical","","","Hudson Street Library, NYC","","false","/assets/images/magazines/2600/2600-42-2.jpg","","","English","","","","2026-09-05"
"100199","2600","","2600: The Hacker Quarterly","2600: The Hacker Quarterly, Autumn 2025","2600 Enterprises, Inc.","2025","","","","","","Volume 42, Number 3","","Emmanuel Goldstein","","","","<p>The 2025 volume, in which the Robot Operating System, attack tooling written with large language models, and the surveillance economy take most of the technical pages.</p><p class=""mt-6"">Spring runs ""Brute Forcing a Website Passkey by Spoofing Web Authentication Using cURL,"" ""Meditations on Societal Collapse (Via Payphone)"" and ""Hackers in Hospitals."" It also prints ""Setting Up a Simulated Environment for the Robot Operating System (ROS),"" ""Building a Password Cracker Using OpenAI and Rust"" and ""Zero-Day Markets: Inside the Shadow Economy of Exploits."" Summer covers ""AI's Zero Start Problem,"" ""Tito: A Complete In-Memory Rootkit,"" ""Saving With Cyberdecks"" and ""The Roaming Library: Preserving Knowledge in the Age of Digital Fragility."" Autumn prints ""Hack the Broligarchy: Big Tech's Political Coup and Our Digital Demise,"" ""Malware in the Filesystem"" and ""Observing the Wolves: Why Honeypots Matter in the Fight for Privacy."" Winter adds ""SnapSafe: Security on Android From Forensic Searches,"" ""Without Further Ado, ROS 2,"" ""Decentralized Authentication Across the Web"" and ""wpUsers.sh: Countering Disinformation With a Simple Bash Script.""</p><p class=""mt-6"">The Autumn editorial is ""HOPE for the Future,"" and the Winter issue reports from HOPE_16, held that August. The Robot Operating System articles run through three issues and continue into the following volume.</p>","https://www.2600.com","https://store.2600.com/products/autumn-2025","Magazines","Magazines, Hacking, Phone Phreaking, Computer Security, Surveillance","Periodical","","","Hudson Street Library, NYC","","false","/assets/images/magazines/2600/2600-42-3.jpg","","","English","","","","2026-09-05"
"100200","2600","","2600: The Hacker Quarterly","2600: The Hacker Quarterly, Winter 2025-2026","2600 Enterprises, Inc.","2025","","","","","","Volume 42, Number 4","","Emmanuel Goldstein","","","","<p>The 2025 volume, in which the Robot Operating System, attack tooling written with large language models, and the surveillance economy take most of the technical pages.</p><p class=""mt-6"">Spring runs ""Brute Forcing a Website Passkey by Spoofing Web Authentication Using cURL,"" ""Meditations on Societal Collapse (Via Payphone)"" and ""Hackers in Hospitals."" It also prints ""Setting Up a Simulated Environment for the Robot Operating System (ROS),"" ""Building a Password Cracker Using OpenAI and Rust"" and ""Zero-Day Markets: Inside the Shadow Economy of Exploits."" Summer covers ""AI's Zero Start Problem,"" ""Tito: A Complete In-Memory Rootkit,"" ""Saving With Cyberdecks"" and ""The Roaming Library: Preserving Knowledge in the Age of Digital Fragility."" Autumn prints ""Hack the Broligarchy: Big Tech's Political Coup and Our Digital Demise,"" ""Malware in the Filesystem"" and ""Observing the Wolves: Why Honeypots Matter in the Fight for Privacy."" Winter adds ""SnapSafe: Security on Android From Forensic Searches,"" ""Without Further Ado, ROS 2,"" ""Decentralized Authentication Across the Web"" and ""wpUsers.sh: Countering Disinformation With a Simple Bash Script.""</p><p class=""mt-6"">The Autumn editorial is ""HOPE for the Future,"" and the Winter issue reports from HOPE_16, held that August. The Robot Operating System articles run through three issues and continue into the following volume.</p>","https://www.2600.com","https://store.2600.com/products/winter-2025-2026","Magazines","Magazines, Hacking, Phone Phreaking, Computer Security, Surveillance","Periodical","","","Hudson Street Library, NYC","","false","/assets/images/magazines/2600/2600-42-4.jpg","","","English","","","","2026-09-05"
"100201","2600","","2600: The Hacker Quarterly","2600: The Hacker Quarterly, Spring 2026","2600 Enterprises, Inc.","2026","","","","","","Volume 43, Number 1","","Emmanuel Goldstein","","","","<p>The current volume, two issues in, Spring and Summer 2026, the forty-third year of continuous publication.</p><p class=""mt-6"">Spring runs ""Trust But Verify: Cross-Checking LLMs,"" ""Anti-Revisionist Malware,"" ""Datacenter Adventures"" and ""Vibe Hacking."" It also prints ""Modern BBSing: Scene Update,"" ""The Pirate's Code: From Blackbeard to BitTorrent"" and ""AI-Powered License Plate Readers Are Ushering a Surveillance State."" ""Gatekeeping Is Just Bad OpSec,"" ""Salting the NAS"" and ""Parasitic Computing Like It's 2001"" close the issue. Summer covers ""HOPE Springs Eternal,"" ""The v6 Network Speaks First"" and ""Using AI to Generate Code: Verification Coding Is Not Vibe Coding."" It adds ""Bulletin Board Systems Are Back !,"" ""Playing With ISP Hotspots for Fun and Profit,"" ""How I Escaped From Domain Name Purgatory,"" ""Console Hacking Primer"" and ""Vibe Coding Kernel Exploits.""</p><p class=""mt-6"">Bulletin board systems are a subject in both issues, forty-one years after the newsletter first printed a list of board numbers. ""Dr. Hook vs. God's Eye"" begins as a two-part serial, and ""Neuron Intelligence in Cyber Security Software"" concludes.</p>","https://www.2600.com","https://store.2600.com/products/spring-2026","Magazines","Magazines, Hacking, Phone Phreaking, Computer Security, Surveillance","Periodical","","","Hudson Street Library, NYC","","false","/assets/images/magazines/2600/2600-43-1.jpg","","","English","","","","2026-09-05"
"100202","2600","","2600: The Hacker Quarterly","2600: The Hacker Quarterly, Summer 2026","2600 Enterprises, Inc.","2026","","","","","","Volume 43, Number 2","","Emmanuel Goldstein","","","","<p>The current volume, two issues in, Spring and Summer 2026, the forty-third year of continuous publication.</p><p class=""mt-6"">Spring runs ""Trust But Verify: Cross-Checking LLMs,"" ""Anti-Revisionist Malware,"" ""Datacenter Adventures"" and ""Vibe Hacking."" It also prints ""Modern BBSing: Scene Update,"" ""The Pirate's Code: From Blackbeard to BitTorrent"" and ""AI-Powered License Plate Readers Are Ushering a Surveillance State."" ""Gatekeeping Is Just Bad OpSec,"" ""Salting the NAS"" and ""Parasitic Computing Like It's 2001"" close the issue. Summer covers ""HOPE Springs Eternal,"" ""The v6 Network Speaks First"" and ""Using AI to Generate Code: Verification Coding Is Not Vibe Coding."" It adds ""Bulletin Board Systems Are Back !,"" ""Playing With ISP Hotspots for Fun and Profit,"" ""How I Escaped From Domain Name Purgatory,"" ""Console Hacking Primer"" and ""Vibe Coding Kernel Exploits.""</p><p class=""mt-6"">Bulletin board systems are a subject in both issues, forty-one years after the newsletter first printed a list of board numbers. ""Dr. Hook vs. God's Eye"" begins as a two-part serial, and ""Neuron Intelligence in Cyber Security Software"" concludes.</p>","https://www.2600.com","https://store.2600.com/products/summer-2026","Magazines","Magazines, Hacking, Phone Phreaking, Computer Security, Surveillance","Periodical","","","Hudson Street Library, NYC","","false","/assets/images/magazines/2600/2600-43-2.jpg","","","English","","","","2026-09-05"
