"Author, Last","Author, First",Title,Publisher,Date ,Size,Information; Notes ; Condition,Edition/Printrun,ISBN,"Author, Editor",Contributors,Signed/Inscribed,Designer,Summary,W3  Artist,W3 Publisher,Collection Grouping,"Subject classification, tags",Classification,BISAC classification,Dewey Decimal Classification (DDC),Location,Accession No,Price,Image
 , ,,,,,,,,,,,,,,,,,,,,,,,
#,,,,,,,,,,,,,,,,,,,,,,,,
A,,,,,,,,,,,,,,,,,,,,,,,,
Abbott,Berenice,Documenting Science,Steidl,2012,Height: 31 cm | Width: 29.5 cm,"Hardcover, 180 pages, Illustrated in tritone throughout",1st edition,978-3869304311,"Kurtz, Ron","Ron Kurtz, Julia Van Haaften, John Durant",,,"Fascination with the scientific advances that were rapidly changing the world motivated Berenice Abbott to use photography as ""the friendly interpreter of science"". Documenting Science explores this work, beginning in 1939 with Abbott's early experiments with scientific imagery, continuing with science-based commercial assignments, and culminating in 1958 with the Physical Science Study Project at MIT which illustrated a new series of physics textbooks. This spectacular body of work is arguably Abbott's most innovative and creative. Both beautiful and instructive, these images often illustrate some basic scientific principle. They are a marriage of science and art, and have fundamentally changed the way thousands of students visualize complex principles of physics. Berenice Abbott, born in Springfield, Ohio in 1898, was a dominant figure in twentieth-century American photography. Abbott moved to Paris from New York in 1921, and in 1923, after many false starts, was hired by her friend Man Ray.He was looking for an assistant who knew nothing about photography whom he could teach. Abbott learned quickly and within a year was taking her own photographs. Her first solo exhibition in 1926 was a success, and for the next 65 years Abbott mastered a wide range of subjects. Highlights of Abbott's career include the monumental project Changing New York (1935-1938), photographing rural America including US Route 1 from Maine to Florida, photographically interpreting scientific and natural phenomena, establishing the reputation of Eugène Atget, and founding the first university photography program in the United States. Steidl published the two-volume retrospective Berenice Abbott in 2008. Co-published with Commerce Graphics, New York",NA,https://steidl.de,Photography,"Science, Music, Photography, Photographers, Technology, architecture",Photography; Individual Photographers; General Monographs,,,"Hudson Street Library, NYC",,$46.00,/assets/images/covers/9783869304311.jpg
Abbott,Berenice,American Photographer,McGraw-Hill,1982,14 x 11 inch [35.6 x 28 cm],"255 pages, Hardcover, slipcase, 255 sider : illustrations. NOT accompanied by a 14 x 11 inch [35.6 x 28 cm.] gelatin silver photograph, Designer's Window, Bleeker Street, signed by the photographer beneath the image",400 Copies,ASIN-B087YW16TP,"O'Neal, Hank",,,,"An Artpress Book, [NY], 1982. Abbott, Berenice (illustrator). Deluxe Limited edition. Folio, 255 pp., over 250 photos. Bound in a deep red raw silk with titling in silver on the upper cover and spine. The spine lettering is partially rubbed, otherwise a fine copy housed in a matching red silk slipcase which is slightly faded. SIGNED by the photographer on the colophon leaf and number. Accompanied with the original SIGNED gelatin silver print. A major retrospective look at this American photographer whose career started as an assistant to Man Ray in Paris, was instrumental in documenting New York City for the WPA, and spanned over 5 decades. This deluxe edition is limited to 420 copies signed by the photographer. This is number 84 of 400 copies accompanied by a 14 x 11 inch [35.6 x 28 cm.] gelatin silver photograph, Designer's Window, Bleeker Street, signed by the photographer beneath the image, mounted on a larger archival board and framed in black wood with plexiglass, 20.5 x 24.5 inches.",NA,,Photography,"Science, NYC, Photography, Photographers, Technology, Architecture",Photography; Individual Photographers; General Monographs,,,"Hudson Street Library, NYC",,$250.00,
Abbott,Berenice,Berenice Abbott: Changing New York,New Press,1997,,399 pages,"illustrated, reprint",978-1565845565,Bonnie Yochelson,,,,,NA,,Photography,"Science, NYC, Photography, Photographers, Technology, Architecture",Photography; Individual Photographers; General Monographs,,,"Hudson Street Library, NYC",,$500.00,
Abbott,Berenice,Exhibition catalogs (Toronto. Art Gallery of Ontario / Toronto. Ryerson Image Centr),Hazan,2012,,223 pages,,978-2754106078,Gaëlle Morel,"Sarah Miller , Jeu de Paume (Paris) , Terri Weissman",,,,NA,,Photography,"Art, Exhibition Catalog, Photography",Photography; Individual Photographers; General Monographs,,,"Hudson Street Library, NYC",,$65.00,
Abbott,Berenice,Paris Portraits,"Steidl/Commerce Graphics, New York (",2016,9.5 x 1.5 x 12 inches,368 pages,,978-3869303147,"Ron Kurtz, Hank O'Neal",,,,"The photographs that launched Abbott's career: portraits of artists and writers in prewar Paris, from Jean Cocteau to James Joyce This is one in a series of books to be published by Steidl that will explore Berenice Abbott’s oeuvre. Abbott began her photographic career in Paris in 1925, taking portraits of some the most celebrated artists and writers of the day, including Marie Laurencin, Jean Cocteau, Peggy Guggenheim, Coco Chanel, Max Ernst, André Gide, Philippe Soupault and James Joyce. Within a year her work was exhibited and acclaimed. Paris Portraits 1925–1930 features the results of Abbott’s earliest photographic project and illustrates the philosophy of all her subsequent work. For this landmark book, 115 portraits of 83 subjects have been scanned from the original glass negatives, which have been printed in full.",NA,https://steidl.de/,Photography,"Paris, Portrait",Photography; Individual Photographers; General Monographs,,,"Hudson Street Library, NYC",,$70.00,/assets/images/covers/9783869303147.jpg
Abenavoli,Masanao,The Movement of Clouds around Mount Fuji,Spector Books,2015,9.5 x 1 x 13.4 inches,"Softcover, 376 pages, 4 lbs",,978-3944669601,,"by Helmut Völter (Photographer), Masanao Abe (Photographer)",,,"In the late 1920s, Japanese physicist Masanao Abe built an observatory with a view of Mount Fuji. From it, over the course of fifteen years, he recorded the clouds that surrounded the mountain. He was interested in the scientific question of how the air currents around Fuji could be visualized by means of film and photography. Albeit unintentionally, Abe’s motifs fit into a long iconographic tradition: the mountain and the clouds. For decades his archive was left untouched in a Tokyo garden shed. Helmut Völter, who discovered Abe’s legacy while working on his book Cloud Studies, sifted through the images of the passionate cineaste who saw a combination of individual images, moving pictures and stereo recordings as the ideal form of scientific evidence. The mere contemplation of these dynamic cloud photographs centring on snow-covered Fuji seems to lift the viewer into the air.",,https://spectorbooks.com/,Photography,"clouds, mountain, earth, time series",Individual Photographer Monograph Photography; Individual Photographers; General Monographs,,,"Hudson Street Library, NYC",,$69.00,/assets/images/covers/9783944669601.jpg
Abenavoli,Valentina,Anaesthesia,AKINA Books,2016,23 × 25 × 6 cm,"Softcover, 212 pages, curated and edited by Valentina Abenavoli, signed, edition of 500 copies. With a text by Veronique Pin Fat.",500 Copies,?978-6000021801,,,Signed,,"Rather than a traditional photo book, Valentina Abenavoli’s “anaesthesia” is a care- and thoughtful recontextualisation of images of war and terror. Words from writers such as T.S. Eliot, Rousseau, Zizek and screenshots from war footage and execution videos are edited and arranged to form an engaging narrative. “Anaesthesia is a lament of several voices, a symphony of the evil in us, cinematically edited screenshots from videos, an engagement with the media, an open criticism to war and terrorism, a declaration of neutrality, an act of rebellion to the ego, where one stands alone prevented to feel anything else beyond his own finitude. Nothing would be more painful than not suffering anymore, dropping the burden of sensations, withdrawing from living and bonding. In the lyricism of the agony of mind, in the longing for a break in the inner solitude, what is more ambiguous than the desire to feel others? When confronted with others, personal pleasure as much as personal pain become absolute and universal. What remains is the love for horror and the horror of love.”",NA,https://akinabooks.com/,,,,,,,,$135.00,
Abenavoli,Valentina,Anaesthesia,,2016,Height: 23.0 cm | Width: 25.0 cm,212 pages,2 copies?,978-6000021801,,,,,"curated and edited by Valentina Abenavoli, signed, edition of 500 copies. With a text by Veronique Pin Fat. Rather than a traditional photo book, Valentina Abenavoli’s “anaesthesia” is a care- and thoughtful recontextualisation of images of war and terror. Words from writers such as T.S. Eliot, Rousseau, Zizek and screenshots from war footage and execution videos are edited and arranged to form an engaging narrative. “Anaesthesia is a lament of several voices, a symphony of the evil in us, cinematically edited screenshots from videos, an engagement with the media, an open criticism to war and terrorism, a declaration of neutrality, an act of rebellion to the ego, where one stands alone prevented to feel anything else beyond his own finitude. Nothing would be more painful than not suffering anymore, dropping the burden of sensations, withdrawing from living and bonding. In the lyricism of the agony of mind, in the longing for a break in the inner solitude, what is more ambiguous than the desire to feel others? When confronted with others, personal pleasure as much as personal pain become absolute and universal. What remains is the love for horror and the horror of love.”",,https://akinabooks.com/,,,,,,,,,
Abercrombie,Gertrude,Gertrude Abercrombie,"Karma, New York",2018,8 x 2 x 9.5 inches,"Hardcover, 488 pages, 4.4 pounds, new.",,978-1949172027,,"Robert Storr (Author), Susan Weininger (Author), Robert Cozzolino (Author), Dinah Livingston (Author), Studs Terkel (Author), Dan Nadel (Editor), Gertrude Abercrombie (Artist)",,,"This is the most comprehensive book ever published on the Chicago surrealist Gertrude Abercrombie (1909–77), a key figure in midcentury American surrealism. From the late 1930s until her death, Abercrombie made paintings populated by objects of personal significance―moons, towers, cats, pennants, Victorian furniture, shells, snails and doors―to create allegories for her own often precarious psychological states. Often presiding over these symbols was Abercrombie herself, who appears in numerous pictures as proud observer or witchy caricature. Abercrombie exhibited in Chicago and New York in the 1940s and ‘50s, and her salon became a center of Midwestern culture, hosting jazz musicians (such as her close friend Dizzy Gillespie), writers and artists. This book includes new scholarship by Robert Cozzolino; a memoir of Abercrombie by Robert Storr; the artist's own writing; a definitive text by art historian Susan Weininger; and a memoir by the artist's daughter, Dinah Livingston.",,,Art,paintings,Individual Artist Monographs,,,Clipper,,$500.00,/assets/images/covers/9781949172027.jpg
Ackerman,Rita,Rita Ackermann & Andro Wekua: Chapter 4,"Fergus McCaffrey, Case Publishing",2021,390 × 300 mm,"Softcover, red mylar, perfect binding, offset printed, color, 76 pages, Chapter 4” is published in conjunction with an exhibition of the same title at Fergus McCaffrey Tokyo (May 1 – July 3, 2021)",1000,978-4908526428,,Essay by Gianni Jetzer,,,"It was in 2002 that Swiss-based Georgian artist Andro Wekua and New York-based Hungarian artist Rita Ackermann were introduced and began a fruitful creative collaboration with each other. Their remote communication, fuelled by mutual experiences of pictures, music, poetry and plain talk, resulted in the publication of zine-like art books – first self-published (“Chapter 1”), then published by Swiss publisher Nieves (“Chapter 2” and “Chapter 3”). This “Chapter 4”, published by Fergus McCaffrey and Tokyo-based Case Publishing, continues serving as a platform to showcase Ackermann’s and Wekua’s mutual artistic fruits. The large-format book includes paintings, drawings and collages of the two artists, created between 2008 and 2021. “Ackermann and Wekua are part of a lineage that includes their fellow ‘Easterners’ Georg Baselitz and Sigmar Polke, in that they borrow widely from folk and fairy tales, invoke high and low culture, and navigate a path between state-mandated realism and the perceived allure of American gestural abstraction. Further, it is impossible not to reference two earlier displaced Europeans: Willem de Kooning and Mark Rothko, who seem to provide material and spiritual nutrition in finding a path between figuration, landscape, and pure abstraction. Wekua begins with collages of animals, palm trees, inwardly consumed adolescents, and abandoned domestic spaces that become gradually obliterated and transformed under layers of bright pinks, purples, acid yellows, turquoises, and magentas that evoke the color palette of Rothko. His vibrant hues contain all of the elder artist’s contradictions in the apparent elation and the tugging sense of desperation. It is a personal art drawn from a specific place and time, but which has universal resonance despite or because of its stubborn evasiveness. Though Wekua’s scale of works and methods are significantly different, both feel psychically fraught and born of struggle. Scraped down and distressed in the making, Wekua’s means are very evident to behold; loaded with materials and meaning. Portraiture and self-portraiture are amongst Wekua’s most pressing concerns, and a sense of unease and discomfort is evoked that whispers of alienation and longing. (…) Ackermann shares the same layering, coding, and disclosure of source imagery, which often appears distracting and at odds with itself, perhaps reflecting a layer of self-defense against prying eyes and pervasive surveillance. ” The book also includes an essay by curator Gianni Jetzer. All texts are included in English and Japanese translation",NA,https://case-publishing.jp,Art,"Fashion, Artists' Books, New York City, Berlin, Drawing, Painting, covid, colab, art",Artist Book,,,Clipper,,$75.00,
Ackerman,Rita,Sketchbook II (A Midsummer Night's Dream),American Art Catalogues,2021,11 × 9 1/2 inches,"Hardcover – Illustrated, 84 pages. Hardcover, Printed by Pureprint, London, U.K.",500,,,,,,"Sketchbook II (A Midsummer Night’s Dream), was inspired by Max Reinhardt’s film, A Midsummer Night’s Dream from 1935. For a brief moment there were vehement ideas to re-stage the iconic masterpiece during the summer of 2020. As the first pages could almost be read as direct references to the film or notes for future productions, this tangible approach quickly evaporates from the following pages and the illustrative elements gradually fade into free assocaitions to just about anything, anytime, anywhere, under the title “A Midsummer Night’s Dream”.",NA,https://americanartcatalogues.com/,Art,Art,Artist Book,,,Clipper,,$55.00,
Ackerman,Rita,Sketchbook V (Twitchy),American Art Catalogues,2022,11 × 9 1/2 inches,"Hardcover, 84 pages, First printing",500,,,,,,"Sketchbook V (Twitchy), the fifth and final installment of Ackermann's sketchbook series. Long time collaborator and friend of Ackermann's Harmony Korine created a foundation of drawings for Ackermann to rework within the pages of this sketchbook. The cover bears Twitchy, a character created by Korine.",,,,Art,,,,,,,
Ackerman,Rita,Rita Ackermann,Skira Rizzoli,2011,9.35 x 1.15 x 11.33 inches,"Hardcover – Illustrated, 224 pages (1 of 2 copies)",,978-0847836642,"by Rita Ackermann (Author), Bonnie Clearwater (Author), Harmony Korine (Author), Felix Ensslin (Author), John Kelsey (Author)",,,,"A native of Hungary, Rita Ackermann moved to New York City in the mid-1990s. She arrived to find a culture (and art world) in transition: rave and zine culture was in full swing; collaborations between artists, musicians, and magazine and book publishers were pervasive; and the dawning of the Internet age was upon us. Within a few short months after settling in New York, the artist received widespread attention for her work, particularly a group of canvases populated with figures inspired by the cult German film We Children from Bahnhof Zoo about the heroin subculture of the 1970s. Her work forged a new visual language: paintings, drawings, and collages which telescoped between a virtuoso—and sometimes brutalistic—expressionism and taut, precise figurative drawing. Ackermann’s work explores the paradoxical relationship between fragility and violence, as she derives inspiration from literature, film, philosophy, and popular culture.",NA,https://americanartcatalogues.com/,Art,,Individual Artist Monographs,,,Clipper,,$40.00,/assets/images/covers/9780847836642.jpg
Ackerman,Rita,Rita Ackermann,Skira Rizzoli,2011,9.35 x 1.15 x 11.33 inches,"Hardcover – Illustrated, 224 pages (2 of 2 copies)",,978-0847836642,"by Rita Ackermann (Author), Bonnie Clearwater (Author), Harmony Korine (Author), Felix Ensslin (Author), John Kelsey (Author)",,,,"A native of Hungary, Rita Ackermann moved to New York City in the mid-1990s. She arrived to find a culture (and art world) in transition: rave and zine culture was in full swing; collaborations between artists, musicians, and magazine and book publishers were pervasive; and the dawning of the Internet age was upon us. Within a few short months after settling in New York, the artist received widespread attention for her work, particularly a group of canvases populated with figures inspired by the cult German film We Children from Bahnhof Zoo about the heroin subculture of the 1970s. Her work forged a new visual language: paintings, drawings, and collages which telescoped between a virtuoso—and sometimes brutalistic—expressionism and taut, precise figurative drawing. Ackermann’s work explores the paradoxical relationship between fragility and violence, as she derives inspiration from literature, film, philosophy, and popular culture.",NA,https://americanartcatalogues.com/,Art,,Individual Artist Monographs,,,Clipper,,$40.00,/assets/images/covers/9780847836642.jpg
Adams,Robert,Gone?,Steidl Photography International; First edition,2010,,Hardcover,,978-3865219176,,,,,,,https://steidl.de,Photography,Photography,,,,"Hudson Street Library, NYC",,,/assets/images/covers/9783865219176.jpg
Aëgerter,Laurence,Photographic Treatment Book 1,dewi lewis publishing,2016,297mm x 210mm,"Hardback, 64 pages, 5 volumes, Winner 2018 Rencontres d'Arles Author Book Award",,978-1911306269,,,,,"Photographic Treatment © consists of a series of five books, Daily Photo Dose 1, 2, 3, 4 and 5, each with thirty black and white photographic diptychs collected and edited by Laurence Aëgerter.",https://laurenceaegerter.com/,https://www.dewilewis.com,Photography,"neurology, psychology",Photography Artist Book,,,"Hudson Street Library, NYC",,$10.00,/assets/images/covers/9781911306269.jpg
Aëgerter,Laurence,Photographic Treatment Book 2,dewi lewis publishing,2016,297mm x 210mm,"Hardback, 64 pages, 5 volumes. Winner 2018 Rencontres d'Arles Author Book Award",,978-1911306276,,,,,"Photographic Treatment © consists of a series of five books, Daily Photo Dose 1, 2, 3, 4 and 5, each with thirty black and white photographic diptychs collected and edited by Laurence Aëgerter.",https://laurenceaegerter.com/,https://www.dewilewis.com,Photography,"neurology, psychology",Photography Artist Book,,,"Hudson Street Library, NYC",,$10.00,/assets/images/covers/9781911306276.jpg
Aëgerter,Laurence,Photographic Treatment Book 3,dewi lewis publishing,2016,297mm x 210mm,"Hardback, 64 pages, 5 volumes. Winner 2018 Rencontres d'Arles Author Book Award",,978-1911306283,,,,,"Photographic Treatment © consists of a series of five books, Daily Photo Dose 1, 2, 3, 4 and 5, each with thirty black and white photographic diptychs collected and edited by Laurence Aëgerter.",https://laurenceaegerter.com/,https://www.dewilewis.com,Photography,"neurology, psychology",Photography Artist Book,,,"Hudson Street Library, NYC",,$10.00,/assets/images/covers/9781911306283.jpg
Aëgerter,Laurence,Photographic Treatment Book 4,dewi lewis publishing,2016,297mm x 210mm,"Hardback, 64 pages, 5 volumes",,978-1911306290,,,,,"Photographic Treatment © consists of a series of five books, Daily Photo Dose 1, 2, 3, 4 and 5, each with thirty black and white photographic diptychs collected and edited by Laurence Aëgerter.",https://laurenceaegerter.com/,https://www.dewilewis.com,Photography,"neurology, psychology",Photography Artist Book,,,"Hudson Street Library, NYC",,$10.00,/assets/images/covers/9781911306290.jpg
Aëgerter,Laurence,Photographic Treatment Book 5,dewi lewis publishing,2016,297mm x 210mm,"Hardback, 64 pages, 5 volumes. Winner 2018 Rencontres d'Arles Author Book Award",,978-1911306306,,,,,"Photographic Treatment © consists of a series of five books, Daily Photo Dose 1, 2, 3, 4 and 5, each with thirty black and white photographic diptychs collected and edited by Laurence Aëgerter.",https://laurenceaegerter.com/,https://www.dewilewis.com,Photography,"neurology, psychology",Photography Artist Book,,,"Hudson Street Library, NYC",,$10.00,/assets/images/covers/9781911306306.jpg
Ahlbom,Grace,Dreaming is Heavy Metal,Soft Opening,2018,9.5 x 11.5 Inches,"Softcover, square Backed, 32 Pages, 4 Color",1st Edition of 300 Copies,NA,,,,,"square Backed, 4 Color.",https://www.graceahlbom.com/,,,music,Photography Artist Book,,,,,,
Ahlbom,Grace,CDMX,Dashwood,2020,5.25 x 8 Inches,"Softcover, staple bound, 18 Pages, 4 Color. Dashwood zines",1st Edition of 300 Copies,NA,,,,,"staple bound, 4 Color. Dashwood zines.",,https://dstrettell.com/,Zines,Dashwood zines,Photography Artist Book,,,,,$15.00,
Aida,Makoto,Monument For Nothing,Graphic Sha Pub Co; Bilingual edition,2007,9.25 x 1.25 x 11.75 inches,"Boards, 248 pages",,978-4766118049,,,,,,,,,,Pop Culture Art,,,,,$130.00,/assets/images/covers/9784766118049.jpg
Al Qasimi,Farah,Hello Future,Capricious,2021,7 x 8.85 inches,"Hardcover, 300 pages",First edition,,,,Signed,,"Dividing her time between Brooklyn and Dubai, Emirates artist, Farah Al Qasimi’s is a bright and rising multidisciplinary artist whose work examines postcolonial structures of power, gender and aesthetic in the Persian Gulf states and global cultural confluence and migration at-large. Hello Future is a culmination of Al Qasimi’s photographic, performance and film practice, unified within her keen focus on surface and texture, and the revealing visual influences of the splashy and florid. The monograph includes an essay by Negar Azimi and conversation between Al Qasimi and artist Meriem Bennani. Designed by Studio Lin. Farah is recipient of the third annual Capricious Photo Award",https://farahalqasimi.com/,https://farahalqasimi.com/,,,Photography Artist Book,,,,,,
Al Qasimi,Farah,"Arrival, The Third Line, Dubai",Self,2019,,,First edition,,,,Signed,,,https://farahalqasimi.com/,https://farahalqasimi.com/,,,Photography Artist Book,,,,,,
Albdorf,Thomas,General View,,2017,"21 x 28 cm,","Hardcover, saddle stitch, 128 pages",edition of 700,978-8894895070,,Designed by Thomas Albdorf and Milo Montelli Text by Darren Campion,,Thomas Albdorf and Milo Montelli,"""General View“ investigates conceptions of a new reality that continuously departs from the indexical referent towards an ever-changing rendering of a world that is yet still routed in the photographic image. Inspired by photographs of Yosemite National Park – one of the most intensely mediated nature sites on earth, the series toys with the question regarding the necessity of traveling to a place that has been photographed innumerable times, the need to record additional photographs. If countless images of a specific place are downloadable or can be screenshot, have I been there already? The series concentrates on the reenactment of glitches on Google Street View; in a gesture similar to the concepts of Warhol's Brillo Box or Fischli & Weiss‘ reversed Ready-mades, the malfunctions are appropriated and reenacted via pre- and post-photographic processes – to test their sculptural qualities, their ability to become an autonomous entity, potentially independent from their indexical referents. The unintended glitches (as well as the originally intended blurs to conceal faces or car plates) appear as a trace of the algorithmic merging and altering of photographic images without direct human control; an early potential glimpse into, a herald for a post-human understanding of the concept of the image or its redundancy and disappearance.",https://thomasalbdorf.com/generalview,https://www.skinnerboox.com,,,,,,,,$115.00,
Albers,Josef,Formulation: Articulation,T.G. Rosenthal,2006,13 x 1.25 x 9.75 inches,"Hardcover, 168 pages, 4.12 pounds",,978-0500238288,,,,,,,,,,Individual Artist Monographs,,,,,$200.00,
Aldridge,Miles,One black & white and nineteen colour photographs,Reflex Editions; Reflex Art Gallery,2014,,Large format paperback,lmtd edition of 750,978-9071848193,,,,,"One black & white and nineteen colour photographs by Miles Aldridge. First edition (2014). First impression. Large format paperback in new condition. Signed by The Cabinet by Miles Aldridge to back of cover. No markings. This is a brand new book. Please see pictures. PayPal accepted, any questions please get in touch.",,https://www.reflexamsterdam.com/,,"fashion photography, Miles Aldridge, Portrait Photography, Signed Photography",Individual Photographer Monographs,,,,,$70.00,
Aldridge,Miles,Please return Polaroid,Steidl,2016,29.5 x 29.5 cm,"Hardback, clothbound, 208 pages, 117 images",,978-3958297487,,,,,"Please Please return Polaroid is Miles Aldridge’s ongoing love letter to Polaroid, a process once integral to the craft of many photographers but now more or less extinct, apart from the rare and out-of-date material traded on eBay for exorbitant prices. The sequel to Aldridge’s Please Return Polaroid of 2016, this book presents new and vintage Polaroids from his more than 20-year archive in a seemingly random sequence shaped by a dreamlike logic and surprising juxtapositions. Please Please return Polaroid explores Aldridge’s dedication to analogue processes where cut-and-paste is still a manual process, made with scissors, gaffer tape, intuition and not a little patience. Aldridge continues to use Polaroids as part of his work-in-progress “sketches,” often scratching, tearing and taping them together, even drawing over them; each mark part of the creative act. Known for creating immaculate photos of a less than perfect world, Aldridge revels in these unpolished images, transforming some into extreme enlargements filling double pages with their re-worked and damaged surfaces. Long live Polaroid!",,https://steidl.de,,Photography,Individual Photographer Monographs,,,,,,/assets/images/covers/9783958297487.jpg
Alex,GD,515-05,Macaroni Book,2018,22 x 31 cm,"Handmade book binding, 52 pages, Inkjet printed by AJM (Brussels), Risograph printed by Chez Rosi (Brussels), Recycled paper and Fedrigoni paper, Screen-printed paper envelope by Atelier l'Appât (Brussels)",Edition of 100 copies,NA,,,,,"515.05 by Alex GD is an experimental copy machine project about surveillance, image control, identity and numeric filing. Who are the real criminals here the people in the pictures or the one that controls de CCTV?",https://www.alexgd.com,https://www.instagram.com/macaronibook/,,surveillance,Individual Photographer Monographs,,,,,$25.00,/assets/images/books/Alex_515_05.jpg
Alpern,Merry,Dirty Windows,"Art Pub Inc; First Edition, First Printing",1995,9.25 x 0.5 x 11.5 inches,"Hardcover, 112 pages",,978-1881616580,,,,,,,,Photography,"surveillance, sex, prostitution, nyc, sex-work downtown",PHOTOGRAPHY / Individual Photographers / Artists' Books Subjects & Themes / Erotica,PHO011010 / PHO023030,,"Hudson Street Library, NYC",,,/assets/images/covers/9781881616580.jpg
Alpern,Merry,Dirty Windows,"Art Pub Inc; First Edition, First Printing",1995,9.25 x 0.5 x 11.5 inches,"Hardcover, 112 pages",,978-1881616580,,,,,,,,Photography,"surveillance, sex, prostitution",Individual Photographer Monographs,,,"Hudson Street Library, NYC",,,/assets/images/covers/9781881616580.jpg
Amano,Yoshitaka,M by Ralf Christofor,Snoeck Verlagsgesellschaft,,,"Softcover with flaps, Text (German/English) by Ralf Christofori, 84 pages with 95 coloured illustrations",Out of print,978-3936859164,,"Christofor, Ralf (Author)",,,"Yoshitaka Amano was born in Shizuoka in 1952 and, on leaving the production company Tatsunoko at the tender age of 30, had already become a star in the firmament of Japan’s Manga-scene. His early animation series »Speed-Racer« and »G-Force«, as well as the later »Final Fantasy« proved to be immensely popular, becoming permanent fixtures in 70s TV entertainment schedules, particularly in the USA. The mass Japanese animation and comics market’s insatiable appetite has subsequently turned Amano into a fully-fledged superstar. With a few notable exceptions, contemporary art in Japan has continually been reproached for its style of imitative appropriation, until that is a new batch of artists burst onto the scene at the end of the 90s. On their own admission they owe a lot to Amano, be it Mariko Mori’s futuristic barbie-esque dreamscapes and performances or Takasha Murakami and Yoshitomo Nara for instance, in whose paintings the graphic borrowings from Manga proliferate in the funny faces or as unformed babies and little bears. Next to his work on further Mangas for a variety of new applications, be they films, as book illustrations, ceramic designs or as video games, Amano has recently revisited the 700 year old painting tradition of sumi-e. This technique using ink on fine rice paper is based upon expression, brush stroke and absolute precision, leaving no room for error. The Zen idea of penetrating to the essence of the matter is coupled here with an automatism, which construes the thing being painted as a kind of second nature, or as (American) critical opinion has described it: »the introverting of something extrovert in the form of an applied mutation …and, as a merging of different ideas of time, allowing past and future to coalesce.« Amano has Mangas coming out of his ears, Mangas he can use and fashion everywhichway in a variety of guises, situations and modes of expression. In between however, he has been fascinated by the challenge of transferring pictorial elements derived from the ancient sumi-e painting tradition onto highly polished placards. And here, aside from of any skill involved, his supra-dimensional eyes and chins, furrowed brows, silhouettes and details appear to be drawn from the same inexhaustible but anonymous reservoir, from which modern pictorial language also feeds; they have quite literally lost their Japanese innocence and have become universal ciphers in a universalistic culture. Were one to ask Amano where he is currently living, it is indeed fitting that he should reply: mostly Tokyo, New York and Paris.",,https://snoeck.de,,"anime, speed racer.",Individual Artist Monographs,,,,,$60.00,/assets/images/covers/9783936859164.jpg
Amer,Ghada,Ghada Amer: Painting in Revolt - by Susan Thompson,Skira Paris,2021,,"Hardcover, 208 pages",,9782370741493,,,,,"New York-based painter and embroiderer Ghada Amer (born 1963) was raised in Cairo, Egypt, and later educated in Nice and Paris, France. Her experiences with sexism in both locations served as the impetus for her to forge new ground in a range of mediums, from painting and sculpture to ceramics and earthworks. With a background in abstract painting, Amer eventually turned to embroidery as a strategy for infiltrating the male space of painting with a material traditionally associated with women. Her work is frequently based on the images of female figures found in magazines, through which she explores the constructions of gender, sexuality and eroticism. Her embroidery is intentionally loose, with threads dangling from the canvas, provoking a pictorial effect not unlike Pollock's splattered paint. More recent works introduce a verbal element, with quotations and aphorisms. This volume reproduces these pieces along with a selection of works from across her career.",,,,Art,,,,,,,
Anderson,Christopher,Christopher Anderson -: SON,Kehrer Verlang,2013,8 x 0.75 x 9.75 inches,96 pages,illustrated,978-3868283907,n/a,n/a,"Signed, Christopher Anderson's distinctions include the Robert Capa Gold Medal, two World Press Photo Awards, and a Pulitzer Prize nomination.",,"With this book, Magnum photographer Christopher Anderson, renowned for his documentary work from conflict zones all over the world, presents a very personal body of work: ""These photographs are an organic response to an experience that is at the same time the most unique and the most universal of experiences: the birth of a child. . . . Through my son, my role as the son took on new meaning and my senses were hypertuned to the evidence of my own life passing.""",https://christopherandersonphoto.com/,,,family,Individual Photographer Monographs,,,,,$36.00,
Anderson,Christopher,Christopher Anderson: Stump,Rm,2014,,96 pages,illustrated,978-8415118565,John Heilemann,,Signed,,,https://christopherandersonphoto.com/,,,politics,Individual Photographer Monographs,,,,,$28.00,
Anderson,Christopher,Approximate Joy,Stanley/Barker,2018,300x255mm,"Hardback, paper wrapped, Silk screened, 120 pages, 68 Images (CMYK)",TBD,978-0995555594,,Eike König and Colophon Foundry,,,"Christopher Anderson’s photographs portray a contemporary China in the midst of perpetual reinvention. ""I have seen the future and it is now and it is China. There is no need for the past. It can be erased. A new happiness is being constructed, an approximation of joy, better than the real thing.” - Christopher Anderson The images are tightly cropped and extremely close up, bringing the viewer to an intimate distance where all context is removed, except for the ambient artificial light that illuminates the faces, giving only the sensual information of the physical form allowing the viewer the indiscreet pleasure of staring at another human face and wondering who the individual might be or what they might be thinking about at the moment of the photograph. These photographs are not a documentary about what people do. Rather they are a search for connection and recognition of self.",https://christopherandersonphoto.com/,https://www.stanleybarker.co.uk/,,"Fine Art Photography, Portrait Photography, Still Life Photography",Individual Photographer Monographs,,,,,$100.00,
Anderson,Christopher,COP,Stanley/Barker,2019,,,,978-1916410695,,,,,"Christopher Anderson began photographing New York City cops in the wake of 9/11, as the visual landscape of the city he called home began to change. Bomb blast barriers went up, cops carrying larger guns seemed to be everywhere, and whilst the increased presence of security was designed, in part, to make New Yorkers feel safe, it reminded Anderson that something was deeply wrong. Then, in the wake of Occupy Wall Street, the death of Eric Garner and the election of Trump, Anderson found himself making photographs of cops on the streets of New York City once again, as a form of unconscious protest on a larger sense of authority. On assessing the images he was making, Anderson began to see them as something entirely different than a protest or commentary on power - there was almost a sentimentality. “I saw a portrait of a working class, immigrant America. The uniform only served as a thread on which to hang a cross section sample. The photographs felt more like a love letter to New York”—Christopher Anderson Anderson is a member of Magnum. He first gained recognition in 1999 when his poignant images of the rescue of Haitian refugees taken onboard a sinking wooden boat won him the Robert Capa Gold Medal. His previous book Approximate Joy was widely regarded as one of the best books of 2018.",https://christopherandersonphoto.com/,https://www.stanleybarker.co.uk/,,"police,",Individual Photographer Monographs,,,,,$70.00,
Anderson,Christopher,COP,Stanley/Barker,2019,,2nd Copy,,978-1916410695,,,,,"Christopher Anderson began photographing New York City cops in the wake of 9/11, as the visual landscape of the city he called home began to change. Bomb blast barriers went up, cops carrying larger guns seemed to be everywhere, and whilst the increased presence of security was designed, in part, to make New Yorkers feel safe, it reminded Anderson that something was deeply wrong. Then, in the wake of Occupy Wall Street, the death of Eric Garner and the election of Trump, Anderson found himself making photographs of cops on the streets of New York City once again, as a form of unconscious protest on a larger sense of authority. On assessing the images he was making, Anderson began to see them as something entirely different than a protest or commentary on power - there was almost a sentimentality. “I saw a portrait of a working class, immigrant America. The uniform only served as a thread on which to hang a cross section sample. The photographs felt more like a love letter to New York”—Christopher Anderson Anderson is a member of Magnum. He first gained recognition in 1999 when his poignant images of the rescue of Haitian refugees taken onboard a sinking wooden boat won him the Robert Capa Gold Medal. His previous book Approximate Joy was widely regarded as one of the best books of 2018.",https://christopherandersonphoto.com/,https://www.stanleybarker.co.uk/,,"police,",Individual Photographer Monographs,,,,,$70.00,
Anderson,Christopher,Bleu Blanc Rouge,Hatje Cantz,2019,10.63 x 14.17 inches,32 pages,,978-3775745321,,,,,,https://christopherandersonphoto.com/,https://www.hatjecantz.de/,,,,,,,,$30.00,/assets/images/covers/9783775745321.jpg
Anderson,JW,Disobedient Bodies,InOtherWords,2017,,,,,,,,,,,,,,,,,,,,
Andersson,Roger,Letters From Mayhem,Cabinet,2004,,"Hardcover, 64 pages",,978-1932698251,"Sina Najafi (Author), Albert Mobilio (Author)",,,,"Roger Andersson's book Letters from Mayhem is an artist's book made of 26 duotone watercolors, each depicting one letter of the alphabet. Printed on thick board in the format of a children's ABC primer, each letter is embedded in a fairytale setting in which wispy long-haired teenagers lie around stoned, sniffing glue, listening to heavy metal, and so on. This garden of vices overgrown with weeds and entangled vines forms a strange foil for imagery drawn from drug culture, anarchy, heavy metal, and children's cartoons, rendering every scene both innocent and corrupt. Full of messages hidden within plants, ponds and clouds, Andersson's drawings evoke a soft nostalgia for childhood tempered by images of soft-edged romantic decadence.",,,,"alphabet, letters",Individual Artist Book,,,Clipper,,$30.00,/assets/images/covers/9781932698251.jpg
Andersson; Louise Enhorning,Nina,Swedish Girls A Tribute,Argent Books,2014,18.5 x 1.2 x 25.5 cm,"Hardcover, 182 or 200? pages, Swedish Text",,978-9163746789,,"Nina Tahko (Designer), Louise Enhörning (Photographer), Nina Andersson (Photographer)",,,182 or 200? pages,,,,,,,,,,,
Andrews,Kathyn,Strip,Koenig,,,Softcover,,978-863356279,,,,,,,,,,,,,,,,
Anonymous,,Black Panther Coloring Book,,,,,,,,,,,,,,,,Coloring Book,,,,,,
Anonymous,,BP in B,,,,,,,,,,,,,,,,,,,,,,
Antonsson,Lotta,I Am Woman,Art And Theory Publishing,2016,"8.5 x 0.51 x 10.98 inches, 280 x 220 mm","Softcover, 128 pages, full color and black & white, 8.5 × 10.85 inches",,978-9188031402,"Patrik Andersson, Charlotte Cotton, Lars-Erik Hjertström Lappalainen",Designed by Aoki,,Aoki,"Swedish artist Lotta Antonsson's recent work recalls her fascination with the late 1960s and '70s, in a style ""where documentary and fiction blur in a merging of social and sexual revolutions"" according to the essay by Patrik Andersson. From a process that utilizes techniques of collage and montage emerges a very personal way of looking at the ephemeral nature of things, whether printed matter (magazines, books) or natural objects (shells, minerals, driftwood). Antonsson's analogue cuts and repetitions seize upon the allegorical potential of image fragments, freeing fashion and erotic photography in an exploration into the gendered side of this clichéd history.",,https://www.artandtheory.org,,"collage, shells",,,,,,$57.00,/assets/images/covers/9789188031402.jpg
Antonsson,Lotta,I Am Woman,Art And Theory Publishing,2016,"8.5 x 0.51 x 10.98 inches, 280 x 220 mm","Softcover, 128 pages, full color and black & white, 8.5 × 10.85 inches. (2nd copy)",,978-9188031402,"Patrik Andersson, Charlotte Cotton, Lars-Erik Hjertström Lappalainen",Designed by Aoki,,Aoki,"Swedish artist Lotta Antonsson's recent work recalls her fascination with the late 1960s and '70s, in a style ""where documentary and fiction blur in a merging of social and sexual revolutions"" according to the essay by Patrik Andersson. From a process that utilizes techniques of collage and montage emerges a very personal way of looking at the ephemeral nature of things, whether printed matter (magazines, books) or natural objects (shells, minerals, driftwood). Antonsson's analogue cuts and repetitions seize upon the allegorical potential of image fragments, freeing fashion and erotic photography in an exploration into the gendered side of this clichéd history.",,https://www.artandtheory.org,,"collage, shells",,,,,,$57.00,/assets/images/covers/9789188031402.jpg
Araki,Nobuyoshi,Blue Period/Last Summer,"Arakinema, Session Press, Dashwood Books",2017,"10.23"" x 7"" ; 260 x 178.3 mm","Softcover in slipcase, 216 pages","Edition of 1,750 copies",978-0996657419,,,,,"One of the most influential photographers of our time, Nobuyoshi Araki is known for his diaristic style or “shi-shashin” (I-photographs) through the publication of over 500 books throughout his career. His work has become practically synonymous with Japanese photography; closely associated with his work on bondage, his late wife, Yoko, as well as still lifes and nudes. It is, however, less known that Araki had explored experimental film projects since the mid 80s. In 1986 at Cinema Rise in Tokyo, Araki staged a live performance entitled Tokyo Monogatari (Tokyo Story). Using two projectors, Araki and his assistants, Nobuhiko Ansai and Shiro Tamiya, selected and sequenced slides to create a succession of overlapping images fading into one another, accompanied by a musical soundtrack. Tokyo Monogatari became the first in a series of live performances entitled Arakinema, which he staged until the mid-2000s in museums and art institutions around the world. Blue Period and Last Summer are made up primarily of nudes and portraits alternating with street scenes and images of flowers. The majority of the work is derived from Shashin Jidai, the important underground sub culture magazine of the 1980s in Japan. We especially feel excited about our publication since these two projects are essential among his film work. As Araki also explained at our initial meeting in Shinjuku last year, “The two films should be seen as a set, since Blue Period is about the past and Last Summer is about the future. By removing color using a chemical solution, Blue Period is about an act of subtraction (past), whereas adding color to the images in Last Summer is about an act of addition (future). This project is just like life itself.” Working directly from the 140 original slides used for both projections, the book successfully offers a fresh review of the photographer’s hidden oeuvre and regains the true spirit and atmosphere of the original Arakinema performances",,https://sessionpress.com/,,Nude Eros Photo Diary Death/Loss Drawing/Painting Snapshot Portraiture,Individual Photographer Monographs,,,"Hudson Street Library, NYC",,$100.00,
Araki,Nobuyoshi,Blue Period/Last Summer,"Arakinema, Session Press, Dashwood Books",2017,"10.23"" x 7"" ; 260 x 178.3 mm","Softcover in slipcase, 216 pages. (2nd copy)","Edition of 1,750 copies",978-0996657419,,,,,"One of the most influential photographers of our time, Nobuyoshi Araki is known for his diaristic style or “shi-shashin” (I-photographs) through the publication of over 500 books throughout his career. His work has become practically synonymous with Japanese photography; closely associated with his work on bondage, his late wife, Yoko, as well as still lifes and nudes. It is, however, less known that Araki had explored experimental film projects since the mid 80s. In 1986 at Cinema Rise in Tokyo, Araki staged a live performance entitled Tokyo Monogatari (Tokyo Story). Using two projectors, Araki and his assistants, Nobuhiko Ansai and Shiro Tamiya, selected and sequenced slides to create a succession of overlapping images fading into one another, accompanied by a musical soundtrack. Tokyo Monogatari became the first in a series of live performances entitled Arakinema, which he staged until the mid-2000s in museums and art institutions around the world. Blue Period and Last Summer are made up primarily of nudes and portraits alternating with street scenes and images of flowers. The majority of the work is derived from Shashin Jidai, the important underground sub culture magazine of the 1980s in Japan. We especially feel excited about our publication since these two projects are essential among his film work. As Araki also explained at our initial meeting in Shinjuku last year, “The two films should be seen as a set, since Blue Period is about the past and Last Summer is about the future. By removing color using a chemical solution, Blue Period is about an act of subtraction (past), whereas adding color to the images in Last Summer is about an act of addition (future). This project is just like life itself.” Working directly from the 140 original slides used for both projections, the book successfully offers a fresh review of the photographer’s hidden oeuvre and regains the true spirit and atmosphere of the original Arakinema performances",,https://sessionpress.com/,,Nude Eros Photo Diary Death/Loss Drawing/Painting Snapshot Portraiture,Individual Photographer Monographs,,,"Hudson Street Library, NYC",,$100.00,
Araki,Nobuyoshi,Blue Period / Last Summer,3 copies?,,,,,,,,,,,,,,,,,,"Hudson Street Library, NYC",,,
Araki,Nobuyoshi,Araki by Araki,,,,,,,,,,,,,,,,,,,"Hudson Street Library, NYC",,,
Araki,Nobuyoshi,"Araki Teller, Teller Araki",Eyesencia and Match and Company,2014,,"Hardcover, oversized","Edition of 1,500 copies",978-0692321959,,,,,"Araki Teller, Teller Araki was published to coincide with the two artist’s collaborative exhibition at the Ostlicht Galerie fur Fotografie in Vienna. This large tome, the first artist’s book conceived and designed jointly by Araki and Teller, consists of over 300 pages of photo-jousting by two of the most original and influential voices working in photography today. Each, in their own way, exploring existential questions of physicality and sexuality",,,,"nudes, eros",,,,"Hudson Street Library, NYC",,$125.00,/assets/images/books/Araki_Araki_Teller_Teller_Araki_9780692321959.jpg
Araki,Nobuyoshi,Monochrome Paradise,Adachi,2015,,,,978-4908251009,,,,,,,,,,,,,"Hudson Street Library, NYC",,,/assets/images/covers/9784908251009.jpg
Araki,Nobuyoshi,Theater of Love,Case Publishing,2017,Height: 18.0 cm | Width: 13.3 cm,242 pages,,978-4908526121,,,,,"The series consists of around 100 photographs taken around the year 1965, when Araki was working at advertising giant Dentsu. The photos, first shown at an exhibition at Taka Ishii Gallery in February 2011, are presented as a postcard-sized book, hidden in a Fuji photographic paper box replica, the same way Araki discovered his old prints. ""I've found a cabinet box, labelled 'Theater of Love'. Opening it, there were about 150 prints inside. They must have been taken around '65, back when I was clicking away on an Olympus Pen F, experimenting with thermal development, fooling around with printing and film developing techniques. The photos are a record of me, the women and the life and the places of that era. Seems like I called them 'Theater of Love' in those days. But either way — good stuff. Good photos. You can't get this with digital."" — Nobuyoshi Araki",https://arakinobuyoshi.com,https://case-publishing.jp,Photography,"1960s, Japan, Photographers, Photography, Vintage",Photography; Individual Photographers; General Monographs,,,"Hudson Street Library, NYC",,,/assets/images/covers/theater-of-love-araki.jpg
Araki,Nobuyoshi,Nobuyoshi Araki: VINTAGE PRINTS,,,,,,,,,,,,,,,,,,,"Hudson Street Library, NYC",,,
Araki,Nobuyoshi,Nobuyoshi Araki: Nobuyoshi Araki : Eros Diary,ANTHONY D'OFFAY,2016,9.5 x 7 in.,"92 pages, Paperback, 92 pgs, 10 color, 77 bw","First edition, oop",978-0996725903,,,,,"10 color, 77 bw",,,,Biography,,,,"Hudson Street Library, NYC",,,
Araki,Nobuyoshi,Tokyo Blues 1977,Taka Ishii Gallery,2013,187 x 232 mm,"Softcover, 48 pages, 43 illustrations","Edition of 500 copies, oop",,,,,,"This catalog was published for the solo exhibition ‘Tokyo Blues 1977’, held at Taka Ishii Gallery in August 2013. After their exhibition at Nikon Salon in 1977, these works remained untouched in Araki’s storeroom until their recent rediscovery. This book includes 43 photographs loosely centered about a woman from Kyushu who Araki had just met. It captures the languidness and blues of Japan in the 1970’s",,,,portraiture,Snapshot Portraiture,,,"Hudson Street Library, NYC",,,
Araki; Juergen Teller,Nobuyoshi,"Araki Teller, Teller Araki",,,,,,,,,,,,,,,,,,,,,,
Arbus,Diane,Magazine Work,,,,,,,,,,,,,,,"Periodical, Photography",,,,"Hudson Street Library, NYC",,,
Arbus,Diane,Diane Arbus In the Beginning Early Photographs 1956 1962,The Metropolitan Museum of Art,2016,,"Hardcover, 269 pages : illustrations, portraits ; 29 cm",First,978-1588395955,"Rosenheim, Jeff curator.",,,,"Catalog of the exhibition held at the Metropolitan Museum of Art, New York, July 12-November 27, 2016 and at the San Francisco Museum of Modern Art, January 21-April 30, 2017. Includes bibliographical references (pages 261-263) and index. ""Diane Arbus (1923-1971) is one of the most distinctive and provocative artists of the twentieth century. Her photographs of children and eccentrics, couples and circus performers, female impersonators and nudists, are among the most recognizable images of our time. This book is the definitive study of the artist's first seven years of work, from 1956 to 1962. Drawn primarily from the rich holdings of the Metropolitan Museum's Diane Arbus Archive--a remarkable treasury of photographs, negatives, appointment books, notebooks, and correspondence--it is an essential contribution to our understanding of Arbus and her oeuvre. diane arbus: in the beginning showcases over 100 of the artist's early photographs, more than half of which are published here for the first time. The book provides a crucial, in- depth presentation of the artist's genesis, showing Arbus as she developed her evocative and often haunting imagery. The photographs featured in this handsome volume reveal an artist defining her style, honing her subject matter, and in full possession of the many gifts for which she is now recognized the world over."" -- Publisher's description",,,,"moma, street photography, exhibition","Photography, Artistic, Photography, Street photography, Pedestrians, History, In art",,,"Hudson Street Library, NYC",,,
Arbus,Amy,On the Street: 1980-1990,Welcome Books,2006,10.54 x 0.82 x 13.74 inches,"Hardcover, 104 pages",,978-1599620152,A. M. Homes (Author),,,,"Between 1980 and 1990, over five hundred of photographer Amy Arbus's impromptu and edgy portraits of New Yorkers appeared in the Village Voice's monthly fashion feature, ""On the Street."" The column's missive was to document the city's most adventurous trednsetters as they lived their lives. But Arbus's photographs tell much more than a style story. From the friendliest to the grittiest, every one of these images is a potent tribute to self-expression. Taken as a whole, they reflect an era of contradictions, a time in America when urban individualism and raw creativity were courageously fighting for breathing room and holding their own in a culture ruled by wealthy conservatism and Republican politics. For the first time since that hard-to-define decade, this time-capsule collection of images is being revisited. On the Street features seventy of the most revealing and expressive images taken by Arbus on the city’s fashion-fertile sidewalks. From the unknown to the unmistakably famous, her subjects are all equally unforgettable. Arbus’s ubiquitous lens captured the most influential style-makers, from The Clash on the set of Martin Scorsese's King of Comedy and Madonna on the same day her single “Everybody” hit the charts, to Anna Sui, Joey Arias, Phoebe Legére, and countless other local artists, actors, costume designers, shop owners, musicians, make-up artists, graffiti artists, and downtown scenesters. From eyewear to underwear and schoolgirl skirts to backless shirts; from women dressed like men to men that are barely dressed; from lipstick to just plain “schtik,” there is no aspect of 80’s style that goes unrepresented.",https://www.amyarbus.com/,,,"fashion, portraiture",Fashion Photography,,,"Hudson Street Library, NYC",,$500,
Arbus,Amy,The Fourth Wall,Welcome Books,2008,11.38 x 0.96 x 12.64 inches,"Hardcover, 160 pages",,978-1599620442,,,,,"What happens when a performing actor leaves behind his lines, staging, sets, and lighting, and steps beyond the fourth wall? For three years, Amy Arbus has been exploring this question in a series of dramatic portraits of celebrated actors, both on and off Broadway. Fully costumed but stripped of their context, Arbus's actors remain in character as they step outside the fiction of theater into the reality of the world beyond. Staged in anonymous public spaces--in theater lobbies, on city streets, in parks, and in stage door alleys--Arbus's images achieve an unexpected blend of spectacle and high art; formality and sontaneity; vulnerability and pretense. Collected in The Fourth Wall are some of the modern stage's most gifted actors, including Alan Cumming in Cabaret, John Malkovitch in Lost Land, Liev Schreiber in Talk Radio, Ed Harris in Wrecks, Cherry Jones in Doubt, Christine Ebersol in Grey Gardens, and Ethan Hawke and Martha Plimpton in The Coast of Utopia. Actors are included from such successful and ambitioud productions as Wicked, The Light in the Piazza, Hedwig and the Angry Inch, Chitty Chitty Bang Bang, and The Color Purple, to name but a few. Portraits are accompanied by synopses of the plays as well as quotes from a number of the actors portrayed.In 2006's critically acclaimed book On the Street, Arbus focused her lens on those who dressed to express themselves--now she turns her attention to those who dress to become someone else. The result is a collection of potent photographs that pay remarkable tribute to contemporary theater and the performers who bring fantasy to life.",https://www.amyarbus.com/,,,Photography,Portrait Photography,,,"Hudson Street Library, NYC",,$50,/assets/images/covers/9781599620442.jpg
Arnold,Daniel,Pickpocket,Elara,2021,302mm x 195mm,"textured softcover, 228 pages, 5 individually bound inserts, offset width.4 colour offset litho, 3 spot colours screenprinted mylar clear outer jacket 578 images total",First,,,,,"David Rudnick, Emiel Penninckx, Maharani, Yasmine Putri, and Mozes Mosuse in Terrain","The first monograph of the work of New York-based photographer Daniel Arnold. Pickpocket is comprised of a ""Prestige Edit"" titled The Woods, and five additional ""Alleyways"" – GALA, Cell Out, Fuck Ups, 47th Street, and ElseWhere. With liner notes by Daniel Arnold and an afterword by Josh Safdie.",,,,,,,,,,,
Aroch,Guy,Morena No. 2,,2015,9x12 inches,"Wrapers, 28 pages",,,Guy Aroch with Lais Ribeiro.,Lais Ribeiro,,,"This second issue of Morena was shot in different sessions during 2014 by Guy Aroch. Aroch is one of today's most influential fashion photographers, his photography is recognized by its plastic values and proximity, creating evocative works. Guy's editorial partners include British Vogue, Muse, Harpers Bazaar UK, Centrefold, French, British GQ , L'Officiel, The New York Times, LA Times and WWD.",,,,"nudes, fashion",,,,,,$150.00,
Arocha,Rafael,Medianoche,Self-published,2014,,84 pages,Edition of 500 copies,978-8461704668,,,,,,,,,,,,,,,,
Arthur,Olivia,Jeddah Diary,Fishbar,2012,18x22cm,"Hardcover, 122 pages",Edition of 1000,978-0956995919,,,,,"Olivia Arthur’s debut, Jeddah Diary, was published by Fishbar and documents the lives of young Saudi women in Jeddah.",https://oliviaarthur.com/,http://fishbar.ph,,"jeda, woman",Individual Photographers,,,"Hudson Street Library, NYC",,$450.00,
Artificial Nature,,,,,,,,,,,,,,,,,,,,,,,,
Artur,Liz Johnson,Liz Johnson Artur,"Bierke, Verlag",2016,27.8 x 2 x 22.8 cm,"Harcover, cloth bound, with 114 col. & b/w","First, OOP",978-3981337013,,,,,"First comprehensive overview of the Russian-Ghanaian's work, capturing more than 30 years.",http://www.lizjohnsonartur.co.uk,,,,Individual Photographers,,,,,$300.00,/assets/images/covers/9783981337013.jpg
Ashcom,Morgan,Leviathan,Peperoni Books,2015,30 x 30 cm,"Hardcover, cloth bound, 74 pages","Frist, OOP",978-3941825833,Liz Johnson Artur (Author),,,,"This series emerged from Morgan Ashcom’s experiences at a remote community in south-eastern Ohio, an outsiders’ oasis. Originally, he saw the potential to reconcile two opposing but familiar scenes: the urban skating culture he had once been part of, and the rural surroundings of his youth. But the identity of things seemed slightly altered – it was a warped doppelganger of his childhood home. So he stepped away from his presumed knowledge of where he was. Themes of escape and confrontation with the unknowable began to appear in the pictures. The sequence of images suggests a subjective narrative where disparate cultures and geographies converge.",,https://peperoni-books.de/,,,Individual Photographers,,,"Hudson Street Library, NYC",,$120.00,/assets/images/covers/9783941825833.jpg
Asselin,Mathieu,Monsanto: A Photographic Investigation,Verlag Kettler,2017,27.13 x 2.21 x 30.1 cm,147 pages,"Frist, OOP",978-3862066575,Mathieu Asselin (Author),,,,"Monsanto has had a rapid rise and a more-than-colorful history, marked by cover-ups and scandals: dioxins in PCB coolants, genetically modified products such as the bovine growth hormone Posilac, and the production of the defoliant Agent Orange. The company is still highly controversial, irritating scientists, environmental organizations and human rights associations and acting in a way that makes people doubt the harmlessness of its products. As a manufacturer of food and animal feed, seeds and chemical products, Monsanto is relentlessly developing and marketing new technologies. The monopoly it has arguably secured by dubious means bears no relation to its negligence with regard to potential risks. Particularly in light of the devastating consequences that are still causing suffering to people and the environment in many places, the company ' s self-portrayal as a forward-looking, omnipotent force for good seems cynical. The photographer Mathieu Asselin has tried his hand at the daunting task of exploring the issues surrounding Monsanto. His investigative photographic study manages to capture the complexity of this topic, creating links between past, present and future and illuminating many different aspects from a variety of perspectives. His photos and texts raise awareness of the problems involved. Throughout the book, Asselin seems to be concerned about who is actually responsible and who is affected by the consequences. Recognising that passing the buck is a useless game, his photos show that there are victims on all sides: physical deformities in Vietnam, families plagued by death and disease in the US, illegal waste dumps, depopulated regions, destroyed cornfields and farmers whose livelihood has been ruined. The photos are complemented by a wealth of archival material, extracts from press releases, court files, and image campaigns, as well as different slogans and stills from commercials, which in comparison seem as glib and farcical as Disneyland. These expose Monsanto's absurd attempts to pass itself off as a company interested in satisfying today's demands and preserving the earth for future generations.",,,,food,Photojournalism and Essays,,,"Hudson Street Library, NYC",,$300.00,
Attia,Kader,Transformations,Spector Books,2014,9.2 x 0.7 x 12.2 inches,224 pages,,978-3944669236,,,,Johannes Willi,"The manifold entanglements of African and Western culture are a central motif in the oeuvre of the Algerian-French artist Kader Attia. The influence of traditional African architecture on European modernism forms the background for his voluminous spatial installations, videos and photographs, as much as the reappropriation of North and South American black music within African Jazz and Pop of the 1960s up to the 1980s. His work manifests the productivity of dissonance; where African masks, stuffed animals, scientific instruments, and historical artifacts seemingly have nothing in common, the artist unearths connections between Europe’s handling of its own colonial history, current migration politics, and the urbanistic realities of its metropolises of today. Based on Kader Attia’s solo show Repair: 5 Acts at the KW Institute for Contemporary Art, Berlin, this publication focuses on works from the years 2008–2013 and places them in a broader art historical concept.",http://kaderattia.de/,https://spectorbooks.com/,Art,Monographs,Art,,,Clipper,,,/assets/images/covers/9783944669236.jpg
Attia,Kader,Transformations,Spector Books,2014,9.2 x 0.7 x 12.2 inches,"224 pages, (2nd copy)",,978-3944669236,,,,Johannes Willi,"The manifold entanglements of African and Western culture are a central motif in the oeuvre of the Algerian-French artist Kader Attia. The influence of traditional African architecture on European modernism forms the background for his voluminous spatial installations, videos and photographs, as much as the reappropriation of North and South American black music within African Jazz and Pop of the 1960s up to the 1980s. His work manifests the productivity of dissonance; where African masks, stuffed animals, scientific instruments, and historical artifacts seemingly have nothing in common, the artist unearths connections between Europe’s handling of its own colonial history, current migration politics, and the urbanistic realities of its metropolises of today. Based on Kader Attia’s solo show Repair: 5 Acts at the KW Institute for Contemporary Art, Berlin, this publication focuses on works from the years 2008–2013 and places them in a broader art historical concept.",http://kaderattia.de/,https://spectorbooks.com/,Art,Monographs,Art,,,Clipper,,,/assets/images/covers/9783944669236.jpg
Auerbach,Tauba,Tauba Auerbach ― S v Z,D.A.P./SFMOMA,2020,8.25 x 0.75 x 11.5 inches,"Hardcover, 256 pages, 3.25 pounds",,978-194288455,"Joseph Becker (Author, Introduction)","Reinfurt, David",,,"Part artist's book, part exhibition catalog, this book chronicles Tauba Auerbach’s multimedia syntheses of abstraction, science, graphic design and typography Tauba Auerbach studies the boundaries of perception through an art and design practice grounded in math, science and craft. Published in conjunction with the first major survey of the artist’s work, this volume, designed by Auerbach in collaboration with David Reinfurt, spans 16 years of her career, highlighting her interest in concepts such as duality and its alternatives, interconnectedness, rhythm and four-dimensional geometry.",,,,,Individual Artist Monographs,,,Clipper,,$41.00,
Auster (text),Auster (text),?,,,,,,,,,,,,,,,,,,,,,,
Averdon,Richard,An Autobiography Richard Avedon,Random House; 1st edition,1993,,,,,,,,,,,,,"Biography, Photography",,,,,,,
Averin,Fredrick,this is a raincoat like anybody else’s,,2016,,"1000 pages, perfect bound, 1,000 pp. 6.5 lb./2,9kg. one of 72 numbered copies.",,,,,,,"a collection of projects that explore language, people, narratives, couples, human intention, softness, failure, self-awareness, peculiar situations, the printed (and unprinted) page, and which question the format and purpose of the book in portland, oregon.",http://fredrikaverin.com,,,,,,,,,$60.00,
Ayer,Jeremy,Organs of a Divided Labour,Morel,,,,,,,,,,,,https://morelbooks.com,,,,,,,,,
Azuma,Makoto,Encyclopedia of Flowers: Flower Works by Makoto Azuma photographed by Shunsuke Shiinoki,Lars Muller Publishers,2012,6.5 x 1.38 x 9.84 inches,"Softcover, 512 pages,",,978-3037783139,"by Kyoko Wada (Editor), Kenya Hara (Designer)",Shunsuke Shiinoki,,,"Flowers have been a universal cultural object for millennia. They are an important aesthetic element in everyday life worldwide, and have played a highly symbolic role in art throughout the ages. Over the past few years, Makoto Azuma has created a furor in the art world with his floral installations, in which he creates unusual new shapes from plants and flowers and their component parts. Inspired by the Japanese tradition of ikebana―the art of flower arranging―Azuma creates novel and previously unseen aesthetics by bringing together unusual plants that wouldn’t usually meet in nature―some of them exotic ―in extraordinary arrangements. Shunsuke Shiinoki, who opened the “haute-couture” florists Jardin des Fleurs in Tokyo in 2002 in association with Makoto Azuma, captured these exceptional floral installations in extraordinary photographs.",,,,"flora, flowers, japan",Art Encyclopedias,,,"Hudson Street Library, NYC",,,
Azuma,Makoto,Encyclopedia Of Flowers Part 2 - Makoto Azuma | Shunsuke Shiinoki,Seigensha Art Publishing,2015,9.8 x 1.65 x 6.73 inches,"Softcover, 542 pages",,978-4861524769,,Shunsuke Shiinoki,,,"Flower artist Makoto Azuma and botanical photographer Shunsuke Shiinoki present a second edition of their vibrant anthology, two years after the first. Focusing on the ephemeral nature of flowers while working to conserve in a concrete, tangible form the passage of time they embody, the authors use two techniques. The first highlights the flowers features and sense of presence by picturing them from overhead. The second applies a lateral perspective to capture the life force of plants as they stretch towards the sun. In contrast to the first edition, natural light sources were used as much as possible to illuminate the exceptionally dense and colourful palettes on display.",,https://en.seigensha.com/,,"flora, flowers, japan","flora, flowers, japan",,,"Hudson Street Library, NYC",,,
Azuma,Makoto,Encyclopedia of Flowers III (English and Japanese Edition),Seigensha Art Publishing,2016,9.8 x 1.65 x 6.73 inches,"Softcover, 544 pages",,978-4861525711,Makoto Azuma,Shunsuke Shiinoki,,,"Makoto Azuma and Shunsuke Shiinoki collaborate once again to further their pioneering Encyclopedia of Flowers series, which focuses in part on market-related changes that impact floristry, such as the disappearance and new emergence of species, as well as on changing the common perception of flowers. Following the first volume in 2011 and the second in 2015, this third dazzling instalment features a greater variety of styles, reflected in photographs divided into seven chapter-categories that include Coexistence , Hybrid , Chiaroscuro , and Autogenesis . The myriad arrangements done in Azuma s singular style are expertly captured by Shiinoki s camera.",,https://en.seigensha.com/,,"flora, flowers, japan","flora, flowers, japan",,,"Hudson Street Library, NYC",,,
B,,,,,,,,,,,,,,,,,,,,,,,,
Bacher,Lutz,SNOW,JRP | Ringier,2013,9 x 1.1 x 12 inches,"Softcover, 352 pages,",,978-3037643471,Caoimh'n Mac Leith (Author),"Gregor Muir (Editor), Beatrix Ruf (Editor), Sophie von Olfers (Editor), Lutz Bacher (Artist)",,,"Ever since her career began in the 1970s, this Bay Area artist has drawn upon fragmentary information from popular culture and her own life to produce works that play with the instability of identity and the all-around trickiness of images. In artist's books, installations, sculptures, videos, photographs, paintings, and screen prints, Bacher uses images and objects in a physical, visceral manner. Bacher's mixture of bodies and ideas, pop and personal, while always remaining somehow elusive, feels entirely relevant to problems in art and life now. In this publication, she has compiled her work from 1975 to 2013 into a hefty volume of seemingly digital files from an inventory. It is accompanied by a new essay by Caoimhín Mac Giolla Léith. The book is published with Kunsthalle Zürich, Portikus, Frankfurt am Main, and the Institute of Contemporary Arts, London",,,,,,,,,,,/assets/images/books/Bacher_SNOW_9783037643471.jpg
Bacon,Francis,Late Paintings,Rizzoli,2016,9.5 x 0.9 x 12.3 inches,"Hardcover, New",,978-0847847754,,,,,"Encompassing more than twenty-five paintings that Francis Bacon made in London and Paris during the last two decades of his life, this book serves as a companion to the 2015 exhibition at Gagosian Gallery, New York, and is the first in-depth exploration of the innovations of the artist’s late work. In his late paintings, Francis Bacon refined themes that had long obsessed him. He quoted reflexively from his oeuvre, reworking subjects to strip them to the bare essentials. This stunning new book features over 150 color illustrations of the artist’s work and related materials, including reproductions of ephemera from Bacon’s Hugh Lane studio.",https://www.francis-bacon.com/,https://gagosian.com/,,,Individual Artist Monographs,,,,,$200.00,/assets/images/books/Bacon_Late_Paintings_9780847847754.jpg
Bacon,Francis,Incunabula,Thames & Hudson,2009,9.9 x 1.1 x 12.2 inches,"Hardcover, 256 pages",,978-0500093443,"Daniels, Rebecca (Author); Harrison, Martin (Author)",,,,,https://www.francis-bacon.com/,,,,Individual Artist Monographs,,,,,$40.00,/assets/images/books/Bacon_Incunabula_9780500093443.jpg
Bacon,Francis,Francis Bacon,Skira Rizzoli; First Edition,2009,9.91 x 1.02 x 11.27 inches,"Hardcover, Rare",,978-0847832750,"Gale, Matthew",,,,"Francis Bacon’s style was so personal and distinctive that his influence lay more in the intensity of his commitment to art itself than in any direct stylistic legacy. The British artist developed a way of portraying the human body that was unique in the history of painting—usually in isolation, at moments of extreme tension or even pain, distorted like figures from a fantastical nightmare. He remains a towering example to those dedicated to the depiction of the human figure. In addition to 250 full-color plates, this publication also reveals Bacon’s low-art inspirations, including magazine tear sheets, photographs, and imagery from films.",https://www.francis-bacon.com/,,,,Individual Artist Monographs,,,,,$900.00,/assets/images/books/Bacon_Francis_Bacon_9780847832750.jpg
Baier,Julia,Water Maters,Peperoni Books,2013,9.09 x 0.39 x 11.5 inches,"Paperback, 72 pages","First edition, oop",978-3941825536,Johannes Kimstedt (Author),,,,"Swimming is a delicate balance between flying and sinking This quote by Burkhard Strassmann opens Julia Baier's book ›Water Matters‹. Her pictures show what people do with water, and even more, how water affects people and the animals, too. Not on the whole, but in the immediate encounter. When bathing, diving, splashing and spraying, in rain, snow and ice, in the city and in the countryside. And as the water itself the photographer seems to get to wherever it flows and foams, drips, bubbles and reflects or where the water and its derivatives form into mysterious and beautiful abstractions - in Budapest or Bremen, in Passau or Paris, Chicago or Sovata. Julia Baier's book is a refreshing and fluid trip through the international water world - with surface tension, cliffs, swirls, pull and draft.",https://www.juliabaier.de/,https://peperoni-books.de/,,,Photography,,,"Hudson Street Library, NYC",,,/assets/images/covers/9783941825536.jpg
Bakharev,Nikolay,Novokuznetsk,STANLEY/BARKER,2016,240mm × 270mm,"Hardback, Paper Wrapped, Tipped-on Image, 120 + 8 page booklet","First edition, oop",978-0995555518,,,,,"During the 1980s by the Siberian artist Nikolay Bakharev worked as a mechanic and communal services factory photographer in the USSR. To supplement his income he would solicit work as a black market portrait photographer on the public beaches of Eastern Russia. If the shoot went well, he would invite his subjects to make further images in a more intimate setting, compelling his subjects over several hours into contorted, erotically charged poses, which at the time was highly illegal. After the the fall of the Iron Curtain, Bakharev began to work more openly as an artist, although often being admonished as a pornographer. His photographs from this time reveal more than just the bodies of his subjects, but the longing and dampened dreams of the inhabitants of an industrial town and the desires of an unrelenting artist. ""It would be easy to misinterpret these images as simply the pornographic imaginings of a manipulative and dirty old man, yet there is something else within them — in the subjects’ eyes, in their frankness, in their curiosity and collusion, as well as in their surroundings – that suggests that much more is going on here, and that what is both at stake and in evidence stretches far beyond the realms of explicit sexuality, voyeurism and mere titillation."" — Aaron Schuman",,https://www.stanleybarker.co.uk,,,"fashion photography, Fine Art Photography, Nikolay Bakharev, Portrait Photography",,,"Hudson Street Library, NYC",,,
Baldersari,John,John Baldessari Sings LeWitt,,,,Softcover,,,,,,,,,,,,,,,,,,
Baldersari,John,Pure Beauty,LACMA/Delmonico/Prestel,2009,10.44 x 1.63 x 12.31 inches,"Hardcover, 330 pages",,,"Jessica Morgan (Author), Leslie Jones (Author)",,,,"A major figure in contemporary art, John Baldessari is widely considered one of the most influential artists to emerge since the mid-1960s. From his early text-and-image paintings to his more recent photo collages and installations, Baldessari has continued to make art that addresses the social impact of mass culture, often playfully through strategies of appropriation and deconstruction. Baldessari's lifelong interest in language, written and visual, and the interaction between the two, raises questions about the nature of communication and perception. More than 400 illustrations are presented in full colour in this monograph published in conjunction with a major exhibition organised by the Los Angeles County Museum of Art and Tate Modern in London. Eleven essays by critics, curators, art historians, and an artist and former student of Baldessari's round out this volume. Few contemporary artists have achieved the range and relevance of Baldessari's oeuvre, which is finally given its due in this elegant retrospective book.",,,,,Individual Artist Monographs,,,Clipper,,,
Baldersari,John,Pure Beauty,LACMA/Delmonico/Prestel,2010,310 x 260 mm,"330 pages, Softcover",,978-8092505203,"Jessica Morgan (Author), Leslie Jones (Author)",,,,"A major figure in contemporary art, John Baldessari is widely considered one of the most influential artists to emerge since the mid-1960s. From his early text-and-image paintings to his more recent photo collages and installations, Baldessari has continued to make art that addresses the social impact of mass culture, often playfully through strategies of appropriation and deconstruction. Baldessari's lifelong interest in language, written and visual, and the interaction between the two, raises questions about the nature of communication and perception. More than 400 illustrations are presented in full colour in this monograph published in conjunction with a major exhibition organised by the Los Angeles County Museum of Art and Tate Modern in London. Eleven essays by critics, curators, art historians, and an artist and former student of Baldessari's round out this volume. Few contemporary artists have achieved the range and relevance of Baldessari's oeuvre, which is finally given its due in this elegant retrospective book.",,,,,Individual Artist Monographs,,,TBD?,,,
Baldersari,John,A Print Retrospective,Fine Arts Museum of San Francisco,,,,,,,,,,,,,,,,,,,,,
Baldersari,John,"Visionaire No. 64: Art, Baldessari Red Edition",Visionaire,2014,15 x 3.25 x 20.5 inches,"Hardcover,",,978-1888645989,,,,,"In Henry Joost and Ariel Schulman's short film A Brief History of John Baldessari, the world-renowned conceptual artist suggests that he will be best remembered as ""the guy who put dots over people's faces."" Baldessari recalls: ""I felt like it [the dot] leveled the playing field""--surely an ironic claim to fame in an age of self-obsession and self-celebration. Especially from the early Renaissance, when mirrors became more readily available, through today--an age of constant surveillance in which nearly every pedestrian carries some form of camera--the auto portrait has become an inevitability that, to varying degrees, finds its way into the practice of many working artists. For its 64th issue, Visionaire invites a roster of contemporary actors, entertainers and personalities to contribute a self-portrait. The participants include artists Ai Weiwei and Ed Ruscha; models Gisele Bundchen and Kate Upton; actors Scarlett Johansson and James Franco; singer Miley Cyrus; filmmaker Pedro Almodovar; fashion designers Kate and Laura Mulleavy (Rodarte) and Riccardo Tisci (Givenchy); athlete Lionel Messi, and many more. Their self-portraits are printed in black and white, and then silkscreened with shapes and colors created by Baldessari. The resulting collection of images offers a snapshot of contemporary iconography, bridging technology and craftsmanship, high art and pop culture, digital and analogue, new and old. Visionaire No. 64: Art is available in three different editions, each themed by a color, and featuring a different selection of contributors. All of the editions are presented in a beautifully printed cloth box. The red edition includes contributions by James Franco, Miley Cyrus, Marina Abramovic, Ranveer Singh, Yuna Kim, Karlie Kloss, Pedro Almodóvar, Drew Barrymore, G-Dragon and Ed Ruscha.",,,,,,,,,,$900.00,/assets/images/books/Baldersari_Visionaire_No._64_Art_Baldessari_Red_Edition_9781888645989.jpg
Baldersari,John,John Baldessari Catalogue Raisonné: Volume One: 1956–1974,Yale University Press,2012,10.37 x 2.03 x 12.17 inches,"Hardcover, slipcase. New",First,978-0300174489,"Robert Dean (Author), Patrick Pardo (Editor)",,,,"The first volume of the complete catalogue of works by John Baldessari The pioneering conceptual artist John Baldessari (b. 1931) began his career as a painter in the 1950s, but in the subsequent decades he expanded his practice in a new and groundbreaking direction by juxtaposing texts with found photography or appropriated images. These texts questioned the nature of art and the art-viewing experience, suggesting new meanings for the images they accompanied. This interaction of words and images remained a critical aspect of Baldessari's work, even as he branched into other media, such as site-specific installations, drawings, video, sculpture, prints, and multiples. The first of a projected four-volume set, this lavishly illustrated book features about 500 works and chronicles an important shift in Baldessari's thinking during these formative years. Included are such landmark works as the Cremation Project (1970), where Baldessari incinerated the ""body"" of work he had made between the years 1953 and 1966. The ashes of the cremated works were then baked into cookies, and the rest sealed in a book-shaped urn, which he then presented along with a plaque announcing the ""life"" and ""death"" dates. Baldessari's work and teaching have been greatly influential on a subsequent generation of artists. The book features an essay by Yve-Alain Bois considering Baldessari's ethos as a generator of his artistic practice. Also included are an interview with Christopher Knight and a detailed chronology of the artist's life and work.",,,,"Catalog, Exhibition Catalog","Collections, Catalogs & Exhibitions",,,Clipper,,,/assets/images/books/Baldersari_John_Baldessari_Catalogue_Raisonn_Volume_One_1956_1974_9780300174489.jpg
"Ballen, Asger Carlsen",Roger,No Joke,Mörel Books,2016,"22,5 x 33 cm","Hardcover, 72 pages, 37 black-and-white photographs",Edition of 1000,978-1907071560,,,,,"Asger Carlsen and Roger Ballen exchanged ideas, sketches and works and reworked them manually and digitally, blurring the lines of authorship and process. Both artists are known for their blurring of the line between the real world and the fictional. In NO JOKE they lead each other into what eventually becomes something larger then expected.",https://www.rogerballen.com,https://morelbooks.com,,,,,,Clipper,,,
Baltz,Lewis,The Prototype Works,Steidl,,11.1 x 10.6 x 0.8 inches,"Hardback clothbound, 188 pages",Edition 03/2011 (?),978-3869302508,"Witkovsky, Matthew S. 1967-",,,,"Beginning in 1965, but especially in the years between 1967 and 1971, Lewis Baltz made a body of work concentrated on the dialectic between simple, regular geometric forms found in the postwar industrial landscape, and the culture that generated such forms. Stucco walls, parking lots, the sides of warehouse sheds or disused billboards baked in the steady Californian sunlight. Baltz called his works ""Prototypes,"" by which he meant replicable social conventions as well as model structures of replicable manufacture. Marking Baltz's preliminary forays into a minimal aesthetic, The Prototype Works continued his work to capture the reality of a sprawling Western ecology gone wild.",,https://steidl.de/,,,Individual Photographer Books,,,"Hudson Street Library, NYC",,,/assets/images/books/Baltz_The_Prototype_Works_9783869302508.jpg
Baltz,Lewis,Nevada (Signed program),Castelli Graphics,1978,21.5 x 26.5,"Matte gray wrappers, staple-bound, with title embossed on front, Oblong size: 21,5 by 26,5.",,,,,,David Smoak,,,,,,,,,"Hudson Street Library, NYC",,,
Baltz,Lewis,Lewis Baltz: Rule Without Exception / Only Exceptions,Steidl,2012,,,,9783869301105,,,,,"This progressive book object combines two volumes and covers the sweep and depth of Lewis Baltz's influential oeuvre. Rule Without Exception is a re-issue of Baltz's award-winning mid-career retrospective book which accompanied a travelling exhibition of the same name in 1991. The book surveys Baltz's work from ""The Prototype Works"" of 1967 through to ""Sites of Technology"" of 1991, showing the range of his images of industrialised landscapes and technological sites. Each section of the book is accompanied by installation views as well as texts by distinguished writers, some newly commissioned for this edition. Only Exceptions is a new book chronicling Baltz's work - now usually site-generated commissioned works - from 1992 to the present and is published on the occasion of an exhibition organized by the Kunstmuseum, Bonn. Only Exceptions includes Baltz's work in California, Leipzig's ""Black Triangle"", Reggio Emilia, Groningen, Rome, Venice, and two projects with Jean Nouvel in France and Italy.",https://steidl.de,https://steidl.de/,,,,,,"Hudson Street Library, NYC",,,
Baltz,Lewis,Bernard Lamarche-Vadel,,1993,,,,,,,,,,,,,,,,,"Hudson Street Library, NYC",,,
Baltz,Lewis,At The / In Der Albertina,,2014,,,,,,,,,,,,,,,,,"Hudson Street Library, NYC",,,
Baltz,Lewis,Lewis Baltz,Steidl,2017,,,,,,,,,,https://steidl.de,https://steidl.de/,,,,,,"Hudson Street Library, NYC",,,
Baltz,Lewis,Lewis Baltz,"Walther König, Köln; Bilingual edition",2013,,,,,,,,,,https://steidl.de,https://www.buchhandlung-walther-koenig.de/koenig2/index.php?mode=lang&lang=en,,,,,,"Hudson Street Library, NYC",,,
Baltz,Lewis,"The New Industrial Parks Near Irvine, California",,,,,,,,,,,,,,,,,,,"Hudson Street Library, NYC",,,
Baltz,Lewis,"The Politics of Bacteria, Docile Bodies, Ronde de Nuit",Ram Publications,2017,,,,,,,,,,,,,,,,,"Hudson Street Library, NYC",,,
Baltz,Lewis,Candlestick Point,,,,,,,,,,,,,,,,,,,"Hudson Street Library, NYC",,,
Banksy,,Wall and Piece,Century,2007,8 x 0.6 x 10 inches,"Hardcover, 192 pages",,978-1844137879,,,,,,,,Street Art,"""street art""",Individual Artist Monographs,,,Clipper,,$20.00,/assets/images/books/Banksy_Wall_and_Piece_9781844137879.jpg
Barash,Cole,Talk Story,,,,,,,,,,,,,,,,,,,,,,
Barash,Cole,Talk Story,Self published,2014,,"Softcover, numbered",Edition of 555,NA,,Designed by Tucker Phillips,,,,http://www.colebarash.com/,,,snowboarding,,,,,,,
Barber,Tim,Blues,agnes b,2015,25.5 x 20 cm,"Softcover, 80 pages with col. Illus.",,NA,,,,,"Collection of photographs published in conjunction with the ""blues"" exhibition held at agnès b by American photographer Tim Barber.",http://www.tim-barber.com,,,,,,,,,,
Barbieri,Olivo,Site Specific (site specific_03 13),Aperture,2013,10 x 0.9 x 13.6 inches,"Hardcover, 184 pages",NA,978-1597112291,NA,NA,,,"Site Specific is a summary of Italian photographer Olivo Barbieri’s ten-year project to record the world’s cities in aerial photographs. On the one hand, the book offers remarkable documentation, by one of today’s most thrilling image-makers, of 25 cities throughout the world. On the other, it is a narrative of Barbieri’s ever-evolving approach to photography and his thoughts about the nature of the medium. Presented chronologically, the book begins with the distinctive tilt-shift photographs of Italian cities with which Barbieri first established his reputation, and which launched a popular stylistic movement for selective-focus photographs. As the series continued, with portrayals of cities all over the world, Barbieri introduced other devices and approaches to distort perceived reality—such as playing with color, registration and the deletion or discoloring of particular details—to dramatic effect. The result is a remarkable photo essay about twenty-first-century urban space and about photography itself. Stunningly designed and presented in a luxuriously large format, the book is introduced by Christopher Phillips.",http://www.olivobarbieri.it,https://aperture.org,Individual Photographer Monographs,"landscape photography, Olivo Barbieri, Photography, Still Life Photography",Individual Photographer Monographs,,,"Hudson Street Library, NYC",,$35.00,/assets/images/books/Barbieri_Site_Specific_site_specific_03_13_9781597112291.jpg
Barker,Mandy,Beyond Drifting: Imperfectly Known Animals,Overlapse,2017,9.76 x 0.79 x 7.24 inches,"104 pages, Hardcover, 104 pp., 59 color and numerous additional illustrations",Out of Print,978-0994791917,,Designed by Mandy Barker + Tiffany Jones,Signed,Mandy Barker + Tiffany Jones,"Beyond Drifting: Imperfectly Known Animals is an astounding piece of work, one in which Barker takes the most humdrum of things – plastic detrius – inserts it into an intriguing, multilayered historical narrative, lends its physical form a gossamer, airy beauty, and presents the whole to us in the form of a book. Not just any book, but a replica of an old science publication from the 1800s, including mould-spotted pages, a library lending form and specimen labels.” – Lucy Davies, V&A Magazine May 2017 Now, 170 years after Atkins, another British woman has produced an important photobook that echoes Victorian-era science even as it exposes a contemporary environmental crisis. Mandy Barker’s Beyond Drifting: Imperfectly Known Animals similarly occupies that liminal space where art and science converge, and its impeccable presentation exemplifies how book design can extend content. – Laura M. André, review on Photo-eye “Mandy Barker’s work on plastic has been developing for some time. In its latest advance, she looks at micro-particles of plastic as a species of a lunatic plankton, floating about the sea, and she has included a rather wonderful pastiche book of old-fashioned science as a way of getting us into her subject.” – Francis Hodgson, Photography critic “Her images could be mistaken for Victorian glass-plate photographs; in fact they are ornate, long-exposure studies of the plastic debris that pollutes beaches in and around Cobh in Cork Harbour, Ireland.” – Tom Seymour, British Journal of Photography “Beyond Drifting is a clever critique of a massive environmental problem – and, in focusing in on one small area of Ireland in particular, Barker highlights a global issue.” – Mark Sinclair, Creative Review",https://www.mandy-barker.com,https://www.overlapse.com/,Individual Photographer Monographs,Nature,Individual Photographer Monographs,,,"Hudson Street Library, NYC",,$500.00,/assets/images/books/Barker_Beyond_Drifting_Imperfectly_Known_Animals_9780994791917.jpg
Barney,Matthew,ADAC,Dashwood Books,2013,,"Softcover, 40 pages",Edition 300,NA,"Matthew Barney, Brandon Stosuy (Eds.)",,,,"ADAC is a collaborative book by Matthew Barney and Brandon Stosuy commemorating the lives of NFL/Oakland Raiders legend Al Davis, who died on October 8, 2011, and Seth Putnam, vocalist of the grindcore band Anal Cunt, who died on June 11, 2011. Published by Dashwood Books",,http://dstrettell.com/,Photography,"memorial, NFL, ""hardcore music""",Collaborative Photography Book,,,Clipper,,$75.00,
Barron,Jean Montgomery,Scene,powerHouse Book,2013,9.27 x 0.8 x 11.78 inches,"Hardcover, 136 pages",,978-1576876244,,,,,,,,,celebrity photography,,,,,,$10.00,/assets/images/books/Barron_Scene_9781576876244.jpg
Basquiat,Jean-Michael,Jean-Michael Basquiat,CH,,,,,,,,,,,,,,Art,,,,,,,
Basquiat,Jean-Michael,Basquiat,Hatje Cantz,,,,,,,,,,,,https://www.hatjecantz.de/,,Art,,,,,,,
Basquiat,Jean-Michael,Words Are All We Have Paintings by Jean-Michel Basquiat,Hatje Cantz,2016,10.43 x 0.79 x 12.2 inches,"Hardcover, 208 pages. New, sealed",,978-3775741842,Dieter Buchhart (Editor),,,,"Language in the art of Jean-Michel Basquiat, from graffiti to word as motif In the wild New York of the 1980s, Jean-Michel Basquiat was the first African-American artist to receive art-world attention. The complexity and trailblazing innovative power of his paintings has been widely discussed, but this book focuses on the treatment of language in Basquiat’s ouevre. With its complex structures, spontaneous rhythms and sampled, collage-like manifestations, his work was drawn into the orbit of the Beat Generation poets and the protagonists of the musical avant-garde. The multitalented Basquiat created a shimmering, syncopated fabric of images and text, which the American curator and critic Robert Storr aptly called “eye rap.” It was with this unpretentious and spontaneous way of working that Basquiat rewrote art history.",,https://www.hatjecantz.de/,Street Art,Art,Individual Artist Monographs,,,Clipper,,$180.00,/assets/images/books/Basquiat_Words_Are_All_We_Have_Paintings_by_Jean-Michel_Basquiat_9783775741842.jpg
Basquiat,Jean-Michael,Jean-Michael Basquiat,Hatje Cantz,,,,,,,,,,,,https://www.hatjecantz.de/,,Art,,,,,,,
Basquiat,Jean-Michael,Jean-Michael Basquiat,Taschen,,,,,,Leonard Emmerling,,,,,,,,Art,,,,,,,
Basquiat,Jean-Michael,The Notebooks,Princeton University Press,2015,7.6 x 0.8 x 9.7 inches,"Hardcover – Illustrated, 304 pages",,978-0691167893,Larry Warsh (Editor),,,,"facsimile edition of the artist's fascinating working notebooks Brooklyn-born Jean-Michel Basquiat (1960-88) was one of the most important artists of the 1980s. A key figure in the New York art scene, he inventively explored the interplay between words and images throughout his career, first as a member of SAMO, a graffiti group active on the Lower East Side in the late 1970s, and then as a painter acclaimed for his unmistakable Neoexpressionist style. From 1980 to 1987, he filled numerous working notebooks with drawings and handwritten texts. This facsimile edition reproduces the pages of eight of these fascinating and rarely seen notebooks for the first time.The notebooks are filled with images and words that recur in Basquiat's paintings and other works. Iconic drawings and pictograms of crowns, teepees, and hatch-marked hearts share space with handwritten texts, including notes, observations, and poems that often touch on culture, race, class, and life in New York. Like his other work, the notebooks vividly demonstrate Basquiat’s deep interests in comic, street, and pop art, hip-hop, politics, and the ephemera of urban life. They also provide an intimate look at the working process of one of the most creative forces in contemporary American art.",,,,Art,Individual Artists' Books,,,,,$25.00,/assets/images/books/Basquiat_The_Notebooks_9780691167893.jpg
Baum,Erica,The Naked Eye,Bureau New York,2015,,58 pages,,978-2954136943,,,,,,,,,New York City,,,,,,,/assets/images/books/Baum_The_Naked_Eye_9782954136943.jpg
"Beckman; Sam Falls, Andreas",Janette,Dashwood Book Series (LTD EDITION - VOL 1),Dashwood,2011,,,Condition: As new in sturdy slipcase stamped with names of artists and their projects. # /20 softcover in slipcase 20 copies,,,,,,"Janette Beckman, Sam Falls, Andreas Laszlo Konrath, Jim Mangan, Ari Marcopoulos, Betty Tompkins & Archive of Modern Conflict",,https://dstrettell.com/,,,,,,"Hudson Street Library, NYC",,,
Bellini,Mario,That's Punk,,,,,,,,,,,,,,,,,,,,,,
Bellmer,Hans,Hans Bellmer,Hatje Cantz,2006,,"Hardcover, 280 pages",,978-3775717946,"Agnès de la Beaumelle (Author), Alain Sayag (Author), Wieland Schmied (Author), Michael Semff (Editor), Anthony Spira (Editor)",,,,"The Surrealists' fascination with dolls and machines that resembled humans is especially evident in the work of Hans Bellmer (1902-1975), the subject of this comprehensive monograph. Rejecting the Nazis' Aryan ideals, the artist spent the years after 1933 creating disturbing dolls out of wax, wood, flax, plaster and glue--equipped with wigs and glass eyes. Photographs of these fetishistic simulacra were published in Minotaure, the Surrealists' magazine, and eagerly supported by members of Andre Breton's circle. After immigrating to Paris, Bellmer continued to develop his erotic obsessions through his art, now influenced by the writings of the Marquis de Sade and Georges Bataille, and began to collaborate with his companion, the German artist Unica Zurn. Deeply involved in Freudian discourse, his drawings, lithographs and photographs investigate psychoanalytic theories around hysteria and transference and reveal a singular exploration into the relationship between language and the body.",https://www.hatjecantz.de/,https://www.hatjecantz.de/,,,Individual Artist Monographs,,,,,$150.00,/assets/images/books/Bellmer_Hans_Bellmer_9783775717946.jpg
Bendiksen,Jonas,The Book of Veles,GOST Books,2021,6.5 x 0.75 x 8.5 inches,"Hardcover, 146 pages",First,978-1910401613,,,,,"Photographs of contemporary Veles are intertwined with fragments from an archaeological discovery also called ‘the Book of Veles’ ― a cryptic collection of 40 ‘ancient’ wooden boards discovered in Russia in 1919, written in a proto-Slavic language. It was claimed to be a history of the Slavic people and the god Veles himself―the pre-Christian Slavic god of mischief, chaos and deception",https://www.jonasbendiksen.com/,https://gostbooks.com,,"disinformation, information, propaganda, nationstatehacker",,,,"Hudson Street Library, NYC",,,/assets/images/books/Bendiksen_The_Book_of_Veles_9781910401613.jpg
Berlin,Bridget,Polaroids,Reel Art Press; Pck Har/Cr edition,2015,9.37 x 0.86 x 11.08 inches,"Hardcover, 208 pages",,978-1909526242,"by Dagon James (Editor), Vincent Fremont (Editor), Anastasia Rygle (Editor), Brigid Berlin (Photographer), Bob Colacello (Introduction), John Waters",,,,"Brigid Berlin (born 1939) was one of the most prominent and colorful members of Andy Warhol’s Factory in the 1960s and 1970s. Her legendary personal collection of Polaroids is collected here for the first time and constitutes an intimate, beautiful, artistic, outrageous insight into this iconic period. This wild photographic odyssey featured a foreword by cult filmmaker John Waters, who writes, “Brigid was always my favorite underground movie star; big, often naked, and ornery as hell ... The Polaroids here show just how wide Brigid’s world was; her access was amazing. She was never a groupie, always an insider.” Berlin knew everyone and her lens captured them all: celebrities, Superstars, artists, herself and, of course, Warhol. As Waters observes, through her snaps, “Andy was uncovered and revealed like never before.” The book also features an introduction by Bob Colacello, editor of Warhol’s Interview magazine and features writer for Vanity Fair, who notes: “In recording life, she captured our times. By myopically depicting her own transgressions and self- indulgences, she has prophetically reflected the narcissism and exhibitionism, the craving for fame and confusing of fame and infamy that have become the staples of American popular culture.” In discussing her style, he reflects, “This is the opposite of fashion photography or studio portraiture. Brigid was a realist. What she saw is7",,,Individual Photographer Monographs,"nyc, art,",Individual Photographer Monographs,,,"Hudson Street Library, NYC",,$35.00,/assets/images/books/Berlin_Polaroids_9781909526242.jpg
Berman,Wallace,Wallace Berman: American Aleph,Kohn Gallery,2016,9.65 x 0.59 x 11.22 inche,"Hardcover, 120 pages",,978-1880086216,"by Tosh Berman (Introduction), Wallace Berman (Artist), Claudia Bohn-Spector (Contributor), Sam Mellon (Contributor), Ken Allan (Contributor)",,,,"Commemorating the 40th anniversary of the artist’s accidental death at age 50, this volume offers the first substantial survey of the entire oeuvre of Wallace Berman (1926–76) from the late 1940s until 1976. Berman has been long heralded as one of the most significant and influential artists to emerge in Southern California. Spiritually inclined yet steeped in popular culture and the political events of the day, he conducted reconnaissance far beyond the borders of California, mining the American psyche and broadcasting his ideas through mail art, publications, photographs and multilayered art works. Berman intersected with several intriguing cultural moments, starting with his first Los Angeles solo show in 1957 at Ed Kienholz and Walter Hopps’ Ferus Gallery. He also participated in an important 1966 group exhibition in London at the legendary Robert Fraser Gallery, whose other artists included Richard Hamilton, Bruce Conner and Peter Blake--who put Berman’s face among the notable crowd in his cover for the Beatles’ Sgt Pepper’s Lonely Hearts Club Band.As interest in West Coast art has increased over the past 40 years, scholars have viewed Berman as a quintessentially Californian artist whose entourage of likeminded friends was essential to the formation of his creative vision. This volume takes a broader view, reassessing Berman’s significant contributions to the history of 20th-century American art.",,,,Art,Individual Artist Monographs,,,,,$60.00,/assets/images/books/Berman_Wallace_Berman_American_Aleph_9781880086216.jpg
Bernstein,Bill,Disco The Bill Berstein Photographs,R|A|P (Reel Art Press),2015,9.93 x 0.79 x 12.26 inches,"Hardcover,",,978-1909526228,,,,,"Stunning photography by Bill Bernstein. Containing many previously unpublished photographs, Disco takes the viewer on an access-all-areas tour of late 70s New York nightlife. Bernstein's eye was drawn to the characters that lived for the night, rather than the celebrities, the unknown men and women who were transformed by the nightlife haze. The pictures in this book are a document of an incredibly exciting and creative time, not only in music, but in social, political and fashion history as well.",,,Individual Photographer Monographs,"disco, bw,",Individual Photographer Monographs,,,"Hudson Street Library, NYC",,$250.00,/assets/images/books/Bernstein_Disco_The_Bill_Berstein_Photographs_9781909526228.jpg
Bertrand,Zaza,Japanese Whisper,APE (Art Paper Editions),2016,8.86 x 11.81 inches,Paperback,,978-9490800550,,,,,,,,,,,,,,,,
Beube,Doug,"Breaking the Codex : Bookwork, Collage, and Mixed Media",Etc. Etc. The Iconoclastic Museum Press,2011,,219 pages,,978-0615459196,Marian Cohn,Douglas Beube,,,,,,,"book art, collage, mixed media, photography, and sculpture.",,,,,,,/assets/images/books/Beube_Breaking_the_Codex_Bookwork_Collage_and_Mixed_Media_9780615459196.jpg
Bianchi,Tom,"Tom Bianchi: Fire Island Pines, Polaroids 1975-1983",Damiani,2013,,212 pages,"Illistrated, First Edition edition (May 31, 2013)",978-8862082709,,,,,,,https://www.damianieditore.com/,,Nudes,,,,,,,/assets/images/books/Bianchi_Tom_Bianchi_Fire_Island_Pines_Polaroids_1975-1983_9788862082709.jpg
Birgus,Vladimir,Czech Photography VIII: Europeans,Kant,2009,,,,978-8086970899,,Jindrich Marco and Jindrich Streit,,,,,,,Photography,,,,,,,
Bischof,Beni,Psychobuch,Edition Patrick Frey,2014,9.25 x 1.26 x 12.2 inches; 23 × 31 cm,"Softcover, 638 pages. EPF N° 149 (1 of 2 copies)",Out of print,978-3905929492,,,,,"It all started when Beni Bischof began publishing laser-copied artist's magazines in 2005 as an independent means of distributing his drawings, collages, and texts. The speed of production suited his impetuous, prolific output. It was not long before he found an additional, three-dimensional outlet for his obsessions by adding sculpture, painting, and installations to his repertoire. Often using everyday objects, Bischof creates bizarre objects whose coherence he reinforces with plaster and paint. He applies similar techniques of combining, reassembling, and reworking to images appropriated from fashion magazines, trivial literature, LP covers, and the like, overpainting them and modifying them digitally or even mechanically. Psychobuch presents an extensive and unusual survey of Beni Bischof's oeuvre. It is a wildly rampant, multimedia conglomerate, held together by a dense network of recurring themes and motifs. The elaborate book is both an overview of Beni Bischof's output to date and an artist's book in its own right.",,https://www.editionpatrickfrey.com,Individual Photographer Monographs,,Individual Photographer Monographs,,,"Hudson Street Library, NYC",,,/assets/images/books/Bischof_Psychobuch_9783905929492.jpg
Bischof,Beni,Psychobuch,Edition Patrick Frey,2014,9.25 x 1.26 x 12.2 inches; 23 × 31 cm,"Softcover, 638 pages. EPF N° 149 (2 of 2 copies)",Out of print,978-3905929492,,,,,"It all started when Beni Bischof began publishing laser-copied artist's magazines in 2005 as an independent means of distributing his drawings, collages, and texts. The speed of production suited his impetuous, prolific output. It was not long before he found an additional, three-dimensional outlet for his obsessions by adding sculpture, painting, and installations to his repertoire. Often using everyday objects, Bischof creates bizarre objects whose coherence he reinforces with plaster and paint. He applies similar techniques of combining, reassembling, and reworking to images appropriated from fashion magazines, trivial literature, LP covers, and the like, overpainting them and modifying them digitally or even mechanically. Psychobuch presents an extensive and unusual survey of Beni Bischof's oeuvre. It is a wildly rampant, multimedia conglomerate, held together by a dense network of recurring themes and motifs. The elaborate book is both an overview of Beni Bischof's output to date and an artist's book in its own right.",,https://www.editionpatrickfrey.com,Individual Photographer Monographs,,Individual Photographer Monographs,,,"Hudson Street Library, NYC",,,/assets/images/books/Bischof_Psychobuch_9783905929492.jpg
Bishouty,Nour,"1-130 Nour Bishouty Selected works Ghassan Bishoutyaha b. 1941 Safad Palestine d. 2004 Amman, Jordan",Art Metropole & Motto Books,2020,,,,978-1989010068,,,,,"Which images are made manifest across an artist’s practice and which are the ones that disappear? How do objects—whether seen or unseen—and the knowledge they possess traverse across place and time to avow their resistance? These are amongst the questions asked by artist Nour Bishouty in her artist’s book 1—130, a project that draws upon her ongoing research into the works of her father, Ghassan Bishouty (b. 1941 Palestine – d. 2004, Jordan). In 1—130, she borrows from methods of indexing and object classification to act as figurative codes for identification and cross-reference within the contexts of value and legacy. All the while employing paratactic strategies of text and image to understand the life and work of an artist faced with the discontinuity of deracination. 1—130 constitutes reflexive encounters with a series of 130 selected paintings and sculptures made circa 1965-2004 in Lebanon and Jordan, and concludes with an afterword by editor and curator Jacob Korczynski. 1—130 is designed by Laura Pappa & Lotte Lara Schröder and co-published by Art Metropole & Motto Books. Nour Bishouty is a visual artist working in a range of media including digital images, works on paper, sculpture, video, and writing. Her multidisciplinary practice draws upon autobiographical and material narratives to explore how dominant notions of value are articulated and exchanged, often focusing on the construction of popular identity in relation to histories of place. Nour was a fellow at the 2014/15 Home Workspace Program at Ashkal Alwan in Beirut. Her work has been exhibited in venues such as Darat Al Funun, Amman; Access Gallery, Vancouver; the Beirut Art Centre, the Helen Day Art Centre, Vermont; Casa Arabe, Madrid and Cordoba; and the Mosaic Rooms, London. Jacob Korczynski is an independent curator and the recent recipient of a curatorial research fellowship from The Andy Warhol Foundation for the Visual Arts. He has curated projects for the Stedelijk Museum, Cooper Cole,",,,,,,,,,,,/assets/images/books/Bishouty_1_130_9781989010068.jpg
Blair,Dike,Gouaches,Karma,2015,9 × 7 1⁄2 inches,"Hardcover, 416 pages. New",Edition of 500,978-1938560286,"Rian, Jeff",,,,"“The gouaches are outtakes from a global agora visibly altered by photography, telecommunications, and satellite surveillance … they document intimate contemporary sensation, the things we imbibe, the places we drift through in a world reconfigured for entertainment.” Dike Blair: Gouaches surveys the artist’s entire oeuvre in this medium, chronicling four decades of colorful, hyper-realistic gouache on paper works. Pursuing a wide range of subject matter–Shelter Island, haphazard stacks of books, cocktails and cigarettes, parking lots, nighttime swimming pools, Japanese cuisine, and obscured window frames, to name a few–the myriad objects and scenery are unified by Blair’s meticulous attention to detail and his fresh perspective on what it is we consume.",,https://karmakarma.org,Art,,,,,Clipper,,$500.00,/assets/images/books/Blair_Gouaches_9781938560286.jpg
Blalock,Lucas,Inside The White Cub,Peradam,2014,23.5 x 17 cm.,"Paperback, Staple Bound, Perfect Binding, [68] p. book + [24] p. calendar",Editionof 1000,978-0990644811,,,,,"Inside the White Cube began as an ersatz version of a​n exhibition catalogue​ initially scheduled to be published by White Cube in 2012,​ as part of their Inside the White Cube series. ​Though the project was eventually abandoned​, the materials had already been assembled, and ​Blalock,​​ with Peradam,​ sought t​o re-imagine what was initially ​intended to be a sales tool. Inside the White Cub is​ also the first publication to present Blalock’s project through exhibitions​​, and is free when you purchase a 2020 Wall Calendar, which also features works by the artist. - Peradam",,,,,,,,,,$10.00,/assets/images/covers/9780990644811.jpg
Blásquez,Alfredo,La playa de los juguetes perdios 2021,Inframundo,2021,22 x 15 cm. + 90 x 60 cm. poster,"Hardback - Board, spiral bound, 144 pages, offset printed, screen print",,,,,,,"The proliferation of the use of plastic in the toy industry began around 1950, until then almost all toys were made of wood or metal, currently 90% of the toys that are produced are made of plastic. Like many of our wastes, toys after having a short lifespan find their way to the oceans, where they navigate through the marine currents to be washed-up on different beaches and coasts of the world. If we consider that it is an indestructible and non-biodegradable material, every plastic toy that has been created continues to exist in one way or another, it does not disappear, but continue to decompose into smaller and smaller fragments. This project seeks to give new life to more than 450 toys that were found and recovered in beaches located in the Mexican Caribbean and Pacific Ocean between 2013 and 2018, as part of projects related to beach clean-up activities that had educational, scientific and social components. - Inframundo",,,,,,,,,,,
Bochner,Mel,"Solar System & Rest Rooms: Writings and Interviews, 1965-2007",MIT Press; October,2008,8.5 x 1 x 11 inches,"Hardcover, 240 pages, 120 b&w illus.",,978-0262026314,,Foreword by Yve-Alain Bois,,,"Artist Mel Bochner became a writer, he says, almost by accident. In 1965, as a young artist in New York, he was out of a job; Arts Magazine paid him $2.50 for every review he turned in, whether they published it or not; a month of review-writing paid his rent―$28.00 a month. His reviews and articles provoked a range of unexpected reactions. “At that time, artists who wrote were looked at suspiciously, as if writing somehow tainted their visual practice,” he writes. A painter friend attacked him publicly for “joining the enemy.” Bochner soon began testing the boundary between writing-as-criticism and writing-as-visual-art. Solar System & Rest Rooms collects both Bochner's writings on art and his writings as art, offering more than fifty pieces―reviews, art criticism, theoretical texts, interviews, catalog statements, notecards, and his groundbreaking “magazine interventions”―many reproduced in facsimile. Bochner is a leading figure in conceptualism; his 1966 installation at the School of Visual Arts Gallery Working Drawings and Other Visible Things on Paper Not Necessarily Meant to Be Viewed as Art is considered to be the earliest exhibition of conceptual art. Solar System & Rest Rooms chronologically documents the work and ideas of this important artist over a span of forty years, as well as providing a unique perspective on the conceptual and post-minimal art scene in New York. This book offers a rare insight into what it means to be an artist whose visual practice is inseparable from the sustained practice of writing. Mel Bochner has lived and worked in New York City since 1964. His work has been exhibited internationally and is included in major museum collections throughout the world.",,,Art,,Arts & Photography Criticism,,,Clipper,,,/assets/images/books/Bochner_Solar_System_Rest_Rooms_Writings_and_Interviews_1965-2007_9780262026314.jpg
Bochner,Mel,Amazing! Mel Bochner prints : from the collections of Jordan D. Schnitzer and his family foundation,JDSF (Jordan Schnitzer Family Foundation),2018,10 x 0.87 x 12.01 inches,"Hardcover, 256 pages",,978-1732321205,"Sienna Brown (Author), Ruth Fine (Author), Barry Schwabsky (Author), Jan Howard (Author), Carolyn Vaughan (Editor), Mel Bochner (Artist), Jordan Schnitzer (Foreword)",,,,"For more than 50 years, American conceptualist Mel Bochner (born 1940) has been shaping dialogs between art and language through exhibition concepts, paintings and sculptures that embrace systems and structures to reveal their cracks and limitations, undermining the means we use to comprehend the world. Bochner created his first prints in 1973 at the invitation of publisher Robert Feldman of Parasol Press (who introduced a generation of minimalist and conceptual artists to printmaking through his work at Crown Point Press). Since then, Bochner has employed many different forms of printmaking, using and abusing its material possibilities and its unpredictability to counter the methodical fashion in which plates and stencils are cut, characters per line are fixed, or print runs set. This volume surveys Bochner's longstanding engagement with various types of printmaking, from aquatints to monoprints.",,,,,Individual Artist Monographs,,,Clipper,,$60.00,/assets/images/books/Bochner_Amazing_Mel_Bochner_prints_from_the_collections_of_Jordan_D._Schnitzer_and_his_family_founda.jpg
Bochner,Mel,Language 1966-2006,The Art Institute of Chicago,2007,10 x 1 x 10 inches,"Hardcover, 148 pages",,978-0300121445,,,,,,,,,,Individual Artist Monographs,,,Clipper,,,/assets/images/books/Bochner_Language_1966-2006_9780300121445.jpg
Bochner,Mel,Mel Bochner,Domaine De Kerguehennec,2009,7 x 1 x 9.5 inches,"Hardcover, 176 pages",,978-2906574151,,,,,"New York-based Conceptual art pioneer Mel Bochner writes in this monograph, ""What I try to do is stay open to the work as it develops, not impose myself on it, but permit it to take me somewhere. If I had a model, I suppose it would be those ancient Chinese artists who changed their name three times during their lifetime, in order not to become the prisoner of a style."" The book introduces new riffs--produced for an exhibition at Domaine de Kerguéhennec, in Brittany, France--on several well-known bodies of work, including Bochner's recent ongoing series The Thesaurus Paintings, in which a group of often humorous synonyms (lazy, lethargic, crazy, vulgar and irascible, for instance) are painted in brightly colored block letters, and the Measurement Pieces (conceived in the 1960s), in which the walls are highlighted with numbered arrows indicating their",,,,,Individual Artist Monographs,,,Clipper,,,/assets/images/books/Bochner_Mel_Bochner_9782906574151.jpg
Bogars,Paul,Sterosophic Conjunctions,Timmer Art Books/Lecturis,2016,8.39 x 0.28 x 10.71 inches,"Softcover, 48 pages, ills, bw,",,978-9462261860,,,,,"Visual artist Paul Bogaers likes to describe his work as 'thought photography'. Making use of a medium that particularly excels in showing the world as it actually looks, Bogaers has been searching for years for ways of using photos to express an inner world. He combines his rather intuitively collected photographs from different sources with his own photographs, usually taken without any preconceived idea. Thus he creates surprising, marvellous, or sometimes even impossible combinations.",,https://lecturis.nl,Art,,Individual Artist Monographs,,,Clipper,,$60.00,/assets/images/books/Bogars_Sterosophic_Conjunctions_9789462261860.jpg
Bogram,Martin,Italia Photographs from Italy 2013 - 2015,Max Ström,2017,9.06 x 0.39 x 11.69 inches,"Hardcover, 80 pages",,978-9171263865,,,,,"Swedish photographer Martin Bogren (born 1967) spent the years 2013–15 in Italy creating this gorgeous and lyrical black-and-white photo-essay, his tribute to the country and the people he met on his travels. Bogren’s luscious images of everyday street scenes, anonymous passersby, languid smokers, extroverted pedestrians and remote silhouettes are suffused with an affectionate, soft-focus gaze, making them seem like long-lost, unattributed archival photographs from a vanished era. Beautifully designed, Italia is destined to become a photobook classic. Bogren’s work became widely known in the mid-2000s with his book Ocean, which was shortlisted for Best Photobook in Arles 2009 and received the honorable prize for the Best Photobook in Sweden the same year. Other critically acclaimed titles by Bogren include Lowlands, published by Max Strom in 2011, and Tractor Boys, published by Dewi Lewis in 2013.",,,Individual Photographer Monographs,Photography,Individual Photographer Monographs,,,"Hudson Street Library, NYC",,$50.00,/assets/images/covers/9789171263865.jpg
Boivin,Thomas,a short story,Self published,2018,22x31 cm,"Softcover, 108 pages sur papier munken white,",First?,NA,,,,,"A short story. A love story. A dialogue. Love on the left bank meets Before sunrise. Playful, delightful, sad and heartfelt. Wonderful text and wonderful images work so wonderfully well in the cinematic lay-out. Stefan Vanthuyne",http://www.thomasboivin.com/A-Short-Story,,Individual Photographer Monographs,"love, french, bw",Individual Photographer Monographs,,,"Hudson Street Library, NYC",,,/assets/images/books/Boivin_a_short_story_NULL.jpg
Bolton,Andrew,Punk: Chaos to Couture,Metropolitan Museum of Art; 1st edition,2013,12.5 x 1.25 x 13 inches,Hardcover,,978-0300191851,,,,,"Nothing on King's Road in 1977--or the Bowery in 1975, for that matter--could compete with the clothes in this book for aggressivness, poetry, and sheer devotion to hardware. But Punk also captures the discomfort of admiring DIY fashion deracinated from social context: Locked so far away from the beating heart of punk, the clothes, no matter how dramatic, are soulless. --Sarah Leonard",,,Music Photobooks,"Art, Fashion, Music, Photography, Pop Culture, Punk, Rock",Music Photography,,,"Hudson Street Library, NYC",,,
Bonin,Sébastien,20'000 Leghe sotto i Mari,Theophile's Papers,2014,"Quarto, 30 cm x 20.3 cm","Softcover, 88 pages",Edition of 500 copies,NA,,,,,"Sébastien Bonin’s recent work belongs to this movement. Although in the past he has turned his camera to the great landscapes of the American West or to the trivial details of his urban environment, since 2013 the artist has been experimenting since with the photogram technique – considered to be the forerunner of photography – to produce non-figurative photos.",,,,,Individual Photographer Monographs,,,"Hudson Street Library, NYC",,,
Bonnin,Sebastien,20.000 Leghe Sotto I Mari,Theophiles Papers,2014,"Quarto, 30 cm x 20.3 cm","Softcover, 88 pages",Edition of 500 copies,NA,,,,,"Sébastien Bonin's recent work belongs to this movement. Although in the past he has turned his camera to the great landscapes of the American West or to the trivial details of his urban environment, since 2013 the artist has been experimenting since with the photogram technique – considered to be the forerunner of photography – to produce non-figurative photos.",,,,,,,,,,,/assets/images/books/Bonnin_20_000_Leghe_Sotto_I_Mari.jpg
Boone,Will,Pope.L,Andrea Rosen Gallery,2016,,"Softcover, 68 pages, English",,,,,,,,,,,Art,,,,,,,
Boone,Will,CAR,Karma,2016,10 1⁄2 × 8 1⁄2 inches,,700,,,Story by Harry Crews,,,,,https://karmakarma.org/,,,,,,,,,
Boone,Will,Prison Rodeo,Karma,2014,,"Softcover, 48 pages,",750,978-1938560873,,,,Designed by Karma,,,https://karmakarma.org,,,,,,,,,
Boone,Will,Elvis Presley driving cover,Karma,2014,,"Softcover, 16 Pages, English",500,,,,,,,,https://karmakarma.org,,,,,,,,,
Boone,Will,Symbols Zine,,2014,,,,,,,,,,,,,,,,,,,,
Borremans,Michaël,Paintings,Hatje Cantz,,,,,,,,,,,,https://www.hatjecantz.de/,,,,,,,,,
Borremans,Michaël,The Badgers Song,,,,,,,,,,,,,,,,,,,,,,
Borremans,Michaël,Black Mould,David Zwirner Books,2015,6.5 x 0.2 x 9.25 inches,"Hardcover, 48 pages, Reproductions: 35 color",,978-1941701164,,,signed,,"Michaël Borremans: Black Mould documents the artist’s first exhibition at David Zwirner, London in 2015 and his first solo presentation in the city in ten years. This intimately scaled catalogue, which has been designed by the artist in collaboration with Kim Beirnaert, includes 32 small- and large-scale paintings from his new series, most of which feature anonymous, black-robed characters. Alone or in groups, they perform mysterious acts within monochromatic spaces reminiscent of an artist’s barren studio. Seemingly behaving according to a symbolic language of their own, they pose alone or interact in communal dances, with some figures holding torches and others exposed naked from the waist down. Their facelessness opens up ambiguous narrative possibilities, as if they were empty canvases with which to construct meaning. Like archetypes capable of embodying shifting meanings, the blank figures become a mold for the human condition, at once satirical, tragic, humorous and above all, contradictory",,https://www.davidzwirnerbooks.com/,,,,,,,,,/assets/images/books/Borremans_Black_Mould_9781941701164.jpg
Borruso,Matt,Wax House Of Wax,,,,,,,,,,,,,,,,,,,,,,
Borruso,Caiti,Untitled Lover Pictures,,,,,,,,,,,,,,,,,,,,,,
Bougatsos,Lizzi,Her Perfume Tears,Boo-Hooray w/ Exile Books,2014,,,,,,,Signed,,,,,,,,,,,,,
Bourdin,Guy,Polaroids,Xavier Barral,2009,,,,978-2915173567,,,,,,,,,polaroids,,,,,,,/assets/images/books/Bourdin_Polaroids_9782915173567.jpg
Bourgeois,Lousie,Intimate Geometries: The Art and Life of Louise Bourgeois,The Monacelli Press,2016,11.9 x 2.8 x 15.4 inches,"Hardcover, 828 pages",,978-1580933636,Robert Storr,,,,,,,,"Art, Biography",,,,,,,/assets/images/books/Bourgeois_Intimate_Geometries_The_Art_and_Life_of_Louise_Bo_9781580933636.jpg
Bourgeouis,Louise,An Unfolding Portrait,MOMA,2017,,Hardcover,,,,,,,,,,,Photography,,,,,,,
Bourgeouis,Louise,The Spider and the Tapestries,,,,,,,,,,,,,,,,,,,,,,
Bownik,,Disassembly,U,,,,,,,,,,,,,,,,,,,,,
Bradley,Joe,The SS Potlicker And Friends,Karma,2014,,,,,,,,false,,,https://karmakarma.org,https://karmakarma.org/,,,,,,,,
Bradley,ANDRE,Dark Archives 1-41,,,,,,,,,,,,,,,,,,,,,,
Bramly,Sophie,Walk This Way,,,,,,,,,,,,,,,,,,,,,,
Brancusi,,"Brancusi, film et photographie, images sans fin",Le Point du Jou,,,,,,,,,,,,,,Film,,,,,,,
Brandon,David,Amusement Park,,,,,,,,,,,,,,,,,,,,,,
Brant,Bill,,,,,,,,,,,,,,,,,,,,,,,
Brant,Bill,Bill Brandt: Shadow & Light,The Museum of Modern Art,2013,,208 pages,,,,,,,,,,,Photography / Individual Photographers / Monographs,,,,,,,
Brassai,NA,Paris Nocturne,,,,,,,,,,,,,,,,,,,,,,
Brenner,Fredirc,an Archeology of Fear and Desire,MACK,,,,,,,,,,,,https://mackbooks.co.uk,,,,,,,,,
Briner,Hauser,Series 1:1,Sun,2014,,"2 copies. 1 blue, 1 yellow",Ed. 32/100,9780984978182,,,,,,,,,,,,,,,,
Brinkerhoff,Jason,Dear Martin,,,,,,,,,,,,,,,,,,,,,,
Broadbent,Robin,Bowery,,,,,,,,,,,,,,,,,,,,,,
Broadbent,Robin,The Photographic Work of Robin Broadbent by Robin Broadbent,Damiani,2017,8.5 x 11.02 inches,"Hardbound with flaps, 184 Pages",Out of print,978-8862085304,,,,,"Robin Broadbent is a master photographer, sought out for his exquisite still life photographs. An acute knack for identifying and capturing the glancing pro le of an object is part of the character of his work, which abstracts the essence from contemporary brand and fashion advertising and then combines it with the universal photographic language of the 20th century avant-garde. The starting point for Broadbent is lighting, his end-point the printed image. He works with light to give atness or depth to his images—he can make a building seem weightless or a small crater of powder epic in scale. Being able to play with our perceptions in this way recalls the early days of Surrealism and highlights the playfulness of his work. Broadbent uses a complex and nuanced language of color and scale, guile and humour, to play with our preconceptions of fashion and abstraction. The book reads like a magazine, and there is an undercurrent that emerges suggesting these images have a meaning more than the sum of their content. This undercurrent represents the essence of the fashion world now.",,https://www.damianieditore.com/,Individual Photographer Monographs,fashion,Individual Photographer Monographs,,,,,$43.00,/assets/images/books/Broadbent_The_Photographic_Work_of_Robin_Broadbent_by_Robin_Broadbent_9788862085304.jpg
Broadbent,Robin,The Photographic Work of Robin Broadbent,,,,,,,,,,,,,,,,,,,,,,
Brohm,Joachim,Typology 1979,MACK,2014,9.45 x 0.39 x 10.24 inches,"Hardbound, embossed, 35 plates",Out of print,978-1907946646,"Ulf Erdmann (Contributor) Brohm, Joachim (Photographer) & Ziegler (Author)",,Signed,,"Joachim Brohm Typology 1979 No two of the little houses are the same… carefully proportioned furnishings here are wildly contradicted with slapdash decorations over there. Everyone has thought about their buildings, brought materials, laid walls, used power drills, insulated, glued things, extended the previous tenant’s shed, retro-fitted a bigger window, added a television antenna. They are strange hybrid buildings, between tool sheds and dachas, gingerbread houses and orangeries. Ulf Erdmann Ziegler Joachim Brohm rose to prominence in the early 1980s, one of the first photographers in Europe to take pictures exclusively in colour, connecting the everyday cultural landscape with the new possibilities of colour photography. This collection titled Typology 1979 is one of his very earliest series, depicting 35 allotment sheds from the Ruhr valley region of Germany, painterly images that are an everyday inventory – of garden structures, of human activity. Influenced by the great American photographers such as William Eggleston and Robert Adams, he also looked to his German contemporaries, Bernd and Hilla Becher, whose ‘typologies’ are heralded in the collection’s title. Joachim Brohm was born 1955 in Dülken, Germany. He lives and works in Leipzig and since 1993 he has been Professor of Photography at Leipzig Hochschule fur Grafik und Buchkunst/Academy of Visual Arts.",,https://mackbooks.co.uk,Individual Photographer Monographs,,Individual Photographer Monographs,,,"Hudson Street Library, NYC",,$75.00,
Broomberg,Adam,Spirit is a Bone,MACK,2015,6.5 x 1.18 x 8.27 inches,"Hardcover, 240 pages",,978-1910164181,"Adam Broomberg (Author), Oliver Chanarin (Author)",,,,"series of portraits, which includes Pussy Riot member Yekaterina Samutsevic and many other Moscow citizens, were created by a machine: a facial recognition system recently developed in Moscow for public security and border control surveillance. The result is more akin to a digital life mask than a photograph; a three-dimensional facsimile of the face that can be easily rotated and closely scrutinised. - What is significant about this camera is that it is designed to make portraits without the co-operation of the subject; four lenses operating in tandem to generate a full frontal image of the face, ostensibly looking directly into the camera, even if the subject himself is unaware of being photographed. - The system was designed for facial recognition purposes in crowded areas such as subway stations, railroad stations, stadiums, concert halls or other public areas but also for photographing people who would normally resist being photographed. Indeed any subject encountering this type of camera is rendered passive, because no matter which direction he or she looks, the face is always rendered looking forward and stripped bare of shadows, make-up, disguises or even poise. - Co-opting this device, Broomberg & Chanarin have constructed their own taxonomy of portraits in contemporary Russia that rely heavily on the oeuvre of two 20th Century German artists. August Sander produced over 300 portraits of archetypal German workers during the Weimar Republic – from the baker to the philosopher to the revolutionary. His project, to create a comprehensive archive of society, was conceptually and formally rigorous. His subjects are positioned centre frame. Always looking into camera. Always heroic in relation to the lens. But the result, retrospectively viewed through the lens of the 2nd World War becomes unexpectedly melancholic, even sinister. - ander’s contemporary, Helmar Lerski, also categorised his subjects according to profession. Lerski however rejected the singular, heroic, full body portrait. Instead he insisted on repetitive close-ups that convey a powerful sense of claustrophobia; and always multiple views of the same faces shown from different viewpoints. Unlike Sander's humanistic approach, Lerski insisted that you could tell nothing from the surface of the skin. -Echoing both Sander's and Lerski’s projects, Broomberg & Chanarin have made a series of portraits cast according to professions. But their portraits are produced with this new technology, with little if any human interaction. They are low resolution and fragmented. The success of these images are determined by how precisely this machine can identify its subject: the characteristics of the nose, the eyes, the chin, and how these three intersect. Nevertheless they cannot help being portraits of individuals, struggling and often failing to negotiate a civil contract with state power.",http://www.broombergchanarin.com/,https://mackbooks.co.uk,Individual Photographer Monographs,Surveillance Index,Individual Photographer Monographs,,,"Hudson Street Library, NYC",,$39.00,/assets/images/books/Broomberg_Spirit_is_a_Bone_9781910164181.jpg
Broomberg,Adam,Holy Bible,MACK,,6.38 x 1.57 x 8.5 inches,"Hardcover, 786 pages. check edition info",Out of print,978-1907946417,,,,,"For their version of the Holy Bible, Adam Broomberg and Oliver Chanarin mined the Archive of Modern Conflict with philosopher Adi Ophir’s central tenet in mind: that God reveals himself predominantly through catastrophe. The format of Broomberg and Chanarin’s illustrated Holy Bible mimics both the precise structure and the physical form of the King James version. By allowing elements of the original text to guide their image selection, the artists explore themes of authorship, and the unspoken criteria used to determine acceptable evidence of conflict. Inspired in part by the annotations and images Bertolt Brecht added to his own personal bible, Broomberg and Chanarin’s publication questions the clichés at play within the visual representation of conflict.",http://www.broombergchanarin.com/,https://mackbooks.co.uk,Individual Photographer Monographs,,Individual Photographer Monographs,,,"Hudson Street Library, NYC",,$250.00,
Broomberg,Adam,Scarti,Trolley Books,2013,8.25 x 0.25 x 9.75 inches,"Hardcover, 64 pages",,978-1907112461,,,,,,http://www.broombergchanarin.com/,https://trolleybooks.com,Individual Photographer Monographs,,Individual Photographer Monographs,,,"Hudson Street Library, NYC",,$125,
Broomberg; Oliver Chanarin,Adam,People in Trouble Laughing Pushed to the Ground Songbook,Mack,2011,8.27 x 1.18 x 9.25 inches,"Hardcover, 416 pages",First Edition,978-1907946042,,,,,"Photographers Adam Broomberg and Oliver Chanarin dove into the Belfast Exposed photography archive and created a photobook called ""People in Trouble, Laughing, Pushed to the Ground"" published by Mack. The archive was founded in 1983 and contains over half a million images, from which over 14,000 black-and-white contact sheets documenting the Troubles in Northern Ireland. These photos were taken by professional and amateur photographers and were censored by the governement. As a reponse to that, Belfast Exposed started to collect all these images, not only showing protest and terror but also people drinking, kissing and smoking.",http://www.broombergchanarin.com/,https://mackbooks.co.uk,SI,,Individual Photographer Monographs,,,"Hudson Street Library, NYC",,$190.00,
Brown,Polly,Plants,Pau Pau Publications,,,,,,,,,,,,,,Nature,,,,,,,
Brown,Cecily,Cecily Brown,Gagosian; Rizzoli,2012,11.33 x 1.25 x 11.28 inches; Trim Size: 10-1/2 x 10-1/2,"Hardcover, 264 pages",Out of print,978-0847830923,"Dore Ashton (Author), Lari Pittman (Contributor), Gagosian Gallery (Contributor)",,,,"Presenting a world that pulses with excesses and appetites, Cecily Brown explores the breadth of human experience in her tactile oil paintings. Broadly inspired by the history of painting—from Rubens and Veronese to the muscular expressionism of Willem de Kooning—Cecily Brown’s personal vision transcends classical notions of genre and narrative, freeing her subject matter from its original context and positioning it within a new aesthetic reality. Submerged within her vigorous gestural abstractions are scenes in which tangles of flesh dissolve into sensuous textures. Eschewing fixed meaning, Brown’s paintings reflect the flux of life through fragmentary glimpses of form. This volume is published on the occasion of an exhibition of new paintings by the artist held in November 2011 at the Gagosian Gallery in Rome.",http://cecilybrown.com/,https://www.rizzoliusa.com,Art,,Art - Individual Artists - General,,,Clipper,,$350.00,/assets/images/books/Brown_Cecily_Brown_9780847830923.jpg
Brown,Cecily,Cecily Brown: Rehearsal,The Drawing Center,2016,,"Paperback, 143 pages",,978-0942324990,"Claire Gilman, David Salle",,,,"Where Cecily Brown’s canvases revel in the visceral immediacy of paint, her drawings offer fragmentary motifs that build upon and undo each other. In conjunction with Cecily Brown: Rehearsal, the first exhibition dedicated to her drawings, Drawing Papers 128 features color illustrations of each work in the exhibition, including more than eighty small drawings, large-scale works, and sketchbooks. Arranged by theme, the volume guides readers through Brown’s repeated—and rehearsed—motifs.",http://cecilybrown.com/,https://drawingcenter.org,,,"Collections, Catalogs & Exhibitions",,,Clipper,,$30.00,/assets/images/books/Brown_Cecily_Brown_Rehearsal_9780942324990.jpg
Brown,Cecily,Cecily Brown & Jim Lewis: The English Garden,KARMA,2015,6.25 x 6.75 in.,"Hardcover, 72 pages",Out of Print,978-1942607038,"Lewis, Jim",NA,,,"Like nature, only better. Nature with all the awkward bits smoothed out. And then picturesque, like a landscape painting,"" states Jim Lewis' protagonist, defining an English garden in Cecily Brown's newest book of paintings. An imaginative pas de deux, The English Garden sees British painter Brown (born 1969) and American writer Lewis (born 1963) contribute acutely detailed and darkly sensuous allusions to the traditional 18th-century English landscape garden. Thirty-nine of Brown's paintings are interspersed throughout this compact hardcover publication as tipped-in images. The largely abstract works, with glimpses of figurative elements, are a dichotomy of warm and subdued strokes of color, each containing an expansive landscape unto itself. Novelist and critic Jim Lewis' story transports the reader to the English countryside and investigates the seductive pull of the natural world in tandem with Brown's paintings. Combining two major voices in contemporary literature and painting, this volume is a truly",http://cecilybrown.com/,https://karmakarma.org,Art,Nature,Art- Individual Artist Monographs,,,Clipper,,$50.00,/assets/images/books/Brown_Cecily_Brown_Jim_Lewis_The_English_Garden_9781942607038.jpg
Brown,Cecily,Cecily Brown,Phaidon,2020,290 x 250 mm (11 3/8 x 9 7/8 in),"Paperback, 160 pages, 200 illustrations",Out of Print,978-1838661045,"Courtney J. Martin, Jason Rosenfeld, Francine Prose",,Signed,,"Presenting a world that pulses with excesses and appetites, Cecily Brown explores the breadth of human experience in her tactile oil paintings. Broadly inspired by the history of painting—from Rubens and Veronese to the muscular expressionism of Willem de Kooning—Cecily Brown's personal vision transcends classical notions of genre and narrative, freeing her subject matter from its original context and positioning it within a new aesthetic reality. Submerged within her vigorous gestural abstractions are scenes in which tangles of flesh dissolve into sensuous textures. Eschewing fixed meaning, Brown's paintings reflect the flux of life through fragmentary glimpses of form. This volume is published on the occasion of an exhibition of new paintings by the artist held in November 2011 at the Gagosian Gallery in Rome.",http://cecilybrown.com/,https://www.phaidon.com/,Art,,Art- Individual Artist Monographs,,,Clipper,,,/assets/images/books/Brown_Cecily_Brown_9780847830923.jpg
Brown,Cecily,The English Garden,Jim Lewis,,,,,,,,,,,,,,Nature,,,,,,,
Bruce of Los Angeles,,Rodeo,,,,,,,,,,,,,,,,,,,,,,
Bruce of Los Angeles,Daniel,Rodeo,,,,,,,,,,,,,,,,,,,,,,
Burchfield,Charles,,,,,,,,,,,,,,,,,,,,,,,
Burchfield,Charles,,,,,,,,,,,,,,,,,,,,,,,
Burchfield,Charles,,,,,,,,,,,,,,,,,,,,,,,
Burckhardt,Rudy,,,,,,,,,,,,,,,,,,,,,,,
Burckhardt,Rudy,(An Exhibition Catalog),,,,"Exhibition catalog Ivam Centre , Sept '98 pages, Exhibition catalog Ivam Centre , Sept '98",,978-8448218522,,,,,,,,,"Art, Catalog, Exhibition Catalog",,,,,,,
Burnett,Katie,Cabin Fevr,APE (Art Paper Editions),2021,"17 x 22 cm,","Softcover, Japanese binding, ills colour, poster dustjacket 50 pages",500,978-9493146648,,,,,"Cabin Fever is the first publication of New-York based artist Katie Burnett, and was developed in a very playful and intuitive way. Burnett investigated the possibilities of her own environment and self. Cabin Fever is a 80-page photographic display of self-portraiture, but not the usual kind. Within the title, Burnett messes with contrast and composition to vast extremes, meaning that sometimes her imagery becomes unrecognisable. Other times, one can plainly see that her two cats are in the picture, or that she used rubber bands, ramen noodles, sprinklers and everyday household items to merge into her abstract vision. Moving and making go hand in hand in Burnetts way of working, and she shows the viewer how the medium of photography can be pure joy.",,https://artpapereditions.org/,Individual Photographer Monographs,,Individual Photographer Monographs,,,"Hudson Street Library, NYC",,,/assets/images/books/Burnett_Cabin_Fevr_9789493146648.jpg
Bush,Carder,Cathy John,,1986,,"Hardcover, First edition, one of 500 copies printed. 8vo; unpaged; illustrated from photographs of Kate Bush by the author. Rare","1st, Signed",,,,,,,http://www.amazon.com/Cathy-John-Carder-Bush/dp/075155989X/ref=sr_1_1?s=books&ie=UTF8&qid=1463921782&sr=1-1&keywords=Cathy++kate+bush,,,,,,,,,,
Bush,Lewis,Metropole,,2015,,,,,,,,,,,,,,,,,,,,
C,,,,,,,,,,,,,,,,,,,,,,,,
Caballero,Antonio,Las Rutas de la Pasión (The Routes of Passion / Les Routes de la Passion),TOLUCA,2005,19.5 x 2.3 x 26.5 cm,"Hardcover,",,978-2952244220,,,,,,,,,,,,,,,,/assets/images/books/Caballero_Las_Rutas_de_la_Pasi_n_The_Routes_of_Passion_Les_Routes_de_la_Passion_9782952244220.jpg
Caballero,Antonio,Routes de la passion,Galería López Quiroga,2005,,215 pages,Illistrated,,,,,,,,,,General,,,,,,,
Cabrall,Mary Lynn,Nudie:The Rodeo Tailor,Gibbs Smith,2004,,160 pages,,978-1586853815,,,,,,,,,,,,,,,,/assets/images/books/Cabrall_Nudie_The_Rodeo_Tailor_9781586853815.jpg
Cairns,Mitch,The Readers Voice,Gang Atelier,2016,30 x 21 cm.,Paperback,500,,,,,,"Somewhere between cartoons, writing, and concrete poetry, these collages by Mitch Cairns are inspired by all these forms, and by music. As with his painting, he imposes limits that paradoxically allow freer expression; for example using French, a language he doesn’t speak, or letters to make images. Cairns plays with thoughts, ideas and memories with great economy and wit, using the now-defunct Letraset, and Zazzle stickers of images from a personal archive. - Heide Museum of Modern Art",,,,,,,,Clipper,,,
Cairns,Antony,LDN E1,Self published,2015,,,,,,,,,,,,,,,,,,,,
Calder,,Calder by Matter,Cahiers D'Art,,,,,,,,,,,,https://www.cahiersdart.com/,,,,,,,,,
Calderon,Miguel,El Triángulo Perfecto,,,,,,,,,,,,,,,,,,,,,,
Calle,Sophie,Take Care of Yourself,Dis Voir/Actes Sud; Nov Har/Dv edition (,2007,8.48 x 1.47 x 11.94 inches,"Hardcover, 424 pages.",,978-2742768936,,,,,,,,,,,,,,,,/assets/images/books/Calle_Take_Care_of_Yourself_9782742768936.jpg
Calle,Sophie,Blind,Actes Sud; Braille edition,2012,,,,,,,,,,,,,,,,,,,,
Calle,Sophie,"Rachel, Monique..",Editions Xavier Barral; Bilingual edition,2017,,,,,,,,,,,,,,,,,,,,
Calle,Sophie,Ghosts,Actes Sud,2013,,,,,,,,false,,,,,,,,,,,,
Calle,Sophie,Hasselblad Awards 2010,Steidl,2010,,,,,,,,,,,https://steidl.de/,,,,,,,,,
Calle,Sophie,True Stories,Actes Sud,,4.33 x 0.71 x 7.83 inches,,,,,,,,,,,,Fiction,,,,,,,
Calle,Sophie,The Address Book,Siglo,2012,5.24 x 0.51 x 7.52 inches,,,978-0979956294,,,,,,,,,,,,,,,,/assets/images/books/Calle_The_Address_Book_9780979956294.jpg
Calle,Sophie,Voir la mer,Actes Sud; Braille edition,2014,,,,,,,,,,,,,,,,,,,,
Campany,David,Gasoline,MACK,2008,,,First Edition,,,,,,,,https://mackbooks.co.uk,,,,,,,,,
Campell,Scott,"If You Don’t Belong, Don’t Be Long,",OHWOW,,,,,,,,,,,,,,,,,,,,,
Carland,Tammy Rae,Some of Us Did Not Die,Tammy Rae Carland & Land and Sea,2015,,280 pages,First Pressing of 100,,,,,,,,,,,,,,,,,
Carlsen,Asger,3 Projects,Galerie Olivier Robert & Classic,2014,Height: 27.0 cm | Width: 20.0 cm,32 pages,,978-2953699760,,,,,"Co-published by Galerie Olivier Robert and CLASSIC Paris. Softcover with silicon band, staple bound. Features 32 pages of black-and-white offset printed photography showcasing three distinct photographic projects by Asger Carlsen.",https://www.asgercarlsen.com/,,,,,,,"Hudson Street Library, NYC",,,/assets/images/books/Carlsen_3_Projects_9782953699760.jpeg
Carlsen,Asger,3 projects,Galerie Olivier Robert & Classic,2014,Height: 27.0 cm | Width: 20.0 cm,32 pages,,978-2953699760,,,,,"Co-published by Galerie Olivier Robert and CLASSIC Paris. Softcover with silicon band, staple bound. Features 32 pages of black-and-white offset printed photography showcasing three distinct photographic projects by Asger Carlsen.",https://www.asgercarlsen.com/,,,,,,,"Hudson Street Library, NYC",,,/assets/images/books/Carlsen_3_Projects_9782953699760.jpeg
Carpani,Federico,MAA (signed),,,,,,,,,,,,,,,,,,,,,,
Carroll,Mary Ellen,"MEC,","Steidl, MACK",2010,Softcover,"Softcover, 360 pages. Out of Print",1st Edition,978-3-86521-618-2,,,,,"Despite an oeuvre spanning more than 20 years and a disavowal of any signature style, Mary Ellen Carroll has throughout her career been investigating a single, fundamental question: What is a work of art? The resulting multifarious, provocative and often wry outpouring in architecture, writing, performance, photography, filmmaking, printmaking, sculpture and painting has been collected into this book--the New York conceptual artist's long-awaited first monograph. Carroll's work interrogates the relationship between subjectivity, language and power; at its core is a dedication to political and social critique. The touchstones of her practice are the double, the imitation and the copy, and these motifs are applied to a range of ends--from conjuring the unheimlich to probing the means of distribution and interpretation of the work of art. A Carroll piece may involve something as seemingly effortless as trademarking an idea by another artist or as complex and bold as walking out the door penniless with only her passport and the clothes on her back to spend six weeks in a foreign country. Carroll imbues all her work with a strong performative element; even a new opus, involving the rotation of a Houston tract home on its foundation, is conceived as a way of making architecture perform.",,https://mackbooks.co.uk/,,,,,,,,,/assets/images/books/Carroll_MEC_9783865216182.jpg
Cartier Bresson,Henri,The Modern Century,MOMA/Galassi,,,,,,,,,,,,,,,,,,"Hudson Street Library, NYC",,,
Cartier Bresson,Henri,Here and Now,Thames & Hudson,,,,,,,,,,,,,,,,,,"Hudson Street Library, NYC",,,
Cartier Bresson,Henri,The Decisive Moment,Steidl,,,,,,,,,,,,https://steidl.de/,,,,,,"Hudson Street Library, NYC",,,
"Cartier-Bresson, René Burri,Raymond",Henri,Magnum Analog Recovery,LeBAL,2017,350 x 210 mm,"232 pages, LE BAL / French / Self-published / April 2017 / 1st edition / FR",First Edition,"2 ring binder, 232 pages","Robert CAPA, Henri CARTIER-BRESSON, Eve ARNOLD, Rene BURRI, Elliott ERWITT, Alex WEBB, Gilles PERESS, Leonard FREED",,,,"From Robert Capa's D-Day to Gilles Peress Telex Iran to anonymous and never seen before series, this outstanding book published for the current exhibition Magnum Analog Recovery proposes an original and non official walk through the first 30 years of the Magnum Agency. In a large stiff cardboard binder reminiscent of the archive boxes where the photos were found, iconic pictures from the 20th century mix with unknown images from Henri Cartier-Bresson, Eve Arnold, René Burri, Elliott Erwitt, Alex Webb and Gilles Peress. Far from a traditional exhibition catalogue, this outstanding book-object overlaps unique images, posters of various sizes and gorgeous black & white series. A game between what is given to see and what is hidden is slowly revealed to the reader through the folding and unfolding of all the posters and images. Texts and quotes from photographers (notes, letters, excerpts from correspondence and interviews,...) punctuate the sequence and evoke the complexity of all the different approaches within the agency's photographers. Magnum Analog Recovery is a jump in time and a walk through the golden age of the iconic agency that defined the genre of the documentary photography.",NA,https://www.lebalbooks.com/,Photography,"Photography, War, Photojournalism, Documentary, LEBAL",Photography Collections & Exhibitions (Books),,,"Hudson Street Library, NYC",,$120.00,
"Cartier-Bresson, René Burri,Raymond",Henri,Magnum Analog Recovery,LeBAL,2017,350 x 210 mm,"232 pages, LE BAL / French / Self-published / April 2017 / 1st edition / FR . New, sealed",First Edition,"2 ring binder, 232 pages","Robert CAPA, Henri CARTIER-BRESSON, Eve ARNOLD, Rene BURRI, Elliott ERWITT, Alex WEBB, Gilles PERESS, Leonard FREED",,,,"From Robert Capa's D-Day to Gilles Peress Telex Iran to anonymous and never seen before series, this outstanding book published for the current exhibition Magnum Analog Recovery proposes an original and non official walk through the first 30 years of the Magnum Agency. In a large stiff cardboard binder reminiscent of the archive boxes where the photos were found, iconic pictures from the 20th century mix with unknown images from Henri Cartier-Bresson, Eve Arnold, René Burri, Elliott Erwitt, Alex Webb and Gilles Peress. Far from a traditional exhibition catalogue, this outstanding book-object overlaps unique images, posters of various sizes and gorgeous black & white series. A game between what is given to see and what is hidden is slowly revealed to the reader through the folding and unfolding of all the posters and images. Texts and quotes from photographers (notes, letters, excerpts from correspondence and interviews,...) punctuate the sequence and evoke the complexity of all the different approaches within the agency's photographers. Magnum Analog Recovery is a jump in time and a walk through the golden age of the iconic agency that defined the genre of the documentary photography.",NA,https://www.lebalbooks.com/,Photography,"Photography, War, Photojournalism, Documentary, LEBAL",Photography Collections & Exhibitions (Books),,,"Hudson Street Library, NYC",,$120.00,
Caruth,Scott,The Semiotics of the Stone,,2013,,,,,,,,,,,,,,,,,,,,
Cases,Ricardo,Paloma al Aire,,,,,,,,,,,,,,,,,,,,,,
Cassels,Giles,Nightfall (signed with print) ,,,,,,,,,,,,,,,,,,,,,,
Cassels,Giles,Floatation Tank (signed with print),,,,,,,,,,,,,,,,,,,,,,
Casteel,Jordan,Within Reach,New Museum,2020,10.98 x 14.49 inches,"Paperback, 140 pages. New",,978-0915557233,,,,,"In her large-scale oil paintings, New York-based artist Jordan Casteel (born 1989) takes up questions of Black subjectivity and representation by examining the gestures, spaces and forms of nonverbal communication that underpin portraiture. “There is a certain amount of mindfulness that it requires ... to be present with someone in a moment.” she explains. “I’ve always had an inclination towards seeing people who might be easily be unseen.” Published for Casteel’s first solo museum exhibition in New York, this volume brings together 40 large-scale paintings from throughout her career, including works from the celebrated series Visible Man (2013-14) and Nights in Harlem (2017), along with recent cropped “subway paintings” and portraits of her students at Rutgers University-Newark. Whether depicting former classmates from Yale, nude and in serene repose; street vendors near her home in Harlem; anonymous New Yorkers huddled on the subway; or her own students, posed largely in domestic interiors among their personal belongings, she explores how both public and private spheres can serve as frames for an inner life. This generously illustrated, oversized publication honors the larger-than-life scale of the artist's work. It is the first comprehensive monographic publication on Casteel’s work and includes texts by Dawoud Bey, Amanda Hunt and Lauren Haynes, and conversations conducted with the artist by Massimiliano Gioni and Thelma Golden.",,,Art,Art,"Individual Artist Monographs; Collections, Catalogs & Exhibitions",,,,,,/assets/images/books/Casteel_Within_Reach_9780915557233.jpg
Cesura,,Cesura Fanzine #02,Cesura,2016,"9,64 x 12,99 in / 24,5 x 33 cm","Softcover, hand-cut pages, 72 pages, Color offset",Edition of 150,,,,,,,,,,,,,,,,,
Chamberlain,John,Choices,Guggenheim,,,,,,,,,,,,,,,,,,,,,
Chamberlain,John,New Sculpture,Gagosian,,,,,,,,,,,,https://gagosian.com/,,Art,,,,,,,
Champassak,Tiane Doan na,41.667,,2016,,150 pages,,,,,,,"41.667 milliseconds is the amount of time one frame lasts in a 24 fps film. All photographs in this book are appropriated from corroded vintage Scandinavian pornographic films. The book, which is meant to be looked at like a calendar, was printed on tracing paper, reminiscent of transparency films used for Super 8mm projections.",https://champassak.com/,,,,,,,,,,/assets/images/books/champassak_41_667.jpg
Champassak,Tiane Doan na,End Or: Pictures Included,,,,,,,,,,,,https://champassak.com/,,,,,,,,,,
Champassak,Tiane Doan na,My Freedom,,,,,,,,,,,,https://champassak.com/,,,,,,,,,,
Champassak,Tiane Doan na,Siam's Guy,RVB Books,,18×26 cm,"72 pages, Softcover, 72 p, ills colour & bw, English",,979-1090306509,,,,,"In addition to his personal photographic practice, a French artist of Asian origin, Tiane Doan na Champassak carries out a reflection about anonymous photography, collected via various sources such as Internet, family albums, or magazines. His work often translates into bookmaking and publishing and he has already released over a dozen books. 'Siam's Guy' is his first book blending together his own photography and his re-appropriation practice. The book borrows its title from one of his collected items, 'Siam's Guy', a Thai erotic magazine from the 1960s and 1970s that remained available over the counter in spite of censorship.",https://champassak.com/,,,,,,,,,,
Champassak,Tiane Doan na,No Photos,,,,,,,,,,,,https://champassak.com,,,Photography,,,,,,,
Champassak,Tiane Doan na,Looters,,,,,,,,,,,,https://champassak.com,,,,,,,,,,
Chaplin,Lewis,2041,,2015,Height: 24.0 cm | Width: 17.0 cm,126 pages,,9780957472464,,,,,"2041 is an artistic project by Lewis Chaplin in collaboration with Ben Weaver. Over the course of a year, Lewis initiated a collaborative book-making project with 2041, an anonymous 83-year old British man with a fetish for being fully immersed in materials, clothes, and religious dress. The book is the result of access to 2041's hard drive of 60,000 self-portraits, taken over the course of decades to enact and document his obsession. The book contains 72 photographs and 1 illustration, offset lithoprint on coated and uncoated paper.",,,,,,,,"Hudson Street Library, NYC",,,/assets/images/books/Chaplin_2041_978_0_9574724_6_4.jpg
Charlesworth,Sarah,Still,,,,,,,,,,,,,,,,,,,,,,
Charlesworth,Sarah,Stills,,,,,,,,,,,,,,,,,,,,,,
Chessex,Luc,Cherchez la femme (Search for the Woman),Musee de l'Elysee Lausanne,,,,,978-2883501034,,,,,,,,,,,,,,,,
Chessex,Luc,Cherchez La Femme,,,,,,,,,,,,,,,,,,,,,,
Chetrit,TAlia,Show Caller,MACK,,,,,,,,,,,,https://mackbooks.co.uk,,,,,,,,,
Christopher,Phyliss,Dark Room,Book Works,2022,280 x 224 mm,"176 pages, Softcover, 176pp",,,,,No,,"Phyllis Christopher’s fearless and tender photographs fuse lesbian sex and queer protest against the backdrop of a city in flux. Relocating to San Francisco from her hometown Buffalo in the late-1980s, Christopher began to collaborate with her subjects to make images in which documentary and performance converge. Dark Room brings together fifteen years of Christopher’s work, negotiating street, club, and studio, with camera in hand, to compose a portrait of a community simultaneously defining radical articulations of queer lesbian sexuality and defending its bodily autonomy in the face of right-wing politics, the AIDS crisis and urban gentrification. Reproducing photographs of startling intensity and sensuality alongside new writing by Susie Bright, Laura Guy, Michelle Tea and an interview with Shar Rednour, Dark Room is a heartfelt record of Christopher’s devotion to an analogue tradition, to the pleasures of photographs and the community that made them.",,,,,,,,,,,
Clark,Larry,Tulsa,Grove Press,1971,,,,978-0802137487,,,,,,,,,Portrtaits:drug use,,,,,,,/assets/images/books/Clark_Tulsa_9780802137487.jpg
Clark,Edmund,Guantanamo,,,,,,,,,,,,,,,,,,,,,,
Close,Chuck,,,,,,,,,,,,,,,,,,,,,,,
Close,Chuck,Prints,,,,,,,,,,,,,,,,,,,,,,
Coates,Nigel,Exploded (London),,,,"Softcover pages, Softcover",,,,,,,,,,,,,,,,,,
Cobayashi,Kenta,Everything_1,,,,,,,,,,,,,,,,,,,,,,
Cobayashi,Kenta,Friends Forever,,,,,,,,,,,,,,,,,,,,,,
Colen,Dan,a REAL Bronx Cheer,Fulton Ryder,2012,,"Hardcover. Condition: Fine. Dust Jacket Condition: Fine. 1st Edition. Edition of 1000 copies. Folio, illustrated, publisher s red cloth lettered in black at spine (fine). Pictorial dust jacket (also about fine). Richard Prince is acknowledged at rear, and the book contains numerous gag cartoons, whoopie cushions, similar to his books.",1000,978-1938560118,"by Ron Delsener & Matt Kenny (COLEN, DAN). Dan Colen (Author)",,,,"A significant collaboration between two artists and a music impresario, featuring Colen's sculptures of cement-filled whoopie cushions, Kenny's collaborative cartoon drawings of an inflatable God, and Delsener's humorous captions. The drawings depict contentious moments in the relationship between a priest and his inflatable God, who is rendered in the tradition of a blow-up sex doll. The book is about the inherent utility of air and humor as our greatest defense mechanism against the unanswerable questions we all carry. The cement-filled whoopee cushions represent the faith an artist places in any object he creates, capturing something ephemeral and abstract. The book contains numerous gag cartoons and whoopie cushion imagery.",,http://fultonryder.com/,,,,,,,,,
Colen,Dan,Trash,,,,,,,,,,,,,,,,,,,,,,
Collier,Anne,Women with Cameras (Self Portrait),,,,,,,,,,,,,,,Photography,,,,,,,
Collier,Anne,Women with Cameras (Self Portrait),KARMA,,,,,,,,,,,,,,Photography,,,,,,,
Collier,Anne,Women with Cameras (Anonymous),,,,,,,,,,,,,,,,,,,,,,
Collier,Anne,,,,,,,,,,,,,,,,,,,,,,,
Collier,Anne,,,,,,,,,,,,,,,,,,,,,,,
Comencini,Luigi,The Model,,,,,,,,,,,,,,,,,,,,,,
Condo,George,Ink Drawings,Skarskedt,,,,,,,,,,,,,,Art,,,,,,,
Condo,George,(Simon Baker),,,,,,,"Baker, Simon",,,,,,,,,,,,,,,
Condo,George,Mental States,Haywood Publishing,,,,,,,,,,,,,,,,,,,,,
Connors,Matthew,Fire In Cairo,"SPBH Editions,",2015,"7¾x10""","130 pages, Hardcover, 130 pp., Lithograph illustrations,",,,,,,,,,,,,,,,,,,
Connors,Matt,Thirty-Four Reverse Telescopes and Three Buttons,Karma,2016,9 1⁄2 × 8 3⁄4 inches,"Hardcover, 120 pages",1000,,,,,,"Thirty-Four Reverse Telescopes and Three Buttons catalogs the artist’s recent body of colored Plexiglas works, made between 2013 and 2016, introduced obliquely with a poem by Ben Estes. Painter Matt Connors (born 1973) is known for combining a modernist visual vocabulary of grids and tense, minimal compositions with influences from design, poetry and music. Connors’ recent series of works brings this sensibility into the play of media: paintings in acrylic on paper are mounted on colored matte board, framed behind colored Plexiglass, creating an effect of nested colored forms in space. Both objects and paintings, the deeply hued, mixed-media pieces have been reproduced in Thirty-Four Reverse Telescopes and Three Buttons in black and white as well as color, highlighting the works’ complex tonality in addition to their dynamic coloration.",,https://karmakarma.org/,,,,,,Clipper,,,
Connors,Matt,A Bell Is a Cup,Rainoff,2016,210 × 270 mm,"Softcover w/ dust jacket, 176 pages","1000,2nd Edition",978-0-9806516-4-5,,"(w/ texts by Peter Eleey, Michel Leiris, Jack Spicer & Gertrude Stein)",,Sinisa Mackovic & Robert Milne,"A Bell is a Cup has been published by Rainoff to coincide with the exhibition ""Impressionism"" by Matt Connors, held at MoMA PS1, New York. Alongside texts by Peter Eleey, Michel Leiris, Gertrude Stein and Jack Spicer, the publication presents the first comprehensive gathering of Connors' work to date. In his essay, Eleey writes that Connors' paintings ""bear traces of one another, but they also some- times prop each other up or lean into each other, as if to physically reinforce, in painterly terms, Jack Spicer’s ideas about the interdependence of poems. 'There is really no single poem,' Spicer came to believe; he argued that 'poems should echo and re-echo against each other.'""",,http://rainoff.info/,"Painting, Contemporary Art, Poetry, Artist Books","Artist Monographs, Contemporary Art",,,,Clipper,,,/assets/images/books/Connors_A_Bell_Is_a_Cup_9780980651645.jpg
Connors,Matt,A Bell Is a Cup,Rainoff,2016,210 × 270 mm,"Softcover w/ dust jacket, 176 pages","1000, 2nd Edition",978-0-9806516-4-5,,"(w/ texts by Peter Eleey, Michel Leiris, Jack Spicer & Gertrude Stein)",,Sinisa Mackovic & Robert Milne,"A Bell is a Cup has been published by Rainoff to coincide with the exhibition ""Impressionism"" by Matt Connors, held at MoMA PS1, New York. Alongside texts by Peter Eleey, Michel Leiris, Gertrude Stein and Jack Spicer, the publication presents the first comprehensive gathering of Connors' work to date. In his essay, Eleey writes that Connors' paintings ""bear traces of one another, but they also some- times prop each other up or lean into each other, as if to physically reinforce, in painterly terms, Jack Spicer’s ideas about the interdependence of poems. 'There is really no single poem,' Spicer came to believe; he argued that 'poems should echo and re-echo against each other.'""",,http://rainoff.info/,"Painting, Contemporary Art, Poetry, Artist Books","Artist Monographs, Contemporary Art",,,,Clipper,,,/assets/images/books/Connors_A_Bell_Is_a_Cup_9780980651645.jpg
Cotterell,Clayton,Arrangements,ampersand Editions,2014,,,1/300,978-1941556030,,,,,,,,,,,,,,,,
Cotton,Charlotte,"Public, Private, Secret: On Photography and the Configuration of Self",Aperture,2018,,,,,,,,,,,https://aperture.org/,,Photography,,,,,,,
Coulson,Laura,Pleasing,LM,,,,,,,,,,,,,,,,,,,,,
Crawford,William,Selected works from 1990's - 2000,,,,,,,,,,,,,,,,,,,,,,
Cray,Fred,Silhouettes,,,,,,,,,,,,,,,,,,,,,,
Cray,Fred,Unique Photographs,,,,,,,,,,,,,,,Photography,,,,,,,
Cremers,Prill Vieceli,Money,,,,,,,,,,,,,,,,,,,,,,
Crewdson,Gregory,,,2016,,"Exhibition Chelsea, 2 copies",,,,,,,,,,,,,,,,,,
Crewdson,Gregory,,,2016,,"Exhibition Chelsea, 2 copies",,,,,,,,,,,,,,,,,,
Crimp,Douglas,Disss-Co (A Fragment),,,,,,,,,,,,,,,,,,,,,,
Croggen,Zoe,ARC,Perimeter Editions,2015,,,,978-0987353061,,,,,,,,,,,,,,,,
Crosby,Njideka Akunyili,I Refuse to be Invisible,I Refuse to be Invisible,2016,10.39 x 0.47 x 8.23 inches,"Hardcover, 67 pages",,978-0943411033,,,,,"This catalogue is the first publication to focus on the work of Nigerian-born, L.A.-based artist Njideka Akunyili Crosby. It accompanied an exhibition of the artist's work held at the Norton Museum of Art in West Palm Beach, FL January 28 - April 24, 2016. Contents include an introductory essay by exhibition curator Cheryl Brutvan, Taiye Selasi's ""Bye-Bye, Babar (Or: What Is An Afropolitan?)"", artist interview, artist's chronology, and select bibliography and exhibition history. With full color reproductions of all works in the exhibitio",http://www.njidekaakunyilicrosby.com/,https://www.norton.org,,,,,,,,,
Crosby,Njideka Akunyili,The Beautyful Ones,Victoria Miro,2019,‎ 7.3 x 0.5 x 10.1 inches,"Hardcover, 54 pages",,978-1999757939,,,,,,http://www.njidekaakunyilicrosby.com/,https://www.victoria-miro.com/,Art,,Individual Artist Monographs,,,,,,/assets/images/books/Crosby_The_Beautyful_Ones_9781999757939.jpg
Crosby,Njideka Akunyili,Predecessors,Tang Contemporary Arts Center in Cincinnati,2019,: 7 x 9 1/4 in | 17.5 x 23.5 cm,"80 pages, 30 color reproductions",,978-0998242200,,"Contributors: Ian Berry, Steven Matijcio, Malik Gaines, Steven Matijcio",,"Beverly Joel / pulp, ink.","Njideka Akunyili Crosby: Predecessors unites works from the artist’s Predecessors series. Investigating the confluences, contact zones, and third spaces of culture, Akunyili Crosby represents the people and places closest to her: the women of her family, her partner, the interiors of her grandmother’s home and her own. Even in the midst of such personal themes, Akunyili Crosby opens these painted worlds to her viewers, and invites them to reflect upon their own experiences, memories, and emotions.",http://www.njidekaakunyilicrosby.com/,,,,,,,,,,
Crowner,Sarah,Format,Primary Information,2012,,,,,,,signed,,,,,,,,,,,,,
Crumb,R,The Book of Genesis,,,,,,,,,x,,x,,,,,,,,,,,
Cumming,Robert,The Difficulties of Nonsense,,,,,,,,,,,,,,Portrait Painting,Portrait Painting,Individual Artist Monographs,,,,,,
Currin,John,,Gagosian Gallery,,,,,,,,,,,,https://gagosian.com/,,,,,,,,,
Currin,John,John Currin: The Complete Works: New Paintings,Rizzoli International Publications;,2006,,"Hardcover, Cloth, with cloth slipcase, 448 pages",,9780847828654,"Kara Vander Weg, editor",,,,,,,North-Fork,Portrait Painting,Individual Artist Monographs,,,Clipper,,,/assets/images/books/Currin_John_Currin_The_Complete_Works_New_Paintings_9780847828654.jpg
Currin,John,Portraits,Forma Edizioni,2016,280 x 205 mm,"84 pages, Paperback,84 Page",,9788899534172,Sergio Risaliti (editor),,,,,,,Portrait Painting,Portrait Painting,Individual Artist Monographs,,,,,,/assets/images/books/Currin_Portraits_9788899534172.jpg
Currin,John,Men,Rizzoli International Publications,2020,26.37 x 2.34 x 33.32 cm,"Hardcover, 208 pages",First Ed,9780847868131,,,Signed,true,,,,,Portrait Painting,Individual Artist Monographs,,,,,,
Currin,John,,,,,,,,,,,,,,,,Portrait Painting,Individual Artist Monographs,,,,,,
Currin,John,,,,,,,,,,,,,,,,Portrait Painting,Individual Artist Monographs,,,,,,
Currin,John,,,,,,,,,,,,,,,,Portrait Painting,Individual Artist Monographs,,,,,,
Curry,Aaron,Boxxes,UCCA/Koenig Books,2015,6.7 x 0.5 x 8.9 inches,"Paperback, 144 pages, ; Reprint edition (April 28, 2015). Part of a series",,9783863356231,"Karen Marta (Editor), Brian Roettinger (Editor), Aaron Curry (Artist)",,,,"For Boxxes, Aaron Curry (born 1972) created 160 unique pieces of art which he then destroyed. Before their destruction, Curry photographed these works so that the book would contain not only the last record of all these works but would transform and combine them into one new singular work of art. Following in the great artist book tradition of John Baldessari and Edward Ruscha, the UCCA has called on Aaron Curry along with LA artists Kathryn Andrews, Alex Israel, Matthew Monahan, Sterling Ruby, Ryan Trecartin, and Kaari Upson to make individual artist books for The Los Angeles Project in Beijing",,,Art,,Individual Artists' Books,,,,,,/assets/images/books/Curry_Boxxes_9783863356231.jpg
Cwynar,Sara,Glass Life,Aperture,2021,8 x 1.1 x 10.75 inches,"Hardcover, 200 pages",,9781597114790,,,Signed,,"Cwynar’s research-driven and visually complex images constitute the hallmarks of contemporary post–Pictures Generation work―in which photography is pursued in relation to film, sculpture, digital culture, and the cultural and technological history of image-making. Cwynar’s work revolves around her interest in subjective notions of beauty through images; the fetishization of consumer objects and colors; and the exploration of the informal image archives that have emerged around the industrialization and capitalization of these ideas. As part of her core practice, Cwynar collects, arranges, and archives her eBay purchases and creates studio studies of these consumer objects, exploring how images circulate online and how the lives and purposes of both physical objects and their likenesses change over time. Sara Cwynar: Glass Life is a must-have sourcebook for understanding the multilayered practice of this celebrated, multidisciplinary artist.",,https://aperture.org/,,Photography,,,,,,,/assets/images/books/Cwynar_Glass_Life_9781597114790.jpg
Cwynar,Sara,Pictures of Pictures,,,,"Softcover, zine size",,,,,,,,,,,,,,,,,,
D,,,,,,,,,,,,,,,,,,,,,,,,
D'Agata,Antoine,Mexico,RM,2017,8.27 x 0.79 x 12.6 inches,"Paperback, 220 pages, 2.52. lbs",,9788417047177,"Paco Taibo (Author), Nicolas Arraitz (Author), Bruno Le Dantec (Author), Tania Bohorquèz (Author), Alfonso Morales (Author),",,,,"This book is a record of the photographer’s Mexican travels, a tense, immobile diary of his experiences in the devastated landscapes of an increasingly volatile criminal society. Still images, cinematographic narratives and texts make up a personal diary that, through intimate, sexual and narcotic encounters, constructs an increasingly sickening reality. Mirroring his journey as he wanders through a lonely and marginal world, d’Agata’s photographic language seems to fracture and degenerate page by page. As a whole, Mexico presents a complex, difficult portrait of a period that has been constructed as a time of lawlessness and criminality in Mexican society. D’Agata structures the book around six photographic movements, relating directly to different times in the contemporary history of Mexico. These chapters suggest ruptures in the continuity of history, even as D’Agata creates a narrative of descent into pain and savagery.",,,Individual Photographer Monographs,,Individual Photographer Monographs,,,"Hudson Street Library, NYC",,$55.00,/assets/images/covers/9788417047177.jpg
D'Agata,Antoine,A - NEW YORK 1989-93,André Frère Éditions,2016,Height: 18.0 cm | Width: 13.0 cm,68 pages,,,,,,,"French photographer Antoine d'Agata departed his homeland in 1983 to begin a series of travels. He has since gained notoriety with a body of work that deals with addiction, sex, personal obsessions, darkness, prostitution, and other topics widely considered taboo. D'Agata studied photography at the International Center of Photography of New York City in 1990, under the tutelage of Larry Clark and Nan Goldin. This publication offers a personal visual reflection of that time. Designed as a 48-page leporello with an insert containing 20 pages of text, including a letter written in 1991, it includes self-portraits, scratched out journal snippets, and grainy photographs of drug use. This booklet is the first in a series of twelve books which opens the space for A's crossings, his physical journey through his wanderings, his drifts, his strained advances, his encounters. Form, if it can surprise at first, spins the redeployement of this road, begun one day which does not seem to have an end. We must imagine this booklet, related to the leporello, deploying in a jet of images, presence blown, unfolded situations, temporal suspensions. It is not a chronology, even if the images are grouped in sequences, here New York 1989-1993; each time an atmosphere, a climate, that are given in a mix of images, a confronting mixture that creates tension and calls for the energy and desire for life that emanate from it.",,https://www.andrefrereditions.com/,"Photography, Addiction, New York, Autobiography, Documentary","Artist Books, New York City, Photographer Monographs, Street Photography",,,,,,,/assets/images/books/DAgata_A_New_York_1989_93.jpg
D'Agata,Antoine,Index,,,,,,,,,,,,,,,,,,,,,,
D'Agata,Antoine,VIRUS,Studio Vortex,2020,"17 x 21,5 cm","Hardcover, French edition: 525 exemplaires, 832 pages",,,,,Signed,,"From the ﬁrst day of conﬁnement ensuing the outbreak of the Covid-19 epidemic, Antoine d’Agata roamed the streets of Paris with a thermal camera to record, in his own unique way, the viral epidemic that turned the city into a strange theatre of wandering souls, bowed heads and ﬂeeing bodies. Initially attracted by the way in which the thermodynamic device records the various infrared rays (heat waves) emitted by bodies, which vary according to their temperature, the artist was soon fascinated by a process that reduces human subjects to essential ﬁgures, devoid of superﬂuous characteristics or speciﬁcities. Living and working for two months out of the Paris ofﬁce of the Magnum Photos agency and gallery, he used the thermal technique to document the impregnation of the deserted city existing under conﬁnement: a city plunged into silence, traversed by bodies with stereotypical attitudes, inhabited above all by the homeless who appear – in these images – as the last truly living and resistant bodies, austere and ﬂame-tinged compositions offering an alternative and dystopian vision of the emptying streets.",,,Surv. Index,"COVID,",Surv. Index,,,"Hudson Street Library, NYC",,$250.00,
DA Corte,Alex,Easternsports,"Institute of Contemporary Art, University of Pennsylvania;Karma",2016,8 1⁄4 × 6 inches,"Softcover, perfect bind, 288 pages",Edition of 750,9781942607168,Jayson Musson,,Signed sort of,,"Longtime friends and first-time collaborators Alex Da Corte and Jayson Musson created a major new commission for ICA in 2014. Nearly two and a half hours in length, this in-the-round video installation was scripted by Jayson Musson, directed by Alex Da Corte, and with a score by composer Devonté Hynes. Easternsports is amorality tale for the digital age. Both deadly serious and heartbreakingly flippant, it embraces Gap commercials and grand jury rulings, middle-class aspirations and global imperialism. And it transforms a decade-long conversation between Musson and Da Corte into a work awash in the neon glow of their American milieu. This expansive catalogue includes an essay by ICA curator Kate Kraczon.",http://alexdacorte.com/,https://karmakarma.org/,,Art,,,,,,,/assets/images/covers/9781942607168.jpg
DA Corte,Alex,True Life,,2020,,,,,,,,,,http://alexdacorte.com/,,,,,,,,,,
DA Corte,Alex,Free Roses,,2016,,,,,,,,,,http://alexdacorte.com/,,,,,,,,,,
DA Corte,Alex,Marigolds,,2020,,,,,,,,,,http://alexdacorte.com/,,,,,,,,,,
DA Corte,Alex,C-A-T Spells Murder,,2018,,,,,,,,,,http://alexdacorte.com/,,,,,,,,,,
DA Corte,Alex,Rubber Pencil Devil,American Art Catalogues,2021,,,,,,,,,,http://alexdacorte.com/,,,,,,,,,,
"Daifu; Cobayashi, Kenta",Motoyuki,Two Perspectives on Tokyo,,,,,,,,,,,,,,,,,,,,,,
"David Armstrong, Rene Ricard",David,Night and Day,Morel Books,2012,,"Hardcover, 11O images",First Edition,978-1907071287,,,"First Edition of 1000, Signed",,"Night & Day brings together a selection of iconic Kodachrome pictures from David Armstrong's archive of the late 70's and early 80's New York scene. The images illuminate an intimate and carefree epoch of innocent-bohemian wilderness -a time just before the tumultuos 80's. Dispersed through out the series are images of generation of youngsters which changed culture - including Rene Ricard, Philip-Lorca diCorcia, Jean-Michel Basquait, John Waters to mention a few. Vernacular yet with a undeniable ability to capture and create timeless images, David Armstrong's Night & Day tells tales of a bygone era. The book contains 110 images, including a facsimile of an original poem typed out in 1979 by Rene Ricard. We also tracked down Rene to design the cover of the book and have a conversation between David Armstrong and Jack Pierson!",,https://morelbooks.com,Individual Photographer Monographs,"Bohemianism, nyc, 70s, 80s,",Individual Photographer Monographs,,,"Hudson Street Library, NYC",,$900.00,
Davis,Stuart,Sketchbooks,Taplinger Pub Co,1987,‎ 8.5 x 1 x 10.75 inches,"Hardcover, 96 pages",,,,,,,,,,,,,,,,,,
Davis,Noah,,David Zwirner,,,,,,,,,,,,https://www.davidzwirnerbooks.com/,,,,,,,,,
Day,Corinne,May the Circle Remain Unbroken,,,,,,,,,,,,,,,,,,,,,,
de Ballingcourt,Jules,,,,,,,,,,,,,https://julesdebalincourt.com,,,,,,,,,,
de Brauw,,The Accidental Fold,,,,,,,,,,,,,,,,,,,,,,
de Brauw,,The Accidental Fold,,,,,,,,,,,,,,,,,,,,,,
De Galas,,L'amoureuse,Le Caillou bleu,2013,,96 pages,230/600,978-2930537238,,,Signed/numbered,,,,,,Portraits,,,,,,,
de Kooning,Willem,A Way of Living: The Art of De Kooning,Phaidon Press,,,confirm,,,,,,,,,,,,,,,,,,
de Kooning,Willem,A Way of Living: The Art of De Kooning,--,,,confirm,,,Judith Ziczer,,,,,,,,,,,,,,,
de Kooning,Willem,De Kooning a Retrospective,"MoMA - The Museum of Modern Art,",2011,,"Hardcover, 504 pages",,978-0870707971,,,,,,,,,Art,,,,,,,/assets/images/covers/9780870707971.jpg
de Lathauwer,Dieter,I loved my wife,,,,,,,,,,,,,,,,,,,,,,
de Middel,Cristina,This is What Hatred Did,,,,,,,,,,,,,,,,,,,,,,
De Potter,Peter,The Vanity of Certain Flowers Part Two,,,,,,,,,,,,,,,,,,,,,,
Demand,Thomas,The Complete Papers,MACK,2019,12 x 10 Inches,"Hardover in slipcase, 504 pages",First,,,"Texts by Jeffrey Eugenides, Neville Wakefield, Julia Franck, Russell Ferguson, Adrian Searle, Francesco Bonami, inter alia",No,,"The Complete Papers is an extensive volume encompassing all of Thomas Demand’s work over the past 28 years, together with the primary texts written about his practice. The book includes previously unseen early works from 1990, together with reference reproductions on every one of his pieces.",,https://mackbooks.co.uk,,,,,,,,110,
Depardon,Raymond,Manhattan Out,,,,,,,,,,,,,,,New York City,,,,,,,
Desroche,Caroline,Los Angeles Standards,Poursuite,2020,10 in × 7 in × 0 in,"Soft cover silkscreened, 632 pages",,978-2490140190,,Afterword Frank Gehry,,Grégoire Pujade-Lauraine,"Los Angeles Standards is a photographic portrait of Los Angeles that presents the city through 15 ordinary typologies characteristic of its urban fabric. 1300 photographs taken between 2008 and 2012 by Caroline and Cyril Desroche, French architects who came to live and work in Los Angeles, are presented like a documentary. Organized in chapters, they make it possible to establish comparisons, analogies and correspondences between archetypes such as freeways, car parks, streets, construction sites, billboards, mini-malls, homes. Each of these images is referenced by its address. As Los Angeles is embarking on a process of greatly increasing its existing density and transforming its infrastructure, this book is a visual testimony of its current state, its contemporary form and its urban history.",,https://www.poursuite-editions.org,"Cities, LA, urban-landcapes","Cities, LA, urban-landcapes",,,,"Hudson Street Library, NYC",,,
Desroche,Caroline & Cyril,Los Angeles Standards,Poursuite,2020,17 x 23 cm,"Soft silkscreened cover, 632 pages,",First,978-2490140329,,,,,"Los Angeles Standards is a photographic portrait of Los Angeles which offers a way to view the city through 15 typologies which identify this unique city environment. The 1300 photographs were taken between 2008 and 2012 by French architects Caroline and Cyril Desroche during the years they live in Los Angeles. They are organized in order to compare and contrast the design archetypes that they have identified, including Mini-Malls, Billboards, Freeways, Parking Lots and Stilt Houses. Each picture is accompanied by its address for research and travel. They are organized in order to compare and contrast the design archetypes that they have identified, including Mini-Malls, Billboards, Freeways, Parking Lots and Stilt Houses. Each picture is accompanied by its address for research and travel.This book aims to identify various standard elements which visually define Los Angeles. While the city is in a continual state of flux, becoming denser and re-defining its urban landscape every day, this book is also a record of the influence of its urban history on its present identit",,https://www.poursuite-editions.org/,,,,,,,,,
DNL,,DNL,,,,,,,,,,,,,,,,,,,,,,
Dobkowski,Jan,Take a Swing on the Thread of Life,,,,,,,,,,,,,,,,,,,,,,
Doig,Peter,Go West Young Man,,,,,,,,,,,,,,,,,,,,,,
Doig,Peter,Blizzard seventy-seven,,,,,,,,,,,,,,,,,,,,,,
Doig,Peter,Fondazione Bevilacqua La Masa,Koenig Books,2016,9.5 x 13 in.,"52 pages, Slip, pbk, 9.5 x 13 in. / 52 pgs / 20 color / 2 bw",,,,,,,,,,,,,,,,,,
Dooley,Bryan,Gold Country Real Estate,Études,2013,17 cm x 24 cm,"Hardcover, 48 pages","First Edition, 300 copies",978-2-9533506-8-5,,Text by David Morris,,,,,,,,,,,,,,
Doonwood,Stanley,Dead Children Playing,,,,,,,,,,,,,,,,,,,,,,
Doyle,Eamonn,End.,,,,,,,,,,,,,,,,,,,,,,
Doyle,Eamonn,i,,,,,,,,,,,,,,,,,,,,,,
Dunham,Carroll,Painting And Sculpture 2004-2008,,,,,,,,,,,,,,,Art,,,,,,,
Duray,Stéphane,Unknown 2 (signed),,,,,,,,,,,,,,,,,,,,,,
E,,,,,,,,,,,,,,,,,,,,,,,,
Edgerton,Harold E.,Moments of Vision: The Stroboscopic Revolution in Photography,,,,,,ASIN: B004JBIDDW,,w/ James R. Killian Jr.,,,,,,,Photography,,,,,,,
Eggleston,William,The Democratic Forest,Steidl,,,,10,,,,Signed,,,https://steidl.de,https://steidl.de/,https://steidl.de/,,,,,,,,
Eggleston,William,For Now,Almereyda,,,,,,,,,,,,,,,,,,,,,
Eggleston,William,Los Altos,Gagosian Gallery,2012,,Hardcover,,,,,Signed,,,,https://gagosian.com/,,Art,,,,,,,
Eggleston,William,The Democratic Forest Selected Works,Almereyda,,,,,,,,,,,,,,,,,,,,,
Eggleston,William,At Zenith,Steidl,,,,,,,,,,,https://steidl.de,https://steidl.de/,https://steidl.de/,,,,,,,,
Eggleston,William,From Black and White to Color,Steidl,,,,,,,,,,,https://steidl.de,https://steidl.de/,https://steidl.de/,,,,,,,,
Eisler,Judith,Drawings by Judith Eisler,Dashwood Books,2018,,"Edition of 500 copies, First Edition",500,,,,,,,,https://dstrettell.com/,,Art,,,,,,,
Elgort,Arthur,Arthur Elgort,Edition 7L,,,,,,,,,,,,,,,,,,,,,
Elgort,Arthur,I Love....,,2019,,,,,,,,,,,,,,,,,,,,
Eliasson,Olafur,Reality Machines,,,,,,,,,,,,,,,,,,,,,,
Elm,Albert,Elsewhere,Bronze Age Editions,2014,,76 pages,,,,,,,,,,,,,,,,,,
Emery,Lena C.,RIE,Kominek,,,,,,,,,,,,,,,,,,,,,
Emin,Tracey,Love is What You Want,Haywood Publishing,,,,,,,,,,,,,,,,,,,,,
Eng,Teresa,Self/Portrait,,,,,,,,,,,,,,,Photography,,,,,,,
Engstrom,JH,Revoir,Journal,2016,280x225x29,"Hardcover, cloth binding, 174 b/w and color images, 244 pages",,978-9187939167,,,,Patric Ldo,"“In 2004, I made the book Trying to Dance, designed by Patric Leo and published by Journal. Since then, it has lived a life of its own, just as books should do. For me, Trying to Dance is more than a book – the photographs on which it was based constitute an image universe of its own. Photography then had a liberating effect on me as a visual artist. I lived mostly in New York, but also in Värmland, Sweden, and travelled a lot in the United States and Europe. Mentally, I was in between worlds, between realities, between the urban and the rural. This was also a period when I questioned and doubted the importance and relevance of photography for me – actually. The freedom I so strongly experienced in the process of making Trying to Dance, largely answered my doubts and became a compass for my continued creativity. To start with, I was not at all certain when Gösta Flemming at Journal, Patric Leo and Christian Caujolle, suggested going back to the Trying to Dance negatives. But when I started looking through the files – so many images, so many that were not used in Trying to Dance, and so many new combinations that hit me; it was then that I decided that we should publish Revoir. Revoir is a completely new book, a revision, a revisit to that period between the mid-90s and the early 2000s. The book has been made in close and enjoyable collaboration with all the people that I worked with on Trying to Dance. Around two thirds of the photographs have not been published before. For the first time I have scanned the negatives, together with Ewa-Teréz Gölin, and allowed the present to guide me in the printing for Revoir. Christian Caujolle has written a text for the book. This makes me especially happy, since he was the first to whole-heartedly embrace and recognise the photographs then, almost 17 years ago.” / JH Engström",https://jhengstrom.org/,,Individual Photographer Monograph,Periodical,Individual Photographer Monograph,,,"Hudson Street Library, NYC",,,
Engstrom,JH,Ende und Anfang (Early Trips),André Frère Éditions,2013,20 x 25 cm,"Hardcover, 	230 pages",,?979-1092265132,,,,,"I took these photographs before the turn of the century while travelling across Europe and the United States. My eye was good-hearted. The time that has passed since then is, at least, something we all have in common. As the time I was astonished. I still am. /JH",https://jhengstrom.org/,https://www.andrefrereditions.com/,Individual Photographer Monograph,,Individual Photographer Monograph,,,"Hudson Street Library, NYC",,,
Engstrom,JH,Langt Fran Stockholm (Far from Stockholm),Morel,,,,,,,,,,,https://jhengstrom.org/,https://morelbooks.com,Individual Photographer Monograph,,Individual Photographer Monograph,,,"Hudson Street Library, NYC",,,
Engstrom,JH,Sketch of Paris,Aperture,,,,,,,,,,,https://jhengstrom.org/,https://aperture.org/,Individual Photographer Monograph,Photography,Individual Photographer Monograph,,,"Hudson Street Library, NYC",,,
Ensor,James,,MoMA,,,,,,,,,,,,,,,,,,,,,
Epstein,Mitch,Rocks and Clouds,Steidl,,,,,,,,,,,https://steidl.de,https://steidl.de/,https://steidl.de/,Individual Photographer Monograph,Individual Photographer Monograph,,,"Hudson Street Library, NYC",,,
Epstein,Mitch,New York Arbor,Steidl,,,,,,,,,,,https://steidl.de,https://steidl.de/,https://steidl.de/,"Individual Photographer Monograph, New York City",Individual Photographer Monograph,,,"Hudson Street Library, NYC",,,
Epstein,Mitch,Mitch Epstein State of the Union,Hatje Cantz,,,,,,,,,,,,https://www.hatjecantz.de/,Individual Photographer Monograph,,Individual Photographer Monograph,,,"Hudson Street Library, NYC",,,
Epstein,Mitch,Family Business,Steidl,,,,,,,,,,,https://steidl.de,https://steidl.de/,https://steidl.de/,Individual Photographer Monograph,Individual Photographer Monograph,,,"Hudson Street Library, NYC",,,
Epstein,Mitch,State of the Union,Hatje Cantz,,,,,,,,,,,,https://www.hatjecantz.de/,,,,,,,,,
Epstein,Mitch,Berlin,Steidl,,,,,,,,,,,https://steidl.de,https://steidl.de/,https://steidl.de/,Individual Photographer Monograph,Individual Photographer Monograph,,,"Hudson Street Library, NYC",,,
Epstein,Mitch,The City,PH,,,,,,,,,,,,,Individual Photographer Monograph,,Individual Photographer Monograph,,,"Hudson Street Library, NYC",,,
Epstein,Mitch,Mitch Epstein: Sunshine Hotel,Steidl,,,,,,,,,,,https://steidl.de,https://steidl.de/,https://steidl.de/,Individual Photographer Monograph,Individual Photographer Monograph,,,"Hudson Street Library, NYC",,,
Epstein,Mitch,Work,Steidl,,,,,,,,,,,https://steidl.de,https://steidl.de/,https://steidl.de/,Individual Photographer Monograph,Individual Photographer Monograph,,,"Hudson Street Library, NYC",,,
Erwitt,Elliott,Elliot Erwitt's Kolor,teNeues,,,,,,,,,,,,,Individual Photographer Monograph,,Individual Photographer Monograph,,,"Hudson Street Library, NYC",,,
Ethridge,Roe,Roe Ethridge and Zin Taylor: The Ceremony and the Spirit,,,,,,,,,,,,,,Individual Photographer Monograph,,Individual Photographer Monograph,,,"Hudson Street Library, NYC",,,
Ethridge,Roe,Shelter Island by Roe Ethridge,,,,,,,,,,,,,,Individual Photographer Monograph,,Individual Photographer Monograph,,,"Hudson Street Library, NYC",,,
Ethridge,Roe,Neighbors,,,,,,,,,,,,,,Individual Photographer Monograph,,Individual Photographer Monograph,,,"Hudson Street Library, NYC",,,
Ethridge,Roe,Sacrifice Your Body,,,,,,,,,,,,,,Individual Photographer Monograph,,Individual Photographer Monograph,,,"Hudson Street Library, NYC",,,
Ethridge,Roe,"Roe Ethridge: Rockaway, New York",,,,,,,,,,,,,,Individual Photographer Monograph,New York City,Individual Photographer Monograph,,,"Hudson Street Library, NYC",,,
Ethridge,Roe,Special Guest,,,,,,,,,,,,,,Individual Photographer Monograph,,Individual Photographer Monograph,,,"Hudson Street Library, NYC",,,
Evans,Walker,Decade by Decade,Hatje Cantz,,,,,,,,,,,,https://www.hatjecantz.de/,Individual Photographer Monograph,,Individual Photographer Monograph,,,"Hudson Street Library, NYC",,,
Evans,Walker,Walker Evans Depth of Field,Prestel,,,,,,,,,,,,,Individual Photographer Monograph,,Individual Photographer Monograph,,,"Hudson Street Library, NYC",,,
Everett,Daniel,Throughout the Universe in Perpetuity,Études Books,2015,"24 x33 cm / 9,5’’x13’’,","Hardcover, 144 pages full color offset","First edition, 500 copies",978-2-36962-009-9,,,,,full color offset,,https://www.etudes-studio.com,,,,,,,,,
Eyes,Hamburger,Hamburger Eyes -The continuing Story of Life on Earth,ROMA Publications,2016,,"Softcover, 114 pages",,978-9491843716,,,,,,,https://www.romapublications.org/,,,,,,,,,/assets/images/books/Eyes_Hamburger_Eyes_-The_continuing_Story_of_Life_on_Earth_9789491843716.jpg
Eyes,Hamburger,The Last Son,,,,,,,,,,,,,,,,,,,,,,
F,,,,,,,,,,,,,,,,,,,,,,,,
Faigenbaum,Patrick,L'eclairement,Editions Xavier Barral,,,,,,,Text by Bob Nickas,,,,,,,,,,,,,,
Falls,Sam,Problems with Decomposition,Morel,,,,,,,,,,,,https://morelbooks.com,,,,,,,,,
Farago,Max,Boardwalk,,,,,,,,,,,,,,,,,,,,,,
Farocki,Harun,Against What? Against Whom?,Walther König,2010,7.5 x 0.75 x 10 inches,"Softcover, 256 pages",,978-3865605870,,,,,,,https://www.buchhandlung-walther-koenig.de/koenig2/index.php?mode=lang&lang=en,Art,"harunfarocki, artbook, cinima, westgermany, films, educationalfilm",,,,,,,/assets/images/books/Farocki_Against_What_Against_Whom_9783865605870.jpg
Farocki,Harun,Harun Farocki: Diagrams Images from Ten Films,Walther König,2014,6 x 9.5 in.,"384 pages, paperback, 384 pgs, 1052 color, 1 bw",,,,,,,,,https://www.buchhandlung-walther-koenig.de/koenig2/index.php?mode=lang&lang=en,,,,,,,,,
Fathi,David,Wolfgang,,,,,,,,,,,,,,,,,,,,,,
Faurer,Louis,Louis Faurer,,,,,,,,,,,,,,,,,,,,,,
Faustine,Nona,White Shoes,Mack,2021,30 x 29cm,"Hardcover with tip-in, 72 pages","First edition, signed",9781913620516,,,Signed,,,,https://mackbooks.co.uk,,,,,,,,,/assets/images/books/Faustine_White_Shoes_9781913620516.jpg
Feinstein,Rachael,R/Electa,,,,,,,,,,,,,,,,,,,,,,
Feinstein,Rachael,R/Electa,,,,,,,,,,,,,,,,,,,,,,
Feinstein,Rachael,,,,,,,,,,,,,,,,,,,,,,,
Feldmann,Hans-Peter,Album,,,,,,,,,,,,,,,,,,,,,,
Feldmann,Hans-Peter,Frauen,Mörel Books,2020,210x268mm,"240 pages, Hardback with tipped in images on front and back cover, .240 pp., b/w and color illustrated throughout",First edition,,,,,Timothy Haccius,"“80 per cent of artists are dealing with mother issues.” In this personal interview the internationally praised German artist Hans-Peter Feldmann muses on the magnetic power of women, and shares how he has used art as both escape and therapy. Images of women attract Feldmann, who claims that the majority of artists are dealing with mother issues: “It’s always about women, about mothers, images of women.” As an example, he points out how public toilets for men are similar to ancient caves with their many drawings of vulvas. The repetitive function of collecting pictures is therapeutic to Feldmann, and makes things clear and tangible for him. Many artists use their art as a form of therapy, “as a flight to another world someone from the old world can’t access.” As for Feldmann, who too had mother-issues and grew up during the war and the post-war years, this was also the case: “… the images opened a world to me that was very, very lovely.”",,https://morelbooks.com/,,"Woman,",,,,,,,
Feldmann,Hans-Peter,Foto,Walther König,2007,6.75 x 9.5 in,"48 pages, Paperback, 48 pgs / 84 color / 46 bw",,,,,,,,,https://www.buchhandlung-walther-koenig.de/koenig2/index.php?mode=lang&lang=en,,,,,,,,,
Feldmann,Hans-Peter,Foto,Walther König,2007,6.75 x 9.5 in,"48 pages, Paperback, 48 pgs / 84 color / 46 bw",,,,,,,,,https://www.buchhandlung-walther-koenig.de/koenig2/index.php?mode=lang&lang=en,,,,,,,,,
Feldmann,Hans-Peter,Foto,Walther König,2007,6.75 x 9.5 in,"48 pages, Paperback, 48 pgs / 84 color / 46 bw",,,,,,,,,https://www.buchhandlung-walther-koenig.de/koenig2/index.php?mode=lang&lang=en,,,,,,,,,
Feldmann,Hans-Peter,Brigit,Walther König,2007,6.7 x 8.9 x 0.5 inches,Paperback : 96 pages,,978-0920751954,,,,,,,https://www.buchhandlung-walther-koenig.de/koenig2/index.php?mode=lang&lang=en,,,,,,,,,/assets/images/books/Feldmann_Brigit_9780920751954.jpg
Feldmann,Hans-Peter,Smoke,Verlag Der Buchhandlung Walther Konig,2008,,,,,,,,,,,https://www.buchhandlung-walther-koenig.de/koenig2/index.php?mode=lang&lang=en,,,,,,,,,
Feldmann,Hans-Peter,Voyeur 2 (yellow cover),Walther König,1997,4.3 x 0.5 x 6.5 inches,"Paperback, perfect binding",,978-3883751986,,,,,,,https://www.buchhandlung-walther-koenig.de/koenig2/index.php?mode=lang&lang=en,,,,,,,,,
Feldmann,Hans-Peter,Voyeur (pink cover),Walther König,2014,4.3 x 0.5 x 6.5 inches,"Paperback, perfect binding",,,,,,,,,https://www.buchhandlung-walther-koenig.de/koenig2/index.php?mode=lang&lang=en,,,,,,,,,
Feldmann,Hans-Peter,Voyeur (pink cover),Walther König,2014,4.3 x 0.5 x 6.5 inches,"Paperback, perfect binding",,,,,,,,,https://www.buchhandlung-walther-koenig.de/koenig2/index.php?mode=lang&lang=en,,,,,,,,,
Feldmann,Hans-Peter,Voyeur 5 (green cover),Walther König,2011,4.3 x 0.5 x 6.5 inches,"Paperback, perfect binding",,,,,,,,,https://www.buchhandlung-walther-koenig.de/koenig2/index.php?mode=lang&lang=en,,,,,,,,,
Feldmann,Hans-Peter,Voyeur 5 (green cover),Walther König,2011,4.3 x 0.5 x 6.5 inches,"Paperback, perfect binding",,,,,,,,,https://www.buchhandlung-walther-koenig.de/koenig2/index.php?mode=lang&lang=en,,,,,,,,,
Feldmann,Hans-Peter,Voyeur 6 (red cover),Walther König,2014,4.3 x 0.5 x 6.5 inches,"Paperback, perfect binding, ‎265 pages",,978-3863354794,,,,,,,https://www.buchhandlung-walther-koenig.de/koenig2/index.php?mode=lang&lang=en,,,,,,,,,/assets/images/books/Feldmann_Voyeur_6_red_cover_9783863354794.jpg
Feldmann,Hans-Peter,Voyeur 7 (purple cover),Walther König,2021,4.3 x 0.5 x 6.5 inches,"Paperback, perfect binding, ‎265 pages",,978-3960988939,,,,,,,https://www.buchhandlung-walther-koenig.de/koenig2/index.php?mode=lang&lang=en,,,,,,,,,/assets/images/books/Feldmann_Voyeur_7_purple_cover_9783960988939.jpg
Feldmann,Hans-Peter,Book\Buch #9,,,,,,,,,,,,,,,,,,,,,,
Ferrane,Vincent,Milky Way,,,,,,,,,,,,,,,,,,,,,,
Ferrato,Donna,Tribeca,10013,,,,,,,,,,,,,,,,,,,,,
Feund,David,Gas Stop,Steidl,,,,,,,,,,,,,,,,,,,,,
Feurer,Hans,Hans Feurer,Merrell,,,,,,,,,,,,,,,,,,,,,
Figgis,Genieve,,Skira,,,,,,,,,,,,,,,,,,,,,
Figgis,Genieve,Something For Lovers,Karma,,,,,,,,,,,,https://karmakarma.org/,,,,,,,,,
Figgis,Genieve,Something For Lovers,Karma,,,,,,,,,,,,https://karmakarma.org/,,,,,,,,,
Figgis,Genieve,,,,,,,,,,,,,,,,,,,,,,,
Fineman,Craig,Pools,Stussy; Dashwood,,,,,,,,,,,,https://dstrettell.com/,,,,,,,,,
Fink,Larry,The Beat Poets By Larry Fink,PH,,,,,,,,,,,,,,,,,,,,,
Fischer,Urs,Paintings (3 books),,,,,,,,,,,,,,,,,,,,,,
Fischli; & David Weiss,Peter,Polyurethane Sculptures,Walther König,2014,6 x 0.6 x 8.1 inches,,,,,,,,,,https://www.buchhandlung-walther-koenig.de/koenig2/index.php?mode=lang&lang=en,Individual Photographer Monograph,,Individual Photographer Monograph,,,,,,
Fischli; & David Weiss,Peter,Arthur Elgort,Matthew Marks Gallery,,,,,,,,,,,,,,Art,,,,,,,
Fischli; & David Weiss,Peter,Haus,"Walther König, Köln",2020,,,,,,,,,,,https://www.buchhandlung-walther-koenig.de/koenig2/index.php?mode=lang&lang=en,,,,,,,,,
Fischli; & David Weiss,Peter,Flowers and Mushrooms,,,,original,,,,,,,,,,,,,,,,,,
Fischli; David Weiss,Peter,800 Views of Airports,"Walther König, Köln",2012,Height: 27.94 cm | Width: 19.69 cm,408 pages,,9783865609328,,,,,"800 Views of Airports documents a lengthy series of work by Peter Fischli (born 1952) and David Weiss (1946-2012), comprising 1,010 photographs to date, all of which appear here complete for the first time. For this ongoing documentary project, the artistic duo photograph the airports they passed through in their travels around the world over nearly 25 years, in a quest for exotic banality throughout different cultures. Their images of these nondescript airports focus on the humdrum aspect of air travel: the fuel vehicles, the baggage trucks, the daily routines of airport workers, the long antiseptic corridors and sprawling tarmacs surrounded by panoramic views of empty vistas. Whether presenting a Lufthansa airplane sitting idle in a yellowy light, a Swiss Air plane waiting in a neon-haunted dusk or an Air France plane getting its belly filled in the dead of night, Fischli and Weiss's images present the evanescence of any national identity when reduced to a symbol on a vertical stabilizer. 800 Views of Airports reveal the non-places encircling our world, and the non-journeys that have come to define our contemporary life in transit, while simultaneously offering carefully composed images that are strangely placid and restful.",,https://www.buchhandlung-walther-koenig.de/koenig2/index.php?mode=lang&lang=en,"Photography, Travel, Airports, Contemporary Art, Documentary","Conceptual Art, Photographer Monographs, Travel Photography",,,,,,,/assets/images/books/Fischli_Weiss_800_Views_of_Airports_9783865609328.jpg
Fischli; David Weiss,Peter,How to Work Better,Delmonico,2016,,,,,,,,false,,,,,,,,,,,,
Fischli; David Weiss,Peter,Peter Fischli David Weiss,,2014,,,,,,,,,,,,,,,,,,,,
Fischli; David Weiss,Peter,Flowers and Mushrooms,,,,reprint,,,,,,,,,,,,,,,,,,
Fisher,Todd,pda,,,,,,,,,,,,,,,,,,,,,,
Fishman,Louise,Louise Fishman,Karma,2020,7 1⁄2 × 9 1⁄4 inches,"Hardcover, 544 pages",,,,,,,,,https://karmakarma.org/,,,,,,,,,
Flood,Mark,Protest Signs From 1992 Special Edition,Karma,2020,,,Special Edition,,,,,,,,https://karmakarma.org/,,,,,,Clipper,,$350.00,
Foote,Hugur,Now Here Then,,,,,,,,,,,,,,,,,,,,,,
Fowler,Luke,Two-Frame Films,Mack,,,,,,,,,,,,https://mackbooks.co.uk,,,,,,,,,
Fox,Jason,Drawings,Karma,,,,,,,,,,,,https://karmakarma.org/,,Art,,,,,,,
Frajndlich,Abe,Penelope's Hungry Eyes,Schirmer/Mosel,,,,,,,,,,,,,,,,,,,,,
Franco,Fernell,Cali Clair - Obscur,,,,,,,,,,,,,,,,,,,,,,
Frank,Robert,London/Wales,Steidl,,,,,,,,,,,,https://steidl.de/,Individual Photographer Monograph,,Individual Photographer Monograph,,,"Hudson Street Library, NYC",,,
Frank,Robert,,Steidl,,,,,,,,,,,,https://steidl.de/,,,Individual Photographer Monograph,,,"Hudson Street Library, NYC",,,
Frank,Robert,What We Have Seen,Steidl,2016,,48 pages,,978-3958290952,,,,,,,https://steidl.de/,Individual Photographer Monograph,,Individual Photographer Monograph,,,"Hudson Street Library, NYC",,,/assets/images/books/Frank_What_We_Have_Seen_9783958290952.jpg
Frank,Robert,Tal Auf Tal Ab,Steidl,2010,,40 pages,,978-3869301020,,,,,,,https://steidl.de/,Individual Photographer Monograph,,Individual Photographer Monograph,,,"Hudson Street Library, NYC",,,/assets/images/books/Frank_Tal_Auf_Tal_Ab_9783869301020.jpg
Frank,Robert,The Americans,Steidl,,,,,,,,,,,,https://steidl.de/,Individual Photographer Monograph,,Individual Photographer Monograph,,,"Hudson Street Library, NYC",,,
Frank,Robert,Come again,Steidl,,,,,,,,,,,,https://steidl.de/,Individual Photographer Monograph,,Individual Photographer Monograph,,,"Hudson Street Library, NYC",,,
Freedman,Jill,Street Cops,Senta,2021,,"Hardback, new edition",,,,,,,,,,,,,,,,,,
Freeman,Jonah,Justin Lowe,GHB,,,,,,,,,,,,,,,,,,,,,
Freger,Charles,Wilder Mann The Image of the Savage,Dewi Lewis Publishing,,,2 copies?,,,,,,,,,,,,,,,,,,
Freidlander,Lee,A Second Look The Nudes,d.a.p.,,,,,,,,,,,,,,,Individual Photographer Monograph,,,"Hudson Street Library, NYC",,,
Freidlander,Lee,A Second Look The Nudes,d.a.p.,,,,,,,,,,,,,,,Individual Photographer Monograph,,,"Hudson Street Library, NYC",,,
Freidlander,Lee,The New Cars,Fraenkel Gallery,,,,,,,,,,,,,Individual Photographer Monograph,Art,Individual Photographer Monograph,,,"Hudson Street Library, NYC",,,
Freidlander,Lee,Nudes,Pantheon,,,,,,,,,,,,,Individual Photographer Monograph,,Individual Photographer Monograph,,,"Hudson Street Library, NYC",,,
Freidlander,Lee,Lee Friedlander,,,,,,,,,,,,,,Individual Photographer Monograph,,Individual Photographer Monograph,,,"Hudson Street Library, NYC",,,
Freidlander,Lee,Portraits,Yale Universtity Press,,,,,,,,,,,,,Individual Photographer Monograph,,Individual Photographer Monograph,,,"Hudson Street Library, NYC",,,
French,Jim,"Tinker, Tailor, Soldier, Sailor",,,,,,,,,,,,,,,,,,,,,,
Frey,James,Wives. Wheels . Weapons,JMc & GHB,,,,,,,,,,,,,,,,,,,,,
Fujishiro,Meisa,58 Hips,Shodensha,,,,,4-396-42029-3,,,,,,,,,,,,,,,,/assets/images/books/Fujishiro_58_Hips_4396420293.jpg
Fujishiro,Meisa,58 Hips,,,,,,4396420293,,,,,,,,,,,,,,,,/assets/images/books/Fujishiro_58_Hips_4396420293.jpg
Fukase,Masahisa,Hibi,MACK,,,,,,,,,,,http://masahisafukase.com/,https://mackbooks.co.uk,Individual Photographer Monograph,,Individual Photographer Monograph,,,"Hudson Street Library, NYC",,,
Fukase,Masahisa,Masahisa Fukase,Editions Xavier Barral,,"19,5 x 26 cm","Hardcover, 350 colour and B&W photographs, 416 pages",,,"Introduction by Simon Baker, texts by Tomo Kosuga",,,,,http://masahisafukase.com/,https://exb.fr/en/,Individual Photographer Monograph,,Individual Photographer Monograph,,,"Hudson Street Library, NYC",,,
Fukase,Masahisa,Ravens,MACK,,,,,,,,,,,http://masahisafukase.com/,https://mackbooks.co.uk,Individual Photographer Monograph,,Individual Photographer Monograph,,,"Hudson Street Library, NYC",,,
Fukase,Masahisa,Ravens,MACK,,,,,,,,,,,http://masahisafukase.com/,https://mackbooks.co.uk,Individual Photographer Monograph,,Individual Photographer Monograph,,,"Hudson Street Library, NYC",,,
Fulford,jason,This Equals That,Aperture,,,,,,,,,,,,https://aperture.org/,Individual Photographer Monograph,Photography,Individual Photographer Monograph,,,"Hudson Street Library, NYC",,,
Fulford,jason,Contains 3 Books,,,,,,,,,,,,,,Individual Photographer Monograph,,Individual Photographer Monograph,,,"Hudson Street Library, NYC",,,
G,,,,,,,,,,,,,,,,,,,,,,,,
Galinsky,Michael,Malls Across America,,2013,,144 pages,,,,,,,"Throughout the 1980s, as Americas downtown districts declined in importance and the big-box stores began their slow march across the country, malls became increasing central to American popular culture, dominating the social life of a large swath of the population. In 1989 Michael Galinsky, a twenty-year-old photographer, drove across the country recording this change: the spaces, textures and pace that defined this era. Starting in the winter of 1989 with the Smith Haven Mall in Garden City Long Island, Galinsky photographed malls from North Carolina to South Dakota, Washington State and beyond. The photos he took capture life in these malls as it began to shift from the shiny excess of the 1980s towards an era of slackers and grunge culture. Malls Across America is filled with seemingly lost or harried families navigating their way through these temples of consumerism, along with playful teens, misfits, and the aged.",,,,,,,,,,,/assets/images/books/Glinsky_Across_Glinsky_America_NULL.jpg
Galofaro,Luca,An Atlas of Imagination,Damdi,2015,,,,,,,,,,,,,Reference,,,,,,,
Gates,Theaster,Facsimile Cabinet of Woman Origin Stories - Reflections,DelMonico Books/Colby College Museum of Art,2021,7.24 x 9.25 inches,"Softcover, 143 pages",,,,,No,,,https://www.theastergates.com/,,,"Art, Fiction",,,,,,,
Gates,Theaster,Theaster Gates by Kavi Gupta and Theaster Gates,Kavi Gupta Gallery,2011,8.46 x 9.45 inches,Paperback,,978-1849767231,,,,,,https://www.theastergates.com/,,,Art,,,,Clipper,,,
Gates,Theaster,Theaster Gates (Contemporary Artists),Phaidon Press,2015,10 x 0.63 x 11.5 inches,"Paperback, 160 pages",,978-0714868806,,,,,"The first monograph of Chicago-based Theaster Gates, one of the most exciting and highly regarded contemporary artists at work today. Theaster Gates has developed an expanded artistic practice that includes space development, object making, performance and critical engagement with many publics. Gates transforms spaces, institutions, traditions, and perceptions. Gates's training as an urban planner and sculptor, and subsequent time spent studying clay, has given him keen awareness of the poetics of production and systems of organizing. Playing with these poetic and systematic interests, Gates has assembled gospel choirs, formed temporary unions, and used systems of mass production as a way of underscoring the need that industry has for the body. Gates refers to his working method as 'critique through collaboration' and his projects often stretch the form of what we usually understand visual art to be. His focus is also on the availability of information and the cross-fertilization of ideas. His multi-faceted exhibitions investigate themes of race and history through sculpture, installation, performance and two-dimensional works, furthering the artist's interest in a critique of social practice, shared economies and the question of objects in relation to political and cultural thought. Gates' recent exhibition and performance venues include the Seattle Art Museum, Art Basel Miami Beach, Milwaukee Art Museum, Contemporary Arts Museum Houston, and the Whitney Biennial in New York. Gates was a participating artist in Documenta 13 in Kassel (2012) with his total-living installation 12 Ballads for Huguenot House. Other notable solo exhibitions include An Epitaph for Civil Rights at the Los Angeles Museum of Contemporary Art (2011) and My Labor Is My Protest, at White Cube Bermondsey, London (2012). Parallel to his artist career, Gates is also Director of Arts and Public Life Initiative at the University of Chicago and a board member of the city's South Side Community Center. Recently commissioned as the 2012 Armory Show Artist and a Loeb Fellow at Harvard Graduate School of Design in 2011, Gates has received awards and grants from Creative Capital, the Joyce Foundation, Graham Foundation, and the Bemis Center for Contemporary Art.",https://www.theastergates.com/,https://www.phaidon.com,Black Artists,"Art Book, Black Artists",Individual Artist Monographs,,,Clipper,,,/assets/images/books/Gates_Theaster_Gates_Contemporary_Artists_9780714868806.jpg
Gates,Theaster,Theaster Gates - The Black Image Corporation,Fondazione Prada,2018,"17 x 22,6 cm","32 pages, Cardboard box, 32 pp (Quaderno) + 183 cards + 36 vellums; 366 ill.",,9788887029734,Editor: Theaster Gates; Associate Editor: Chiara Costa; Introductory text by Theaster Gates; conversation between Theaster Gates and Linda Johnson Rice.,,,,,https://www.theastergates.com/,,,,,,,Clipper,,,/assets/images/books/Gates_Theaster_Gates_-_The_Black_Image_Corporation_9788887029734.jpg
Gates,Theaster,Theaster Gates - The Black Image Corporation,Fondazione Prada,2018,"17 x 22,6 cm","32 pages, Cardboard box, 32 pp (Quaderno) + 183 cards + 36 vellums; 366 ill.",,9788887029734,Editor: Theaster Gates; Associate Editor: Chiara Costa; Introductory text by Theaster Gates; conversation between Theaster Gates and Linda Johnson Rice.,,,,,https://www.theastergates.com/,,,,,,,Clipper,,,/assets/images/books/Gates_Theaster_Gates_-_The_Black_Image_Corporation_9788887029734.jpg
Gates,Theaster,Theaster Gates: 12 Ballads for Huguenot House (dOCUMENTA) by Michael Darling (2012-10-31),"Walther König, Köln",,,,,,,,,,,https://www.theastergates.com/,https://www.buchhandlung-walther-koenig.de/koenig2/index.php?mode=lang&lang=en,,,,,,Clipper,,,
Gates,Theaster,Theaster Gates Black Chapel,,2021,,,,,,,,,,https://www.theastergates.com/,,,,,,,Clipper,,,
Gerace,Anthony,And Another Thing...,,,,,,,,,,,,,,,,,,,,,,
Giezendanner,Ingo,Buchenwald,,,,,,,,,,,,,,,,,,,,,,
Gilbert & George,,London Pictures,,,,,,,,,,,,http://www.gilbertandgeorge.co.uk/home,,,,,,,,,,
Gilbert & George,,The Complete Postcard Art of Gilbert & George by Gilbert & George,,,,,,,,,,,,http://www.gilbertandgeorge.co.uk/home,,,,,,,,,,
Gilbert & George,,,,,,,,,,,,,,http://www.gilbertandgeorge.co.uk/home,,,,,,,,,,
Gilbert & George,,,,,,,,,,,,,,http://www.gilbertandgeorge.co.uk/home,,,,,,,,,,
Gilden,Bruce,Moscow Terminus,,,,,,,,,,,,,,,,,,,,,,
Gill,Stephen,Night Procession,,,,,,,,,,,,https://www.stephengill.co.uk/,,Individual Photographer Monograph,,Individual Photographer Monograph,,,"Hudson Street Library, NYC",,,
Gill,Stephen,Coming up for Air: Stephen Gill A Retrospective,,,,,,,,,,,,https://www.stephengill.co.uk/,,,,,,,,,,
Gill,Stephen,The Piller,,,,,,,,,,,,https://www.stephengill.co.uk/,,,,,,,,,,
Gill,Stephen,Please Notify the Sun,,2020,216 mm x 270 mm,"Hardcover, clothbound, 168 pages with 111 color plates, Includes a 132 x 210 mm yellow saddle stitched booklet with an essay by Karl Ove Knausgård.",,,,Essay by Karl Ove Knausgård,,Greger Ulf Nilso,,https://www.stephengill.co.uk/,,,,,,,,,,
Glen,Alex McWhirter,Public,,,,,,,,,,,,,,,,,,,,,,
Gluibizzi; Zefrey Throwell,Dan,Folding Space / Depressing Time,,,,,,,,,,,,,,,,,,,,,,
Goettke,Florian,Burning Images - A History Of Effigy Protests Vis-A-Vis Series,Valiz,2021,"17 x 24 cm,","Paperback, 384 pages, ills colour & bw, english",,9789492095961,,,,,"Effigy hanging and burning, a specific theatrical form of political protest, has become increasingly visible in the news media, particularly in protests against United States military operations in Afghanistan and Iraq, in US domestic politics, and in the Arab Spring. Taking these events as points of departure, Florian Göttke investigates the conditions of this visual genre of protest, its roots and genealogies in a number of countries, its aesthetics, and politics. The book delves deeply into the different practices, iconologies, rituals, protest and media strategies, as well as into politics.",https://floriangoettke.com/,https://www.valiz.nl/,,History,,,,,,,/assets/images/books/Goettke_Burning_Images_-_A_History_Of_Effigy_Protests_Vis-A-Vis_Series_9789492095961.jpg
Gokita,Tomoo,PEEKABOO,,,,,,,,,,,,,,,,,,,,,,
Goldberg,Jim,Past Present Future,,,,,,,,,,,,https://jimgoldberg.com/,,Individual Photographer Monograph,,Individual Photographer Monograph,,,"Hudson Street Library, NYC",,,
Goldberg,Jim,Fingerprint,Stanley/Barker,2021,120 x 150 mm,"Silkscreened Box, 90 pages",500,,,,,,,https://jimgoldberg.com/,https://www.stanleybarker.co.uk/,Individual Photographer Monograph,,Individual Photographer Monograph,,,"Hudson Street Library, NYC",,,
Goldberg,Jim,Last Son,,,,,,,,,,,,https://jimgoldberg.com/,,Individual Photographer Monograph,,Individual Photographer Monograph,,,"Hudson Street Library, NYC",,,
Goldberg,Jim,Raised By Wolves,,,,,,,,,,,,https://jimgoldberg.com/,,Individual Photographer Monograph,,Individual Photographer Monograph,,,"Hudson Street Library, NYC",,,
Goldblatt,Lydia,Still Here,Hatje Cantz,2014,,,,978-3775736282,,,Signed,,,https://jimgoldberg.com/,https://www.hatjecantz.de/,,,,,,,,,/assets/images/books/Goldblatt_Still_Here_9783775736282.jpg
Golfer,Adam,A House Without A Roof,,2016,Height: 35.56 cm | Width: 30.48 cm,168 pages,,,,,,Ghazaal Vojdani,"A House Without a Roof is a photographic book and installation of images and texts which looks at the deeply intertwined histories of violence and displacement connecting Europe to Israel and the Palestinian Territories. Between 2011-2016, Golfer photographed and conducted fieldwork in the Baltic States, Britain, Germany, Israel, and the Occupied West Bank. He photographed varying landscapes of contention spanning from Jericho to Nuremberg, to the house in Siauliai, Lithuania where his grandmother was born before the war. Photographing and working in archives, he collected imagery and ephemera whose incompleteness, irony and poetic sensibilities point to ruptures in history, and occupy a place where the lines between myth and fact become difficult to distinguish. Framed by the relationship between his grandfather (a Jewish-Lithuanian survivor of Dachau), his dad (who briefly lived on an Israeli kibbutz in the 1970s) and himself, A House Without a Roof wrestles with contradictory narratives and points of view. Histories and time fold into one another as the mythologies and memories of his family become entangled with the ongoing narratives of violence, trauma and mass displacement which continue to play out in present-day Israel and Palestine. Multiple short stories appear dispersed throughout the book, reflecting events that either actually occurred or could have. They grapple with the anxieties of attempting to understand histories which have a myriad of truths and inhabit a dream-like space where his own memories and visions of the past, present and future blur together.",https://www.adamgolfer.com/,,"diaspora, history, Israel, migration, Palestine, photography, WWII, Holocaust, Baltic States","Documentary Photography, Photographer Monographs",,,,,,,/assets/images/books/Golfer_A_House_Without_A_Roof.jpg
Gonzalez-Torres,Felix,Specific Objects Without Specific Form,Koenig Books,2017,,"Hardcover, 656 Pages",,978-3863359737,"by Elena Filipovic (Author), Danh Vo (Author), Carol Bove (Author), Tino Sehgal (Author), Felix Gonzalez-Torres (Artist)",,Inscribed by Elena Filipovic,,"This comprehensive 656-page catalogue documents the traveling retrospective Felix Gonzalez-Torres: Specific Objects without Specific Form, which showcased work from throughout the artist's career including paintings, sculptures, photographic works, and public projects. The exhibition employed an innovative format where it was re-installed by a different invited artist midway through its run at each venue, resulting in multiple distinct versions. Overall curator: Elena Filipovic.",https://www.felixgonzalez-torresfoundation.org/,,,,,,,,,,/assets/images/books/Gonzalez-Torres_Specific_Objects_Without_Specific_Form_9783863359737.jpg
Gordon,Richard,American Surveillance: Someone to Watch Over Me,Chimaera Press,2009,,,,978-0960184422,,,,,,,,,,Surveillance Index,,,,,,
Gordon,Daniel,"Still Lifes, Portraits & Parts",,,,,,,,,,,,,,,,,,,,,,
Gordon,Daniel,"Still Lifes, Portraits & Parts",,,,,,,,,,,,,,,,,,,,,,
Gossage,John,Who Do You Love,,,,,,,,,,,,,,,,,,,,,,
Gowin,Emmet,Mariposas Nocturnas,,,,,,,,,,,,,,,,,,,,,,
Graham,Paul,Does Yellow Run Forever?,,,,,,,,,,,,,,,,,,,,,,
Gravlejs,Ivars,Early Works,Mack; Prima edizione,2015,,,,978-1910164396,,,Signed,,,,https://mackbooks.co.uk,,,,,,,,,
Greenberg,Stanley,Springs and Wells,Fw:Books,2021,,,,,,,Signed,,,,,,,,,,,,,
Greene,Stanley,The Western Front,,,,,,,,,,,,,,,,,,,,,,
Gribbon,Jenna,Jenna Gribbon,,,,,,,,,Signed,,,,,,,,,,,,,
Groebli,Rene,Beryl Chen,,,,,,,,,,,,,,,,,,,,,,
Grosse,Katharina,"Eat, Child, Eat!",Gestalten,2011,,,,,,,,false,,,,,,,,,,,,
Grosvenor,Robert,16 Pictures,Karma Books,2017,Height: 27.2 cm | Width: 21.1 cm,40 pages,,9781942607748,,,,false,"16 Pictures is the latest in a series of photobooks by American artist Robert Grosvenor (born 1937). Included here are color photographs of vehicles, scale models and ordinary objects. Sometimes blurry, sometimes overexposed, and very often brightly colorful, the photographs depict scenes that may be staged or chanced upon.",,https://karmakarma.org/,Art,"Contemporary Art, Karma, New York City, Photobook, Photography",Art; Photography; Photobook,,,,,,/assets/images/covers/9781942607748.jpg
Grosvenor,Robert,32 Pictures,Karma Books,2014,Height: 27.3 cm | Width: 21.6 cm,80 pages,,,,,,false,"The first in Karma's series of publications of Robert Grosvenor's photography. This work presents itself as a manifest extension of his sculptural work. The 32 images in this book reveal an artist interested in the space between objects, as much as the objects themselves, and how form and texture can be combined in the natural world. At times, no intervention is necessary for a deadpan humor to effortlessly assert itself, as when Grosvenor takes a picture of concrete steps which have been painted a light sky blue. Other times Grosvenor seems to be implying a performance in mid-play, in others wonder a beguiling mystery suggests that perhaps it's all being staged for our viewing. We can't help but wonder if the world, more often than not, arranges itself to be seen.",,https://karmakarma.org/,Art,"Contemporary Art, Karma, New York City, Photobook, Photography",Art; Photography; Photobook,,,,,,/assets/images/books/Grosvenor_32_Pictures_9781942607519.jpg
Grosvenor,Robert,27 Pictures,Karma Books,2015,Height: 27.3 cm | Width: 21.6 cm,56 pages,,,,,,false,"The second in Karma's series of publications of Robert Grosvenor's photography. This work presents itself as a manifest extension of his sculptural work. The 27 images in this book reveal an artist interested in the space between objects, as much as the objects themselves, and how form and texture can be combined in the natural world. At times, no intervention is necessary for a deadpan humor to effortlessly assert itself. Other times Grosvenor seems to be implying a performance in mid-play, in others wonder a beguiling mystery suggests that perhaps it's all being staged for our viewing. We can't help but wonder if the world, more often than not, arranges itself to be seen.",,https://karmakarma.org/,https://karmakarma.org/,New York City,,,,,,,/assets/images/books/Grosvenor_27_Pictures.jpg
Grote,Ton,Eindhovenseweg 56,The Eriskay Connection,2021,12 x 22 cm,"Wrap folded softcover, 336 pages","Second, 1250",978-94-92051-73-8,,,No,,"When the mother of photographer Ton Grote died in 2007, his father stayed behind in a large house. Their parental home where his parents lived since 1969 and he grew up with his brother and sister. Eindhovenseweg 56, a house full of memories and dreams. When his father started to clean up, Ton Grote decided to photograph all the loose items his parents owned: teapots, old cameras, power strips, glasses, and a worn out football. Treasured things they grew up with and the objects his parents used: everything was recorded. The result is a photo archive of more than five thousand photos, of which 2,262 made it into the book.",,,,,,,,,,,
Gupta,Sunil,Lovers Ten Tears On,Stanley Barker,2020,310 x 214mm,"Swiss Bound, Soft cover, cloth spine, 56 pages",,978-1-913288-09-9,,,,,"In 1984 SUNIL GUPTA’s first long term relationship broke down in shortly after he arrived in London in 1984. He had met his lover in the early 1970’s when the impact of the gay movement upon the consciousness of gay men was just gaining ground. Then, gay was good, and gay was proud. The laws against gay sex had been turned back. The definition of homosexuality as a psychiatric disorder was successfully challenged. The commercial scene and the visibility of gay men expanded to unprecedented levels. Although, while all this change provided the individual with the means for unstigmatised sexual experimentation in relatively safe venues, simultaneously it hardly dented social attitudes and legal structures which oppressed gay relationships. The arrival of HIV/AIDS changed all that. Gay men came under attack, from the state and its various channels. The media mounted a vicious campaign to label gay men as sick and irresponsible. Gay men were almost exclusively represented as ill. Patients of some incurable disease that had been equated with their sexuality. On the strength of this fallacy once again there was talk of reinstating repressive laws. Once again “expert medical advisors” were in on the act with their labels and talk of “containment.” Couples though had come into their own. Gay self-help groups encouraged a change in sexual behaviour and a reduction in the number of partners. However, still without legal recognition, with the new emphasis on monogamy, with social attitudes reverting to hostility and given the invisibility of day-to-day life for gay men within relationships, being a partner in the 1980s proved to be as difficult as it had been decades ago. “These photographs were made in London. The couples define themselves as such by various criteria; some live together, some don’t, some have been together a short time, some a very long time, and soon. I believe the relationship between gay men is an important but often neglected component central to their lives.” - Sunil Gupta",https://www.sunilgupta.net/,https://www.stanleybarker.co.uk/,Individual Photographer Monograph,"London, Gay, Portraits, Queer",Individual Photographer Monograph,,,,,,
Guston,Philip,Philip Guston Now,National Gallery of Art,,,,,,,,,,,,,,Art,,,,,,,
Guyton,Wade,Black,,,,,,,,,,,,,,,,,,,,,,
Guyton,Wade,1 Month Ago,,2014,Height: 27.3 cm | Width: 20.3 cm,368 pages,,,,,,,"1 Month Ago documents the contents of the hardcore blog Sfcrewcut one month after a single painting of Guyton's appeared in its feed. Making the digital tactile, the publication examines the realm of re-appropriation amongst online subcultures.",,https://karmakarma.org/,Art,"Contemporary Art, Digital Culture, Karma, New York City, Re-appropriation",Art; Contemporary Art; Digital Culture,,,,,,/assets/images/books/Guyton_1_Month_Ago_9780989398534.jpg
Guyton,Wade,OS,Rothkopf,,,,,,,,,,,,,,,,,,,,,
Guyton,Wade,The Failever of Judgement,,,,,,,,,,,,,,,,,,,,,,
Guyton,Wade,WG3031,JRP | Ringier,2015,,,,978-3037644195,,,,,,,,,,,,,,,,/assets/images/books/Guyton_WG3031_9783037644195.jpg
Guyton,Wade,Wade Guyton im Josef Alpers Museum,,,,,,,,,,,,,,,Art,,,,,,,
Guyton,Wade,Couleur ET Fabrication,Galleria Gio Marconi,2011,,,,,,,,false,,,,,,,,,,,,
Guyton,Wade,Guyton Smith Walker,,,,,,,,,,,,,,,,,,,,,,
Guyton,Wade,Das New Yorker Atelier,,,,,,,,,,,,,,,,,,,,,,
Guyton,Wade,Wade Guyton: Zeichnungen von Drama und Frühstück im Atelier Vol. II,,,,,,,,,,,,,,,,,,,,,,
Guyton,Wade,Zeichnungen von Drama und Frühstück im Atelier,,,,,,,,,,,,,,,,,,,,,,
H,,,,,,,,,,,,,,,,,,,,,,,,
Hachmeister,Grit,Grit,Spector Books,2015,,,,978-3959050012,,,,,,,,,,,,,,,,/assets/images/covers/9783959050012.jpg
Hagai,Dafy,Sunset,Perimeter Books,2015,,40 pages,,978-0994388315,,,,,,,,,,,,,,,,
Halaban,Gail Albert,Out My Window,PowerHouse Books,,,,,978-1576876121,,,,,,,,,,,,,,,,/assets/images/books/Halaban_Out_My_Window_9781576876121.jpg
Halard,Francois,Polaroids,,,,,,,,,,,,,,,,,,,,,,
Hamann,Matthias,you would,Spector Books,2015,,,,978-3944669915,,,,,,,,,,,,,,,,/assets/images/books/Hamann_you_would_9783944669915.jpg
Hammer,Barbara,Barbara Hammer’s Truant: Photographs 1970-1979,,,,,,,,,,,,,,,Photography,,,,,,,
Hammerand,Andrew,The Man Who Never Returned,,,,,,,,,,,,,,,,,,,,,,
Hammons,David,Four Works by David Hammons,Black Matter Press,,,,Edition of ..,,,,,,,,,,,,,,,,,
Hammons,David,"Body Prints, 1968-197",The Drawing Center,,,,,,,,,,,,,,,,,,,,,
Hammons,David,Basketball & Kool-Aid,Nahmad Contemporary,,,,,,,,,,,,,,,,,,,,,
Hammons,David,,,,,,,,,,,,,,,,,,,,,,,
Hang,Ren,September (signed) by Ren Hang,,,,,,,,,,,,,,,,,,,"Hudson Street Library, NYC",,,
Hang,Ren,Huang Jiaqi (signed) by Ren Hang,,,,,,,,,,,,,,,,,,,"Hudson Street Library, NYC",,,
Hang,Ren,May by Ren Hang,,,,,,,,,,,,,,,,,,,"Hudson Street Library, NYC",,,
Hang,Ren,March by Ren Hang,,,,,,,,,,,,,,,,,,,"Hudson Street Library, NYC",,,
Hang,Ren,November (signed) by Ren Hang,,,,,,,,,,,,,,,,,,,"Hudson Street Library, NYC",,,
Hang,Ren,August (signed) by Ren Hang,,,,,,,,,,,,,,,,,,,"Hudson Street Library, NYC",,,
Hang,Ren,October (signed) by Ren Hang,,,,,,,,,,,,,,,,,,,"Hudson Street Library, NYC",,,
Hang,Ren,Physical Borderline,,,,,,,,,,,,,,,,,,,"Hudson Street Library, NYC",,,
Hang,Ren,June by Ren Hang,,,,,,,,,,,,,,,,,,,"Hudson Street Library, NYC",,,
Hang,Ren,Athens Love,,,,,,,,,,,,,,Individual Photographer Monograph,,Individual Photographer Monograph,,,"Hudson Street Library, NYC",,,
Hang,Ren,New Love,,,,,,,,,,,,,,Individual Photographer Monograph,,Individual Photographer Monograph,,,"Hudson Street Library, NYC",,,
Hang,Ren,Nude,Self Published,,,"hardcover, signed, 1/2 98 pages",500,,,,,,,,,Individual Photographer Monograph,,Individual Photographer Monograph,,,"Hudson Street Library, NYC",,,
Hang,Ren,Nude,Self Published,,,98 pages,500,,,,,,,,,Individual Photographer Monograph,,Individual Photographer Monograph,,,"Hudson Street Library, NYC",,,
Hanson,Pamela,Untitled,,,,,,,,,,,,,,,,,,,,,,
Hanson,Pamela,Private Room,,,,,,,,,,,,,,,,,,,,,,
Hanson,Erik,Two Years of Bluto,Marlborough Gallery Inc,2019,2115.5cm,"Paperback, staple bound, coulor, numbered, signed",31/100,,,,Signed,,"In January of 2017, self-taught artist Erik Hanson decided to try something new. He set aside the conceive/execute way of working and decided to live in the moment with no plans and no internal critique, giving himself the freedom to do whatever he wanted to do in the studio with no road-map. Within the first week a friend had sent him an image of a Bluto toy and as he painted it, Hanson soon found himself immersed in the concepts he had learned as a little kid parked in front of the TV. The floodgates opened and he was on his way to a monumental meditation on “Good Guys and Bad Guys”",,,,"Art, Cartoon, Popeye, Queer, luto","Queer, luto, Cartoon, Popeye",,,,,,
Hanzlova,Jitka,Hier,,,,,,,,,,,,,,,,,,,,,,
Haring,Keith,31 Subway Drawings,,2021,,64 pages,,9780691229973,,,,,"A fascinating look at Keith Haring's New York City subway artwork from the 1980s. Celebrated artist Keith Haring (1958-1990) has been embraced by popular culture for his signature bold graphic line drawings of figures and forms. Like other graffiti artists in the 1980s, Haring found an empty canvas in the advertising panels scattered throughout New York City's subway system, where he communicated his socially conscious, often humorous messages on platforms and train cars. Over a five-year period, in an epic conquest of civic space, Haring produced a massive body of subway artwork that remains daunting in its scale and its impact on the public consciousness. Dedicated to the individuals who might encounter them and to the moments of their creation, Haring's drawings now exist solely in the form of documentary photographs and legend. Because they were not meant to be permanent--only briefly inhabiting blacked-out advertising boards before being covered up by ads or torn down by authorities or admirers--what little remains of this project is uniquely fugitive. Keith Haring: 31 Subway Drawings reproduces archival materials relating to this magnificent project alongside essays by leading Haring experts.",,https://press.princeton.edu/,Art,"Art, Biography, Contemporary Art, Graffiti & Street Art, Popular Culture",,,,,,,/assets/images/covers/9780691229973.jpg
Haring,Keith,Keith Haring (Rizzoli Classics),,,,,,,,,,,,,,,,,,,,,,
Haring,Keith,Keith Haring Journals,,,,,,,,,,,,,,,,,,,,,,
Haring,Keith,Against All Odds: Keith Haring in the Rubell Family Collection / A pesar de todo: Keith Haring en la colecction de la familia Rubell (English and Spanish Edition),,,,,,,,,,,,,,,,,,,,,,
Haring,Keith,Keith Haring: Manhattan Penis Drawings for Ken Hicks,,,,,,,,,,,,,,,"Art, New York City",,,,,,,
Haring,Keith,---,,,,,,,,,,,,,,,,,,,,,,
Hartung,Oliver,Iran Monuments,,,,,,,,,,,,,,,,,,,,,,
Hatakeyama,Naoya,Excavating the Future City,,,,,,,,,,,,,,,,,,,,,,
Hauser,Thomas,Girls Seen,Patrick Remy Studio,2021,,,,,,,,false,,,,,,,,,,,,
Hausmann,Raoul,Photographs 1927-1936 Waffenruhe (Ceasefire),,,,,,,,,,,,,,,Photography,,,,,,,
Hawkesworth,Jamie,Preston Bus Station,,,,,,,,,,,,,,,,,,,,,,
Haynes,Jesper,Brooklyn 11211,,,,,,,,,,,,,,Individual Photographer Monograph,New York City,Individual Photographer Monograph,,,"Hudson Street Library, NYC",,,
Haynes,Jesper,Haynesville #4,,,,,,,,,,,,,,Individual Photographer Monograph,,Individual Photographer Monograph,,,"Hudson Street Library, NYC",,,
Haynes,Jesper,Shibuya Scramble,,,,,,,,,,,,,,Individual Photographer Monograph,,Individual Photographer Monograph,,,"Hudson Street Library, NYC",,,
Haynes,Jesper,Jesper Haynes,Pinkuneko Publishing,,,,First edition 92/120,,,,,,,,,,,,,,,,,
Haynes,Jesper,GIG,,,,,,,,,,,,,,Individual Photographer Monograph,,Individual Photographer Monograph,,,"Hudson Street Library, NYC",,,
Heinecken,Robert,Lessons in Public Posing,,,,,,,,,,,,,,,,,,,,,,
Heinecken,Robert,Lessons in Posing Subjects,,,,,,,,,,,,,,,,,,,,,,
Hernandez,Anthony,Forever,,,,,,,,,,,,,,,,,,,,,,
Hernandez,Anthony,"L.A., 1971",Silas Finch,2014,,,,978-1936063093,,,,,,,,,,,,,,,,/assets/images/books/Hernandez_L.A._1971_9781936063093.jpg
Hiett,Steve,Beyond Blond,,,,,,,,,,,,,,,,,,,,,,
Hisbacq,Pauline,Le feu,,,,,,,,,,,,,,,,,,,,,,
Hoey,Dana,The Phantom Sex,University Art Museum,2012,,,,978-0910763448,,,,,,,,,Art,,,,,,,/assets/images/books/Hoey_The_Phantom_Sex_9780910763448.jpg
Hoffman,Liv,Open Nightly,,,,,,,,,,,,,,,,,,,,,,
Holstad,Christian,Dignity,Non Basic Stock Line,2004,,64 pages,,978-3936859132,,,Signed,,,,,,,,,,,,,
Holzer,Jenny,Belligerent,Ivorypress,2017,150 x 105 mm,7 posters,,978-8494509650,,,,,,,,,,,,,,,,
Homma,Takashi,Portrait,Heibonsha,2013,,60 pages,,978-4582231212,w/ Mikako Ichikawa,,,,,,,,Photography,,,,,,,/assets/images/books/Homma_Portrait_9784582231212.jpg
Homma,Takashi,Scandinavian Mushroom,,,,,,,,,,,,,,,,,,,,,,
Hosokura,Mayumi,Crystal Love Starlight,Tycoon Books,2014,,,,978-4990662837,,,,,,,,,,,,,,,,
Hosokura,Mayumi,Kazan,Artbeat Publishers,2012,,,,978-4902080414,,,,,,,,,,,,,,,,/assets/images/books/Hosokura_Kazan_9784902080414.jpg
Hosteing,Nicolas,Matador,,,,,,,,,,,,,,,,,,,,,,
Howe; Tom Sacs,Susanna,Travel for the Adventurous and Self-Involved,,,,,,,,,,,,,,,Travel,,,,,,,
Hugo,Pieter,PH & HBA,,,,,,,,,,,,,,Individual Photographer Monograph,,Individual Photographer Monograph,,,"Hudson Street Library, NYC",,,
Hujar,Peter,Peter Hujar,,,,,,,,,,,,,,Individual Photographer Monograph,,Individual Photographer Monograph,,,"Hudson Street Library, NYC",,,
Hujar,Peter,Love & Lust,Fraenkel Gallery; Slp edition,2014,11 x 0.75 x 14 inches,"Softcover, 82 pages",,978-1881337379,,,,,,,,Individual Photographer Monograph,Art,Individual Photographer Monograph,,,"Hudson Street Library, NYC",,,/assets/images/books/Hujar_Love_Lust_9781881337379.jpg
Hura,Sohrab,Life is Elsewhere,,,,,,,,,,,,,,Individual Photographer Monograph,,Individual Photographer Monograph,,,"Hudson Street Library, NYC",,,
I,,,,,,,,,,,,,,,,,,,,,,,,
Ishikawa,Mao,"Red Flower, The Women of Okinawa",Session Press,2017,,,,978-0692817445,,,,,,,,,,,,,,,,
Ishikawa,Mao,Bad Ass and Beauty—One Love,T&M Projects,,,,,,,,,,,,,,,,,,,,,
Ivin,Sam,Lingering Ghosts,,,,,,,,,,,,,,,,,,,,,,
J,,,,,,,,,,,,,,,,,,,,,,,,
Jacobs,Henri,Journal Drawings,,,,,,,,,,,,,,,"Art, Periodical",,,,,,,
Jaeger,Elizabeth,Eros C'est La Vie,Totem,2013,,54 pages,,,,,,,,,,,,,,,,,,
Jaffa,Arthur,,,,,,,,,,,,,,,,,,,,,,,
Jaffa,Arthur,"A Series of Utterly Improbable, Yet Extraordinary Renditions",Serpentine Galleries,,,,,,,,,,,,,,,,,,,,,
Jamie,Zoe Ghertner,PRINT / Issue Two,,,,,,,,,,,,,,,,,,,,,,
Jamison,Aaron Flint,Cascades,Edition Patrick Frey,2015,,288 pages,,978-3905929942,,,,,,,,,,,,,,,,
Jarvis,Shaniqwa,This Charming Man,,2011,,,,,,,Signed,,,,,,Portraits,,,,,,,/assets/images/books/Jarvis_This_Charming_Man_NULL.jpg
Jewell,Dick,Four Thousand Threads,,,,,,,,,,,,,,,,,,,,,,
Jocoy,Jim,Order of Appearance,,,,,,,,,,,,,,,,,,,,,,
Johnson,Matt,Photobooks &: a critical companion to the contemporary medium,,,,,,,,,,,,,,,,,,,,,,
Johnson,Leigh,Gospel Oak,Farago,2015,,,,,,,,false,,,,,,,,,,,,
Johnson,Ray,Ray Johnson c/o,Art Institute of Chicago,2021,9 x 1.1 x 12 inches,"Softcover, 376 pages",,978-0300254334,"Haskell, Caitlin",,,,"Ray Johnson (1927–1995) was a renowned maker of meticulous collages whose works influenced movements including Pop Art, Fluxus, and Conceptual Art. Emerging from the interdisciplinary community of artists and poets at Black Mountain College, Johnson was extraordinarily adept at using social interaction as an artistic endeavor and founded a mail art network known as the New York Correspondence School. Drawing on the vast collection of Johnson’s work at the Art Institute of Chicago, this volume gives new shape to our understanding of his artistic practice and features hundreds of pieces that include artist’s books, collages, drawings, mail art, and performance documentation. In keeping with Johnson’s democratic, rhizomatic, and antihierarchical ethos, this indispensable resource on the artist’s oeuvre contains 700 illustrations, many of them never before published, and twenty-one short essays by various contributors that allow readers to dip into and out of the book in a nonlinear manner.",,,Art,mail art,Individual Artist Monographs,,,,,,/assets/images/books/Johnson_Ray_Johnson_co_9780300254334.jpg
Johnstone,Charles,Briney Breezes,Sun Editions,2015,,,First Edition,978-0984978199,,Aaron McElroy,,,,,,,,,,,,,,
Johnstone,Charles,The Girl in the Fifth Floor Walk-Up,,,,,,,,,,,,,,,,,,,,,,
Johnstone,Charles,Libby,,,,,,,,,,,,,,,,,,,,,,
JR,,JR: Can Art Change the World?,Phaidon Press,2015,,,,978-0714869490,,,,,,,https://www.phaidon.com,,Art Book,,,,,,,/assets/images/books/JR_JR_Can_Art_Change_the_World_9780714869490.jpg
K,,,,,,,,,,,,,,,,,,,,,,,,
Kader Attia,Kader,Transformations,Spectormag GbR,2014,,"224 pages, Hardcover, in very good condition.",First Edition,978-3944669236,Ellen Blumenstein,,,Cover design by Johannes Willi,"""Transformations"" is a collection of essays and artworks by Kader Attia that explore the concept of transformation in various forms.",,,Art,"Art, Philosophy, Cultural Studies","ART031000, PHI022000, SOC026000","ART031000, PHI022000, SOC026000",709.2,,,$50.00,/assets/images/covers/9783944669236.jpg
Kanoh,Tenmei,New York 1969,,,,,,,,,,,,,,,New York City,,,,,,,
Kash,Sam,Surf Goddess: Beauty Meets the Beach,Radius Press,1995,,,,0-942154-95-9,,,,,,,,,,,,,,,,/assets/images/books/Kash_Surf_Goddess_Beauty_Meets_the_Beach_0942154959.jpg
Katsu; Ari Marcopoulos,,6-23 '13 - N6 Street - Brooklyn,,,,,,,,,,,,,,,,,,,,,,
Kawasaki,Shiori,Fan Zine,Bookdummypress,2013,,,,978-0-9896888-1-9,,,,,,,,,,,,,,,,
Kayser,John,Rose,Ampersand Gallery,2015,,,,,,,,,,,,,Art,,,,,,,
Kayser,John,Rose,Ampersand Gallery,2015,,,,,,,,,,,,,Art,,,,,,,
Kayser,John,JK Sitting,,,,,,,,,,,,,,,,,,,,,,
Keiser,Daniela,Ar & Or,,2012,,,,978-3037461648,,,,,,,,,,,,,,,,
Keizer,Ilja,Vicky,self-published,2021,24.5x18cm,"Linen hardcover, with tip-in, 96 pages",First Edition,978-909034193,,,"Signed, Includes: Including a signed print, McDonald's Warsaw receipt / a personal note from Vicky / photo strip from instant photo machine located in St. Pauli Hamburg / contact form from restaurant 26 Shibuya in Berlin and a Spotify playlist",,"Vicky: ‘Fucking Glad I met You’ is a personal and raw collection of portraits and mobile phone snapshots shot in the summer of 2020 by Dutch photographer Ilja Keizer. The images were made during an intense journey that led them around Europe in a little over 3 months, with the trip ending in a tiny Polish village where Vicky lives. The result is a highly personal document, including a signed print and various inserts.",,,,,,,,,,,
Keller,Dagmar,Passengers,Spector Books,2014,,,,978-3944669021,,,,,,,,,,,,,,,,/assets/images/covers/9783944669021.jpg
Keller; Martin Wittwer,Dagmar,Passengers,,,,,,,,,,,,,,,,,,,,,,
Kern,Richard,Extra High,INNEN,2021,5.11 x 7.48 in,"Softcover, Color Offset Printed, 36 pages",Edition of 1000,,,,,,Booklet / Zine sequel to CONTACT HIGH. Women smoking weed. New smoker photos plus outtakes from CH sessions in a smaller format.,http://www.richardkern.com/,,NYC,"erotica, nyc, nude, girls",,,,,,,
Kern,Richard,Half Half,co-published by Catalogue Library and Shizen Brooklyn,2019,9.5 x 6.5 x .5 inches,"Softcover, 78 pages, color",Edition of 400,,,,,,"Half Half was photographed in Tokyo and New York City between 2016 and 2018. Photographs by Richard Kern. Styling, hair and makeup by Shizen Brooklyn (NYC) and The Oversea (Tokyo). Design and Layout by Catalogue",http://www.richardkern.com/,,NYC,"erotica, nyc, nude, girls",Individual Photographer Zine,,,,,,
Kern,Richard,,,,,,,,,,,,,http://www.richardkern.com/,,,"erotica, nyc, nude, girls",Individual Photographer Monograph,,,,,,
Kern,Richard,Medicated,APE (Art Paper Editions),2021,,,,,,,,Jurgen Maelfeyt,"My name is Faye and I’m 18. I take 15 mgs of Adderall extended release. I started taking them last year when I was 17. I’ve always had like problems in school, behavioral problems, and I’ve had problems in class… but I was on my last year of high school so—I was doing really badly so my mom and I thought that we should like finally go to a psychiatrist and get something for me to like push me through. Like it wasn’t the most intense examination he was like so- if I didn’t have this problem I could still go in and lie about it. Like I just told him what was wrong with me and he just prescribed me something. Like I could’ve been lying. I said that I can’t pay attention in class, I’m really disorganized, and I also went to him for anxiety too, cause I have really bad anxiety, and I feel like my attention and anxiety go like hand in hand.",http://www.richardkern.com/,https://artpapereditions.org/,Individual Photographer Monograph,"erotica, nyc, nude, girls, drugs, weed",Individual Photographer Monograph,,,"Hudson Street Library, NYC",,,
Kern,Richard,Medicated,APE (Art Paper Editions),2021,,2nd copy,,,,,,Jurgen Maelfeyt,"My name is Faye and I’m 18. I take 15 mgs of Adderall extended release. I started taking them last year when I was 17. I’ve always had like problems in school, behavioral problems, and I’ve had problems in class… but I was on my last year of high school so—I was doing really badly so my mom and I thought that we should like finally go to a psychiatrist and get something for me to like push me through. Like it wasn’t the most intense examination he was like so- if I didn’t have this problem I could still go in and lie about it. Like I just told him what was wrong with me and he just prescribed me something. Like I could’ve been lying. I said that I can’t pay attention in class, I’m really disorganized, and I also went to him for anxiety too, cause I have really bad anxiety, and I feel like my attention and anxiety go like hand in hand.",http://www.richardkern.com/,https://artpapereditions.org/,Individual Photographer Monograph,"erotica, nyc, nude, girls, drugs, weed",Individual Photographer Monograph,,,"Hudson Street Library, NYC",,,
Kern,Richard,Bed Bath and Beyond,Innenzines,,,,,,,,,,,http://www.richardkern.com/,,Individual Photographer Monograph,"erotica, nyc, nude, girls",Individual Photographer Monograph,,,,,,
Kern,Richard,Bed Bath & Beyond,,,,,,,,,,,,http://www.richardkern.com/,,Individual Photographer Monograph,"erotica, nyc, nude, girls",Individual Photographer Monograph,,,,,,
Kessels,Erik,Unfinished Father,RVB Books,2016,,,,979-1090306387,,,Signed,,,,,,,,,,,,,/assets/images/books/Kessels_Unfinished_Father_9791090306387.jpg
Kessels,Erik,Useful Photography #001,Kesselskramer,,210 x 297 mm,"Softcover, Colour / black & white, 210 x 297 mm, 60 pages",,978-90-72007-70-4,,,,,,https://www.erikkessels.com/,,,Photography,,,,,,,/assets/images/books/Kessels_Useful_Photography_001_9789072007704.jpg
Kessels,Erik,Useful Photography #002,Kesselskramer,,210 x 297 mm,"Softcover, Colour, 210 x 297 mm, 258 pages,",,978-90-75380-46-0,,,,,,https://www.erikkessels.com/,,,Photography,,,,,,,/assets/images/books/Kessels_Useful_Photography_002_9789075380460.jpg
Kessels,Erik,Useful Photography #003,Kesselskramer,,210 x 297 mm,"Softcover, Colour / black & white, 210 x 297 mm, 160 pages",,978-90-75380-62-0,,,,,,https://www.erikkessels.com/,,,Photography,,,,,,,/assets/images/books/Kessels_Useful_Photography_003_9789075380620.jpg
Kessels,Erik,Useful Photography #004,Kesselskramer,,210 x 297 mm,"Softcover, Colour, 210 x 297 mm, 80 pages",,978-90-75380-96-5,,,,,,https://www.erikkessels.com/,,,Photography,,,,,,,/assets/images/books/Kessels_Useful_Photography_004_9789075380965.jpg
Kessels,Erik,Useful Photography #005,Kesselskramer,,210 x 297 mm,"Softcover, Colour, 210 x 297 mm, 84 pages",,978-90-70478-06-3,,,,,,https://www.erikkessels.com/,,,Photography,,,,,,,
Kessels,Erik,Useful Photography #006,Kesselskramer,,210 x 297 mm,"Softcover, Colour / black & white, 210 x 297 mm, 88 pages,",,978-90-70478-12-4,,,,,,https://www.erikkessels.com/,,,Photography,,,,,,,
Kessels,Erik,Useful Photography #007,Kesselskramer,2007,210 x 297 mm,"Softcover, Colour / black & white, 210 x 297 mm, 64 pages, soft cover.",,978-90-70478-16-2,,,,,,https://www.erikkessels.com/,,,Photography,,,,,,,
Kessels,Erik,Useful Photography #009,Kesselskramer,2009,210 x 297 mm,"Softcover, Colour, 210 x 297 mm, 172 pages,",,978-90-70478-25-4,,,,,,https://www.erikkessels.com/,,,Photography,,,,,,,/assets/images/books/Kessels_Useful_Photography_009_9789070478254.jpg
Kessels,Erik,Useful Photography #010,Kesselskramer,,210 x 297 mm,"Softcover, Colour, 176 pages",,978-90-70478-34-6,,,,,,https://www.erikkessels.com/,,,Photography,,,,,,,/assets/images/books/Kessels_Useful_Photography_010_9789070478346.jpg
Kessels,Erik,Useful Photography #011,Kesselskramer,,210 x 297 mm,"Softcover, Colour, 176 pages",,978-90-70478-34-6,,,,,,https://www.erikkessels.com/,,,Photography,,,,,,,/assets/images/books/Kessels_Useful_Photography_010_9789070478346.jpg
Kessels,Erik,Useful Photography #012,Kesselskramer,,210 x 297 mm,"Softcover, Colour, 210 x 297 mm, 104 pages",,978-90-70478-40-7,,,,,,https://www.erikkessels.com/,,,Photography,,,,,,,/assets/images/books/Kessels_Useful_Photography_012_9789070478407.jpg
Kessels,Erik,Useful Photography #013,Kesselskramer,,210 x 297 mm,"Softcover, Colour, 210 x 297 mm, 240 pages",,978-90-70478-43-8,,,,,,https://www.erikkessels.com/,,,Photography,,,,,,,/assets/images/books/Kessels_Useful_Photography_013_9789070478438.jpg
Khandekar,Narayan,Collecting Colour,,,,,,,,,,,,,,,,,,,,,,
Kiefer,Anselm,Die Buchstaben,Wienand,2012,27.3 x 1.2 x 2 cm,,,978-3868321067,by Walter Smerling (Editor),Anselm Kiefer (Contributor),,,"Our civilization would be inconceivable without letters. In a meaningful way, words, sentences and scripts are strung together, especially the printed word that shapes our existence. Anselm Kiefer deals with this power of the word in his work The Letters, to which this publication is dedicated. Sunflowers that grow out of a printing machine, rolls of film that spill on the floor, letters that are scattered on the floor combine to create a space-filling installation. The artist develops an ambiguous symbiosis from the surprising combination of technical object and natural organism. Numerous large-format detailed images enable intensive immersion in this complex, poetic spatial staging.",,,,,,,,,,,/assets/images/books/Kiefer_Die_Buchstaben_9783868321067.jpg
Kilimnik,Karen,Photographs,,2015,,252 pages,,978-3905929584,,,,,,,,,Photography,,,,,,,/assets/images/books/Kilimnik_Photographs_9783905929584.jpg
Kim,Sandy,Puss Puss,,,,,,,,,,,,,,,,,,,,,,
Kiwitt,Stephanie,"Four Oranges, Some Office Buildings, Woman's Legs",APE (Art Paper Editions),2015,,32 pages,,978-9490800376,,,,,,,,Photography,Photography,,,,,,,/assets/images/books/Kiwitt_Four_Oranges_Some_Office_Buildings_Woman_s_Legs_9789490800376.jpg
Klien,Jens,Sunset,Spector Books,,,,,,,,,,,,,,,,,,,,,
Knorr,Karen,Belgravia,,,,,,,,,,,,,,,,,,,,,,
Kominek,Misha,Test The Wind,,,,,,,,,Signed,,,,,,,,,,,,,
Konami,Jiro,Namedaruma,,2021,,,,,,,,,,,,,,,,,,,,
Konrad,Aglaia,Japan Works,Roma Publications,2021,21 x 26 cm,"Softcover, 496 pages",,978-9492811912,,,,Roger Willems.,"Aglaia Konrad’s photographic work probes the social, cultural, economic, political, and historical parameters that inform architecture and urbanism. Japan Works is the result of her journey through Japan in the autumn of 2019. Using a pre-compiled list of places with exceptional architecture, Konrad took thousands of photos in Tokyo, Itoigawa, Kyoto, Nagoya and Osaka. In addition to mostly iconic, post-war Metabolist architecture, Konrad also took a large number of photos of nonspecific architectural moments and infrastructure that, with the same intensity, give their own impression of the architectural landscape in Japan. Free associations of full-page photographs alternate with contact sheets documenting her itinerary. These are informed by postscript glosses written by architect and critic Julian Worrall.",https://aglaiakonrad.com,https://www.romapublications.org,,,,,,,,,
Kooiker,Paul,Luxaflex,Dashwood,2017,,"Softcover zine, 14 pages, with 20 black and white reproductions (including covers). There are no texts or essays.","Numbered, 140 copies",NA,,,,,20 black and white reproductions (including covers). There are no texts or essays.,,,Individual Photographer Monograph,,Individual Photographer Monograph,,,"Hudson Street Library, NYC, NYC",,,
Kooiker,Paul,The Rumour,APE (Art Paper Editions),2020,24 x 33 cm,"40 pages, 40 p, ills colour, thread sewn + signed and numbered print",Limited edition of 700 copies,978-9493146488,,,,,"One title and 19 donkey’s, Paul Kooiker’s statement about surrealism.",,https://artpapereditions.org/,Photography,"Donkey, Animal, Surrealism",Individual Photographer Monograph,,,"Hudson Street Library, NYC, NYC",,,/assets/images/books/Kooiker_The_Rumour_9789493146488.jpg
Kooiker,Paul,The Rumour,APE (Art Paper Editions),2020,24 x 33 cm,"40 pages, 40 p, ills colour, thread sewn + signed and numbered print",Limited edition of 700 copies,978-9493146488,,,,,"One title and 19 donkey’s, Paul Kooiker’s statement about surrealism.",,https://artpapereditions.org/,Photography,"Donkey, Animal, Surrealism",Individual Photographer Monograph,,,"Hudson Street Library, NYC, NYC",,,/assets/images/books/Kooiker_The_Rumour_9789493146488.jpg
Kooiker,Paul,Heaven,Van Zoetendaal Gallery,2012,9.72 x 0.87 x 13.7 inches,"Hardcover, 176 pages",,978-9072532138,,,,,,,,Individual Photographer Monograph,Art,Individual Photographer Monograph,,,"Hudson Street Library, NYC, NYC",,,/assets/images/covers/9789072532138.jpg
Kooiker,Paul,Nude Animal Cigar,Art Paper Edition,2015,9.65 x 1.61 x 7.01 inches,"336 pages, Hardcover, , 336 pp",500,978-9490800284,,,,,,http://www.paulkooiker.com/,https://www.kominek-gallery.com/,Individual Photographer Monograph,,Individual Photographer Monograph,,,"Hudson Street Library, NYC, NYC",,,/assets/images/books/Kooiker_Nude_Animal_Cigar_9789490800284.jpg
Kooiker,Paul,Nude Animal Cigar,Art Paper Edition,2015,9.65 x 1.61 x 7.01 inches,"336 pages, Hardcover, , 336 pp",500,978-9490800284,,,,,,http://www.paulkooiker.com/,https://www.kominek-gallery.com/,Individual Photographer Monograph,,Individual Photographer Monograph,,,"Hudson Street Library, NYC, NYC",,,/assets/images/books/Kooiker_Nude_Animal_Cigar_9789490800284.jpg
Kroll,Eric,THE NEW YORK YEARS 1971 to 1994 (regular edition) – Eric Kroll,,,,,,,,,,,,,,,New York City,,,,,,,
Kruger,Barbra,"Barbara Kruger : Thinking of You, I Mean Me, I Mean You",DelMonico Books/Los Angeles County Museum of Art,2021,8.98 x 1.1 x 10.24 inches,"Hardcover, 208 pages",First edition,978-1942884774,,,Not signed or inscribed.,"Designed by IN-FO.CO (Adam Michaels, Marina Kitchen)","Since the mid-1970s, Barbara Kruger (born 1945) has been interrogating consumer culture in works that often combine visual and written language. In her singular graphic style, Kruger probes aspects of identity, desire and consumerism that are embedded in our everyday lives. This volume traces her continuously evolving practice to reveal how she adapts her work in accordance with the moment, site and context. The book features a range of striking images—from her analogue paste-ups of the 1980s to digital productions of the last two decades, including new works produced on the occasion of the exhibition. Also featured are singular works in vinyl, her large-scale room wraps, multichannel videos, site-specific installations and commissioned works",,,Individual Artist Monograph,"Art, Feminism, Pop Culture",Individual Artist Monographs,"ART055000, ART037000, ART050010",709.2,Clipper,,,/assets/images/books/Kruger_Barbara_Kruger_Thinking_of_You_I_Mean_Me_I_Mean_You_9781942884774.jpg
Kruger,Barbra,"Remote Control : Power, Cultures, and the World of Appearances",The MIT Pres4,1994,6 x 0.5 x 9 inches,Paperback,,978-0262611060,,,,,,,,,,,,,Clipper,,,/assets/images/books/Kruger_Remote_Control_Power_Cultures_and_the_World_of_Appearances_9780262611060.jpg
Kruger,Barbra,Thinking of you,The MIT Press & The Museum of Contemporary Art,1999,9.25 x 1 x 11.25 inches,"Hardcover, 268 pages",,978-0262112505,,,,,,,,,Art,,,,Clipper,,,
Kruger,Barbra,Love for Sale: The Words and Pictures of Barbara Kruger,Harry N Abrams Inc,1990,11 x 0.75 x 13 inches,"Hardcover, 88 pages",,978-08109121,,,,,,,,,,,,,Clipper,,,
Kruger,Barbra,We Won't Play Nature to Your Culture,"The Institute of Contemporary Arts, London & The Kunsthalle Basel",1983,,,,,,,,,,,,,Nature,,,,Clipper,,,
Kruger,Barbra,,,,,,,,,,,,,,,,,,,,Clipper,,,
Kruger,Barbra,Believe + Doubt,Kunsthaus Bregenz,2021,,,,,,,,,,,,,,,,,,,,
Kudász,Arion,Human by Gábor,Self-published in cooperation with Faur Zsófi Gallery,2018,"18,8 x 25 cm","hardcover, dust jacket, 120 pages, 80 duotone illustrations",500 numbered copies,978-615-00-0603-1,,,,,,,,,Art,,,,,,,
Kurland; John Yau (poet),Justine,Black Threads from Meng Chiao,TIS Books,2015,5.75 x 8 in.,"Softbound French Fold, 54 pages 20 tritone plates",Edition of 400,,,,Signed,,"In a true collaboration, Justine Kurland and John Yau shared photographs and poems throughout the making of Black Threads from Meng Chiao, each reacting to the work of the other many times over. The result is a revelation for each: Kurland's intimate interior black-and-white images offer a new side of an artist known for large-format color pictures of landscapes both peopled and not; Yau's spare, precise language is given room to reveal multiple layers of meaning over the three distinct formal sections that comprise the title poem. A friendship between these two was born several years ago after Yau - also a renowned critic - wrote about Kurland's photographs, but an artistic partnership wasn't contemplated until they recently found themselves in similar mental and emotional situations born of quite different logistical circumstances. Yau was housebound while recuperating from knee and neck surgeries, and Kurland was off the road (her accustomed place of working), caring for her son in the East Village. It was, in Kurland's words, a period of ""house arrest, or being shipwrecked"" for both. Kurland turned away from the 4x5 film camera and its slow working process to embrace the immediacy of a digital SLR and its instant results, producing tight interior shots as claustrophobic and caged as she felt. Through the magic of email, she shared the raw results with Yau, who responded both to the specifics of her images and to the way he was feeling as a person whose full, unfettered mobility had been temporarily removed from him. The idea of Meng Chiao's Black Threads came from that poet's late poems, in which he wrote sequences comprised of interconnected (or, to Yau's thinking, echoing) lyrics. Yau started the sequence after he was unable to find the book in his library, and took this as a sign to begin writing in the space of its absence. In turn, the photographer internalized the poet's ideas to spur the making of new pictures, and the process was repeated several times. Kurland says the result is like ""staring out a window at a brick wall across the alley"" - finding some way to deal with adverse situations and making sense of them through the creation of something new in the world.",,,,,,,,,,,
Kurmaz,Sasha,Concrete and sex,,,,,,,,,,,,,,,,,,,,,,
L,,,,,,,,,,,,,,,,,,,,,,,,
Lacombe,Quentin,Event Horizon,,,,,,,,,,,,,,,,,,,,,,
Ladd,Jeffrey,A Field Measure Survey of American Architecture,Pogo Books,2021,23.32 x 17 cm,"Paperback with buckram cover, 368 pages",,9781913620417,,,Signed,,"Drawing from the nearly half a million photographs and documents comprising the Historic American Buildings Survey held in the US Library of Congress, this book constructs a fictional ‘one-way road trip’ across the United States, weaving north and south across the Mason-Dixon line while tacking west. In A Field Measure Survey of American Architecture, Jeffrey Ladd uses the HABS archive as a surrogate in order to manifest a portrait of his former country at a moment when its democracy seems imperiled.",,https://mackbooks.co.uk,,Architecture,,,,,,,/assets/images/books/Ladd_A_Field_Measure_Survey_of_American_Architecture_9781913620417.jpg
Lambert,Matt,KEIM,,2015,,168 pages,,9782940524020,,,,,,,,,,,,,,,,
Lange,Mårten,The Mechanism,,,,,,,,,Signed,,,,,,,,,,,,,
Larrain,Sergio,Sergio Larrain (Agnes-Sire),aperture,,,,,,,,,,,,https://aperture.org/,,Photography,,,,,,,
Lattuada,Alberto,USA 1972,,,,,,,,,,,,,,,,,,,,,,
Le Hors,Pierre,Byways & Through Lines,,,,,,,,,,,,,,,,,,,,,,
Lee,H,Grassland,,,,,,,,,,,,,,,,,,,,,,
Leiter,Saul,Women,,,,,,,,,,,,,,,,,,,,,,
Leiter,Saul,All About Saul Leiter,,,,,,,,,,,,,,,,,,,,,,
Leiter,"Saul Leiter, Paul",It Don't Mean A Thing,Steidl Publishers,2018,,"368 pages	Hardcover, in very good condition.",First edition,978-3958293290,Margit Erb (Editor,Not signed or inscribed.,,,"""It Don't Mean A Thing"" is a comprehensive survey of the color photographs of Saul Leiter and his brother, Paul Leiter. It includes many previously unpublished photographs, and essays by various contributors.",,,Art,"Photography, Art, Color Theory","ART029000, ART051000, ART016000","ART029000, ART051000, ART016000",779.36,"Hudson Street Library, NYC, NYC",,,/assets/images/covers/9783958293290.jpg
Leiter,"Saul Leiter, Paul",It Don't Mean A Thing,,,,2nd copy,,,,,,,,,,,,,,,,,,
Leone,Lisa,Here I Am,Minor Matters,,,,,,,,,,,,,,,,,,,,,
Lesy,Michael,Angel's World: The New York Photographs of Angelo Rizzuto,W. W. Norton & Company,2005,,128 pages,,978-0393061116,,,,,,,,,"New York City, Photography",,,,,,,/assets/images/books/Lesy_Angel_s_World_The_New_York_Photographs_of_Angelo_Rizzuto_9780393061116.jpg
Leutwyler,Henry,Ballet: Photographs of the New York City Ballet,"Steidl Druckerei Und Verlag, Gerhard",2015,,,,,,,,false,,,https://steidl.de/,https://steidl.de/,"New York City, Photography",,,779.979281,779.979281,,,
Leutwyler,Henry,Document,Steidl,2016,,"Hardcover, 208 pages",,978-3869309699,,,,,,,https://steidl.de/,"Individual Photographers ; Monographs, Dance ; Classical & Ballet, United States ; Northeast ; Middle Atlantic",,"Individual Photographers ; Monographs, Dance ; Classical & Ballet, United States ; Northeast ; Middle Atlantic",,,,,,/assets/images/books/Leutwyler_Document_9783869309699.jpg
Lichtenstein,Roy,"Roy Lichtenstein: History in the Making, 1948-1960",Rizzoli Electa,2020,,,,,,,,false,,,,,History,,,,Clipper,,,
Lichtenstein,Roy,Lichtenstein Posters,,,,,,,,,,,,,,,,,,,Clipper,,,
Lichtenstein,Roy,Greene Street Mural,,,,,,,,,,,,,,,,,,,Clipper,,,
Lichtenstein,Roy,Girls,,,,,,,,,,,,,,,,,,,Clipper,,,
Lichtenstein,Roy,Lichtenstein Posters,Prestel,,,,,,,,,,,,,,,,,,Clipper,,,
Lichtenstein,Roy,,,,,,,,,,,,,,,,,,,,Clipper,,,
Lilley,Lynn Alleva,Tender Mint ,,,,,,,,,,,,,,,,,,,,,,
Lindbergh,Peter,A Different Vision on Fashion Photography,Taschen,,,,,,,,,,,,,,"Art Book, Fashion, Photography",,,,,,,
Lixenberg,Dana,Imperial Courts,,,,,,9789491843426,,,,,,,,,,,,,,,,/assets/images/covers/9789491843426.jpg
Lloyd,Brett,Scugnizzi (PRE-ORDER A COPY),,,,,,,,,,,,,,,,,,,,,,
Lozano,Lee,Private Book 1,KARMA,2016,5 × 3 inches,"spiral-bound paperback, 136 pages",First Edition,,,,,,,https://www.hauserwirth.com/artists/2812-lee-lozano/,https://karmakarma.org/,,,,,,,,,
Lozano,Lee,Private Book 2,KARMA,2017,5 × 3 inches,"spiral-bound paperback, 196 pages",2500,,,,,,,https://www.hauserwirth.com/artists/2812-lee-lozano/,https://karmakarma.org/,,,,,,,,,
Lozano,Lee,Private Book 3,KARMA,2017,5 × 3 inches,"spiral-bound paperback, 200 pages",2500,,,,,,,https://www.hauserwirth.com/artists/2812-lee-lozano/,https://karmakarma.org/,,,,,,,,,
Lozano,Lee,Private Book 4,KARMA,2018,5 × 3 inches,"spiral-bound paperback,",2500,,,,,,,https://www.hauserwirth.com/artists/2812-lee-lozano/,https://karmakarma.org/,,,,,,,,,
Lozano,Lee,Private Book 5,KARMA,2018,5 × 3 inches,"spiral-bound paperback,",2500,,,,,,,https://www.hauserwirth.com/artists/2812-lee-lozano/,https://karmakarma.org/,,,,,,,,,
Lozano,Lee,Private Book 6,KARMA,2019,5 × 3 inches,"spiral-bound paperback,",2500,,,,,,,https://www.hauserwirth.com/artists/2812-lee-lozano/,https://karmakarma.org/,,,,,,,,,
Lozano,Lee,Private Book 7,KARMA,2019,5 × 3 inches,"spiral-bound paperback,",2500,,,,,,,https://www.hauserwirth.com/artists/2812-lee-lozano/,https://karmakarma.org/,,,,,,,,,
Lozano,Lee,Drawings,Hauser & Wirth,2006,,,First Edition,,,,,,,https://www.hauserwirth.com/artists/2812-lee-lozano/,,,Art,,,,,,,
Lozano,Lee,Lozano c. 1962,Karma,2017,8.3 x 0.6 x 10.4 inches,"Hardcover, 92 pages",First Edition,978-1942607588,,,,,,https://www.hauserwirth.com/artists/2812-lee-lozano/,https://karmakarma.org/,,,,,,,,,/assets/images/books/Lozano_Lozano_c._1962_9781942607588.jpg
Lozano,Lee,Tools,An Art Service; 500th edition,2011,,,First Edition,,,,,,,https://www.hauserwirth.com/artists/2812-lee-lozano/,,,,,,,,,,
Lubina,Himid,Lubina Himid,,2022,,,,,,,No,,,,,,,,,,,,,
Luchford,Glen,Damaged Negatives,,,,,,,,,,,,,,,,,,,,,,
Lynch,David,Distorted Nudes,Absurda,2004,,74 pages,,ASIN: B004CP2P1Q,,,,,,,,,,,,,,,,
Lyon,Danny,Conversations With the Dead,"Henry Holt & Company, Inc.",1971,,,,978-0030850691,,,,,,,,,,,,,,,,
Lyon,Danny,The Seventh Dog,,,,,,,,,,,,,,,,,,,,,,
Lyon,Danny,Message to the Future,,,,,,,,,,,,,,,,,,,,,,
Lyon,Danny,The Bike Riders,,,,,,,,,x,x,,,,,,,,,,,,
M,,,,,,,,,,,,,,,,,,,,,,,,
Ma,Phyllis,Mushrooms & Friends 1,Self published,,,,,,,,,,,,,,,,,,,,,
Ma,Phyllis,Mushrooms & Friends 2,Self published,,,,,,,,,,,,,,,,,,,,,
Ma,Phyllis,Mushrooms & Friends 3,Self published,,,,,,,,,,,,,,,,,,,,,
Macasaet,Manon,I Heart Tattoo,Self published,2021,8 x 10 inches,"18 pages, Spiral Bound Softcover. 18pp.",,,,"Featuring: Ally Bo, Keegan Dakkar, Sofia Leilani, Milah Libin, Ibuki Sakai, Aurel Schmidt, Will Sheldon, Zora Sicher, Pacing Tiger, Keke,",,,"18 pages of temporary tattoos, curated by Manon Macasaet.",,,,,,,,,,,
MacKillop,Sara,New Stationary Department,Motto,2013,,,,978-2940524020,,,,,,http://www.mottodistribution.com/shop/new-stationery-department.html,,,Photography,,,,,,,
Maechtig,Saša J.,"Saša J. Maechtig: Systems, Structures, Strategies",Mao Museum Architecture And De,2018,9.45in. x 1in. x 1in.,"Boards, 226 pages. Out of print",First Edition,978-9616669375,by Ed Maja Vardjan (Author),NA,,,"Saa J. Mächtig is one of the most prominent creative forces in Slovenian industrial design. His best-known and most influential work is Kiosk K67, whose modular design and complex system of elements represents the very essence both of his larger design philosophy and practice. Mächtigs approach is systemic, with individual products and design strategies consistently conceived as part of a wider system that can develop, grow and change. According to him, urban space should not be furnished with individual, self-sufficient objects, but should instead offer open systems of flexible structures to create active areas that facilitate daily rituals, exchange of information and the participation of all. The publication reflects Mächtigs systemic thought, interdisciplinary work, concept designs and end products, while showcasing the process of creation, from first concepts and project variations to extensive research, testing in public space and marketing campaigns.",,,,"Architecture, Art",,,,,,,
Maelfeyt,Jurgen,WET,APE (Art Paper Editions),2021,23 x 30 cm,"48 pages, Hardcover, 48 p, ills colours, linnen",Edition of 500,978-9493146662,,,,,,,,,,,,,,,,
Maki,,Welcome 2 my Room,,,,,,,,,,,,,,,,,,,,,,
Makos,Christopher,White Trash Uncut,ii,,,,,,,,,,,,,,,,,,,,,
Makoto,Azuma,The Encyclopedia of Flowers,,2011,,,,,,,,,,,,,Reference,,,,,,,
Makoto,Azuma,The Encyclopedia of Flowers II,,2015,,,,,,,,,,,,,Reference,,,,,,,
Makoto,Azuma,The Encyclopedia of Flowers III,,2016,,,,,,,,,,,,,Reference,,,,,,,
Makoto,Azuma,The Encyclopedia of Flowers IV,,2019,,,,,,,,,,,,,Reference,,,,,,,
Maljkovic,David,New Reproductions,,,,,,,,,,,,,,,,,,,,,,
Mallios,Jessica,Local Time,The Center for Ongoing Reasearch & Projects,2015,,,,978-0-9960787-3-3,,,,,,,,,,,,,,,,
Malls,Michael,Across Gilnsky America,Steidl,,,,,,,,,,,,https://steidl.de/,,,,,,,,,
Malmström,Henrik,A Minor Wrong Doing (signed),,2015,Height: 21.0 cm | Width: 6.3 cm,288 pages,,,,,,,"Slowly but steadily we become immersed in what Henrik Malmström saw and photographed from the window of his living room. The pages of A Minor Wrongdoing unfold as a hypnotic sequence of candid shots taken at the neighbourhood of St. Georg in Hamburg, between 2011 and 2014. Hundreds of them, they record the last remains of street life in an urban area that is currently undergoing fierce gentrification after recent official law enforcement against street-based prostitution. Malmström used a cheap digital camera forcing its ISO levels to reproduce in each scene the raw effect of a surveillance cam. The grainy monochromatic material of his voyeuristic enterprise has been put together in this voluminous book replicating a messy police report archive. Printed in sharp dots, the grain adds a grade of unprecedented abstraction and beauty to the sequence whereas the quantity of images breaks with the conventional linear story structure. There is an uncanny feel in it. And obsession: the unconfessed obsession of a photographer who happened to be in the right place at the right time. We do not get to see much of what he photographed but we can still imagine pretty much happening in this obscure underworld of transactions.",,,"Photography, Hamburg, St. Georg, Surveillance, Street photography, Gentrification, Urban life","Photographer Monographs, Street Photography",Surveillance Index,,,,,,/assets/images/books/Malmstrom_A_Minor_Wrong_Doing.jpg
Malmström,Henrik,Life is One Live it Well (signed),,,,,,,,,,,,,,,,,,,,,,
Mandel,Mike,Good 70s,J&L Books / d.a.p.,,,,,,,,,false,,,,,,,,,,,,
Mandel,Mike,People In Cars,,,,,,,,,,,,,,,,,,,,,,
"Mapplethorpe, Nigel Shafran, Pierre",Robert,Robert Mapplethorpe: Portraits,Palm Springs Art Museum,,,,,,,,,,,,,,"Art, Photography",,,,,,,
"Mapplethorpe, Nigel Shafran, Pierre",Robert,Flowers,Bulfinch,,,,,,,,,,,,,,Photography,,,,,,,
"Mapplethorpe, Nigel Shafran, Pierre",Robert,Robert Mapplethorpe The Photographs,LACMA,,,,,,,,,,,,,,Photography,,,,,,,
"Mapplethorpe, Nigel Shafran, Pierre",Robert,Dashwood Book Series (LTD EDITION - VOL 2),Dashwood Books,,,,,,,,,,,,https://dstrettell.com/,,Photography,,,,,,,
"Mapplethorpe, Nigel Shafran, Pierre",Robert,Mapplethorpe Flora,Phaidon Press,,,,,,,,,,,,https://www.phaidon.com,,"Art Book, Photography",,,,,,,
"Mapplethorpe, Nigel Shafran, Pierre",Robert,Mapplethorpe,Random House,,,,,,,,,,,,,,Photography,,,,,,,
"Mapplethorpe, Nigel Shafran, Pierre",Robert,Mapplethorpe,teNeues,,,,,,,,,,,,,,Photography,,,,,,,
Marclay,Christian,Cyanotypes,JRP / Ringier,2012,,"Hardcover, 144 pages (100 color ill.)",,,"by Noam Elcott (Author), Margaret Miller (Author), David Norr (Editor),",,,NORM,,,,,,,,,,,,
Marclay,Christian,Index,Edition Patrick Frey,2021,8.25 x 11.75 in,"1200 pages, Paperback,1200 pgs, 600 bw.",,9783907236086,,,,,,,https://www.editionpatrickfrey.com/,,,,,,,,,/assets/images/books/Marclay_Index_9783907236086.jpg
Marclay,Christian,Action,Hatje Cantz,2016,Height: 27.94 cm | Width: 21.08 cm,176 pages,,9783775740418,,,,,"When his 24-hour film The Clock was awarded the Golden Lion at the 54th Venice Biennale in 2011, Christian Marclay's hour had struck. Christian Marclay's Actions Series is a vibrant exploration of the intersection between sound and visual art. These works employ onomatopoeic words in comic-strip style, transforming auditory expressions into visual forms. Each piece in the series captures the dynamic energy of sound through bold graphics and vivid colors, inviting viewers to experience the artwork both visually and sonically. Marclay's innovative approach continues his career-long investigation into how sound can be represented and perceived in a visual medium, challenging traditional boundaries between auditory and visual experiences.",,https://www.hatjecantz.de/,,,,,,,,,/assets/images/books/Marclay_Action_NULL.jpg
Marclay,Christian,To be continued...,,,,,,,,,,,,,,,,,,,,,,
Marcopoulos,Ari,"Comme des Garcons, Motorcycle Ballerinas",,,,,,,,,,,,,,,,,,,,,,
Marcopoulos,Ari,Portraits From the Studio and the Street,,,,,,,,,,,,,,,,,,,,,,
Marcopoulos,Ari,Wonder,Dashwood Books,2016,,,"Numbered, 100 copies",,,,,,,,https://dstrettell.com/,,,,,,,,,
Marcopoulos,Ari,Epiphany,,,,,,,,,,,,,,,,,,,,,,
Marcopoulos,Ari,Epiphany book by Gucci,IDEA,,,,,,,,,,,,,,,,,,,,,
Marcopoulos,Ari,Impala,,,,,,,,,,,,,,,,,,,,,,
Marcopoulos,Ari,Fumes Matthew Barne Studio,KARMA,,,,,,,,,,,,https://karmakarma.org/,,,,,,,,,
Marcopoulos,Ari,Conrad McRae,Roma Publications,2020,,,,978-9492811486,,,,,,,https://www.romapublications.org/,,,,,,,,,
Marden,Brice,"28 Bond St. New York, NY U.S.A.",,,,,,,,,,,,,,,,,,,,,,
Marden,Brice,Notebook Feb. 1968-,,2015,Height: 19.05 cm | Width: 11.43 cm,90 pages,,,,,,,"Facsimile of American artist Brice Marden's personal journals. On every page, a patchwork of clippings, drawings, renderings and handwritten notes reveal the painter's thought process and document the political and cultural events of the era. A prolific notetaker, Marden filled his journals with subject matter as familiar as references to Italian film director Federico Fellini and as esoteric as ""looking at an object in nature and running lines around it."" The constant throughout is the work–deliberate, studied rectangles of graphite and ballpoint pen allude to the monochrome paintings that earned the artist fame and are a precursor to the panel paintings to come. Each journal is a unique guide to Marden's artistic output from that period as well as a distinct reference to the city–at that time bustling with artists such as Robert Rauschenberg and Jasper Johns–where he painted.",,https://karmakarma.org/,,,,,,,,,/assets/images/books/Marden_Notebook_Feb_1968.jpg
Marden,Brice,Brice Marden,Gagoisan,,,,,,,,,,,,https://gagosian.com/,,,,,,,,,
Marden,Brice,Notebook Sept. 1964-Sept 1967,,2015,Height: 19.05 cm | Width: 11.43 cm,130 pages,,,,,,,"Mars black, lemon yellow, use muddy white. Don't forget the young blonde in La Dolce Vita. Scenes in country cafe and post orgy on the beach. She is the one Benno calls the 'Purity symbol.' Orange green grey. This and other reflections make up Brice Marden: Notebook Sept. 1964-Sept. 1967, facsimiles of American artist Brice Marden's personal journals. On every page, a patchwork of clippings, drawings, renderings and handwritten notes reveal the painter's thought process and document the political and cultural events of the era. A prolific notetaker, Marden filled his journals with subject matter as familiar as references to Italian film director Federico Fellini and as esoteric as ""looking at an object in nature and running lines around it."" The constant throughout is the work–deliberate, studied rectangles of graphite and ballpoint pen allude to the monochrome paintings that earned the artist fame and are a precursor to the panel paintings to come. Each journal is a unique guide to Marden's artistic output from that period as well as a distinct reference to the city–at that time bustling with artists such as Robert Rauschenberg and Jasper Johns–where he painted.",,https://karmakarma.org/,,,,,,,,,/assets/images/books/Marden_Notebook_Sept_1964_Sept_1967.jpg
Marshall,Kerry James,Kerry James Marshall,Phaidon Press,,,,,,,,,,,,,,Art Book,,,,,,,
Marshall,Kerry James,Kerry James Marshall Mastry,Rizzoli,,,,,,,,,,,,,,,,,,,,,
Marshall,Kerry James,History of Painting,David Zwirner,,,,,,,,,,,,https://www.davidzwirnerbooks.com/,,"Art, History",,,,,,,
Marten,Helen,"Therefore, An Ogre",Greene Naftali,2021,,,,,,,,Matthew Stuart,"Designed in collaboration with Matthew Stuart, Helen Marten has produced a limited edition booklet for the exhibition. Contained in a silkscreened folder, there is a text by the artist and fragments of stolen text dating from 1621-present day.",,https://www.greenenaftaligallery.com/,,,,,,,,,
Marten,Helen,Sparrows On the Stone (Sadie Coles exhibition booklet),Made by Helen Marten,2021,Booklet: 300mm x 215mm; Sleeve: 350mm x 230mm,"Softcover in a hand printed envelope, with two inserts.",500,,,,,,with two inserts.. Sleeve: 350mm x 230mm,,,,"Art, Exhibition Catalog",,,,,,,
Marten,Helen,Parrot Problems,,,,,,,,,,,,,,,,,,,,,,
Marten,Helen,Drunk Brown House,Walther König,2017,8 x 0.5 x 11.25 inches,"Paperback, 224 pages",,978-3960980056,,,,,,,https://www.buchhandlung-walther-koenig.de/koenig2/index.php?mode=lang&lang=en,Art,,Individual Artist Monographs,,,,,,/assets/images/books/Marten_Drunk_Brown_House_9783960980056.jpg
Marten,Helen,Drunk Brown House,Serpentine,2017,8 x 0.5 x 11.25 inches,"Paperback, 224 pages",,978-3960980056,,,,,,,https://www.buchhandlung-walther-koenig.de/koenig2/index.php?mode=lang&lang=en,Art,,Individual Artist Monographs,,,,,,/assets/images/books/Marten_Drunk_Brown_House_9783960980056.jpg
Marten,Helen,Helen Marten,JRP | Ringier,2013,8 x 0.75 x 10 inches,"Hardcover, 156 pages",,978-3037643464,,,,,,,,,,,,,,,,/assets/images/books/Marten_Helen_Marten_9783037643464.jpg
Martens,Karel,Motion,Roma Publications,2017,8.35 x 0.75 x 11.77 inches,"Softcover, 304 pages",,978-9491843853,,,,,,https://www.martens-martens.com/,https://www.romapublications.org/,,,,,,,,,
Martens,Karel,Seoul Portraits,,,,,,,,,,,https://www.martens-martens.com/,https://www.martens-martens.com/,,,,,,,,,,
Martens,Karel,,,,24 x 30 cm,"Softcover, 208, ills colour",,,,,,,,https://www.martens-martens.com/,,,,,,,,,,
Martens,Karel,Patterns,Roma,,,,,,,,,,,https://www.martens-martens.com/,https://www.romapublications.org/,,,,,,,,,
Martens,Lous,Dierenboeken voor / Animal books for Jaap Zeno Anna Julian Luca,Roma Publications,2018,,"Softcover, 416 pages, Dutch",,978-9492811073,,,,,,,https://www.romapublications.org/,,,,,,,,,
Martin,Agnus,"Paintings, Writings, Remembrances",Phaidon Press,,,,,,,,,,,,,,Art Book,,,,,,,
Martinez,Eddie,Inside Thoughts,Mitchell-Innes & Nash,2021,,,,,,,,false,,,,,,,,,,,,
Martinez,Eddie,Paintings 2 Loyal Gallery Stockholm 2021,Loyal Gallery Stockholm,2021,,,,,,,No,,,,,,Art,,,,,,,
Martinez,Eddie,Drawings,Triangle Books,2017,177 x 236 mm,,,978-2930777238,,,,,,,,,Art,,,,,,,/assets/images/books/Martinez_Drawings_9782930777238.jpg
Martinez,Eddie,More Drawings,Triangle Books,2020,177 x 236 mm,"Hardcover, 448 pages, 305 images",1000,978-2930777382,,,,,,,,,Art,,,,,,,/assets/images/books/Martinez_More_Drawings_9782930777382.jpg
Marx,Stefan,One Sky Star World Team Alliance,Dashwood Books,2016,,,,,,,,false,,,https://dstrettell.com/,https://dstrettell.com/,,,,,,,,
Marx; Christoph Keller,Stefan,Rebel Without A Cause,MarxKeller,2015,21 x 29.7 cm,"Softcover, Color Offset 188 pages",First Edition,978-3-905999-61-7,,,,,"Rebel Without A Cause is a project by artist Stefan Marx and distiller Christoph Keller. It features Keller's exorbitant collection of over 150 traffic tickets and regulatory warnings that he accumulated over the last 20 years. These acts of misconduct and unpleasant letters by the authorities transform into art with Stefan Marx’ associative drawings layered on top of each ticket. The originals were sold for the same price as the fine multiplied by 7 at Galerie Karin Guenther in Hamburg, under the motto ""cheaper ticket = inexpensive artwork"" thus the initial punishment transforming into a reward, value and joy. A special edition of the book with an original drawing at various price points (fine multiplied by 7) is available in an edition of 15 copies.",http://www.s-marx.de/,https://www.nieves.ch/,,,,,,,,,
Masahisa,Fukase,Ravens,MACK,2017,10.35 x 0.59 x 10.35 inches,"Hardcover, 148 pages",,978-1910164839,,,,,,,https://mackbooks.co.uk,,,,,,,,,
Masao,Yamamoto,Tori,R,,,,,,,,x,,x,,,,,,,,,,,
Matta-Clark,Gordon,Gordon Matta-Clark,David Zwirner,,,,,,,,,,,,https://www.davidzwirnerbooks.com/,,,,,,,,,
Matta-Clark,Gordon,Anarchitect,,,,,,,,,,,,,,,,,,,,,,
Matta-Clark,Gordon,Short Term Eternity,Lugemik & Art Museum of Estonia,2019,110 × 165 mm,"The book was published in two separate editions, in English and in Estonian.",500,97899497234-6-1,,,,,"Short Term Eternity brings together two artists—Gordon Matta-Clark (1943–1978, USA) and Anu Vahtra (1982, Estonia)—whose practices are related to each other in many ways, even if they were born in different times and locations. The aim of the book is not just to compare their work, but to describe the circling of ideas and strategies in the art world from a non-hierarchical perspective. The book was published on the occasion of Gordon Matta-Clark: Anarchitect. Anu Vahtra: Completion through removal, an exhibition at the Kumu Art Museum in Tallinn, 22.02. – 8.06.2019, curated by Sergio Bessa, Jessamyn Fiore, and Anu Allas. As a contrast to the large-scale installations in both Matta-Clark’s and Vahtra’s practice, the book is small in size. The content is printed on thin paper and is divided into three parts. It starts with Completion through removal, a series of photographs by Anu Vahtra showing the spatial intervention realised in the Great Hall in Kumu and ends with the illustrated script of Vahtra’s performance piece Open House Closing. A Walk. The middle section of the book includes three thoroughly illustrated essays, where the images are printed overleaf from the text and are only visible through the page in a gap in the text at their intended location. These gaps or cuts in the text refer to the empty space, characteristic for the practices of both Matta-Clark and Vahtra.",,https://anuvahtra.com/,,Art,,,,,,,
Matta-Clark,Gordon,,,,,,,,,,,,,,,,,,,,,,,
Matta-Clark,Gordon,,,,,,,,,,,,,,,,,,,,,,,
Matta-Clark,Gordon,,,,,,,,,,,,,,,,,,,,,,,
Matta-Clark,Gordon,,,,,,,,,,,,,,,,,,,,,,,
Matta-Clark,Gordon,,,,,,,,,,,,,,,,,,,,,,,
Mayrit,Daniel,You Haven't Seen Their Faces (SIGNED),,,,,,,,,,,,,,,,,,,,,,
Mazur,Katarzyna,Anna Konda,,,,,1/200 copies,978-3-946099-00-0,,,,,,,,,,,,,,,,
McCarthy,Paul,Chocolate Factory Paris,Hatje Cantz,,,,,,,,,,,,https://www.hatjecantz.de/,,,,,,,,,
McCarthy,Paul,Paul McCarthy,Phaidon Press,,,,,,,,,,,,,,Art Book,,,,,,,
McCarthy,Paul,Chocolate Factory Paris,Hatje Cantz,,,,,,,,,,,,https://www.hatjecantz.de/,,,,,,,,,
McCarthy,Paul,Between Beauty and the Beast,,,,,,,,,,,,,,,,,,,,,,
McCartney,Mary,Colour / Monochrome,Gost,,,,,,,,,,,,,,,,,,,,,
McConnell,Gareth,Close Your Eyes,SPBH Editions,2014,,116 Pages,First Edition,,,,,,,,,,,,,,,,,
McConnell,Gareth,"Sex, Drugs and Magick . (?)",,,,,,,,,,,,,,,,,,,,,,
McConnell,Gareth,"Sex, Drugs and Magick",,,,,,,,,,,,,,,,,,,,,,
McDowell,Bill,Ground,,,,,,,,,,,,,,,,,,,,,,
McElroy,Aaron,Sweet,,,,,,,,,,,,,,,,,,,,,,
McElroy; Andreas Laszlo,Aaron,You Can Count On Me,,,,,,,,,,,,,,,,,,,,,,
McGee,Barry,Barry McGee,Foundazione Prada,,,,,,,,,,,,,,,,,,,,,
McGee,Barry,Barry McGee,BAM/PFA/DAP,,,,,,,,,,,,,,,,,,,,,
McGinley,Ryan,Way Far,Rizzoli,,,,,,,,,false,,,,,,,,,,,,
McGinley,Ryan,the kids were alright,MCA DEN VER,,,,,,,,,,,,,,,,,,,,,
McGinley,Ryan,Life Adjustment Center,,,,,,,,,,,,,,,,,,,,,,
McGrath,Dennis,Theatrical Properties,Super Labo,2011,254x203,30 pages,500,978-4905052142,,,,,"Dennis McGrath is a LA and San Francisco-based photographer who is also the master printer for Ed Templeton. ""Theatrical Properties"" is a very unique and cool series that focuses on ""props"" scattered in countless adult movie sets. Ed Templeton is in charge of designing this book. Limited to 500 copies.",,https://www.superlabo.com/,Photography,"Nude, Adult, Erotica, bw, set-design",Photography,,,,,,
McLellan,Alasdair,Ceremony,Self published,2016,,"Softcover, 116 pages, numbered",2000,978-2-918392-10-1,,,,,"A documentation of the British Army ceremonial troops through the eyes of a fashion photographer In 2006, acclaimed fashion photographer Alasdair McLellan spent a month capturing the ceremonial soldiers of the British Army for a magazine assignment, and published the expanded series in this photobook in 2016. McLellan’s images, verging between portraiture and documentation, capture the details and import of their uniforms as well as the soldiers wearing them, accompanying them into their private living spaces and off-duty as they groom their horses. The series is an open testament to the appeal McLellan sees in the traditional uniforms and the values they embody, as well as the centuries of history that went into their colors and design. “You can imagine that this is what Ralph Lauren has always dreamed Britain to be like; the barking of dogs, the clip-clopping of horses, the gleaming silverware, royal thank-you notes on the walls and awfully kind and polite people. Of course, we know that by and large Britain is not like this now—and somehow doubt if it ever really was like this at all. Yet it most definitely is like this here, an affirmation that a time actually did exist in the past when such things went on, and what we are witnessing now isn’t just for show.” (from Jo-Ann Furniss’ introductory essay)",https://www.alasdairmclellan.com,,Photography,"Fashion, Photography",Photography,,,,,$899.00,
McLellan,Alasdair,Ultimate Clothing Company,Self published,2013,,"Softcover, pages, numbered",2000,978-2918392095,,,,,"Being from the North of England Alasdair McLellan's youthful curiosities channeled romantic notions about being English and Northern since he began to photograph in 1986. He has admired those who have directed generations through their own similar obsessions such as Bruce Weber’s playful and sexually charged imagery of America and Steven Patrick Morrissey’s unfaltering melancholy and mythological observations. McLellan’s work maintains both the edginess of these influences as well as the unashamedly lyrical pulse which makes the work a tune for the masses. The Northern, working class aesthetic of Bradford’s Buttershaw Estate, immortalized in Alan Clarke’s classic film Rita, Sue and Bob Too! has continually had a pull for McLellan — his photographs play with the tension of the ordinary in a similarly unselfconscious way as it's writer Andrea Dunbar. Alasdair McLellan’s Ultimate Clothing Company is both an intimate and introspective monograph edited and designed by art directors Mathias Augustyniak and Michael Amzalag M/M (PARIS) and beautifully printed in a numbered limited edition of 2,000 with a poster-wrap dust jacket",https://www.alasdairmclellan.com,,Photography,"Fashion, Photography",Photography,,,,,$899.00,
McMullan,Patrick,so8os: A Photographic Diary of a Decade,powerHouse Books,,,,,,,,,,,,,,Biography,,,,,,,
Mebius,Arthur,Dear Sky / North Korean Aviation (signed),The Eriskay Connection,2017,8.03 x 0.71 x 10.91 inches,"Hardcover, 128 pages",,978-9492051301,,,x,,,,,Photography,"aviation, planes, korea",Photography,,,,,$98.00,/assets/images/books/Mebius_Dear_Sky_North_Korean_Aviation_signed_9789492051301.jpg
Meindertsma,Christian,Bottom Ash Observatory,,,,,,9789464460070,,,,,,,,,,,,,,,,
Meisler,Meryl,A Tale of Two Cities: Disco Era Bushwick T,,,,,,,,,,,,,,,,,,,,,,
Melgaard,Bjarne,Laying the Ghost,Gallery Rod Bianco,2012,12 1⁄4 X 9 inches,Hardcover,,9783037645574,Sverre Bjertnes,,,,,,,,Art,,,,,,,
Meredith,M,Vacant Spaces NY,,,,,,,,,No,Studio Lin,Architecture / Individual Architects & Firms / Monographs,,,,,,,,,,,
Meryerowitz,Joel,Visions/ Immersion,,,,,,,,,,,,,,,,,,,,,,
Meryerowitz,Joel,Where I Find Myself,K,,,,,,,,,,,,,,,,,,,,,
Messager,Annette,Les Tortures Volontaires (Voluntary Tortures),,2013,,Softcover in decorative slipcase,,,,,,,,,,Photography,"Photography, Art,Monograph, After 1945, Body, France, Transience, Society, Found Footage, Photography",Photography,,,,,,
Messager,Annette,Les Tortures Volontaires (Voluntary Tortures),,2013,,,,,,,,,,,,Photography,"After 1945, Art, Body, Found Footage, France, Monograph, Photography, Society, Transience",,,,,,,
Metinides,Enrique,Series,,2011,Height: 34.5 cm | Width: 24.5 cm,144 pages,,9783981510508,,,,,"""Series"" presents Enrique Metinides' iconic crime and disaster photography through a cinematographic lens, organizing 100 photographs—both color and black & white duotone—across fourteen thematic sequences. The book examines works including ""Explosion,"" ""The Tower Suicide,"" and ""The Lovers of Chapultepec,"" revealing how Metinides captures human reactions to tragedy: the faces and postures of survivors after their lives have been fundamentally altered. The sequential arrangement transforms tabloid images into a compassionate documentation where survivors become the focus rather than sensationalism. Metinides' fifty-year career documenting Mexico City's tragedies reveals the city's juxtaposition of mechanical brutality, opulence, and poverty.",,https://kominikbooks.com,Photography,"disaster, emergency, photojournalism, Mexico City, nota roja, crime photography",Photography; Individual Photographers; General Monographs,,,"Hudson Street Library, NYC",,€48.00,/assets/images/books/Metinides_Series_9783981510508.jpg
Metzker,Ray K.,Earthly Delights,,,,,,,,,,,,,,,,,,,,,,
Michaels,Duane,Photography and Reality,Olympus European Photo Gallery,,,,,,,,,,,,,,"Art, Photography",,,,,,,
Michaels,Duane,Story Teller,,,,,,,,,,,,,,,,,,,,,,
Michaels,Duane,The Idiots Delight,Editions Bessard,2021,,,,,,,,false,,,,,,,,,,,,
Mikhailov,Boris,Diary,,,,,,,,,,,,,,,Biography,,,,,,,
Miksys,Andrew,Tulips,,,,,,,,,,,,,,,,,,,,,,
Milach,Radek,The First March of Gentlemen / Kolekcja Wrzesińska,Muzeum Dzieci Wrzesinskich,2017,Muzeum Dzieci Wrzesinskich,"72 pages, Boards, 72 pp., 48 color illustrations",First,,,,,,,http://rafalmilach.com/,,,,,,,,,,
Milner,Stephen,A Spiritual Good Time,Meteoro Editions,,,"Softcover, 80 pages",First edition,,,,,,"The source of the photographs in A Spiritual Good Time is from various surfing magazines published before 1990. The appropriated images from mass-printed surf culture is a meditation on the perpetual pursuit of pleasure. It is a blending of fear and desire within a sport that often focused on the heterosexual gaze, hyper-masculinity, localism and the gossamer tipped dream of all inclusiveness and spirituality. Through tight cropping and editing of the editorial tropes of surf photography, the images are re-contextualized into a loose narrative of the contradictory forces at play.",,,,,,,,,,,/assets/images/books/Milner_A_Spiritual_Good_Time_NULL.jpg
Minter,Marilyn,Plush,,,,,,,,,,,,,,,,,,,,,,
Minter,Marilyn,Pretty Dirty,,,,,,,,,,,,,,,,,,,,,,
Miserachs,Xavier,Miserachs Barcelona,,,,,,,,,,,,,,,,,,,,,,
Mitchell,Tyler,I Can Make You Feel Good,Prestel,,,,,,,,signed,,,,,,,,,,,,,
Mitchell,Peter,Some Thing means Everything to Somebody,,,,,,,,,,,,,,,,,,,,,,
Mitchell,Joan,I carry my landscapes around with me,,,,,,,,,,,,,,,,,,,,,,
Mizutani,Yoshinori,Colors,Amana,2015,,,,978-4865870343,,,,,,,,,,,,,,,,
Mizutani,Yoshinori,Hanon (signed),,,,,,,,,,,,,,,,,,,,,,
Mizutani,Yoshinori,Tokyo Parrots ,,,,,,,,,,,,,,,,,,,,,,
Mollino,Carlo,Photographs 1934–1973,,,,,,,,,,,,,,,Photography,,,,,,,
Mollino,Carlo,Carlo Mollino: Polaroids,,,,,,,,,,,,,,,,,,,,,,
Mollino,Carlo,Carlo Mollino: Photographs 1956-1962,,,,,,,,,,,,,,,Photography,,,,,,,
Mollino,Carlo,Photographs 1934–1973,2nd copy,,,,,,,,,,,,,,Photography,,,,,,,
Monica Ursina,Jager,Topographies,Kodoji,2014,1144 × 30.6 cm // 22 × 30.6 cm,"54 pages, leporello fold, 54 full bleed color plates, 54 full bleed black & white plates, housed in a slipcase, 22 × 30.6 cm",,978-3037470626,,,,,,,,,,,,,,,,
Monk,Billy,Billy Monk,Dewi Lewis Pubishing,,,,,,,,,,,,,,,,,,,,,
Monk,Jonathan,Restaurant Drawings,KARMA,,,,,,,,,,,,https://karmakarma.org/,,Art,,,,,,,
Moore,David,Pictures from the Real World (Colour photographs) 1987-88,David Lewis Publishing,2013,,,,978-1907893339,,,,,,,,,Photography,,,,,,,/assets/images/books/Moore_Pictures_from_the_Real_World_Colour_photographs_1987-88_9781907893339.jpg
Moriyama,Daido,Record no 34 (signed),,,,,,,,,,,,https://www.moriyamadaido.com/,https://www.moriyamadaido.com/,,,,,,,,,
Moriyama,Daido,Record no 32 (signed),,,,,,,,,,,,https://www.moriyamadaido.com/,https://www.moriyamadaido.com/,,,,,,,,,
Moriyama,Daido,Record no 31 (signed),,,,,,,,,,,,https://www.moriyamadaido.com/,https://www.moriyamadaido.com/,,,,,,,,,
Moriyama,Daido,Record no 26 (signed),,,,,,,,,,,,https://www.moriyamadaido.com/,https://www.moriyamadaido.com/,,,,,,,,,
Moriyama,Daido,2000.12.14.pm,,2002,,,,,,,,,"""2000.12.14.pm"" is a publication, specifically a photobook booklet by Japanese photographer Daido Moriyama. It was published by HYSTERIC GLAMOUR in 2002 and is associated with a larger set or documentary project titled ""Near Equal"". Documentary on Japanese photographer Daido Moriyama. It is a booklet that was issued with a set of four prints as part of the ""Near Equal Moriyama Daido"" project.",https://www.moriyamadaido.com/,https://www.moriyamadaido.com/,,,,,,,,,/assets/images/books/Moriyama_2000_12_14_pm.jpg
Moriyama,Daido,Mirage,,,,,,,,,,,,https://www.moriyamadaido.com/,https://www.moriyamadaido.com/,,,,,,,,,
Moriyama,Daido,,,,,,,,,,,,,https://www.moriyamadaido.com/,,,,,,,,,,
Moriyama,Daido,,,,,,,,,,,,,https://www.moriyamadaido.com/,,,,,,,,,,
Moriyama,Daido,,,,,,,,,,,,,https://www.moriyamadaido.com/,,,,,,,,,,
Moriyama,Daido,,,,,,,,,,,,,https://www.moriyamadaido.com/,,,,,,,,,,
Morrisroe,Mark,,JR,,,,,,,,,,,,,,,,,,,,,
Moshammer,Stefanie,Not Just Your Face Honey,Spector Books,2018,idth: 22 cm ; Length: 28.5 cm,"Hardcover thread-sewn, 144 pages, 11 black-white and 62 color illustrations",First,9783959052436,C / O Berlin Foundation,,,Bryndis Sigorjonsdottír / naroska Design,"The series Not Just Your Face Honey by Austrian artist Stefanie Moshammer was produced in the USA nd reflects on the thin line between love and delusion. Her photographic work is based on a love letter written to her in March 2014 by Troy C., a man she did not know. This text led the artist to explore questions of surveillance, stalking, and the image of the other. Her photographs mingle dreams, feelings, and obsessions, combining them into a web of visual associations embedded in a kind of American road movie. Stefanie Moshammer's series Not Just Your Face Honey won together with the art critic Andreas Prinzing the C / O Berlin Talent Award and is being exhibited at the venue from 7 July to 23 September 2018.",,https://spectorbooks.com/,,,Surveillance Index,,,,,,
Moss,Murray,Tertium Quid,,,,,,,,,,,,,,,,,,,,,,
Mosse,Richard,Incoming,,,,,,,,,,,,,,,,,,,,,,
Mott,Toby,KRAFTWERK 45 RPM,,,,,,,,,,,,,,,,,,,,,,
Mueller,Marianne,The Proper Ornaments,Edition Patrick Frey,2008,,,,978-3905509724,,,,,,https://www.editionpatrickfrey.com/en/books/proper-ornaments-marianne-mueller,https://www.editionpatrickfrey.com/en/books/proper-ornaments-marianne-mueller,,,,,,,,,/assets/images/covers/9783905509724.jpg
Mutu,Wangechi,"Wangechi Mutu: I Am Speaking, Are You Listening?",DelMonico Books/Fine Arts Museums of San Francisco,2021,8.5 x 10.51 inches,,,978-1636810058,,,,,,,,,,,,,,,,
N,,,,,,,,,,,,,,,,,,,,,,,,
Nara,,Nobody Knows,Little More,2002,,"Hardcover, 98 pages",,978-4902943061,,,,,,,,,,,,,,,,/assets/images/covers/9784902943061.jpg
Nara,,Nobodies Fool,Harry N. Abrams;,2010,,"Slipcase, 272 pages",,978-0810994140,,,,,,,,,,,,,,,,/assets/images/covers/9780810994140.jpg
Nassar,Jordan,We Are The Ones To Go To The Mountain,@Anat Ebgi Gallery,2020,,Spiral bound zine,,,,,Signed,,Zine by Jordan Nassar printed in September 2020 on the occasion of his solo show We Are The Ones To Go To The Mountain,,,,Art,,,,,,,
Natali,,"New York Subway, 1960 ",,,,,,,,,,,,,,,New York City,,,,,,,
Natkiel,,Studio Paradiso,,,,,,,,,,,,,,,,,,,,,,
Nave,,"On Your Knees, Please.",,,,,,,,,,,,,,,,,,,,,,
Neel,,People Come First,,,,,,,,,,,,,,,,,,,,,,
Neel,,Painted Truths,,,,,,,,,,,,,,,,,,,,,,
Neel,Alice,"Alice, Neel, Uptown",David Zwirner Books,2017,8.5 x 0.8 x 10.5 inches,,,978-1941701607,,,,,,,https://www.davidzwirnerbooks.com/,Art,,Individual Artist Monographs,,,,,,
Nesbat,Shurin,Shurin Nesbat,CH,,,,,,,,,,,,,,,,,,,,,
Ninguem E De,Ninguem,Ninguem E De Ninguem(Limited Edition 250 Copies + signed C print),Editions Bessard,2021,260 x 170 mm,"Soft-Binding, 36 pages",Limited Edition of 250 copies + signed C-Print (180 x 130 mm),979-10-91406-88-8,,,,,,,https://editionsbessard.com,,,,,,,,,
Nocito,Jason,End Or : #12 Absolutely Empty,Dashwood Books,,,,,,,,,,https://jasonnocito.com/,https://jasonnocito.com/,https://dstrettell.com/,,,,,,,,,
Nocito,Jason,End Or : ATM Machine,Dashwood Books,,,,,,,,,,https://jasonnocito.com/,https://jasonnocito.com/,https://dstrettell.com/,,,,,,,,,
Nocito,Jason,End Or : Scanner,Dashwood Books,,,,,,,,,,https://jasonnocito.com/,https://jasonnocito.com/,https://dstrettell.com/,,,,,,,,,
Nocito,Jason,End Or : Limbo,Dashwood Books,,,,,,,,,,https://jasonnocito.com/,https://jasonnocito.com/,https://dstrettell.com/,,,,,,,,,
Nocito,Jason,End Or: Walkers,Dashwood Books,,,,,,,,,,https://jasonnocito.com/,https://jasonnocito.com/,https://dstrettell.com/,,,,,,,,,
Nocito,Jason,End Or: Not / Here,Dashwood Books,,,,,,,,,,https://jasonnocito.com/,https://jasonnocito.com/,https://dstrettell.com/,,,,,,,,,
Nocito,Jason,End Or: Book Seven,Dashwood Books,,,,,,,,,,https://jasonnocito.com/,https://jasonnocito.com/,https://dstrettell.com/,,,,,,,,,
Nocito,Jason,End Or: The Nice Guy,Dashwood Books,,,,,,,,,,https://jasonnocito.com/,https://jasonnocito.com/,https://dstrettell.com/,,,,,,,,,
Nocito,Jason,End Or: Dropping Shadows,Dashwood Books,,,,,,,,,,https://jasonnocito.com/,https://jasonnocito.com/,https://dstrettell.com/,,,,,,,,,
Nocito,Jason,End Or: Pictures Included,Dashwood Books,,,,,,,,,,https://jasonnocito.com/,https://jasonnocito.com/,https://dstrettell.com/,,,,,,,,,
Nocito,Jason,End Or: Love Twins,Dashwood Books,,,,,,,,,,https://jasonnocito.com/,https://jasonnocito.com/,https://dstrettell.com/,,,,,,,,,
Nocito,Jason,End Or: Sooner Forever,Dashwood Books,,,,,,,,,,https://jasonnocito.com/,https://jasonnocito.com/,https://dstrettell.com/,,,,,,,,,
Nocito,Jason,PUD III,,,,,,,,,,,https://jasonnocito.com/,https://jasonnocito.com/,,,,,,,,,,
Nocito,Jason,PUD II,,,,,,,,,,,https://jasonnocito.com/,https://jasonnocito.com/,,,,,,,,,,
Nocito,Jason,PUD,,,,,,,,,,,https://jasonnocito.com/,https://jasonnocito.com/,,,,,,,,,,
Nocito; Thomas Prior,Jason,Bomba,,,,,,,,,,,,,,,,,,,,,,
Noland,Candy,10/27/18,,,,,,,,,,,,,,,,,,,,,,
Nunziata,Nicole,How What Exists Exists,Fw:Books,2015,,,500 copies,978-9490119324,,,,,,,,,,,,,,,,/assets/images/covers/9789490119324.jpg
O,,,,,,,,,,,,,,,,,,,,,,,,
Oehlen,Albert,Tramonto Spaventoso,Gagosian,2021,,,,,,,,false,,,https://gagosian.com/,https://gagosian.com/,,,,,,,,
Oehlen,Albert,1991 2008,Holzwarth Publications,2009,11.25 x 0.5 x 11.5 inches,,,978-3935567480,,,,,,,,,,,,,,,,/assets/images/covers/9783935567480.jpg
Oehlen,Albert,In der Wohnung,Edition Patrick Frey,2015,24 × 32 cm,"Hardcover, 128 pages, 23 b / w illustrations, 67 color illustrations",,978-3905929959,,,,,,,,,,,,,,,,
Ohtake,Shinro,UK77: Digging my way to London,Getsuyosha,2004,260 x 190 x 46 mm,"Hardcover, 656 pages",,,,,,,,,,,,,,,,,,
Okabe,Momo,Bible,Session Press,2014,,"Hardcover, 122 pages",Edition of 300 (20 for LTD Edition). #9,,,,,Momo Okabe & Mika Murai,"Session Press is pleased to announce “Bible” a new book by Momo Okabe. Bible compiles Okabe’s recent works including many unpublished photographs taken in Tokyo, Miyagi and India between 2008 and 2014. This will be Okabe’s second US monograph published by Session Press following her unique artist book “Dildo” in 2013",,https://www.sessionpress.com/books/bible,,,,,,,,600,
Olgiati,Valerio,The Images of Architects,,2014,,,,,,,,,,,,,,,,,,,,
Onnen,Serge,I Am A Lone Monk Walking The World With A Leaky Umbrella Chinese Shadow-puppets 2012-2017,,,,,,,,,,,,,,,,,,,,,,
Onodera,Yuki,Eleventh Finger,,,,,,,,,,,,,,,,,,,,,,
Opie,Catherine,Catherine Opie,Phaidon,2021,11 x 1.25 x 12.75 inches,"Hardcover, 338 pages, english",First,978-1838662189,"Hilton Als, Douglas Fogle, Helen Molesworth",,Signed,,"Long awaited, the first survey of the work of one of America's foremost contemporary fine art photographers. For almost 40 years, Catherine Opie has been documenting with psychological acuity the cultural and geographic identity of contemporary America. This unique artist monograph presents a compelling visual narrative of Opie's work since the early 1980s, pairing images across bodies of work to form a full picture of her artistic vision. With more than 300 beautiful illustrations and made in close collaboration with Opie, the book marks a turning point in the consideration of this artist's work to date.",http://uk.phaidon.com/,http://uk.phaidon.com/,Photography,"Photography / Individual Photographers / General, Art, American -- Catalogs -- 20th century -- 21st century, Photography, Artistic -- Catalogs -- 20th century -- 21st century, Portrait photography -- Catalogs -- 20th century -- 21st century","Photography, Individual Photographers",,779.092. Dewey Edition. 23,Hudson Street Library,,,/assets/images/covers/9781838662189.jpg
Oursler,Tony,,Jue De Paume,,,,,,,,,,,,,,,,,,,,,
Oursler,Tony,I/O Underflow,,,,,,,,,,,,,,,,,,,,,,
Oursler,Tony,Imponderable,,,,,,,,,,,,,,,,,,,,,,
Owens,Laura,,Whitney,,,1 of 2 copies,,,,,,,,,,,,,,,,,,
Owens,Laura,,Whitney,,,2 copies,,,,,,,,,,,,,,,,,,
Ozbolt,Djordje,Questions of Faith,,,,,,,,,,,,,,,,,,,,,,
P,,,,,,,,,,,,,,,,,,,,,,,,
Packer,Jennifer,The Eye Is Not Satisfied with Seeing:,Serpentine Gallery,2021,,,,,,,,false,,,,,Art,,,,,,,
Paglan,Trevor,Trevor Paglan,Phaidon Press,2018,9.88 x 0.63 x 11.5 inches,Paperback,,978-0714873442,,,,,,,,,Art Book,,,,,,,
Paglan,Trevor,Sites Unseen,GILES,2018,10.4 x 1.3 x 12.3 inches,"Hardcover, 254 pages",,978-1911282334,,,,,,,,Photography,,Photography Collections & Exhibitions,,,,,,/assets/images/covers/9781911282334.jpg
Paglan,Trevor,Invisible: Covert Operations and Classified Landscapes,Aperture,2010,10 x 1 x 11.25 inches,"Hardcover, 160 pages",,978-1597111300,,,Signed,,,,https://aperture.org/,,,,,,,,,
Parks,Gordon,"The Atmosphere of Crime, 1957",Steidl/The Gordon Parks Foundation,2020,9¾x11½,"68 pages, Hardcover, 68 pp., 70 illustrations",First Printing,978-3958296961,,,,,,,https://steidl.de/,,,,,,,,,
Parks,Gordon,Collected Works. Study Edition,Steidl/The Gordon Parks Foundation,2017,,5 Volume Set,,,,,,,,,https://steidl.de/,,,,,,,,,
Parlá,José,Cityscapes,,,,,,,,,,,,,,,,,,,,,,
Parlá,José,Cityscapes,,,,,,,,,,,,,,,,,,,,,,
Parr,Martin,Obvious and Ordinary: America 2006,STEPHEN DAITER GALLERY AND ROCKET GALLERY,2007,,,,ASIN:B0013O1AQK,,John Gossage,,,,,,,Art,,,,,,,
Pascual,Marlo,,Hassla,2014,,,,978-1-940881-02-7,,,,,,,,,,,,,,,,
Patellani,Federico,Women with Cameras (Anonymous),,,,,,,,,,,,,,,,,,,,,,
Patterson,Christian,Bottom Of The Lake,,,,,,,,,,,,,,,,,,,,,,
Pendleton,Adam,Adam Pendleton,Phaidon Press,,,,,,,,,,,,,,Art Book,,,,,,,/assets/images/books/Pendleton_Adam_Pendleton_NULL.jpg
Peter,Hugo,Solus Volume I: Concerning Atypical Beauty and Youth (Vol.1),RM,2022,9.45 x 12.4 inches,"Paperback, 176 pages","First edition, signed",,,,No,,,,,,,,,,,,,
Petersen,Anders,Grona Lund,,,,,,,,,,,,,,,,,,,,,,
Pettibon,Raymond,Raymond Pettibon,Rizzoli Classics,2016,9.4 x 1.5 x 11.3 inches,"Hardcover, 384 pages",Slipcase Edition,978-0847858255,,,,,,http://raypettibon.com/,,,,,,,,,,/assets/images/covers/9780847858255.jpg
Pettibon,Raymond,Raymond Pettibon,Rizzoli Classics,2016,9.4 x 1.5 x 11.3 inches,"Hardcover, 384 pages. (2nd copy of 2)",Slipcase Edition,978-0847858255,,"by Robert Storr (Author), Mike Kelley (Author), Jonathan Lethem (Author), Kitty Scott (Author), Ralph Rugoff (Editor)",,,,http://raypettibon.com/,,,,,,,,,,/assets/images/covers/9780847858255.jpg
Pettibon,Raymond,Here's Your Irony Back: Political Works 1975-2013,Hatje Cantz/David Zwirner/Regen Projects,2013,11 x 1 x 13 inches,"Hardcover, 212 pages",,,,,,,,http://raypettibon.com/,https://www.hatjecantz.de/,,,,,,,,,
Pettibon,Raymond,A Pen of All Work,Phaidon Press,2017,9.9 x 1.4 x 12.6 inches,"Hardcover, 408 pages",,978-0714873695,,"by Massimiliano Gioni (Author), Gary Carrion-Murayari (Author)",,,,http://raypettibon.com/,,,Art Book,,,,,,,/assets/images/covers/9780714873695.jpg
Pettibon,Raymond,Are Your Motives Pure - Surfers 1985-2014,Venus,,,,,,,,,,,http://raypettibon.com/,,,,,,,,,,
Pettibon,Raymond,The Pages Which Contain Truth Are Blank,Skarabaeus,,,,,,,,,,,http://raypettibon.com/,,,,,,,,,,
Pettibon,Raymond,V-Boom,Kestner,,,,,,,,,,,http://raypettibon.com/,,,,,,,,,,
Pettibon,Raymond,Surfers 1985-2015,,,,,,,,,,,http://raypettibon.com/,http://raypettibon.com/,,,,,,,,,,
Pettibon,Raymond,Climax presents black flag,,,,,,,,,,,http://raypettibon.com/,http://raypettibon.com/,,,,,,,,,,
Pettibon,Raymond,Looker-upper,,,,,,,,,,,http://raypettibon.com/,http://raypettibon.com/,,,,,,,,,,
Pettibon,Raymond,Dzama / Pettibon: Let us compare mythologies,David Zwirner,2016,8 1/2 x 11 in (21.6 x 27.9 cm),Softcover (staple bound),Edition of 500 numbered copies. Includes special fold out poster,978-1941701386,,,,,,http://raypettibon.com/,https://www.davidzwirnerbooks.com/,,,,,,,,,
Pettibon,Raymond,Marcela Dzama 3,David Zwirner,,,Softcover (staple bound),,,,,,,,http://raypettibon.com/,https://www.davidzwirnerbooks.com/,,,,,,,,,
Pettibon,Raymond,Born on a Train,,2015,,,,,,,,,,http://raypettibon.com/,,,,,,,,,,
Pettibon,Raymond,Raymond Pettibon (Contemporary Artists),Phaidon Press,2001,,,,,,,,,,http://raypettibon.com/,,,Art Book,,,,,,,
Pettibon,Raymond,Raymond Pettibon: Homo Americanus: Collected Works,David Zwirner Books/Deichtorhallen Hamburg-Sammlung Falckenberg,2016,,,,,,,,,,http://raypettibon.com/,https://www.davidzwirnerbooks.com/,,,,,,,,,
Peyton,Elizabeth,Imprint93,,,,"Zine, “On occasion of the exhibition IMPRINT 93, Printed Matter has released a second printing of Elizabeth Peyton’s untitled artists’ book from 1995. Originally published by Matthew Higgs‘ Imprint 93, the book was distributed at the opening reception for Peyton’s first solo UK exhibition, at Brixton’s Prince Albert public house. Comprised of a sequence of video stills showing a performance by Kurt Cobain two years prior, the work is xeroxed and hand-assembled in an edition of 100 copies, with staples, glassine wrap, and a custom-stamped envelope. Co-published with Imprint 93.”*","Zine, Edition 100 (3) copies",,,,,,,,,,,,,,,,,
Peyton,Elizabeth,Here She Comes Now,,,,,,,,,,,,,,,,,,,,,,
Peyton,Elizabeth,The Age of Innocence,Nieves,2013,19.5 x 25.5 cm,"Softcover, 16 pages (13 color ill.)","1st, Edition of 100",978-3905999488,,,,,"Artist's book (12 paintings by Elizabeth Peyton). The title of this small volume by Elizabeth Peyton The Age of Innocence is taken from the early 20th century novel of the same name by Edith Wharton. It describes the claustrophobic, repressed, hypocritical atmosphere of New York society in the 1870's. In the novel passion is shown as the force that would make that highly ritualized world implode.",,https://www.nieves.ch/,,,,,,,,,
Peyton,Elizabeth,Ghost,,,,,,,,,,,,,,,,,,,,,,
Peyton,Elizabeth,Here She Comes Now,,,,,,,,,,,,,,,,,,,,,,
Peyton,Elizabeth,Elizabeth Peyton Gagosian Paris,Gagosian,,,,,,,,,,,,https://gagosian.com/,,,,,,,,,
Pfahler,Kembra,"Kembra Pfahler ""Beautalism""",Deitch Projects,2008,10.25 x 0.25 x 10.25 inches,"Softcover, 92 pages",,978-0981577135,NA,Essay by Kathy Grayson,,,"After more than three decades in the New York underground scene, we finally have a book on the inimitable Kembra Pfahler, artist and lead singer of the interdisciplinary rock band, the Voluptuous Horror of Karen Black. Cataloguing her recent projects for the 2008 Whitney Biennial--which included a huge rock show in the Park Avenue Armory--this volume also features her most notorious body-art performances and shocking Sewn Vagina and Wall of Vagina pieces. Numerous full-bleed photographs capture the making of the Biennial artworks, the preparation for her live show, the performance itself and the aftermath. Also included are images of her drawings, sculptural works and installations, alongside short texts by the artist and an essay by curator and sometimes Girl of Karen Black, Kathy Grayson.",,,Art,"music, punk, nyc, ""karen black""",Individual Artists Books,,,Clipper,,$50.00,
Pfeiffer,Walter,Cherchez La Femme,Edition Patrick Frey,2007,,112 pages,,978-3905509663,,,,,,,,,,,,,,,,/assets/images/covers/9783905509663.jpg
Pfeiffer,Walter,Choli Cholie,RVB Books,,,,,978-1597111300,,,,,,,,,,,,,,,,
Pfeiffer,Walter,Choli Choie,,,,,,,,,,,,,,,,,,,,,,
Pfeiffer,Walter,Scrapbooks,,,,,,,,,,,,,,,,,,,,,,
Pfeiffer,Walter,Welcome Aboard,Edition Patrick Frey,,,,,,,,,,,,,,,,,,,,,
Philip-Lorca diCorcia,Philip-Lorca,Hustlers (SIGNED),,,,,,,,,,,,,,,,,,,,,,
Phillips,Valerie,Unsigned,,2016,,,,,,,,,,,https://dstrettell.com/,,,,,,,,,
Phillips,Richard,,Gagosian; Rizzoli,,,,,,,,,,,,https://gagosian.com/,,,,,,,,,
Phillips,Richard,,Gagosian Gallery,,,,,,,,,,,,https://gagosian.com/,,,,,,,,,
Phillips,Richard,,Gagosian Gallery,,,,,,,,,,,,https://gagosian.com/,,,,,,,,,
Phillips,Brad,Grandpa goes to Hollywood,,,,,,,,,,,,,,,Film,,,,,,,
Phillips,Brad,Mother Nature Mother Creature,,,,,,,,,,,,,,,Nature,,,,,,,
Phillips,Valerie,Unsigned.,Dashwood,2016,,Zine,150,,,,,,,,https://dstrettell.com/,,,,,,,,,
Phillips,Valerie,It’s Not Him You See At Night In Your Dreams Valerie Phillips,Self published,2014,150 x 210 mm,"Softcover, 28/32 pages",,,,,,,,,,,,,,,,,,
Phillips,Valerie,Sara Superero,Self published,2015,22 x 18.5 cm,"Paperback, perfect binding, color, 32 pages",,,,,,,"This lookbook from London-based fashion photographer Valerie Phillips candidly and unaffectedly profiles model Sara Cummings in her Californian hometown. In her raw and intimate style, Phillips documents the androgynous, skater-chic Cummings in vintage threads amidst the Americana kitsch of roadsigns, carousels, and wood-panelled dives. The photographer has published several books profiling young models with a humanity and affection rarely found in the world of fashion photography.",,,,,,,,,,,
Phillips,Valerie,you left your ring on the floor of my bedroom,Longer Moon Farther,2015,8.23 x 0.39 x 6.85 inches,Paperback,,978-0954340360,,,,,"Photographer Valerie Phillips discovered Sara through a friend of a friend on Instagram. She knew instantly she had to photograph her, and flew Sara from LA to the UK, planning a ten day visit. But Sara was refused entry by Immigration and booked onto the next flight home. Released into Valerie's custody for one night only, they made the most of her hours of freedom - they stayed up all night and made this book",,,,,,,,,,,/assets/images/covers/9780954340360.jpg
Pierre et Gilles,,,,,,,,,"by Pierre Commoy (Author), Gilles Blanchard (Author),",,,,,,,,,,,,,,,
Pierre et Gilles,,,,,,,,,"by Pierre Commoy (Author), Gilles Blanchard (Author),",,,,,,,,,,,,,,,
Pierson,Jack,Lynn Valley 9,,,,,,,,,,,,,,,,,,,,,,
Piller,Peter,I Am A Woman,,,,,,,,,,,,,,,,,,,,,,
Piller,Peter,Umschläge (Special Edition) #15,,,,,,,,,,,,,,,,,,,,,,
Piller,Peter,Umschläge,,,,,,,,,,,,,,,,,,,,,,
Polke,Sigmar,Von Willich aus (Starting from Willich),,,,,,,,,,,,,,,,,,,,,,
Power,Mark,Die Mauer ist Weg!,,,,,,,,,,,,,,,,,,,,,,
Price,Ken,Ken Price Drawings,Matthew Marks Gallery,,,Softcover,First,,,,,,,,,,Art,,,,,,,
Prince,Richard,Hoods,Fulton Ryder,2022,Height: 29.2 cm | Width: 24.1 cm,"179 pages, Hardcover",First,9798985236811,,,,,"This monograph and artist's book documents Richard Prince's painted sculptures created between 1988-2013. The publication features archival photographs showcasing the evolution of the ""Hoods"" series, including documentation of Prince's ""Body Shop"" studio and ""Second House"" in upstate New York. Prince described his approach as wanting to ""paint something that was already painted."" The work engages with customized American muscle car design traditions, with pieces titled ""Almost Grown,"" ""American Place,"" ""Folksongs,"" and ""Vanishing Point"" conveying themes of nostalgia, absence, and loss.",http://www.richardprince.com/,https://www.artbook.com/,Art,"Art, Artist Book, Contemporary Art, Photography, Sculpture",,,,,,,/assets/images/books/Prince_Hoods.jpg
Prince,Richard,American Dream,,2005,Height: 24.1 cm | Width: 16.5 cm,"116 pages, Sealed",,9780971634152,,,,,The Rubell Family Collection's substantial and important Richard Prince holdings showcasing his signature pop-culture appropriations wicked silk-screened jokes and pulpy paintings. With an introduction by Mark Coetzee.,http://www.richardprince.com/,https://rubellmuseum.org/,Art,Art,,,,,,,/assets/images/books/Prince_American_Dream.jpg
Prince,Richard,American English,,2003,Height: 22.2 cm | Width: 15.2 cm,134 pages,,9783883757179,,,,,"Scarce artist's book published in conjunction with Prince's exhibition at Sadie Coles HQ (23 April-31 May 2003). Opens with Prince's essay ""Collecting: Bring It All Back Home"" about his book collection. Features photographs that juxtapose the covers and dust-jackets of American and English editions of books in Prince's collection, photographed in various un-literary backgrounds. The variant dustjackets of American and English editions are often presented side-by-side. Designed by Herman Lelie. Published in glossy pictorial semi-stiff wrappers.",http://www.richardprince.com/,https://www.artbook.com/,Art,"Art, Artist Book, Book Collection, Contemporary Art, Photography",,,,,,,/assets/images/books/Prince_American_English.jpg
Prince,Richard,Betty Kline,Gagosian,,,"Hardcover, Large size",,,,,,,,http://www.richardprince.com/,https://gagosian.com/,,,,,,,,,
Prince,Richard,Betty Kline,Purple,,,"Wrappers, Large size",,,,,,,,http://www.richardprince.com/,,,,,,,,,,
Prince,Richard,Canal Zone,Gagosian,,,"Hardcover, seaked",,,,,,,,http://www.richardprince.com/,https://gagosian.com/,,Art,,,,,,,/assets/images/books/Prince_Canal_Zone_Appeal_Appendix.jpg
Prince,Richard,Check Paintings,Gagosian Gallery,2005,,Hardcover,,,,,,,"This catalogue was published in conjunction with the 2005 'Check Paintings' exhibition held at Gagosian Gallery Beverly Hills. Mining images from mass media, advertising and entertainment since the late 1970s, Richard Prince has redefined the concepts of authorship, ownership, and aura. Applying his understanding of the complex transactions of representation to the making of art, he evolved a unique signature filled with echoes of other signatures yet that is unquestionably his own.",http://www.richardprince.com/,https://gagosian.com/,,Art,,,,,,,/assets/images/books/Prince_Check_Paintings.jpg
Prince,Richard,Covering Pollock (program),,,,Program Guild Hall Museum,,,,,,,http://www.richardprince.com/ Program Guild Hall Museum,http://www.richardprince.com/,,,Art,,,,,,,/assets/images/books/Prince_Covering_Pollock.png
Prince,Richard,Cowboy,Gagosian,,,"Hardcover, sealed",,,,,,,,http://www.richardprince.com/,https://gagosian.com/,,Art,,,,,,,/assets/images/books/Prince_Cowboy.jpg
Prince,Richard,Free Love,Sadie Coles HQ,,,Hardcover,,,,,,,,http://www.richardprince.com/,,,Art,,,,,,,/assets/images/books/Prince_Free_Love.jpg
Prince,Richard,Good Life,,,,"Wrappers pages, Wrappers",,,,,,,http://www.richardprince.com/,http://www.richardprince.com/,,,Art,,,,,,,/assets/images/books/Prince_Good_Life.jpg
Prince,Richard,High Times,Gagosian,,,Hardcover,,,,,,,,http://www.richardprince.com/,https://gagosian.com/,,Art,,,,,,,/assets/images/books/Prince_High_Times_new.jpeg
Prince,Richard,Inside World,,,,"Wrappers, Various Artists pages, Wrappers, Various Artists",,,,,,,http://www.richardprince.com/,http://www.richardprince.com/,,,Art,,,,,,,/assets/images/books/Prince_Inside_World.jpg
Prince,Richard,It's A Free Concert,,2002,,"Wrappers pages, Wrappers",,,,,,,http://www.richardprince.com/,http://www.richardprince.com/,,,"Art, Music",,,,,,,/assets/images/books/Prince_High_Times.jpg
Prince,Richard,Jokes & Cartoons,JR,,,Wrappers. Sealed,,,,,,,http://www.richardprince.com/,http://www.richardprince.com/,,,Art,,,,,,,/assets/images/placeholder-book-simple.svg
Prince,Richard,Cartoon Jokes,Nahmad Contemporary,,,,,,,,,,,http://www.richardprince.com/,,,Art,,,,,,,/assets/images/books/Prince_Cartoon_Jokes.jpg
Prince,Richard,Katz + Dogg Frozen Love,Fulton Ryder,2021,8 1⁄2 × 11 inches,"Wrappers, 72 pages","First, edition of 300",,,,,,,http://www.richardprince.com/,,,Art,,,,,,,/assets/images/books/Frozen-Love.jpeg
Prince,Richard,Kaliflower,,,,"Wrappers pages, Wrappers",,,,,,,http://www.richardprince.com/,http://www.richardprince.com/,,,Art,,,,,,,/assets/images/books/Prince_Kaliflower.jpg
Prince,Richard,Naked Nurses,JMc/,,,Wrappers,,,,,,,,http://www.richardprince.com/,,,Art,,,,,,,/assets/images/placeholder-book-simple.svg
Prince,Richard,New Figures,,2014,,,,,,,,,,http://www.richardprince.com/,,,Art,,,,,,,/assets/images/books/Prince_New_Figures.jpg
Prince,Richard,Phillips,Abrams,,,Hardcover,,,,,,,,http://www.richardprince.com/,,,Art,,,,,,,/assets/images/books/Prince_Phillips.jpg
Prince,Richard,Photographs / Paintings,,,,Wrappers. 2 book set sealed,,,,,,,http://www.richardprince.com/,http://www.richardprince.com/,,,"Art, Photography",,,,,,,/assets/images/placeholder-book-simple.svg
Prince,Richard,Protest Paintings,,,,Hardcover. Sealed,,,,,,,http://www.richardprince.com/,http://www.richardprince.com/,,,Art,,,,,,,/assets/images/placeholder-book-simple.svg
Prince,Richard,Richard Prince,Guggenheim,,,"Hardcover, Guggenheim",,,,,,,,http://www.richardprince.com/,,,Art,,,,,,,/assets/images/placeholder-book-simple.svg
Prince,Richard,Richard Prince - The Gug,Almine Rech,,,Hardcover. Sealed,,,,,,,http://www.richardprince.com/,http://www.richardprince.com/,,,Art,,,,,,,
Prince,Richard,Richard Prince + Zach Sebastian,,,,"Zine, 2 copies",,,,,,,"http://www.richardprince.com/ Zine, 2 copies",http://www.richardprince.com/,,,Art,,,,,,,/assets/images/placeholder-book-simple.svg
Prince,Richard,Richard Prince Publications,,,,,,,,,,,,http://www.richardprince.com/,,,Art,,,,,,,
Prince,Richard,Richard Prince Super Group,,,,Hardcover. Sealed,,,,,,,http://www.richardprince.com/,http://www.richardprince.com/,,,Art,,,,,,,/assets/images/placeholder-book-simple.svg
Prince,Richard,Second House,Gladstone Gallery,,,Hardcover,,,,,,,,http://www.richardprince.com/,,,Art,,,,,,,/assets/images/placeholder-book-simple.svg
Prince,Richard,SHE,McKenna,,,Hardcover,,,,,,,,http://www.richardprince.com/,,,Art,,,,,,,/assets/images/books/Prince_SHE.jpg
Prince,Richard,Special Guest,Karma,,,Wrappers,,,,w/ Roe Etheridge,,,,http://www.richardprince.com/,https://karmakarma.org/,,Art,,,,,,,/assets/images/placeholder-book-simple.svg
Prince,Richard,Splashes,RVP,,,"Wrappers. 2 copies, sealed",,,,,,,http://www.richardprince.com/,http://www.richardprince.com/,,,Art,,,,,,,/assets/images/placeholder-book-simple.svg
Prince,Richard,The Girl Next Door,,,,,,,,,,,,http://www.richardprince.com/,,,Art,,,,,,,/assets/images/placeholder-book-simple.svg
Prince,Richard,The Magic Castle,,,,,,,,,,,,http://www.richardprince.com/,,,Art,,,,,,,/assets/images/placeholder-book-simple.svg
Prince,Richard,untitled (band) 2013/2014,,,,Hardcover,,,,,,,http://www.richardprince.com/,http://www.richardprince.com/,,,Art,,,,,,,/assets/images/placeholder-book-simple.svg
Prince,Richard,White Paintings,,,,Hardcover,,,,,,,http://www.richardprince.com/,http://www.richardprince.com/,,,Art,,,,,,,/assets/images/books/Prince_White_Paintings.jpg
Prince,Richard,Family Tweets,Gagosian,2021,,Hardcover. (Copy 1 of 2),300,,,,,,"Gagosian will present Family Tweets, a new book by Richard Prince published through Fulton Ryder. Works from the publication will be on view in the 976 Madison Avenue gallery behind the bookstore. Family Tweets documents Prince’s project at Desert X in Southern California’s Coachella Valley in 2017. The site offered to Prince was an abandoned house in Desert Hot Springs, where he installed—inside and out—printouts from his Birdtalk blog relating to his family, most of which were posted on the @richardprince4 Twitter feed in 2014. The printouts were made in a variety of mediums. Three days after the installation, once Prince had left, most of the works were removed, taken, seized—gobbled up, so to speak—by “art hikers with flashlights.” Neither he nor the organizers had any “remote viewing” about what would happen to the artworks after he left; there was never any thought about “guarding” them. It wasn’t exactly comme ci, comme ça, but let’s just say the whole project turned into one of those sixties free concerts—80 percent of the works disappeared. The works on view are examples of what was retrieved after the event was over.",http://www.richardprince.com/,https://gagosian.com/exhibitions/2021/richard-prince-family-tweets/,Richard Prince,"Twitter, Tweets, Family",Individual Artist Monographs,,,Clipper,,$100,/assets/images/books/Prince_Family_Tweets.jpg
Prince,Richard,Family Tweets,Gagosian,2021,,Hardcover (Copy 2 of 2),300,,,,,,"Gagosian will present Family Tweets, a new book by Richard Prince published through Fulton Ryder. Works from the publication will be on view in the 976 Madison Avenue gallery behind the bookstore. Family Tweets documents Prince’s project at Desert X in Southern California’s Coachella Valley in 2017. The site offered to Prince was an abandoned house in Desert Hot Springs, where he installed—inside and out—printouts from his Birdtalk blog relating to his family, most of which were posted on the @richardprince4 Twitter feed in 2014. The printouts were made in a variety of mediums. Three days after the installation, once Prince had left, most of the works were removed, taken, seized—gobbled up, so to speak—by “art hikers with flashlights.” Neither he nor the organizers had any “remote viewing” about what would happen to the artworks after he left; there was never any thought about “guarding” them. It wasn’t exactly comme ci, comme ça, but let’s just say the whole project turned into one of those sixties free concerts—80 percent of the works disappeared. The works on view are examples of what was retrieved after the event was over.",http://www.richardprince.com/,https://gagosian.com/exhibitions/2021/richard-prince-family-tweets/,Richard Prince,"Art, Family, Tweets, Twitter",Individual Artist Monographs,,,Clipper,,$100,/assets/images/books/Prince_Family_Tweets.jpg
Prince,Richard,Untitled (Original Cowboy),Gagosian,2022,,Hardcover,,,,,,,"Matched with an artwork by Richard Prince, the publication is part of Gagosian’s Picture Books, an imprint conceived by author Emma Cline and dedicated to publishing fiction by leading authors alongside contributions by celebrated contemporary artists.",http://www.richardprince.com/,https://gagosian.com/,,Art,,,,,,,/assets/images/books/Prince_Cowboy.jpg
Prince,Richard,Untitled (Original Cowboy),Gagosian,2022,,Hardcover,,,,,,,"Matched with an artwork by Richard Prince, the publication is part of Gagosian’s Picture Books, an imprint conceived by author Emma Cline and dedicated to publishing fiction by leading authors alongside contributions by celebrated contemporary artists.",http://www.richardprince.com/,https://gagosian.com/,,Art,,,,,,,/assets/images/books/Prince_Cowboy.jpg
Prince,Richard,Yea Yea Yea,,,,"Program, Stuart Sutcliffe pages, Program",,,,Stuart Sutcliffe,,,http://www.richardprince.com/,http://www.richardprince.com/,,,Art,,,,,,,/assets/images/placeholder-book-simple.svg
Prince,Richard,Purple Mag insert #1,,,,"Wrappers pages, Wrappers",,,,,,,http://www.richardprince.com/,http://www.richardprince.com/,,,Art,,,,,,,/assets/images/placeholder-book-simple.svg
Prince,Richard,Purple Mag insert #2,,,,"Wrappers pages, Wrappers",,,,,,,http://www.richardprince.com/,http://www.richardprince.com/,,,Art,,,,,,,/assets/images/placeholder-book-simple.svg
Prince,Richard,Bibliothèque d’un Amateur,,,,,,,,,,,http://www.richardprince.com/,http://www.richardprince.com/,,,Art,,,,,,,/assets/images/books/Prince_Bibliotheque_d_un_Amateur.jpg
Prince,Richard,Bibliothèque d’un Amateur,,,,,,,,,,,http://www.richardprince.com/,http://www.richardprince.com/,,,Art,,,,,,,/assets/images/books/Prince_Bibliotheque_d_un_Amateur.jpg
Provoke,,Provoke Re-issue,,,,,,,,,,,,,,,,,,,,,,
Pruitt,Rob,Rob Pruitt's eBay Flea Market Year,,,,,,,,,,,,,,,,,,,,,,
Pruitt,Rob,The Exquisite Self Portraits Photoshoot,Triangle Books,Published 2015,,,,978-2930777115,,,,,,,,Self Portraits,Self Portraits,,,,,,,
Pyvka,Arnaud,Terrestre,,,,,,,,,,,,,,,,,,,,,,
Quaicoe,Otis Kwame Kye,Black Rodeo,Almine Rech Editions,2022,27.5 x 21.5 cm - 11 x 8 1/2 in,"Boards, 168 pages, English/French",First 800 copies,978-2-930573-43-4,,,No,,"This book is published in conjunction with the artist's debut European solo exhibition, BLACK RODEO: Cowboys of the 21st Century, held between March 10 and April 16, 2022 at Almine Rech Brussels.",,,,,,,,,,,
R,,,,,,,,,,,,,,,,,,,,,,,,
Ramos,Mel,Mel Ramos,Electa/Gingko,,,,,,,,,,,,,,,,,,,,,
Ramos,Mel,Mel Ramos: New Prints: Catalogue Raisonné of Original Prints,Moderne Kunst Nürnberg,2014,9.25 x 0.75 x 11.75 inches,"Paperback, 180 pages. Rare",,978-3869844701,"by Claire Breukel (Author), Jeanette Zwingenberger (Author)",,,,,,,Art,Prints,Individual Artist Monographs,,,,,$500.00,
Rauch,Neo,Oversized Taschen Book -,,,,,,,,,,,,,,,,,,,,,,
Rauch,Neo,"Neo Rauch: Paintings Edited by Hans-Werner Schmidt, Bernhart Schwenk",Hatje Cantz,2010,,,,978-3775725217,,,,,,,https://www.hatjecantz.de/,,,,,,,,,
Rauch,Neo,"Neo Rauch: Das Grafische Work, 1993-201",Hatje Cantz,,,,,9783775733106,,,,,,,https://www.hatjecantz.de/,,,,,,,,,
Rauch,Neo,Neo Rauch: Dromos,,,,,,9783775743815,,,,,,,,,,,,,,,,
Rauch,Neo,Neo Rauch: Para,DuMont,2010,9 x 11.75 in,"116 pages, Hardcover, 116 pgs, 32 color",,978-3832190095,,,,,,,,,,,,,,,,
Rauch,Neo,Neo Rauch Schilfland: Works on Paper by Wolfgang Buscher (2009-09-01),Prestel,,,,,,,,,,,,,,,,,,,,,
Rauch,Neo,Neo Rauch: At the Well,David Zwirner Books,2015,10.2 x 0.8 x 13 inches,,,978-1941701119,,,,,,,https://www.davidzwirnerbooks.com/,,,,,,,,,
Rauch,Neo,Neo Rauch: Propaganda,David Zwirner Books,,,,,,,,,,,,https://www.davidzwirnerbooks.com/,,,,,,,,,
Rauch,Neo,Aus dem Bldem / From the Floor,The Drawing Center,,,"Softcover,",,,,,,,,,,,,,,,,,,
Rauch,Neo,Neo Rauch: Renegaten,David Zwirner,2005,,"Softcover, Pages: 40, reproductions: 20 color",,978-0976913603,,,,,,,https://www.davidzwirnerbooks.com/,,,,,,,,,
Rauch,Neo,Neo Rauch & Rosa Loy: Hinter Den Gärten/Behind the Gardens,Prestel,2011,,,,,,,,,,,,,,,,,,,,
Rauch,Neo,Neo Rauch Bonnefanten Museum,Hatje Cantz,,,,,,,,,,,,https://www.hatjecantz.de/,,Art,,,,,,,
Rauch,Neo,Neo Rauch,David Zwirner,2008,,"Hardcover,",,978-3865217431,,,,,,,https://www.davidzwirnerbooks.com/,,,,,,,,,/assets/images/covers/9783865217431.jpg
Rauchenberg,Robert,Robert Rauschenberg,"The Museum of Modern Art, New York",2016,,"Hardcover, 392 pages",,978-1633450202,,,,,,,,,"Art, New York City",,,,,,,/assets/images/covers/9781633450202.jpg
Rauchenberg,Robert,Scenerios,,,,,,,,,,,,,,,,,,,,,,
Rauchenberg,Robert,Runts,,,,,,,,,,,,,,,,,,,,,,
Rauchenberg,Robert,Transfer Drawings,,,,,,,,,,,,,,,Art,,,,,,,
Reedus,Norman,The Sun's Coming Up... Like a Big Bald Head,Authorscape,2013,,,First edition,978-0989637909,,,,,,,,,,,,,,,,/assets/images/covers/9780989637909.jpg
REIS,Rogerio,Rogerio REIS : Ninguém é de Ninguém Impériale Collection n°4,Editions Bessard,2021,260 x 170 mm,"Soft-Binding, 36 pages",Edition of 250,,,,,,,,,,,,,,,,,
Richter,Gerhard,Strip Paintings and 8 Glass Panels,MG,2012,,,First edition,,,,,,,https://www.gerhard-richter.com/,,,,,,,,,,
Richter,Gerhard,Gerhard Richter: Abstraktes Bild 825-11: 69 Details,Scalo Verlag/Editions CR: 86,1996,,"Hardback with cardboard slipcase, Artist Book",First edition,NA,,,,,,https://www.gerhard-richter.com/,,Art,,Artist Book,,,,,,
Richter,Gerhard,Overpainted Photographs,Hatje Cantz,,,,,,,,,,,https://www.gerhard-richter.com/,https://www.hatjecantz.de/,,Photography,,,,,,,
Richter,Gerhard,Painting After All,,,,,,,,,,,,https://www.gerhard-richter.com/,,,Art,,,,,,,
Richter,Gerhard,Landscape,,,,,,,,,,,,https://www.gerhard-richter.com/,,,Photography,,,,,,,
Richter,Gerhard,Gerhard Richter: tails,Scalo Verla,2016,,,First edition,NA,,,,,,https://www.gerhard-richter.com/,,Art,,Artist Book,,,,,,
Richter,Gerhard,Portraits,,,,,,,,,,,,https://www.gerhard-richter.com/,,,,,,,,,,
Richter,Gerhard,Atlas,,,,,,,,,,,,https://www.gerhard-richter.com/,,,Reference,,,,,,,
Richter,Gerhard,Portraits Painting Appearances,,,,,,,,,,,,https://www.gerhard-richter.com/,,,Art,,,,,,,
Richter,Gerhard,Gerhard Richter: Life and Work in Painting Thinking is Painting,Schirner/Mosel,2020,Height: 36.5 cm | Width: 24.0 cm,"Hardcover, Linen with jacket, 480 pages, 24,0x36,5, 413 color illustrations",,978-3-7913-8651-5,Armin Zweite,,,,,https://www.gerhard-richter.com/,,,Art,,,,,,,
Rickard,Doug,Tom,,,,,,,,,,,,,,,,,,,,,,
Ridgers,Derek,78-87 London Youth,,2014,Height: 31.75 cm | Width: 21.59 cm,160 pages,,9788862083591,,,,,"Photographs taken in the streets, clubs, basements and bars of London between 1978 and 1987, celebrating the many mutations in London's youth culture from the height of punk to the birth of Acid House. These photographs, made over a ten-year span, capture punk's evolution into goth, the skinhead revival and the New Romantic scene, and the eventual emergence of Acid House and the new psychedelia. Among those portrayed are Boy George, Andrew Logan, Leigh Bowery and his boyfriend Trojan, Michael Alig, John Galliano, Hamish Bowles, Cerith Wyn Evans, Steve Strange and Martin Kemp and Steve Norman of Spandau Ballet. A testament to the creative spirit of youth with emphasis on sartorial DIY panache.",https://ridgers.com/,https://www.damianibooks.com/,"Photography, Youth culture, Punk, New Romantic, Goth, London, 1980s, Street photography","British Photography, Music & Nightlife, Punk & New Wave, Street Photography, Youth Culture",,,,,,,/assets/images/books/Ridgers_78_87_London_Youth_9788862083591.jpg
Rist,Pipilotti,Pixel Forest,,,,,,,,,,,,,,,,,,,,,,
Rist,Pipilotti,The video organism of Pipilotti,,,,,,,,,,,,,,,,,,,,,,
Robert Adams,Robert,,,,,,,,,,,,,,,,,,,,,,,
Robinson,Walter,Walter Robinson paintings on paper 2009 - 2020,Fulton Ryder,2021,28x21 cm,"Paperback, 48 pages, color",,,,,,,,,,,,,,,,,,
Rodick,Frank,Liquid Cities,Akina Books,2014,,,,,,,,,,,,,street photography,,,,,,,
Rodland,Torbjorn,Giappone 1970,,,,,,,,,,,,,,,,,,,,,,
Rodland,Torbjorn,Fifth Honeymoon,,,,,,,,,,,,,,,,,,,,,,
Rodland,Torbjorn,Vanilla Partner,,,,,,,,,,,,,,,,,,,,,,
Rodland,Torbjorn,Sasquatch Century,,,,,,,,,,,,,,,,,,,,,,
Rodland,Torbjorn,Confabulations,,,,,,,,,,,,,,,,,,,,,,
Rodland,Torbjorn,The Touch That Made You,,,,,,,,,,,,,,,,,,,,,,
Rondepierre,Eric,The Mark of Time,Editions Bessard,2015,,C print,First edition,978-1091406444,,,Signed,,,,,,,,,,,,,/assets/images/covers/9781091406444.jpg
Rose,Brian,Time and Space on the Lower East Side,,,,,,,,,,,,,,,,,,,,,,
Rosenberg,Aura,Headshots,,,,,,,,,,,,,,,,,,,,,,
Rosenquist,James,James Rosenquist: the Big Paintings: Thirty Years,Rizzoli; First Edition edition,1994,12.2 x 0.8 x 15.2 inches,Hardcover,First edition,978-0847818457,"by Leo Castelli (Author), Susan Brundage (Author)","by Leo Castelli (Author), Susan Brundage (Author), Craig Adcock (Author)",,,,,,,,,,,,,,
Rosenquist,James,James Rosenquist,Whitney Museum of Art,1972,10.4 x 9.3 x 0.4 inches,"Sofcover, catalogue",Whitney Museum; First Edition edition,ASIN: B000V5TGWM,Marcia Tucker,by New York. Whitney Museum of American Art. Text by Marcia Tucker; catalog of prints by Elke M. Solom (Author),,,,,,,Art,,,,,,,
Rosenquist,James,The Early Pictures,"Goldman, Gagosian Gallery",,,,,,,,,,,,https://gagosian.com/,,Art,,,,,,,
Rosenquist,James,A Retrospective,Guggenheim,2003,Height: 30.5 cm | Width: 25.6 cm,472 pages,,9780892072675,,,,,"Lipsticks, automobiles, dishwashers, men in business suits, spaghetti, rockets, airplanes, hairdryers, ice cream cones and pigtailed girls. James Rosenquist has always known how to combine these seemingly disparate but always all-American elements into whirlwind, billboard-sized collages of airbrushed surreal euphoria, slamming colors, patterns and objects into one another with the eye of an advertising man and the heart of a Pop Artist. This momentous catalogue, published to accompany the first in-depth survey of the artist's work since 1972, gives long-overdue, in-depth attention to Rosenquist's singular achievement in American art. Extensive illustrations cover major works in diverse media, including work on paper that reveals the artist's process, as well as extensive new and archival photography. Essays focus on areas that have only been superficially addressed in the literature to date, bringing the level of Rosenquist scholarship up to that of his Pop Art contemporaries. The book offers a comprehensive overview of Rosenquist's career, including essays on his unique style, collage, prints, and his connection to scientific phenomena. It features nearly 300 works and includes a definitive biography, exhibition history, and illustrated chronology.",,https://www.guggenheim.org,"Pop Art, American Art, Contemporary Art, Collage","Art, Artist Monographs, Museum Publications",,,,,,,/assets/images/books/Rosenquist_A_Retrospective_9780892072675.jpg
Rosenquist,James,Welcome to the Walter Planet and House of Fire 1988-1989,Tyler Graphics,,,,,,,,,,,,,,,,,,,,,
Rosenweig,Ben,King of Diamonds,Twin BroBro,2014,,,,,,,Signed,,,,,,,,,,,,,
Rosenzweig,Ben,King Of Diamonds,,,,,,,,,,,,,,,,,,,,,,
Rotella,Mimmo,Mimmo Rotella,Skira,,,,,,,,,false,,,,,,,,,,,,
Rotella,Mimmo,American Icons and Early Work,Knoedler & Company,,,,,,,,,false,,,,,,,,,,,,
Roth,Dieter,Work Tables & Tischmatten,Yale,,,,,,,,,false,,,,,,,,,,,,
Rothenberg,David,Landing Lights Park,ROMAN NVMERALS,,,,,,,,,,,,https://www.romapublications.org/,,,,,,,,,
Rothko,,Dark Palette,Pace,,,,,,,,,false,,,,,,,,,,,,
Roversi,Paolo,Secrets,,,,,,,,,,,,,,,,,,,,,,
Roy,Henry,Superstition,,,,,,,,,,,,,,,,,,,,,,
Ruby,Sterling,Chron,Karma,,,,,,,,,,,,https://karmakarma.org,,,,,,,,,
Ruby,Sterling,LA/BJ,,,,,,,,,,,,,,,,,,,,,,
Ruff,Thomas,Interieurs,,,,,,,,,,,,,,,,,,,,,,
Ruff,Thomas,Lichten,,,,,,,,,,,,,,,,,,,,,,
Ruscha,Edward,Editions 1959-1999,Enberg/Walker Arts Center,,,,,,,,,,,,,,,,,,,,,
Ruscha,Edward,Karma,Gagosian,,,,,,,,,,,,https://gagosian.com/,,,,,,,,,
Ruscha,Edward,Paintings Volume One,,,,,,,,,,,,,,,,,,,,,,
Ruscha,Edward,Photographer,Rowel,,,,,,,,,,,,,,Photography,,,,,,,
Ruscha,Edward,Los Angeles Apartments,,,,,,,,,,,,,,,,,,,,,,
Ruscha,Edward,Photography,Whitney,,,,,,,,,,,,,,Photography,,,,,,,
Ruscha,Edward,Metro Mattresses,,,,,,,,,,,,,,,,,,,,,,
Ryden,Mark,The Tree Show,,,,,,,,,,,,,,,,,,,,,,
S,,,,,,,,,,,,,,,,,,,,,,,,
Sachs,Tom,Tea Ceremony Manual,,,,,,,,,,,,,,,,,,,,,,
Saman,Moises,Discordia,,,,,,,,,,,,,,,,,,,,,,
Samsom,Marja,Diary of a Forgotten Actress: 1972-1979,,2015,,,26/250,,,Cuarted by Inez & Vinoodh,Signed,,,,,,Biography,,,,,,,
Sancari,Mariela,Moisés,La Fábrica,2015,26x17.5 cm,"Two books with intermingled pages, 64 pages",1000,,,,,,,https://www.marielasancari.com/6855684-moises,,,,,,,,,,
Santo Domingo,Juilo Mario,Ex Libris,,,,"A 480 page, single volume, trade edition",,,,,,,,,,,,,,,,,,
Sassen,Viviane,Of Mud and Lotus,,,,,,,,,,,,https://www.vivianesassen.com/,,,,,,,,,,
Sassen,Viviane,Sketches Polaroids made in Africa 2002- 2010,,,,,2nd,,,,,,,https://www.vivianesassen.com/,,,,,,,,,,
Sassen,Viviane,Roxane II,,,,,,,,,,,,https://www.vivianesassen.com/,,,,,,,,,,
Saul,Peter,Crime and Punishment,Phaidon,,318 x 292 mm (12 1/2 x 11 1/2 in),"192 pages, Hardback, 192 pp., 100 illustrations",,978-1838660796,Edited by Massimiliano Gioni and Gary Carrion-Murayari,,,,,,,,Art Book,,,,,,,/assets/images/covers/9781838660796.jpg
Saunders,Norman,,,,,,,,,,,,,,,,,,,,,,,
Saveri,Lele,Landscapes (original Risograph print),,,,,,,,,,,,,,,,,,,,,,
Saville,Jenny,Elips,Gagosian,,,,,,,,,,,,https://gagosian.com/,,,,,,,,,
Saville,Jenny,,,,,,,,,,,,,,,,,,,,,,,
Saville,Peter,Peter Saville Estate 1-127,,,,,,,,,,,,,,,,,,,,,,
Saville,Peter,Designed By Peter Saville,,,,,,,,,,,,,,,,,,,,,,
Saville,Peter,,,,,,,,,,,,,,,,,,,,,,,
Sawatari,Hajime,Nagisa Hotel,Super Labo,2015,,,Lmtd edition of 800,978-4905052890,,,,,,,,,,,,,,,,
Sawatari,Hajime,Nagisa Hotel,,2015,,,,9784905052890,,,,,,,,,,,,,,,,
Schabel,John,Passengers,,,,,,,,,,,,,,,,,,,,,,
Scher,Julia,Always there,Sternberg Press,2002,,Paperback,,,,,,,,,,Surveillance Index,,,,,,,,
Scher,Julia,Tell Me When You Re Ready - Works From 1990-1995,PFM,2002,,"Hardcover, 224 pages",,978-0971909809,,,,,,,,,,,,,,,,/assets/images/covers/9780971909809.jpg
Scheunemann,Diana,Ambisexual,Vision on,2001,4 x 0.25 x 5.75 inches,"Paperback, 64 pages",,978-1903399460,,,,,,,,,,,,,,,,/assets/images/covers/9781903399460.jpg
Scheurwater,Hester,All I Ever Wanted,Editions Bessard,2015,,,,979-1091406291,,,,,,,,,,,,,,,,
Schles,Ken,Invisible City,Steidl,2015,,,,978-3869306919,,,Signed,,,,https://steidl.de,,,,,,,,,/assets/images/covers/9783869306919.jpg
Schles,Ken,Night Walk,Steidl,2015,,,,978-3869306926,,,Signed,,,,https://steidl.de,,,,,,,,,/assets/images/covers/9783869306926.jpg
Schmelling,Michael,My Blank Pages,The Ice Plant,2016,,,,978-0989785952,,,Signed,,,,,,,,,,,,,/assets/images/covers/9780989785952.jpg
Schmidt,Michael,Waffenruhe (Ceasefire),,,,,,,,,,,,,,,,,,,,,,
Schmidt,Michael,NATUR,MACK,,,,,,,,,,,https://mackbooks.co.uk,https://mackbooks.co.uk,,,,,,,,,
Schmidt,Jason,Artists,Edition 7L,,,,,,,,,,,,,,,,,,,,,
Schmidt,Jason,Artists II,Steidl,,,,,,,,,,,,https://steidl.de,,,,,,,,,
Schmied,Andi,Private Views: A High-Rise Panorama of Manhattan,"VI PER Gallery, Prague.",2020,"31.5 x 23.5 cm,","Hardback, Cloth, Perfect binding, Silver Embossed",,978-807091256,"Editors: Irena Lehkoživová, Barbora Špičáková.","Essays: Sara Emilia Bernat, f-architecture, Irena Lehkoživová, Ava Lynam, Peter Noever, Jack Self, Michael Sorkin, Samuel Stein, Barbora Špičáková, Anthony Vidler, Sharon Zukin.",,,"All of us want to see Manhattan from above, but very few can do it from their own living room. Private Views is here to satisfy our incessant curiosity about a hidden elite world that we can only observe from outside, or occasionally, from an overpriced viewing point crowded with tourists. While posing as an apartment-hunting Hungarian billionaire, Andi Schmied accessed and documented Manhattan’s most exclusive high-rise properties. For the duration of the project, she inhabited a fictional persona: Gabriella, a mother of one whose husband is an antique dealer. Dressing as Gabriella and acting as Gabriella, she prepared for the family’s upcoming move to Manhattan. Complemented by essays, and fragments of the real estate conversations, the book guides its readers through the sunset from the Trump Tower and dawn over Central Park from the private ballroom of the tallest residential tower on the planet, showcasing samples of the world’s most luxurious materials, such as the Calacatta Tucci marble used in bathrooms overlooking the Empire State Building.",http://andischmied.com,http://www.vipergallery.org/en/bookstore/andi-schmied-private-views,"Surveillance, NYC","city, rich, buildings, manhattan, nyc, cityscape",Surveillance Index,,,"Hudson Street Library, NYC",,$95.00,
Schmit,Aurel,Maneater,,,,,,,,,,,,,,,,,,,,,,
Schnabel,Julian,Draw A Family,Karma,,,,,,,,,,,,https://karmakarma.org,,,,,,,,,
Schnabel,Julian,Polaroids,Prestel,,,,,,,,,,,,,,,,,,,,,
Schonberger,Ben,Beautiful Pig,,,,,,,,,,,,http://www.benschonberger.com/new-page/,,,,,,,,,,
Schorr,Collier,Contacts,IDEA Books,2015,,,100,,,,,,"this bookzine is based on Schorr's seminal book 'Jens F', published by Steidl/MACK. The work is a study of Andrew Wyeth's series of paitings of a girl named Helga. Schorr began to photograph a young boy in many of the positions that Wyeth painted Helga; to give someone another identity and photograph them through the transformation. During the process, Wyeth's book 'The Helga Pictures' became a sketchbook, filled with contact prints, annotations and so where the viewer sees only the finished and perfected photograph. 'Contacts' shows a deeper view into this process",https://mackbooks.co.uk,https://mackbooks.co.uk,,,,,,,,,
Schorr,Collier,Paul's Book,MACK,2019,,,,,,,,,,https://mackbooks.co.uk,https://mackbooks.co.uk,,,,,,,,,
Schorr,Collier,8 Woman,MACK,2014,,,,,,,,,,https://mackbooks.co.uk,,,,,,,,,,
Schorr,Collier,I Blame Jordan,,2016,,,,,,,,,,,,,,,,,,,,
Schorr,Collier,Neighbors/Nachbarn,,2006,,,,,,,,,,,,,,,,,,,,
Schubert,Erik,How to Win Friends and Influence People,Lavalette,2013,,,,,,,,false,,,,,,,,,,,,
Schwitters,Ernst,Ernst Schwitters in Norway: Photographs 1930-1960 (Multilingual Edition),Hatje Cantz,2006,"8½x11""",,,,,,,,,,https://www.hatjecantz.de/,,Photography,,,,,,,
Seawright,Paul,Things Left Unsaid,,,,,,,,,,,,,,,,,,,,,,
Sepuya,Paul Mpagi Sepuya,,Aperture,,,,,,,,,,,,https://aperture.org/,,,,,,,,,
Serra,Richard,Serra 2013,Gagosian New York,,,,,,,,,,,,https://gagosian.com/,,New York City,,,,,,,
Serra,Richard,Richard Serra Early Work,steidl David Zwirner,,,,,,,,,,,,https://www.davidzwirnerbooks.com/,,,,,,,,,
Serra,Richard,Richard Serra Drawing,"Rose|White|Garreks, Menil",,,,,,,,,,,,,,,,,,,,,
Serra,Richard,(title in arabic),Steidl,,,,,,,,,,,,https://steidl.de,,,,,,,,,
Sethi,Nick,Khichdi (kitchari),,,,,,,,,,,,,,,,,,,,,,
Sethi,Nick,Pul Ke Niche,,,,,,,,,,,,,,,,,,,,,,
Sevigny,Chloe,No Time for Love,,,,,,,,,,,,,,,,,,,,,,
Shafran,Nigel,The People on the Street,,,,,,,,,,,,,,,,,,,,,,
Shaw,Chris,Before and After Night Porter,,,,,,,,,,,,,,,,,,,,,,
Shaw,Jeremy,Jeremy Shaw,Swiss Institute and Centre Pompidou,2020,Height: Shaw cm | Width: Jeremy cm,"Hardback boards, 142 pages, perfect binding",,978-2844268662,,,,142,perfect binding,,,,false,,,,,,,
Shea,Daniel,43-35 10th Street,Kodoji Press,2018,27x24cm,"Softcover, Sewn Bound, 288 pages, colour",,978–3037470862,"Daniel Shea, Walter Benn Michaels, Winfried Heininger",,,,"43-35 10th Street is a book about architecture and its relationship to ideological and socioeconomic shifts. The work began with a simple premise; for Shea to observe the residential real estate boom in his neighborhood of New York City, Long Island City. This type of development boom, happening in cities globally, is a distinctly late capitalist solution to the perception of housing needs. Images of Long Island City in New York are juxtaposed with the government buildings in the famed Brazilian city of Brasilia, built ex-nihilo 50 years ago. Images of a dying California industrial town suggest a cycle of dissolution, real estate value, and entropy.""--Photo London website, accessed 1/8/2018. Source: Publisher",https://www.danielpshea.com/,,,"Architectural photography, Brasília (Distrito Federal, Brazil) -- Pictorial works, City planning -- Pictorial works, Documentary photography, Gentrification, Human ecology -- Pictorial works, Long Island City (New York, N.Y.) -- Pictorial works, Photography, Artistic, Searles Valley (Calif.) -- Pictorial works",,,,,,,/assets/images/books/Shea_43_35_10th_Street_9783037470862.jpg
Shea,Daniel,,,,,,,,,,,,,https://www.danielpshea.com/,,,,,,,,,,
Shea,Daniel,"Blisner, IL",,,,,,,,,,,,https://www.danielpshea.com/,,,,,,,,,,
Shearer,Steven,Steven Shearer,,,,,,,,,,,,,,,,,,,,,,
Sheshivari,Izet,505,,2015,,1216 pages,,,,,,,"A compilation bringing together reprints of 28 out-of-print artist's notepads originally published by Sheshivari in his own publishing house, Boabooks, between 2008 and 2011. These original notepads featured contributions (images and text) from various contemporary artists, including Olivier Mosset, Isabelle Cornaro, and Jérémie Gindre, among others. The book is primarily an art publication and a documentation of Sheshivari's curatorial and publishing work with Boabooks, allowing readers to view the development of the series as a whole.",,,,,,,,,,,/assets/images/books/Sheshivari_505.jpg
Shiga,Lieko,Blind Date,,,,,,,,,,,,,,,,,,,,,,
Shiinoki,Shunsuke,Deko + Munition,,,,,,,,,,,,,,,,,,,,,,
Shinoyama,Kishin,No Nude - Virgin Lisa,Asahi Press,2009,,62 pages,,978-4255004686,,,,,,,,,,,,,,,,/assets/images/covers/9784255004686.jpg
Shinoyama,Kishin,Olele Olala,,,,,,,,,,,,,,,,,,,,,,
Shinoyama,Kishin,Olele Olala,,,,,,,,,,,,,,,,,,,,,,
Silano,Pacifico,I Wish I Never Saw the Sunshine.,Loose Joints,2021,"7¾x9¾""","40 pages, Hardbound, 40 pp., 40 color illustrations",,978-1912719242),,,,,"American conceptual artist Pacifico Silano’s practice is rooted in excavating the printed ephemera of gay culture to create new images that comment on loss, longing and queer melancholy. In particular, Silano uses the gestures of framing, cropping and layering vintage gay erotica to comment on the HIV/AIDS crisis and its reverberations on queer lives, which included the loss of the artist's uncle at the height of the epidemic. I Wish I Never Saw the Sunshine is Silano’s first artist’s book, and engages with an ambitious accordion-folded format that references Silano’s photo-based installations: two twenty-panel long sequences that can be read as both one continuous collage and a sequence of individual images. Included in the book is an interview with the artist by José Diaz, Chief Curator of The Andy Warhol Museum.",,,,,,,,,,,
Silano,Pacifico,I Wish I Never Saw the Sunshine.,Loose Joints,2021,"7¾x9¾""","40 pages, Hardbound, 40 pp., 40 color illustrations",,978-1912719242,,,,,"American conceptual artist Pacifico Silano’s practice is rooted in excavating the printed ephemera of gay culture to create new images that comment on loss, longing and queer melancholy. In particular, Silano uses the gestures of framing, cropping and layering vintage gay erotica to comment on the HIV/AIDS crisis and its reverberations on queer lives, which included the loss of the artist's uncle at the height of the epidemic. I Wish I Never Saw the Sunshine is Silano’s first artist’s book, and engages with an ambitious accordion-folded format that references Silano’s photo-based installations: two twenty-panel long sequences that can be read as both one continuous collage and a sequence of individual images. Included in the book is an interview with the artist by José Diaz, Chief Curator of The Andy Warhol Museum.",,,,,,,,,,,
Silano,Pacifico,Tear Sheets,,,,,,,,,,,,,,,,,,,,,,
Sillman,Amy,A Summer,Gladstone Gallery,2021,,"Softback,",,,,,,Marco Caroti,"99 flowers, a guide, a calendar, an index, and a conversation.",,https://www.gladstonegallery.com/,,Art,,,,,,,/assets/images/books/Sillman_A_Summer_NULL.jpeg
Silva,Giovanna,Inch by Inch House by House Alley by Alley,,,,,,,,,,,,,,,,,,,,,,
Silva,Giovanna,Inch by Inch House by House Alley by Alley,,,,,,,,,,,,,,,,,,,,,,
Simmons,Laurie,The Love Doll,,,,,,,,,,,,,,,,,,,,,,
Simmons,Laurie,Photographs 1978/79,,,,,,,,by Collier Schorr and Laurie Simmons,,,,,,,Photography,,,,,,,
Simmons,Gary,,Damiani,,,,,,,,,,,,https://www.damianieditore.com/,,,,,,,,,
Simon,Taryn,Paperwork And The Will Of Capital,"Hatje Cantz, Gagosian",,,,,,,,,,,http://tarynsimon.com/,https://gagosian.com/,,,Individual Photographer Monographs,,,,,,
Simon,Taryn,The Color of a Flea’s Eye: The Picture Collection,Cahiers d'Art,2020,11.22 x 1.65 x 15.43 inches,"Hardcover, boxed, 460 pages",,9782851173140,,,,,"A tremendous feat of bookmaking, Taryn Simon's The Color of a Flea's Eye deploys prints, postcards and other ephemera to explore the organization of visual information through the New York Public Library's beloved archive Taryn Simon's The Color of a Flea's Eye presents a history of the New York Public Library's Picture Collection--a legendary trove of more than one million prints, photographs, postcards, posters and images from disused books and periodicals. Since its inception in 1915, the Picture Collection has been a vital resource for writers, historians, artists, filmmakers, fashion designers and advertising age",http://tarynsimon.com/,https://www.cahiersdart.com,Individual Photographer Monographs,"Photography / Individual Photographers / Monographs, Cataloging of pictures -- New York (State) -- New York, Photography, Artistic -- 21st century",Individual Photographer Monographs,,,HSL,,,
Simon,Taryn,An American Index of the Hidden and Unfamiliar,Steidl,2007,10.2 x 0.9 x 13.4 inches,"Hardcover, 152 pages",,978-3865213808,,,,,,http://tarynsimon.com/,https://steidl.de,Individual Photographer Monographs,,Individual Photographer Monographs,,,,,,/assets/images/covers/9783865213808.jpg
Simon,Taryn,Contraband,Steidl,2010,7 x 1.5 x 9.2 inches,"Paperback, 479 pages",,978-3869301341,,,,,,http://tarynsimon.com/,https://steidl.de,Individual Photographer Monographs,,Individual Photographer Monographs,,,,,,/assets/images/covers/9783869301341.jpg
Simon,Taryn,"Rear Views, a Star-forming Nebula, and the Office of Foreign Propaganda",Tate Publishing,2015,5.9 x 1.6 x 10.6 inches (27x15 cm),"Hardcover, 388 pages, with 200 color plates;",,978-1849762359,,,,,,http://tarynsimon.com/,,,,,,,,,,
Simon,Taryn,Birds of the West Indies,Hatje Cantz,2013,20.50x30.50 cm,"Hardcover, 440 pages, clothbound",,978-3775736633,,,,,,http://tarynsimon.com/,https://www.hatjecantz.de/,,Nature,,,,,,,/assets/images/covers/9783775736633.jpg
Simon,Taryn,Contraband,,2010,Height: 23.4 cm | Width: 17.8 cm,479 pages,,9783869301341,,,,,,http://tarynsimon.com/,https://steidl.de,Individual Photographer Monographs,,,,,,,,/assets/images/covers/9783869301341.jpg
Sims,David,Supreme,Supreme,2015,,w/ poster inscribed,,,,,inscribed,,,,,,,,,,,,,
"Sims; Hawkesworth, Jamie;",David,Siam's Guy,,,,,,,,,,,,,,,,,,,,,,
Simson,Lorna,Lorna Simpson,Phaidon Press,,,,,,,,,,,https://www.phaidon.com/,,,,,,,,,,
Simson,Lorna,Collages,,,,,,,,,,,,,,,,,,,,,,
Simson,Lorna,Works on Paper,Aspen Art Museum,,,,,,,,,,,,,,,,,,,,,
Snapp,Colin,VISTA,,,,,,,,,,,,,,,,,,,,,,
Sobol,Jacob Aue,With And Without You,,,,,,,,,,,,,,,,,,,,,,
"Sorrenti; Goldberg,Jim",Davide,Let's Panic,,,,,,,,,,,,,,,,,,,,,,
Soth,Alec,A Pound of Pictures by Alec Soth,Mack,2022,"25.3 x 31 cm,","Embossed linen hardcover with front and back tip-in, Three different papers, including a marbled Japanese stock and five randomised replica vernacular photographs, 156 pages",,,,,,,,,https://mackbooks.co.uk,,,,,,,,,
Soth,Alec,Gathered Leaves,Mack,2015,,,First edition,978-1910164365,,,,,,,https://mackbooks.co.uk,,,,,,,,,
Soth,Alec,Songbook,,,,,,,,,,,,,,,,,,,,,,
Soth,Alec,Songbook,,,,,,,,,,,,,,,,,,,,,,
Souharce,Emma,Voyeur (gray cover),Rollo Press; HEAD Geneva,2013,4.3 x 0.5 x 6.5 inches,"Paperback, perfect binding",,978-3906213040,,,,,,,,,,,,,,,,
Souharce,Emma,Voyeur (gray cover),Rollo Press; HEAD Geneva,2013,4.3 x 0.5 x 6.5 inches,"Paperback, perfect binding",,978-3906213040,,,,,,,,,,,,,,,,
Spears,Mike,Love Journal 2015,,,,,,,,,,,,,,,Periodical,,,,,,,
Spinatsch,Jules,Temporary Discomfort,,,,,,,,,,,,,,,,,,,,,,
Spinatsch,Jules,Semiautomatic Photography,Spector Books,2019,Width: 21 cm ; Length: 29.6 cm,"352 pages, 352 pp., numerous colour illustrations thread-sewn softcover",1st,978-3959052924,,,,Alberto Vieceli,"How one tilts the camera, holds it with both hands in front of the waist. How one looks through the viewfinder, gazes one-eyed into the world. How one hides it in stockings, behind the back, and how one lets it peep out from behind the corner of a building, as though it were a detective. Holding the Camera shows a pictorial genre from the now extinct era of analogue photography. Like the dinosaurs, supposedly the victims of a violent meteorite bombardment, also these images that were once distributed a million times over in instructions and advertisements, have been erased, deleted. «Nadine Olonetzky",,https://spectorbooks.com/,,Photography,,,,,,,/assets/images/covers/9783959052924.jpg
Spinatsch,Jules,We will never be so close again,Kodoji Press,2007,"16,5 × 23,5 cm","Softcover, Recycled book, 48 pages, 10 black & white plates, 21 color plates",,978-3037470015,,,,,,,,,,,,,,,,
Spoelstra,Friso,Devils & Angels Ritual Feasts in Europe,Lecturis,2015,6.85 x 1.1 x 9.49 inches,"Paperback, ‎304 pages",,978-9462260962,,,,,,,,,,,,,,,,
Srikhao,Harit,Whitewash,,,,,,,,,,,,,,,,,,,,,,
Steacy,Will,Deadline,,2016,,"Soft cover, 192 pages, 277 photographs, reproductions and documents",First edition:,,,,,,"In the highly anticipated second installment of the Deadline publications Will Steacy tells the story of an industry in crisis and a family legacy cut short. Steacy’s latest book published by b.frank books reveals the harsh realities facing the newspaper industry today in a behind-the-scenes look at one newsroom’s grit and determination to get the news out despite shrinking advertising revenue, falling circulation, lay-offs, buy-outs, and bankruptcy. In his follow up to the critically acclaimed Deadline newspaper, this 192-page book features Steacy’s photographs of The Inquirer newsroom and printing plant, historical material from The Inquirer's archive and his own family's five-generation newsman history. The accompanying essay by former Inquirer executive editor Gene Roberts, whose leadership won the paper 17 Pulitzer Prizes, explains how corporate media consolidation and the shift to budget cutting in an effort to maximize shareholder value were the first dominos in the newspaper industry’s subsequent downfall. Deadline not only provides us an open window into the realities of an industry in crisis, but also explains how and why we got here. Steacy’s in-depth examination of the media is particularly relevant in an election year in which the consequences of the de-newspaperization of America are on full display as facts and accountability have been trumped by voters' political ideology.",,,,,,,,,,,
Stephenson,Luke,Luke Stephenson's 99x99s,YES Editions,2014,,"Hardcover, 224 pages,",,978-09957434110,,,Signed,YES,"“99x99s is a photographic road trip exploring the world of the 99 ice cream. Over 25 days and 3,500 miles I travelled deeper and deeper into the story of this British icon and the culture that made it.” “As I traveled from place to place I became fascinated by the human touches that make each cone unique and the stories which shroud the 99 in mystery.” —Luke Stephenson",,,,,,,,,,$50.00,
Stezaker,John,John Stezaker: Rubell Family Collection,,,,,,,,,,,,,,,,,,,,,,
Stezaker,John,,,,,,,,,,,,,,,,,,,,,,,
Stezaker,John,,,,,,,,,,,,,,,,,,,,,,,
Stezaker,John,,,,,,,,,,,,,,,,,,,,,,,
Steyerl,Hito,I Will Survive,,,,,,,,,,,,,,,,,,,,,,
Stieglitz,Alfred,New York,,,,Yochelson,,,,,,,,,,,"New York City, Photography",,,,,,,
Still,Maximilian,Folklig Idrott (Folk-athletic games),,,,,,,,,,,,,,,,,,,,,,
Still,Clyfford,The Late Works,Rizzoli Electa,2020,10.35 x 0.79 x 12.25 inches,"Hardcover, 128 pages",First edition,978-0847868605,"by David Anfam (Author), Dean Sobel (Author)","Alex Katz (Contributor), Dorothea Rockburne (Contributor)",,,"An exclusive look at the late work of one of the most influential and enigmatic painters, whose late-career paintings are virtually unknown to the public and many are published here for the first time. Clyfford Still (1904-1980) is a pioneer of Abstract Expressionism, along with Mark Rothko, Jackson Pollock, Lee Krasner, and Willem de Kooning. This revelatory book, accompanying a groundbreaking exhibition, investigates Clyfford Still's late work, both in painting and in drawing, made after his move to rural Maryland in 1961. This marks a particularly fertile period for Still; he made over 375 works on canvas and a staggering 1,100 works on paper in Maryland before his death in 1980 at the age of 75. Given Still's especially reclusive posture later in life and the fact that none of the artworks in Still's estate were exhibited or made available to anyone before the opening of the Clyfford Still Museum in 2011, a full-scale presentation of these forty paintings and thirty works on paper is especially meaningful.",,,Art,,Individual Artist Monographs,,,Clipper,,,/assets/images/covers/9780847868605.jpg
Strömholm,Christer,Les Nuits De,RM/Fundación Foto Colectania; Mul edition,2015,,48 pages,,978-8416282159,,,,,,,,,,,,,,,,
Struth,Thomas,Walking,,,,"Paperback, perfect bound,",,,,,,,,,,,,,,,,,,
Struth,Thomas,Matera 1953,,,,,,,,,,,,,,,,,,,,,,
Struth,Thomas,Nature & Politics,,,,,,,,,,,,,,,Nature,,,,,,,
Struvay,Thierry,Vernacular Photography,,,,,,,,,,,,,,,Photography,,,,,,,
Struvay,Thierry,Love & Hate & Other Mysteries,,,,,,,,,,,,,,,,,,,,,,
Sultan,Larry,Pictures from Home,,,,,,,,,,,,,,,,,,,,,,
Sume,Selim,Tekerrur (Recurrence),,,,,,,,,,,,,,,,,,,,,,
Suter,Batia,Radial Grammar,,,,,,,,,,,,,,,,,,,,,,
Suter,Batia,Parallel Encyclopedia,,,,,,,,,,,,,,,Reference,,,,,,,
Suter,Batia,Hexamilies (Mont-Voisin),,,,,,9789491843426,,,,,,,,,,,,,,,,
Suter,Batia,Parallel Encyclopedia #2,Roma Publications,2016,,"Hardcover, 591 pages,",First,978-9491843761,"Suter, Bater",,,Roger Willems,"Tiré du site Internet de Roma Publications: [vol. 2]: ""Batia Suter's work intuitively situates found images in new contexts to provoke surprising reactions and significative possibilities. This volume follows on from the first Parallel Encyclopedia, published in 2007. Underlying themes of Suter's practice are the ""iconification"" and ""immunogenicity"" of old images, and the circumstances by which they become charged with new associative values. ""In my work, I collect groups of images based on various themes and characteristics, and I investigate how they can manipulate each other, depending on where and how they are placed. In the process of making this book, narrative lines unfolded before my eyes as I shifted images around.",,https://www.romapublications.org/,,Reference,,,700.4112,,,,
Suter,Batia,Parallel Encyclopedia #1,Roma Publications,2021,,"Hardcover, 3rd edition,",Thrid,978-9492811981,"Suter, Bater",,,,,https://www.romapublications.org/,https://www.romapublications.org/,,"Appropriation (Art), Artists' books -- Specimens, Encyclopedias and dictionaries, Found objects (Art), Montage",,,,,,,
Suter,Batia,Cloud Service (Special Edition),"Printed Matter Inc., Roma Publications",,,,,,,,,,,,,,,,,,,,,
Sutherland,Peter,Sender,,,,,,,,,,,,,,,,,,,,,,
Sutherland,Peter,Sender,,,,,,,,,,,,,,,,,,,,,,
Swoon,,Swoon,Deitch,2010,,,,,,,,,,,,,,,,,,,,
Swoon,,,Abrams,,,,,,,,,,,,,,,,,,,,,
Sze,Sarah,De nuit en jour,,,,,,,,,,,,,,,,,,,,,,
Sze,Sarah,,,,,,,,,,,,,,,,,,,,,,,
Sze,Sarah,,,,,,,,,,,,,,,,,,,,,,,
T,,,,,,,,,,,,,,,,,,,,,,,,
Tei,Towa,ecollage,,,,,,,,,,,,,,,,,,,,,,
Teichmann,Esther,Mondschwimmen,rem/ZEPHYR,2015,,,,978-0955675133,,,Signed,,,,,,,,,,,,,
Teller,Juergen,Season Three,,,,,,,,,,,,,,,,,,,,,,
Templeton,Ed,Hairdos of Defiance,,,,,,,,,,,,,,,,,,,,,,
Templeton,Ed & Deanna,Contemporary Suburbium,,,,,,,,,,,,,,,,,,,,,,
Templeton,Ed,Wayward Cognitions,,,,,,,,,,,,,,,,,,,,,,
"The Mott Collection (Toby Mott, editor)",,Showboat Special Edition,,,,,,,,,,,,,,,,,,,,,,
Thek,Paul,Paul Thek Artist's Artist,The MIT Press;,2009,8.5 x 2 x 11 inches,"Hardcover, 550 pages",First,978-0262012546,,,,,,,,,Art,,,,,,,/assets/images/covers/9780262012546.jpg
Thiebaud,Wayne,"Delicious Metropolis: The Desserts and Urban Scenes of Wayne Thiebaud (Fine Art Book, California Artist Gift Book, Book of Cityscapes and Sweets)",Chronicle Books,2019,9.13 x 0.75 x 9.88 inches,"Hardcover, 144 pages, Illustrated",,978-1452169934,,,,,,,,,Art,,,,,,,
Tichy,Miroslav,Miroslav Tichy - L'homme A La Mauvaise Camera,Presses Du Reel,2012,,64 pages,,978-2916067650,,,,,,,,,Photography,,,,,,,
Tillim,Guy,Edit Beijing,,,,,,,,,,,,,,,,,,,,,,
Tillmans,Wolfgang,Stained Ripe Impure Bright,,,,,,,,,,,,,,,,,,,,,,
Tillmans,Wolfgang,Wolfgang Tillmans. Cologne,,,,,,,,,,,,,,,,,,,,,,
Tillmans,Wolfgang,Wolfgang Tillmans. Zurich,,,,,,,,,,,,,,,,,,,,,,
Tillmans,Wolfgang,Wolfgang Tillmans. Zurich,,,,,,,,,,,,,,,,,,,,,,
Tillmans,Wolfgang,Wolfgang Tillmans. Frankfurt am Main,,,,,,,,,,,,,,,,,,,,,,
Tillmans,Wolfgang,Wer Liebe wagt lebt morgen. Ostfildern-Ruit,,,,,,,,,,,,,,,,,,,,,,
Tillmans,Wolfgang,Concorde - Cologne,,,,,,,,,,,,,,,,,,,,,,
Tillmans,Wolfgang,Wolfgang Tillmans - Burg,,,,,,,,,,,,,,,,,,,,,,
Tillmans,Wolfgang,"Cologne: Taschen, 1998",Taschen,1998,,,,,,,,,,,,,Art Book,,,,,,,
Tillmans,Wolfgang,"Reissued as Wolfgang Tillmans, 2002",,2002,,,,,,,,,,,,,,,,,,,,
Tillmans,Wolfgang,"Totale Sonnenfinsternis. Cologne: Galerie Buchholz, 1999",Galerie Buchholz,1999,,,,,,,,,,,,,,,,,,,,
Tillmans,Wolfgang,"Wako Book 1999. Tokyo: Wako Works of Art, 1999",,1999,,,,,,,,,,,,,,,,,,,,
Tillmans,Wolfgang,"Soldiers—The Nineties. Cologne: Walther König, 1999. ISBN 978-3883753775",Walther König,1999,,,,,,,,,,,,,,,,,,,,
Tillmans,Wolfgang,"Wako Book 2. Tokyo: Wako Works of Art, 2001. ISBN 4-902070-19-7[n 1]",,2001,,,,,,,,,,,,,,,,,,,,
Tillmans,Wolfgang,"Portraits. Cologne: Walther König / Distributed Art Publishers, 2001. ISBN 978-1891024368",Walther König / Distributed Art Publishers,2001,,,,,,,,,,,https://www.buchhandlung-walther-koenig.de/koenig2/index.php?mode=lang&lang=en,,,,,,,,,
Tillmans,Wolfgang,"Aufsicht / View from Above. Ostfildern-Ruit: Hatje Cantz, 2001",Hatje Cantz,2001,,,,,,,,,,,https://www.hatjecantz.de/,,,,,,,,,
Tillmans,Wolfgang,"AC: Isa Genzken/Wolfgang Tillmans. Cologne: Museum Ludwig, Walther König, 2001",Walther König,2001,,,,,,,,,,,https://www.buchhandlung-walther-koenig.de/koenig2/index.php?mode=lang&lang=en,,,,,,,,,
Tillmans,Wolfgang,"Wolfgang Tillmans. London and New York: Phaidon, 2002. ISBN 0 7148 4192 7",Phaidon,2002,,,,,,,,,,,,,,,,,,,,
Tillmans,Wolfgang,"If One Thing Matters, Everything Matters. London: Tate, 2003",tate,2003,,,,,,,,,,,,,,,,,,,,
Tillmans,Wolfgang,"Wako Book 3. Tokyo: Wako Works of Art, 2004. ISBN 4-902070-25-1[n 2]",,2004,,,,,,,,,,,,,,,,,,,,
Tillmans,Wolfgang,"Freischwimmer. Tokyo: Tokyo Opera City Gallery, 2004",,2004,,,,,,,,,,,,,Art,,,,,,,
Tillmans,Wolfgang,"truth study center. Cologne: Taschen, 2005. ISBN 3 8228 4640 6",Taschen,2005,,,,,,,,,,,,,,,,,,,,
Tillmans,Wolfgang,"Freedom From The Known. New York and Göttingen: P.S.1/Steidl, 2006. ISBN 3 86521 263 8",,2006,,,,,,,,,,,,,,,,,,,,
Tillmans,Wolfgang,"Wolfgang Tillmans. Los Angeles. New Haven and London: Museum of Contemporary Art, Chicago; Hammer Museum, Los Angeles, 2006. ISBN 0 300 12022 2[n 3]",,2006,,,,,,,,,,,,,,,,,,,,
Tillmans,Wolfgang,"Why We Must Provide HIV Treatment Information. London: HIV i-base, 2007. Photography by Tillmans.[n 4]",,2007,,,,,,,,,,,,,,,,,,,,
Tillmans,Wolfgang,"Sprengel Installation. Hannover: Sprengel Museum, 2007",,2007,,,,,,,,,,,,,,,,,,,,
Tillmans,Wolfgang,"manual. Cologne: Walther König, 2007. ISBN 978-3865601322",,2007,,,,,,,,,,,https://www.buchhandlung-walther-koenig.de/koenig2/index.php?,,,,,,,,,
Tillmans,Wolfgang,"Wolfgang Tillmans and Hans Ulrich Obrist. The Conversation Series, Vol. 6. Cologne: Walther König, 2007. ISBN 978-3865601339",,2007,,,,,,,,,,,https://www.buchhandlung-walther-koenig.de/koenig2/index.php?,,,,,,,,,
Tillmans,Wolfgang,"Wako Book 4. Tokyo: Wako Works of Art, 2008. ISBN 978-4-902070-31-6[n 5]",,2008,,,,,,,,,,,,,,,,,,,,
Tillmans,Wolfgang,"Lighter. Ostfildern and Berlin: Hatje Cantz and Hamburger Bahnhof—Museum für Gegenwart—Berlin, 2008. ISBN 978-3-7757-2187-5",,2008,,,,,,,,,,,https://www.hatjecantz.de/,,,,,,,,,
Tillmans,Wolfgang,"Wolfgang Tillmans: Interviews. Tokyo: Wako Works of Art, 2010",,2010,,,,,,,,,,,,,,,,,,,,
Tillmans,Wolfgang,"Wolfgang Tillmans. London: Serpentine Gallery; Koenig Books, 2010[n 6]",,2010,,,,,,,,,,,,,,,,,,,,
Tillmans,Wolfgang,"Wolfgang Tillmans. Brochure. Liverpool: Walker Art Gallery, 2010[n 7]",,2010,,,,,,,,,,,,,,,,,,,,
Tillmans,Wolfgang,"Abstract Pictures. Ostfildern: Hatje Cantz, 2011",,2011,,,,,,,,,,,https://www.hatjecantz.de/,,,,,,,,,
Tillmans,Wolfgang,"Zachęta Ermutigung. Zachęta Narodowa Galeria Sztuki, Kunstsammlung Nordrhein-Westfalen, Düsseldorf, 2011[n 8]",,2011,,,,,,,,,,,,,,,,,,,,
Tillmans,Wolfgang,"FESPA Digital / FRUIT LOGISTICA. Artist book. Cologne: Walther König, 2012",,2012,,,,,,,,,,,https://www.buchhandlung-walther-koenig.de/koenig2/index.php?,,Art,,,,,,,
Tillmans,Wolfgang,"Neue Welt. Cologne: Taschen, 2012. ISBN 978-3836539746",,2012,,,,,,,,,,,,,,,,,,,,
Tillmans,Wolfgang,"Wolfgang Tillmans. London and New York: Phaidon, 2013. ISBN 978-0-7148-6704-5.",,2013,,,,,,,,,,,,,,,,,,,,
Tillmans,Wolfgang,Conor Donlon,"Walther König, Cologne",2016,6 1/2 x 9 1/2 in (16.5 x 24.1 cm),"Softcover, 192 pages, reproductions: 185",,,,Alex Needham,,"Wolfgang Tillmans, Paul Hutchinson","In Conor Donlon, Wolfgang Tillmans (born 1968) chronicles East London’s art scene and nightlife of the early 2000s, as well as his friendship with collaborator and artist Conor Donlon. The book sees Donlon’s appearance and style changing, as well as his backdrops: a 2003 demonstration against George W. Bush’s state visit; a picnic at the park after an opening at Tillmans’s exhibition space Between Bridges; the bright yellow walls of Tillmans and Donlon’s home; long-gone LGBT clubs The Ghetto and The Joiners’ Arm; and quieter moments spent talking in the studio and around town. Tillmans’s photographs are at once intimate and emblematic of a flourishing arts era, where both artists’ work gained momentum. The Guardian’s culture editor Alex Needham introduces the work with an essay about Donlon’s initial role as Tillmans’s assistant, contextualizing the artists’ collaboration and the inception of London independent bookstore Donlon Books in 2008.",,https://www.buchhandlung-walther-koenig.de/koenig2/index.php?,,,,,,,,,
Tillmans,Wolfgang,Wolfgang Tillmans: A Reader,"The Museum of Modern Art,",2022,6.3 x 1.06 x 9.84 inches,"Softcover, 353 pages",First,978-1633451124,,,No,,"This volume offers a panoramic collection of interviews and writings from an artist for whom language has always been a significant means of creative expression. Arranged chronologically, the assembled texts reflect Tillmans’ thinking on photography, music, politics, nightlife, astronomy, spirituality and activism. The sources are as varied as their content, with statements and conversations that originally appeared in exhibition catalogues rubbing up against social-media posts and song lyrics.",,,,Art,,,,,,,
Tobias,Oert & Uwe,Snoeck,,,,,,,,,,,,,,,,,,,,,,
Tokarski,Wawrzyniec,Wawrzyniec Tokarski,Hatje Cantz,2007,,,,978-3775720007,,,,,,,https://www.hatjecantz.de/,,,,,,,,,/assets/images/covers/9783775720007.jpg
Toloui,Cammie,Dollars for 3 Minutes,Void,2021,,,,,,,,false,,,,,,,,,,,,
Torres,Nicolas,Chicha Dreams,,,,,,,,,,,,,,,,,,,,,,
Tortil,Lauren,Une Genealogie Des Grandes Oreilles (French Edition),Tombolo Presses,2020,12.2 x 0.67 x 8.27 inches,"Softcover, 176 pages",French,979-1096155095,,,,,"This book presents the iconographic research conducted by artist Lauren Tortil over the past three years on Big Ears: the military surveillance devices that call upon mediated listening. This genealogy reaches beyond the principle of lineage. In 460 images, Lauren Tortil articulates her thoughts through material from various registers: paintings, film extracts, technical drawings, photographic archives, etc. The reading is accompanied by a booklet with three texts and pictures annotated by the artist. Exhausting, recontextualizing and shifting its subject beyond the initial military territory, this book reminds us that listening practices are deeply intra-connected to politics, science, medicine and art.",,,,"listening, audio",,,,,,$44.00,
Traub,Charles H.,Dolce Via,,,,,,,,,,,,,,,,,,,,,,
Trecartin,Ryan,,,,,,,,,,,,,,,,,,,,,,,
Trillo,Miguel,Rockoco,,,,,,,,,,,,,,,,,,,,,,
Troost,Frido,Frido Troost An Educational Archive of 2863 Slides,APE (Art Paper Editions),2020,24 x 33 cm,"Paperback, 400 pages, ills colour,",Edition of 1500,978-9493146396,Text: David Campany,,,Floor Koomen,"This publication is composed of all the slides Frido Troost (1960-2013) used for his classes at the Gerrit Rietveld Academie. Troost, art historian by trade, was a pioneer in collecting photography of all sorts. In his store ‘Institute for Concrete Matter’ many types of photography were represented, varying from da-guerreotypes to albumin prints, stereo photos to family albums. The images in this book come from all kinds of sources: paintings, advertisements, erotica, art objects, portraits, etc. They form a new collection that represents Frido Troosts associative way of looking. The slides are presented in blocks of nine, in the same construct as Frido Troost gave his classes, a non-hierarchal set up that invites the viewer to link the images freely. A controversial mix that covers a big part of the history of photography",,https://artpapereditions.org/,Archive,,,,,"Hudson Street Library, NYC, NYC",,,
Turbeville,Deborah,Comme des Garçons 1981,,,,,,,,,,,,,,,,,,,,,,
Tuymans,Luc,Ende,Salon Verlag,,,,,,,,,false,,,,,,,,,,,,
Tuymans,Luc,Proper,David Zwiner,,,,,,,,,,,,,,,,,,,,,
Tuymans,Luc,Luc Tuymans,SFMOMA/DAP,,,,,,,,,false,,,,,,,,,,,,
Twombly,Cy,Cy Twombly,,,,,,,,,,,,,,Art,,Individual Artist Monographs,,,Clipper,,,
Twombly,Cy,In Beauty It Is Finished,,,,,,,,,,,,,,Art,,Individual Artist Monographs,,,Clipper,,,
Twombly,Cy,Photographs III,,,,,,,,,,,,,,Art,Photography,Individual Artist Monographs,,,Clipper,,,
Twombly,Cy,,,,,,,,,,,,,,,,,Individual Artist Monographs,,,Clipper,,,
Twombly,Cy,,,,,,,,,,,,,,,,,Individual Artist Monographs,,,Clipper,,,
Twombly,Cy,,,,,,,,,,,,,,,,,Individual Artist Monographs,,,Clipper,,,
U,,,,,,,,,,,,,,,,,,,,,,,,
Uklanski,Piotr,Real Nazis,,,,,,,,,,,,,,,,,,,,,,
V,,,,,,,,,,,,,,,,,,,,,,,,
VA,NA,Archive of Modern Conflict: Soviet Beauty Queens,Dashwood Books,2011,7 x 9.5 in,Softcover,Edition of 500 copies,NA,Archive of Modern Conflict,,,,"Although beauty contests did not find favor in the Soviet Union until the late 1980s by 1991 before the collapse of the Soviet Union the Soviet beauty queen had a become symbol of perestroika itself. These photographs were taken 1988 - 1990 in Leningrad at various beauty contests and at the Leningrad Beauty Institute, an academy preparing aspiring beauty queens for competition and acquired in St. Petersburg by The Archive of Modern Conflict.",,https://dstrettell.com/,,,Photography,,,"Hudson Street Library, NYC",,$100.00,
VA,NA,CREDIT -120.00,,,,,,,,,,,,,,,,,,,,,,
VA,NA,Images of Conviction: The Construction of Visual Evidence (Beaux livres),Editions Xavier Barral,2015,8.98 x 0.98 x 11.46 inches,"Hardcover, 240 pages","First Edition (August 25, 2015)",978-2365110839,"Christian Delage (Author), Thomas Keenan (Author), Tomasz Kizny (Author), Luce Lebart (Author), Anthony Petiteau (Author), Eyal Weizman (Author), Diane Dufour (Introduction), Jennifer Mnookin",,,,,,,,,,,,,,,
VA,NA,Holding the Camera,Spector Books,2019,Width: 21.1 cm Length: 28.4 cm,"304 pages, Softback, 304 pp. 290 black and white illustrations thread-sewn softcover",,9783959053495,"Vieceli, Alberto",,,Alberto Vieceli,"How one tilts the camera, holds it with both hands in front of the waist. How one looks through the viewfinder, gazes one-eyed into the world. How one hides it in stockings, behind the back, and how one lets it peep out from behind the corner of a building, as though it were a detective. Holding the Camera shows a pictorial genre from the now extinct era of analogue photography. Like the dinosaurs, supposedly the victims of a violent meteorite bombardment, also these images that were once distributed a million times over in instructions and advertisements, have been erased, deleted. «Nadine Olonetzky",,https://spectorbooks.com/,,Photography,,,,,,,/assets/images/covers/9783959053495.jpg
VA,NA,Berlin 2013/1983,ARCH+,2017,,"Sofcover, Two volumes, bilingual English and German, 1,568 pages with 1,568 images + text volume with 128 pages",,978-3-931435-42-4,by Daniel Young & Christian Giroux,"containing essays by Sandra Bartoli, Kenneth Haynes, Anne Huffschmid, and Anh-Linh Ngo.",No,Katja Gretzinger,"The artist book Berlin 2013/1983 by the Canadian artists Daniel Young and Christian Giroux is an attempt to answer two interrelated research questions: what does one year of new building construction in a city look like, and how does this contemporary city compare to that of a generation earlier? Berlin is an intriguing case study, not least because of the changing geo-politics altering the urban fabric of both East and West Berlin. With encyclopedic pretension, the artists attempted to document every building completed in Berlin in 2013 presented alongside buildings erected one generation (approximately 30 years) earlier.",,,"cities, Berlin,","cities, Berlin,",,,,,,,
VA,NA,Vacant Spaces,Actar D,2021,,"Softcover, 608 pages",First,9781948765992,"Michael Meredith, Hilary Sample, MOS",,,,"Vacant Spaces NY begins gathering the incomplete data available and documenting vacant spaces in New York City. Organized from large to small, general to specific, vacancy in the United States to case studies of specific vacancies in Manhattan, Michael Meredith, Hilary Sample, and their architecture studio MOS imagine possibilities for repurposing current vacant spaces in New York City.",,,"Architecture / Individual Architects & Firms / Monographs, Architecture / Regional, Architecture / Urban & Land Use Planning, Buildings -- Remodeling for other use -- New York (State) -- New York, COVID-19 Pandemic, 2020- -- Influence, City planning -- New York (State) -- New York, Community development -- New York (State) -- New York, Housing -- New York (State) -- New York, Housing policy -- New York (State) -- New York, Land use -- Planning -- New York (State) -- New York, Land use, Urban -- Maps -- New York (State) -- New York, Manhattan (New York, N.Y.) -- Buildings, structures, etc -- Social conditions -- Pictorial works, Terrain vague -- New York (State) -- New York, Urban policy -- New York (State) -- New York","Architecture / Individual Architects & Firms / Monographs, Architecture / Regional, Architecture / Urban & Land Use Planning, Buildings -- Remodeling for other use -- New York (State) -- New York, COVID-19 Pandemic, 2020- -- Influence, City planning -- New York (State) -- New York, Community development -- New York (State) -- New York, Housing -- New York (State) -- New York, Housing policy -- New York (State) -- New York, Land use -- Planning -- New York (State) -- New York, Land use, Urban -- Maps -- New York (State) -- New York, Manhattan (New York, N.Y.) -- Buildings, structures, etc -- Social conditions -- Pictorial works, Terrain vague -- New York (State) -- New York, Urban policy -- New York (State) -- New York",,,,,,,/assets/images/covers/9781948765992.jpg
VA,NA,Artists Who Make Books,Phaidon,2017,305 x 254 mm (10.5 x 0.88 x 12.5 inches),"Hardback, 336 pages, 520 illustrations,",,9780714872643,"Andrew Roth (Editor), Philip E. Aarons (Editor), Claire Lehmann (Editor)",,,,"A vital survey of 32 internationally recognized artists who make books as part of their creative practice - features 500 images of these rarely seen works. The 'artist's book' has long been an important form of expression, and Artists Who Make Books showcases 32 internationally recognized artists who have integrated book production into their larger creative practice. This volume features a selection of books — many rarely seen — by every artist included, an accompanying text providing further context, and over 500 illustrations of covers and interior spreads. Insightful interviews with Tauba Auerbach, Paul Chan, and Walther König, and in-depth essays by Benjamin H. D. Buchloh and Lynda Morris round out this illuminating survey.",,https://www.phaidon.com/,,Art Book,,,,,,,/assets/images/covers/9780714872643.jpg
VA,NA,Light (WMA),Morel,,,,,,,,,,,,https://morelbooks.com,,,,,,,,,
VA,NA,Automated Photography,Morel,,20 X 25 cm,"Paperback, 343 Pages",,,Milo Keller; Claus Gunti; Florian Amoser,,,,,,https://morelbooks.com,,,,,,,,,
VA,NA,1843-1999 What They Saw Historical Photobooks by Women,10 X !0 Phtobooks,,,,,,"Edited by Russet Lederman, Olga Yatskevich",,,,,,,,,,,,,,,
VA,NA,Ecal Photography,Hatje Cantz,2014,10.5 x 13.5 in. / 296,Paperback / 296 pgs / 385 color.,,9783775737258,Edited by Alexis Georgacopoulos.,"Text by Nathalie Herschdorfer, Milo Keller.",No,Art Direction by Julien Gallico & Olga Prader,"An art school is an image factory. New generations of artists are constantly emerging, joining the marathon of exhibitions and publications from the very first years of their creative lives. In this context, the art school has become a particularly attractive place for ambitious young artists.",https://www.ecal.ch,http://www.hatjecantz.de,,Photography,,,,,,,/assets/images/covers/9783775737258.jpg
VA,NA,Magnum Contact Sheets,Thames & Hudson,2011,,"Hardcover, 524 pages",,9780500543993,"Kristen Lubben, Magnum Photos",,,,,,,Photography,"Documentary photography, Photographers -- Biography, Photography -- History, Photography / History, Photography / Photojournalism, Photojournalism, Lumiprints","Biography, Trade catalogue",,,"Hudson Street Library, NYC",,200,/assets/images/covers/9780500543993.jpg
Van Beek,Ruth,Houseplants Covered With Snow & Houseplants,,,,,,,,,,,,,,,,,,,,,,
Van der Keuken,Johan,Paris Mortel Retouche,Van Zoetendaal Publishers,2014,,188 pages,,978-9072532213,,,,,,,,,,,,,,,,/assets/images/covers/9789072532213.jpg
van der Keuken,Johan,Paris Mortel,,,,,,,,,,,,,,,,,,,,,,
van der Put,Emma,Soon,APE (Art Paper Editions),2020,"22,08 × 27,88 cm","Paperback, ills colour, English, Dutch, French",,978-9493146372,,,,Emma van der Put & 6′56″,"By means of a dialogue between the text and the visual material from the videos, Steyn Bergs and Emma van der Put want to take a critical look at how images are mobilised, not only to illustrate certain visions of the future, but also how they contribute to the creation of such visions—which are never ‘neutral’—in the present. On the basis of the videos made by Van der Put, this publication focuses on the specific working and politics of images in the Noordwijk and the Expo area in Brussels. Within these locations, developments that are currently taking place throughout Europe (from property speculation to migration flows) manifest themselves in a concrete and local manner. This book is released in context of the solo exhibition “Mall of Europe” by Emma van der Put at Mu.Zee, Ostend. With the generous support of Mu.Zee, Mondriaan Fund, Jaap Harten Fond",,https://artpapereditions.org/,,,,,,"Hudson Street Library, NYC",,,/assets/images/covers/9789493146372.jpg
Van Golden,Daan,Photo Book (s),"Walther König, Köln",2014,9.3 x 1.2 x 12.5 inches,"Softcover, 416 pages, 3.5lbs",,978-3863354213,,,No,,,,https://www.buchhandlung-walther-koenig.de/koenig2/index.php?,,Photography,,,,,,,
van Mirrlo,Rop,Bench Players,Nieves,2021,,,,978-3-907179-38-3,,,,,,,https://www.nieves.ch/,,,,,,,,,
Vandenberghe,Thomas,Can't pay you to Disappear,,,,,,,,,,,,,,,,,,,,,,
Vanderperre,Willy,Kiki / 12,,,,,,,,,,,,,,,,,,,,,,
Vanderperre,Willy,Jonas / 12,,,,,,,,,,,,,,,,,,,,,,
Various,,Photobook Phenomenon,,,,,,,,,,,,,,,,,,,,,,
Various,,Nudes Curated By Julien Dossena,,,,,,,,,,,,,,,,,,,,,,
Various,,Nuogo Kuno Teorija / Theory of a Naked Body,,,,,,,,,,,,,,,,,,,,,,
Various,,"Yes, Yes Yes Alternative Press",,,,,,,,,,,,,,,,,,,,,,
Various,,Untitled Anonymous,,,,,,,,,,,,,,,,,,,,,,
Various,,Prkynka na maso jsme urizli,,,,,,,,,,,,,,,,,,,,,,
Various (75),,"SPBN Self Publish, Be Naughty",,,,,,,,,,,,,,,,,,,,,,
Various-Artists,,AKINA Publishers,AKINA Publishers,2017,33 x 24 cm,"Softcover with double sided dust-jacket, 196 pages, Fedrigoni paper, open spine,",,NA,,"Photographers: AM projects (Tiane Doan Na Champassak, Olivier Pin-Fat, Laura Rodari, Hiroshi Takizawa, Thomas Vandenberghe, Daisuke Yokota)",,,"About the project: 1 month of shooting, 1 year in the making, 3AM is an experimental collective project unlike any others, a psychedelic experience brought to you by the long-term collaboration between AKINA and AM Projects. AM primarily means ‘After Midnight’, but it can also refer to ‘a.m’ (ante meridiem or before midday). AM projects is set up by independent photographers as a space to manifest themselves internationally as a likeminded group via jointly curated exhibitions and publications.",,https://akinabooks.com/,,,,,,,,$100.00,
Vincent,Julia et,EROTISH (book + print),APE (Art Paper Editions),2021,23.5 × 31 cm,"80 pages, Paperback, 80p, ills colour / b&w, paperback","Edition of 100, signed and numbere",978-9493146587,,,,,"Her name is Julia, his name is Vincent. They met almost 10 years ago, and have been creating together for 5 years. ‘Erotish’ is an exercise in style, inspired by the aesthetics of the 1980s. Nostalgic for a time when “everything seemed positive, carefree, and where aesthetics were the priority”, the photographers play with retro codes, a few clothes in satin, naked bodies on motorcycles, a subtle blurry effect… But far from producing a vulgar sexy collection, or merely copy and pasting a certain aesthetic, the duo reclaims to modernize this aesthetic. (Cyrielle Gendron for Photo fr)",,https://artpapereditions.org/,Individual Photographer Monograph,,,,,"Hudson Street Library, NYC",,,
Virsraitis,Rimaldas,Homo Viksraitis,,,,,,,,,,,,,,,,,,,,,,
Virsraitis,Rimaldas,Homo Viksraitis,,,,,,,,,,,,,,,,,,,,,,
Virsraitis,Rimaldas,Naked,,,,,,,,,,,,,,,,,,,,,,
W,,,,,,,,,,,,,,,,,,,,,,,,
Walker,Kara,Book of Hours,Roma,2022,,,,9789464460070,,,No,,,,,,,,,,,,,/assets/images/books/Walker_Book_of_Hours_9789464460070.jpeg
Walker,Adrian Octavius,My Lens Our Ferguson,self-published,2015,,,,,,,Signed,,,,,,,,,,,,,/assets/images/books/Walker_My_Lens_Our_Ferguson_NULL.jpg
Walker,Kara,A Black Hole Is Everything a Star Longs to Be,JRP|Editions,2021,978-3037645574,"Softcover, 598 pages. 3 copies, 1 imperfect",,978-3037645574,by Anita Haldemann (Editor),"Maurice Berger (Contributor), Aria Dean (Contributor)",,,"A beautifully designed panorama of Kara Walker’s works on paper―all reproduced for the first time This gorgeous 600-page volume, with a printed cloth-over-paper binding, provides an exciting opportunity to delve into the creative process of Kara Walker, one of the most celebrated artists working in the United States today. Primarily recognized for her monumental installations, Walker also works with ink, graphite and collage to create pieces that demonstrate her continued engagement with her own identity as an artist, an African American, a woman and a mother. More than 700 works on paper created between 1992 and 2020―which are reproduced in print for the first time from the artist’s own strictly guarded private archive―are collected in this volume, thus capturing Walker’s career with an unprecedented level of intimacy. Since the early 1990s, the foundation of her artistic production has been drawing and working on paper in various ways. Walker’s completed large-format pieces are presented among typewritten notes on index cards and dream journal entries; sketches and studies for pieces appear alongside collages. The result is a volume that allows readers to become eyewitnesses to the genesis of Walker’s art and the transformative power of the figures and narratives she has created over the course of her career. Now based in New York, Kara Walker was born in Stockton, California, in 1969. She received her Master of Fine Arts from the Rhode Island School of Design in 1994; soon afterwards, Walker rose to prominence for her large, provocative silhouettes installed directly onto the walls of exhibition spaces. Walker’s work confronts history, race relations and sexuality in a decidedly non-conciliatory manner, urging the public to reconsider established narratives surrounding the experiences of African Americans in particular.",,,Art,,Individual Artist Monographs,,,Clipper,,,/assets/images/books/Walker_A_Black_Hole_Is_Everything_a_Star_Longs_to_Be_9783037645574.jpg
Walker,Kara,,,,,,,,,,,,,,,,,,,,Clipper,,,
Walker; Ari Marcopoulos,Kara,The Ecstasy of St. Kara,,,,,,,,,,,,,,,,,,,,,,
Walton,Nate,Out of Body,MTHM Books,2014,,,,978-8799662838,,,,,,,,,,,,,,,,
Waplington,Nick,Made Glorious Summer,,,,,,,,,,,,,,,,,,,,,,
Waplington,Nick,Anaglypta 1980-2020,Jesus Blue,2020,170mm x 240mm,"508 pages, Softcover, Numbered, 508 pp, 500 plates",Edition of 1000 copies,978-1838035495,,,,,"“1979…Fuel strikes, rubbish piling up in the street it felt like the end of times, the end of my childhood at least. As we danced to the sound of joy division and the clash in my bedroom during the six week period that schools were closed I saw this collapse as only a positive thing, concerts and skate parks for me instead of studying, I loved it. As the year turned the new decade, 1980 I was 14 years old and i somehow got hold of my first camera. It gave me a place in the do it yourself movement of the post punk generation. I could take pictures wherever I went and share them with friends and try to get a few into local fanzines. That was the goal, fanzine photographer back then in 1980 aged 14. As the years progressed and punk gave way to electro, hip hop and then house music all night long I carried the camera with me always. Without thinking about the long term consequences of this I slowly but surely started to build an archive of the time, my time. The music I loved became a gateway to art and politics and eventually lead me to art school. From there the need to find something to belong to became an obsession and then a life. Always the camera, always the people…so this book is part one a crisscrossing non linear journey through those 40 years using the images I have taken ‘on the go’ mixed with a number of smaller projects that have never seen the light of day. Plus projects for art forum and gallery only based work. . I hope you enjoy the adventure in pictures as much as I did making them. Oh and Anaglypta…its whatever you want it to be.” Nick Waplington.",http://www.nickwaplington.org,,Individual Photographers,,Individual Photographers,,,"Hudson Street Library, NYC",,,
Warhol,Andy,Warhol : le grand monde d'Andy Warhol,RMN; Non Classe,2009,9.21 x 1.1 x 12.05 inches,"Paperback, French, 368 pages",,978-2711855551,,,,,,https://warholfoundation.org,https://www.photo.rmn.fr/,Art,Art,Individual Artist Monographs,,,Clipper,,,
Warhol,Andy,Andy Warhol,MOCA,,,,,,,,,,,https://warholfoundation.org,,Art,Art,Individual Artist Monographs,,,Clipper,,,
Warhol,Andy,Andy Warhol The Last Decade,Milwaukee Art Museum,,,,,,,,,,,https://warholfoundation.org,,Art,Art,Individual Artist Monographs,,,Clipper,,,
Warhol,Andy,From A to B and Back Again,Whitney/Yale,2018,978-0300236989,"Hardcover, 400 pages",,978-0300236989,Donna De Salvo (Author),"Jessica Beck (Contributor), Okwui Enwezor (Contributor), Trevor Fairbrother (Contributor), Hendrik Folkerts (Contributor), Branden W. Joseph (Contributor), Barbara Kruger (Contributor), Glenn Ligon (Contributor), Michael Sanchez (Contributor), Lynne Tillman (Contributor)",,,"A unique 360‐degree view of an incomparable 20th-century American artist One of the most emulated and significant figures in modern art, Andy Warhol (1928–1987) rose to fame in the 1960s with his iconic Pop pieces. Warhol expanded the boundaries by which art is defined and created groundbreaking work in a diverse array of media that includes paintings, sculptures, prints, photographs, films, and installations. This ambitious book is the first to examine Warhol’s work in its entirety. It builds on a wealth of new research and materials that have come to light in recent decades and offers a rare and much-needed comprehensive look at the full scope of Warhol’s production—from his commercial illustrations of the 1950s through his monumental paintings of the 1980s. Donna De Salvo explores how Warhol’s work engages with notions of public and private, the redefinition of media, and the role of abstraction, while a series of incisive and eye-opening essays by eminent scholars and contemporary artists touch on a broad range of topics, such as Warhol’s response to the AIDS epidemic, his international influence, and how his work relates to constructs of self-image seen in social media today.",https://warholfoundation.org,,Art,"collections, catalogs, exhibitions",Individual Artist Monographs,,,Clipper,,$230,/assets/images/covers/9780300236989.jpg
Warhol,Andy,Andy Warhol. Polaroids,Taschen,2017,9.72 x 1.54 x 12.17 inches,"Hardcover, 408 pages. Oversized",,978-3836569385,"Richard B. Woodward (Author), Reuel Golden (Editor)",,,,"Andy Warhol was a relentless chronicler of life and its encounters. Carrying a Polaroid camera from the late 1950s until his death in 1987, he amassed a huge collection of instant pictures of friends, lovers, patrons, the famous, the obscure, the scenic, the fashionable, and himself. Created in collaboration with the Andy Warhol Foundation, this book features hundreds of these instant photos. Portraits of celebrities such as Mick Jagger, Alfred Hitchcock, Jack Nicholson, Yves Saint Laurent, Pelé, Debbie Harry are included alongside images of Warhol’s entourage and high life, landscapes, and still lifes from Cabbage Patch dolls to the iconic soup cans. Often raw and impromptu, the Polaroids document Warhol’s era like Instagram captures our own, offering a unique record of the life, world, and vision behind the Pop Art maestro and modernist giant.",https://warholfoundation.org,https://www.taschen.com/,Art,"photograhy, art, nyc, polaroids",Individual Artist Monographs,,,Clipper,,$60.00,/assets/images/covers/9783836569385.jpg
Warhol,Andy,Warhol from the Sonnabend Collection,,,,,,,,,,,,,,Art,Art,Individual Artist Monographs,,,Clipper,,,
Warhol,Andy,,,,,,,,,,,,,,,,,Individual Artist Monographs,,,Clipper,,,
Warhol,Andy,,,,,,,,,,,,,,,,,Individual Artist Monographs,,,Clipper,,,
Warhol,Andy,,,,,,,,,,,,,,,,,Individual Artist Monographs,,,Clipper,,,
Warhol,Andy,,,,,,,,,,,,,,,,,Individual Artist Monographs,,,Clipper,,,
Watanabe,Katsumi,Rock Punk Disco,,,,,,,,,,,,,,,Music,,,,,,,
Weber,Donald,War Sand,,,,,,,,,Signed,,,,,,,,,,,,,
Weens,Carrie Mae,,,,,,,,,,,,,,,,,,,,,,,
Weir,Harley,Function,,,,,,,,,,,,,,,,,,,,,,
Weiwei,Ai,,,,,,,,,,,,,,,,,Individual Artist Monographs,,,Clipper,,,
Weiwei,Ai,艾未未: 纽约1983-1993,三影堂出版有限公司,2010,,313 pages,illustrated,978-9889966782,"毛卫东, Stephanie Tung","San ying tang she ying yi shu zhong xin, Chambers Fine Art (Gallery)",,,New York City's Lower East Side 1983 and 1993,,,Art,New York City's Lower East Side 1983 and 1993,Individual Artist Monographs,,,Clipper,,,
Weiwei,Ai,On The Table,,,,,,,,,,,,,,Art,,Individual Artist Monographs,,,Clipper,,,
West,Franz,Franz West: The 1990's,David Zwirner,,,,,,,,,,,,,,,,,,,,,
Weyland,Jocko,The Powder,Dashwood Books,2011,,,,0-9844546-2-4,,,,,,,https://dstrettell.com/,,,,,,,,,
Weyland (ed),Jocko,The Powder,,,,,,,,,,,,,,,,,,,,,,
Whitaker,Hannah,Peer to Peer,,,,,,,,,,,,,,,,,,,,,,
Wiliams,Michael,"Michael Williams by Eric Crosby, Michael Williams, et al.",Carnegie Museum Of Art,2017,,"Hardcover, 112 pages",,978-0880390583,Eric Crosby (Author),Suzanne Hudson (Contributor),,,"Over the last 10 years, Los Angeles–based Michael Williams (born 1978) has created paintings known for their layered imagery, eye-popping color and use of airbrushing and inkjet printing. His large-scale works begin as drawings either on paper or on the computer screen before they are printed or transferred to canvas and then embellished with oil paint. Williams’ narrative content reveals a dark sense of humor about everyday life, often exploring the role of the painter as observer. Wickedly funny allegories merge with abstract painting as free-form amoebic shapes frequently fill the entirety of his canvases. The resulting paintings offer a dense and absorbing terrain of color and form. Michael Williams is published to accompany the artist’s first US solo museum exhibition, at Carnegie Museum of Art, where he presents a new body of his large-scale paintings as well as drawings that mix collage and free-associative mark-making",,,Art,Art,Individual Artist Monographs,,,Clipper,,$25.00,
Wiliams,Michael,Michael Williams: Things You Shouldn't Understand,"Karma, New York",2017,8.25 x 11.5 in.,"88 pages, Paperback, 88 pgs, 69 color.",,978-1942607632,,,,,,,https://karmakarma.org,Art,New York City,Individual Artist Monographs,,,Clipper,,$25.00,
Wiliams,Michael,"Michael Williams by Dan Nadel, George Pendle, et al. | Aug 25, 2015",,,,,,,,,,,,,,Art,,Individual Artist Monographs,,,Clipper,,,
Wiliams,Michael,Michael Williams: Things You Shouldn't Understand,,2017,Height: 29.2 cm | Width: 21.0 cm,88 pages,,9781942607632,,,,,,,https://karmakarma.org,Art,New York City,Individual Artist Monographs,,,Clipper,,,
Wiliams,Michael,Published by Gladstone Gallery/Galerie Eva,,,,,,,,,,,,,,,,Individual Artist Monographs,,,Clipper,,,
Wiliams,Michael,Michael Williams: Traditional Cornish Cottages,,,,,,,,,,,,,,Art,,Individual Artist Monographs,,,Clipper,,,
Wiliams,Michael,Michael Williams: How to Ruin an Omelet,,,,,,,,,,,,,,Art,,Individual Artist Monographs,,,Clipper,,,
Wiliams,Michael,,,,,,,,,,,,,,,,,Individual Artist Monographs,,,Clipper,,,
Wilke,Hanna,Art for Life's Sake,Princeton University Press,,,"252 pages, Hardover, 252 page",,9780691220376,,,No,,,,,,,,,,,,,/assets/images/covers/9780691220376.jpg
Williams,Christopher,Archaologie Beaux Arts Ethnography Theatre-Verite,,,,,,,,,,,,,,,,,,,"Hudson Street Library, NYC",,,
Williams,Sue,Details (unique work),303 Gallery,,,,,,,,,,,,,,Art,,,,Clipper,,,
Winogrand,Gary,The Man in the Crowd: The Uneasy Streets of Garry Winogrand,Fraenkel Gallery,1999,11 x 0.5 x 11 inches,"Hardcover, 165 pages",,978-1881337058,,,,,,,,Photography,Art,Photography Criticism & Essays,,,"Hudson Street Library, NYC",,,
Wise,Chloe,Chloe Wise,Division Gallery (Canada) and Galerie Sebastien Bertrand (Switzerland),2016,29 x 21 cm - 11 3/8 x 8 1/4 inches,"Hardcover, 168 pages",,978-0692766163,,,Signed/inscribed,,"Canadian artist Chloe Wise’s practice spans diverse media, including painting, sculpture, video and installation. Foregrounding an interest in the history of portraiture, Wise examines the multiple channels that lead to the construction of a Self, paying particular attention to the interweaving of consumption and image making. With a wry sense of humour, she nods to canonical tableaux, like Manet’s Déjeuner Sur L’Herbe, exploring the shared projected desires built around food and the female body. Meticulously hand painted casts of food serve as the base for the artist’s sculptural practice where strange assemblies, now frozen in sculpted plastic, toy with the presence and absence of unchangeability and perishability, fiction and reality. Advertising, fashion, taboo, multi-national brands—Wise looks to the consumptive habits built around these structures with parody and derision, underlying how the body is framed and becomes excessive in its manipulation of these sites.",,,,Art,,,,,,,
Wise,Chloe,Second Nature,Almine Rech Editions,2021,,"Velvet hardcover, 432 pages",Edition of 2500,,,,,,,,,,Nature,,,,,,,
Wise,Chloe,Second Nature,Almine Rech Editions,2021,,"Velvet hardcover, 432 pages",Edition of 2500,,,,,,,,,,Nature,Individual Artist Monographs,,,Clipper,,,
Wojnarowicz,David,David Wojnarowicz,Whitney/Yale,,,,,,,,,,,,,Art,,Individual Artist Monographs,,,Clipper,,,
Wolfson,Jordan,,,,,,,,,,,,,,,,,Individual Artist Monographs,,,Clipper,,,
Wolfson,Jordan,,,,,,,,,,,,,,,,,Individual Artist Monographs,,,Clipper,,,
Wong,Mathew,,,,,,,,,,,,,,,,,Individual Artist Monographs,,,Clipper,,,
Wood,Jonas,24 Tennis Court Drawings,Maki Inc.,2021,Height: 33.7 cm | Width: 22.9 cm,"Hardcover, 56 pages",,9784910574011,,,,"Wood Kusada Studios, Los Angeles","This book highlights a suite of twenty-four drawings by Jonas Wood depicting the color-saturated courts of various tennis tournaments as viewed by the artist on television in his studio. Completed between 2016 and 2018, the works were first presented at Shane Campbell Gallery in Chicago and will be gifted to the Los Angeles County Museum of Art in 2025. The bilingual (English/Japanese) catalogue features a conversation with Wood that provides insight into the artist's process, as well as photographs of works in progress at the studio in Los Angeles.",,,,Art,,,,"Hudson Street Library, NYC",,,/assets/images/books/Wood_24_Tennis_Court_Drawings_978_4_910574_01_1.jpg
Wood,Jonas,Jonas Wood,,,,,,,,,,,,,,Art,,Individual Artist Monographs,,,Clipper,,,
Woodman,Francesca,On Being an Angel,Koenig Books,2016,,232 pages,,978-3863357504,,,,,,,,Art,,Individual Artist Monographs,,,"Hudson Street Library, NYC",,,/assets/images/covers/9783863357504.jpg
Wool,Christopher,Westtexaspsychosculpture,,,,,,,,,,,,http://wool735.com/,,,,Individual Artist Monographs,,,Clipper,,,
Wool,Christopher,East Broadway Breakdown,,,,,,,,,,,,http://wool735.com/,,,,Individual Artist Monographs,,,Clipper,,,
Wool,Christopher,can your monkey do the dog,,,,,,,,,,,,http://wool735.com/,,,,Individual Artist Monographs,,,Clipper,,,
Wool,Christopher,Yard,Holzwarth Publications,2018,38 x 25.5 cm,"Softcover with dust jacket, 191 pages, Edition of 1200. New",Edition 1200 copies,978-3947127078,,,Signed,,"This artist’s book comprises photographs Christopher Wool made between 2008 and 2017 in the surroundings of Marfa in West Texas. Pictures of found situations: of backyard debris and improvised storage solutions, stray animals and strange constructions that once must have made sense but now appear undecipherable. Things set adrift and excerpts from the landscape that appear almost like sculpture for the split second of the open lens.",http://wool735.com/,http://www.holzwarth-publications.de/,Art,,Individual Artist Monographs,,,Clipper,,$120.00,/assets/images/covers/9783947127078.jpg
Wool,Christopher,WESTTEXASPSYCHOSCULPTURE,Holzwarth Publications,2017,38 x 25.5 cm,"Softcover with dust jacket, 226 pages, Edition of 1200. New",Edition 1200 copies,978-3935567961,,,Signed,,"This artist’s book comprises photographs Christopher Wool made between 2008 and 2017 in the surroundings of Marfa in West Texas. Pictures of found situations: of backyard debris and improvised storage solutions, stray animals and strange constructions that once must have made sense but now appear undecipherable. Things set adrift and excerpts from the landscape that appear almost like sculpture for the split second of the open lens.",http://wool735.com/,http://www.holzwarth-publications.de/,,,Individual Artist Monographs,,,Clipper,,$120.00,
Wool,Christopher,Road,Holzwarth Publications,2017,38 x 25.5 cm,"Softcover with dust jacket, 194 pages, Edition of 1200. New",Edition 1200 copies,978-3935567954,,,Signed,,"Road is an artist’s book composed from a series photographs that Christopher Wool shot between 2015 and 2017. Dust roads, gravel roads, partly overgrown or full of tire tracks, through desert and fields of rocks, through sparse woods and along precipices. Only seldom does a fork in the road offer a choice of which way to go, and though the place always changes from one shot to the next, it still feels like one long road traveled under the clear light of the Texas sun.",http://wool735.com/,http://www.holzwarth-publications.de/,Art,,Individual Artist Monographs,,,Clipper,,$120.00,
Wool,Christopher,Swamp,Holzwarth Publications,2019,38 x 25.5 cm,"Softcover with dust jacket, 140 pages, Edition of 1200. New",Edition 1200 copies,978-3947127160,,,Signed,,"On first view, the photographic superimpositions in black and brown offer nothing to hold onto. Their unruly surfaces lead into the depth, into fragments of motifs: backyards, dumped car tires, huge cable drums, dead tree stumps, rusty bed frames, or the wall of a shack with strange objects leaning against it. If, on second view, the eye manages to separate the different layers of reality meshed here, in the end the decipherable photographic images collapse again into painterly textures. Swamp is the fourth artist’s book from a series Wool has published with Holzwarth Publications: Road and Westtexaspsychosculpture collected photos of bumpy roads or sculpture-like found objects in Texan surroundings; then, in Yard from 2018, the artist clearly superimposed two different realities. Now Swamp is another step in the process, developing new pictures through processing and reproduction, for which the original photographic gaze acts as just the basic layer.",http://wool735.com/,http://www.holzwarth-publications.de/,Art,,Individual Artist Monographs,,,Clipper,,$120.00,/assets/images/covers/9783947127160.jpg
Wool,Christopher,Psychopts,,,,,,,,Richard Hell,Signed,http://wool735.com/,,http://wool735.com/,,,,Clipper,,,Clipper,,$124.00,
Wright,iO Tillett,Lose my Number,Pau Wow,2010,,"Softcover, numbered",250,,,,,,,,,,,,,,,,,
Wurtz,B,Selected Works 1970-2015,BALTIC Centre for Contemporary Art,2015,,"Hardback, 160 pages",,978-1903655375,"WINER, Helene, HAINLEY, Bruce, SILLARS, Laurence",,,,"The first major publication of B. Wurtz’s work, B. Wurtz: Selected Works 1970–2015 is published on the occasion of a comprehensive survey exhibition at the Baltic Centre for Contemporary Art, Gateshead, UK in 2015 and La Casa Encendida, Madrid. For more than 40 years, B. Wurtz has collected common, domestic objects—carrier bags, aluminium roasting trays, buttons, shoelaces—and repurposed them into meticulously formal constructions that are balanced, fragile, yet sometimes discordant. His raw material is the stuff we constantly use and constantly overlook; things that connect to life in its most everyday sense. Bringing elegance to the mundane and revealing a beauty in materials that would otherwise be so easily disposed of, Wurtz’s sculpture maintains an adherence to classical forms and a play with art history, all the while responding to three fundamental needs outlined early in the artist’s career: sleeping, eating and keeping warm.",,,Art,"baltic, nfartists",Individual Artist Monographs,,,Clipper,,,
Y,,,,,,,,,,,,,,,,,,,,,,,,
Yabuki,Takemi,Gengetsu,,,,,,,,,,,,,,,,,,,,,,
Yamawaki,Toshitsugu,Berlin / Deep in Thought,,,,,,,,,,,,,,,,,,,,,,
Yamawaki,Toshitsugu,Dimension of Vision,,,,,,,,,,,,,,,,,,,,,,
Yogananthan,Vasantha,Amma,CHOSE COMMUNE,2021,8.46 x 9.25 inches,,,,,,,,,,https://chosecommune.com/,,,,,,,,,
Yokota,Daisuke,1 Wall Photography 02/ Indication,Guardian Garden 2011,2011,,32 pages,,,,,,,"Publication from Daisuke Yokota's solo show, Grand Prix winner in the photography category at the 2nd ""1 Wall"" open call exhibition. On display are dream-like works depicting forest landscapes that seem to conceal something within.",,,Individual Photographer Monographs,"Nature, Photography",Individual Photographer Monographs,,,"Hudson Street Library, NYC",,,/assets/images/books/Yokota_1_Wall_Photography_02_Indication.jpg
Yokota,Daisuke,Site | Cloud,,,,,,,,,,,,,,Individual Photographer Monographs,,Individual Photographer Monographs,,,"Hudson Street Library, NYC",,,
Yokota,Daisuke,Vertigo,,,,,,,,,Signed,,,,,,,Individual Photographer Monographs,,,"Hudson Street Library, NYC",,,
Yokota,Daisuke,Toransupearento,,,,,,,,,,,,,,Individual Photographer Monographs,,Individual Photographer Monographs,,,"Hudson Street Library, NYC",,,
Yokota,Daisuke,Spew (limited edition),,,,,,,,,,,,,,Individual Photographer Monographs,,Individual Photographer Monographs,,,"Hudson Street Library, NYC",,,
Yokota,Daisuke,Effect Twin P T H (signed) ,,,,,,,,,,,,,,Individual Photographer Monographs,,Individual Photographer Monographs,,,"Hudson Street Library, NYC",,,
Yokota,Daisuke,CELL (Type C) signed by Daisuke Yokota,,,,,,,,,,,,,,,,Individual Photographer Monographs,,,"Hudson Street Library, NYC",,,
Yokota,Daisuke,CELL (Type A) signed by Daisuke Yokota,,,,,,,,,,,,,,,,Individual Photographer Monographs,,,"Hudson Street Library, NYC",,,
Yokota,Daisuke,CELL (Type D) signed by Daisuke Yokota,,,,,,,,,,,,,,,,Individual Photographer Monographs,,,"Hudson Street Library, NYC",,,
Yokota,Daisuke,CELL (Type B) signed by Daisuke Yokota,,,,,,,,,,,,,,Individual Photographer Monographs,,Individual Photographer Monographs,,,"Hudson Street Library, NYC",,,
Yokota,Daisuke,Nocturnes (2 copies),,,,,,,,,,,,,,Individual Photographer Monographs,,Individual Photographer Monographs,,,"Hudson Street Library, NYC",,,
Yokota,Daisuke,Towards The North (signed),,,,,,,,,,,,,,Individual Photographer Monographs,,Individual Photographer Monographs,,,"Hudson Street Library, NYC",,,
Yokota,Daisuke,AMS Trip Zine 02 (type B),,,,,,,,,,,,,,Individual Photographer Monographs,,Individual Photographer Monographs,,,"Hudson Street Library, NYC",,,
Yokota,Daisuke,,,,,,,,,Hiroshi Takizawa ,,,,,,,,Individual Photographer Monographs,,,"Hudson Street Library, NYC",,,
Yokota,Daisuke,Taratine,,,,,,,,,,,,,,Individual Photographer Monographs,,Individual Photographer Monographs,,,"Hudson Street Library, NYC",,,
Yokta,Daisuke,Taratine,,,,,,,,,,,,,,,,Individual Photographer Monographs,,,"Hudson Street Library, NYC",,,
Young,Coco,Vanity,Bemojake,2014,,,,978-2-940524-02-0,,,Signed,,,,,,,,,,,,,
Yuskavage,Lisa,Small Paintings 1993-2004,,,,,,,,,,,,,,,,,,,Clipper,,,
Yuskavage,Lisa,Yuskavage,,,,,,,,,,,,,,,,,,,Clipper,,,
Yuskavage,Lisa,,,2019,,,,,,,Signed,,,,,,,,,,Clipper,,,
Z,,,,,,,,,,,,,,,,,,,,,,,,
Zieher,Scott,What to Want,Ampersand Editions,2014,,"Paperback, 80 pages",,9781941556016,,,,,,,,,,,,,,,,
Zielony,Tobias,Jenny Jenny,Spector Books,2013,,,,9783944669007,,,,,,,,Art,,Individual Artist Monographs,,,"Hudson Street Library, NYC",,,/assets/images/covers/9783944669007.jpg
Ziff,Lloyd,New York,KMW Studio,,,,,,,,,,,,,Art,New York City,Individual Artist Monographs,,,"Hudson Street Library, NYC",,,
Zownir,Miron,NYC RIP,Pogo Books,2015,,,,9783942547512,"Claudio Pfeifer, Miron Zownir",,,,"In 1980, Miron Zownir emigrated to the USA, where he lived for the next fifteen years; first in New York, then in Los Angeles, and Pittsburgh. In New York, back then arguably the world's most fascinating and permissive metropolis, Zownir's peculiar approach to cover the city's multiple layered day-to-day lunacy was quickly recognised by the local scene as the TEUTONIC PHENOMENOGRAPHER (Village Voice). Shot in moody, expressionistic b/w, Zownir's pictures from that period give a penetrating insight to inner-city sub-cultural spheres, which, in their original local context, have since perished in the boom of the 90s. His lens captured the untamed lust at the gay-parties, just shortly before Aids massively claimed its victims; the futile protest of artists and offbeat performers;",,,Art,New York City,Individual Artist Monographs,,,"Hudson Street Library, NYC",,,/assets/images/covers/9783942547512.jpg
Zownir,Miron,Down And Out In Moscow,Pogo Books,2014,,,,9783942547345,Claudio Pfeifer,"Nico Anfuso, Pogo Books",,,,,,Art,,Individual Artist Monographs,,,"Hudson Street Library, NYC",,,
,,,,,,,,,,,,,,,,,,,,,,,,
,,,,,,,,,,,,,,,,,,,,,,,,
,,,,,,,,,,,,,,,,,,,,,,,,
,,,,,,,,,,,,,,,,,,,,,,,,
,,,,,,,,,,,,,,,,,,,,,,,,
,,,,,,,,,,,,,,,,,,,,,,,,
,,,,,,,,,,,,,,,,,,,,,,,,
,,,,,,,,,,,,,,,,,,,,,,,,
,,,,,,,,,,,,,,,,,,,,,,,,
,,,,,,,,,,,,,,,,,,,,,,,,
,,,,,,,,,,,,,,,,,,,,,,,,
,,,,,,,,,,,,,,,,,,,,,,,,
,,,,,,,,,,,,,,,,,,,,,,,,
,,,,,,,,,,,,,,,,,,,,,,,,
,,,,,,,,,,,,,,,,,,,,,,,,
,,,,,,,,,,,,,,,,,,,,,,,,
,,,,,,,,,,,,,,,,,,,,,,,,
,,,,,,,,,,,,,,,,,,,,,,,,
,,,,,,,,,,,,,,,,,,,,,,,,
,,,,,,,,,,,,,,,,,,,,,,,,
,,,,,,,,,,,,,,,,,,,,,,,,
,,, ,,,,,,,,,,,,, ,,,,,,,,
,,, ,,,,,,,,,,,,,,,,,,,,,
