id,author_last,author_first,author_full_name,title,publisher,publication_year,height_cm,width_cm,depth_cm,binding,page_count,edition_printrun,isbn_asin,editor,contributors,is_signed_inscribed,designer,description,artist_url,publisher_url,collection_grouping,tags,classification,bisac,ddc,location,accession_no,image_url
1,Abbott,Berenice,Berenice Abbott,Documenting Science,Steidl,2012,31.0,29.5,NULL,Hardcover,180,1st edition,9783869304311,"Kurtz, Ron","Ron Kurtz, Julia Van Haaften, John Durant",false,NULL,"Illustrated in tritone throughout. Fascination with the scientific advances that were rapidly changing the world motivated Berenice Abbott to use photography as ""the friendly interpreter of science"". Documenting Science explores this work, beginning in 1939 with Abbott's early experiments with scientific imagery, continuing with science-based commercial assignments, and culminating in 1958 with the Physical Science Study Project at MIT which illustrated a new series of physics textbooks. This spectacular body of work is arguably Abbott's most innovative and creative. Both beautiful and instructive, these images often illustrate some basic scientific principle. They are a marriage of science and art, and have fundamentally changed the way thousands of students visualize complex principles of physics. Berenice Abbott, born in Springfield, Ohio in 1898, was a dominant figure in twentieth-century American photography. Abbott moved to Paris from New York in 1921, and in 1923, after many false starts, was hired by her friend Man Ray.He was looking for an assistant who knew nothing about photography whom he could teach. Abbott learned quickly and within a year was taking her own photographs. Her first solo exhibition in 1926 was a success, and for the next 65 years Abbott mastered a wide range of subjects. Highlights of Abbott's career include the monumental project Changing New York (1935-1938), photographing rural America including US Route 1 from Maine to Florida, photographically interpreting scientific and natural phenomena, establishing the reputation of Eugène Atget, and founding the first university photography program in the United States. Steidl published the two-volume retrospective Berenice Abbott in 2008. Co-published with Commerce Graphics, New York",NULL,https://steidl.de,Photography,"Science, Music, Photography, Photographers, Technology, architecture",Photography; Individual Photographers; General Monographs,NULL,NULL,"Hudson Street Library, NYC",NULL,NULL
2,Abbott,Berenice,Berenice Abbott,American Photographer,McGraw-Hill,1982,35.6,28.0,NULL,Hardcover,255,400 Copies,-08716,"O'Neal, Hank",NULL,true,NULL,"slipcase, NOT accompanied by a 14 x 11 inch [35.6 x 28 cm.] gelatin silver photograph, Designer's Window, Bleeker Street, signed by the photographer beneath the image. An Artpress Book, [NY], 1982. Abbott, Berenice (illustrator). Deluxe Limited edition. Folio, over 250 photos. Bound in a deep red raw silk with titling in silver on the upper cover and spine. The spine lettering is partially rubbed, otherwise a fine copy housed in a matching red silk slipcase which is slightly faded. SIGNED by the photographer on the colophon leaf and number. Accompanied with the original SIGNED gelatin silver print. A major retrospective look at this American photographer whose career started as an assistant to Man Ray in Paris, was instrumental in documenting New York City for the WPA, and spanned over 5 decades. This deluxe edition is limited to 420 copies signed by the photographer. This is number 84 of 400 copies accompanied by a 14 x 11 inch [35.6 x 28 cm.] gelatin silver photograph, Designer's Window, Bleeker Street, signed by the photographer beneath the image, mounted on a larger archival board and framed in black wood with plexiglass, 20.5 x 24.5 inches.",NULL,NULL,Photography,"Science, NYC, Photography, Photographers, Technology, Architecture",Photography; Individual Photographers; General Monographs,NULL,NULL,"Hudson Street Library, NYC",NULL,NULL
3,Abbott,Berenice,Berenice Abbott,Berenice Abbott: Changing New York,New Press,1997,NULL,NULL,NULL,NULL,399,"illustrated, reprint",9781565845565,Bonnie Yochelson,NULL,false,NULL,NULL,NULL,NULL,Photography,"Science, NYC, Photography, Photographers, Technology, Architecture",Photography; Individual Photographers; General Monographs,NULL,NULL,"Hudson Street Library, NYC",NULL,NULL
4,Abbott,Berenice,Berenice Abbott,Exhibition catalogs (Toronto. Art Gallery of Ontario / Toronto. Ryerson Image Centr),Hazan,2012,NULL,NULL,NULL,NULL,223,NULL,9782754106078,Gaëlle Morel,"Sarah Miller , Jeu de Paume (Paris) , Terri Weissman",false,NULL,NULL,NULL,NULL,Photography,NULL,Photography; Individual Photographers; General Monographs,NULL,NULL,"Hudson Street Library, NYC",NULL,NULL
5,Abbott,Berenice,Berenice Abbott,Paris Portraits,"Steidl/Commerce Graphics, New York",2016,30.5,24.1,3.8,NULL,368,NULL,9783869303147,"Ron Kurtz, Hank O'Neal",NULL,false,NULL,"The photographs that launched Abbott's career: portraits of artists and writers in prewar Paris, from Jean Cocteau to James Joyce This is one in a series of books to be published by Steidl that will explore Berenice Abbott’s oeuvre. Abbott began her photographic career in Paris in 1925, taking portraits of some the most celebrated artists and writers of the day, including Marie Laurencin, Jean Cocteau, Peggy Guggenheim, Coco Chanel, Max Ernst, André Gide, Philippe Soupault and James Joyce. Within a year her work was exhibited and acclaimed. Paris Portraits 1925–1930 features the results of Abbott’s earliest photographic project and illustrates the philosophy of all her subsequent work. For this landmark book, 115 portraits of 83 subjects have been scanned from the original glass negatives, which have been printed in full.",NULL,https://steidl.de/,Photography,"Paris, Portrait",Photography; Individual Photographers; General Monographs,NULL,NULL,"Hudson Street Library, NYC",NULL,NULL
6,Abenavoli,Masanao,Masanao Abenavoli,The Movement of Clouds around Mount Fuji,Spector Books,2015,34.0,24.1,2.5,Softcover,376,NULL,9783944669601,NULL,"by Helmut Völter (Photographer), Masanao Abe (Photographer)",false,NULL,"376 pages, 4 lbs. In the late 1920s, Japanese physicist Masanao Abe built an observatory with a view of Mount Fuji. From it, over the course of fifteen years, he recorded the clouds that surrounded the mountain. He was interested in the scientific question of how the air currents around Fuji could be visualized by means of film and photography. Albeit unintentionally, Abe’s motifs fit into a long iconographic tradition: the mountain and the clouds. For decades his archive was left untouched in a Tokyo garden shed. Helmut Völter, who discovered Abe’s legacy while working on his book Cloud Studies, sifted through the images of the passionate cineaste who saw a combination of individual images, moving pictures and stereo recordings as the ideal form of scientific evidence. The mere contemplation of these dynamic cloud photographs centring on snow-covered Fuji seems to lift the viewer into the air.",NULL,https://spectorbooks.com/,Photography,"clouds, mountain, earth, time series",Individual Photographer Monograph Photography; Individual Photographers; General Monographs,NULL,NULL,"Hudson Street Library, NYC",NULL,NULL
7,Abenavoli,Valentina,Valentina Abenavoli,Anaesthesia,AKINA Books,2016,23.0,25.0,6.0,Softcover,212,500 Copies,978-6000021801,NULL,NULL,true,NULL,"curated and edited by Valentina Abenavoli, signed, edition of 500 copies. With a text by Veronique Pin Fat. Rather than a traditional photo book, Valentina Abenavoli’s “anaesthesia” is a care- and thoughtful recontextualisation of images of war and terror. Words from writers such as T.S. Eliot, Rousseau, Zizek and screenshots from war footage and execution videos are edited and arranged to form an engaging narrative. “Anaesthesia is a lament of several voices, a symphony of the evil in us, cinematically edited screenshots from videos, an engagement with the media, an open criticism to war and terrorism, a declaration of neutrality, an act of rebellion to the ego, where one stands alone prevented to feel anything else beyond his own finitude. Nothing would be more painful than not suffering anymore, dropping the burden of sensations, withdrawing from living and bonding. In the lyricism of the agony of mind, in the longing for a break in the inner solitude, what is more ambiguous than the desire to feel others? When confronted with others, personal pleasure as much as personal pain become absolute and universal. What remains is the love for horror and the horror of love.”",NULL,https://akinabooks.com/,NULL,NULL,NULL,NULL,NULL,NULL,NULL,NULL
9,Abercrombie,Gertrude,Gertrude Abercrombie,Gertrude Abercrombie,"Karma, New York",2018,24.1,20.3,5.1,Hardcover,488,new.,9781949172027,NULL,"Robert Storr (Author), Susan Weininger (Author), Robert Cozzolino (Author), Dinah Livingston (Author), Studs Terkel (Author), Dan Nadel (Editor), Gertrude Abercrombie (Artist)",false,NULL,"4.4 pounds. This is the most comprehensive book ever published on the Chicago surrealist Gertrude Abercrombie (1909–77), a key figure in midcentury American surrealism. From the late 1930s until her death, Abercrombie made paintings populated by objects of personal significance―moons, towers, cats, pennants, Victorian furniture, shells, snails and doors―to create allegories for her own often precarious psychological states. Often presiding over these symbols was Abercrombie herself, who appears in numerous pictures as proud observer or witchy caricature. Abercrombie exhibited in Chicago and New York in the 1940s and ‘50s, and her salon became a center of Midwestern culture, hosting jazz musicians (such as her close friend Dizzy Gillespie), writers and artists. This book includes new scholarship by Robert Cozzolino; a memoir of Abercrombie by Robert Storr; the artist's own writing; a definitive text by art historian Susan Weininger; and a memoir by the artist's daughter, Dinah Livingston.",NULL,NULL,Art,paintings,Individual Artist Monographs,NULL,NULL,Clipper,NULL,NULL
10,Ackerman,Rita,Rita Ackerman,Rita Ackermann & Andro Wekua: Chapter 4,"Fergus McCaffrey, Case Publishing",2021,39.0,30.0,NULL,Softcover,76,1000,9784908526428,NULL,Essay by Gianni Jetzer,false,NULL,"red mylar, perfect binding, offset printed, color, Chapter 4” is published in conjunction with an exhibition of the same title at Fergus McCaffrey Tokyo (May 1 – July 3, 2021). It was in 2002 that Swiss-based Georgian artist Andro Wekua and New York-based Hungarian artist Rita Ackermann were introduced and began a fruitful creative collaboration with each other. Their remote communication, fuelled by mutual experiences of pictures, music, poetry and plain talk, resulted in the publication of zine-like art books – first self-published (“Chapter 1”), then published by Swiss publisher Nieves (“Chapter 2” and “Chapter 3”). This “Chapter 4”, published by Fergus McCaffrey and Tokyo-based Case Publishing, continues serving as a platform to showcase Ackermann’s and Wekua’s mutual artistic fruits. The large-format book includes paintings, drawings and collages of the two artists, created between 2008 and 2021. “Ackermann and Wekua are part of a lineage that includes their fellow ‘Easterners’ Georg Baselitz and Sigmar Polke, in that they borrow widely from folk and fairy tales, invoke high and low culture, and navigate a path between state-mandated realism and the perceived allure of American gestural abstraction. Further, it is impossible not to reference two earlier displaced Europeans: Willem de Kooning and Mark Rothko, who seem to provide material and spiritual nutrition in finding a path between figuration, landscape, and pure abstraction. Wekua begins with collages of animals, palm trees, inwardly consumed adolescents, and abandoned domestic spaces that become gradually obliterated and transformed under layers of bright pinks, purples, acid yellows, turquoises, and magentas that evoke the color palette of Rothko. His vibrant hues contain all of the elder artist’s contradictions in the apparent elation and the tugging sense of desperation. It is a personal art drawn from a specific place and time, but which has universal resonance despite or because of its stubborn evasiveness. Though Wekua’s scale of works and methods are significantly different, both feel psychically fraught and born of struggle. Scraped down and distressed in the making, Wekua’s means are very evident to behold; loaded with materials and meaning. Portraiture and self-portraiture are amongst Wekua’s most pressing concerns, and a sense of unease and discomfort is evoked that whispers of alienation and longing. (…) Ackermann shares the same layering, coding, and disclosure of source imagery, which often appears distracting and at odds with itself, perhaps reflecting a layer of self-defense against prying eyes and pervasive surveillance. ” The book also includes an essay by curator Gianni Jetzer. All texts are included in English and Japanese translation",NULL,https://case-publishing.jp,Art,"Fashion, Artists' Books, New York City, Berlin, Drawing, Painting, covid, colab, art",Artist Book,NULL,NULL,Clipper,NULL,NULL
11,Ackerman,Rita,Rita Ackerman,Sketchbook II (A Midsummer Night's Dream),American Art Catalogues,2021,27.9,24.1,NULL,Hardcover,84,500,,NULL,NULL,false,NULL,"Illustrated. Hardcover, Printed by Pureprint, London, U.K.. Sketchbook II (A Midsummer Night’s Dream), was inspired by Max Reinhardt’s film, A Midsummer Night’s Dream from 1935. For a brief moment there were vehement ideas to re-stage the iconic masterpiece during the summer of 2020. As the first pages could almost be read as direct references to the film or notes for future productions, this tangible approach quickly evaporates from the following pages and the illustrative elements gradually fade into free assocaitions to just about anything, anytime, anywhere, under the title “A Midsummer Night’s Dream”.",NULL,https://americanartcatalogues.com/,Art,NULL,Artist Book,NULL,NULL,Clipper,NULL,NULL
12,Ackerman,Rita,Rita Ackerman,Sketchbook V (Twitchy),American Art Catalogues,2022,27.9,24.1,NULL,Hardcover,84,"First printing, 500",,NULL,NULL,false,NULL,"Sketchbook V (Twitchy), the fifth and final installment of Ackermann's sketchbook series. Long time collaborator and friend of Ackermann's Harmony Korine created a foundation of drawings for Ackermann to rework within the pages of this sketchbook. The cover bears Twitchy, a character created by Korine.",NULL,NULL,NULL,NULL,NULL,NULL,NULL,NULL,NULL,NULL
13,Ackerman,Rita,Rita Ackerman,Rita Ackermann,Skira Rizzoli,2011,28.8,23.7,2.9,Hardcover,224,(1 of 2 copies),9780847836642,NULL,"by Rita Ackermann (Author), Bonnie Clearwater (Author), Harmony Korine (Author), Felix Ensslin (Author), John Kelsey (Author)",false,NULL,"Illustrated. A native of Hungary, Rita Ackermann moved to New York City in the mid-1990s. She arrived to find a culture (and art world) in transition: rave and zine culture was in full swing; collaborations between artists, musicians, and magazine and book publishers were pervasive; and the dawning of the Internet age was upon us. Within a few short months after settling in New York, the artist received widespread attention for her work, particularly a group of canvases populated with figures inspired by the cult German film We Children from Bahnhof Zoo about the heroin subculture of the 1970s. Her work forged a new visual language: paintings, drawings, and collages which telescoped between a virtuoso—and sometimes brutalistic—expressionism and taut, precise figurative drawing. Ackermann’s work explores the paradoxical relationship between fragility and violence, as she derives inspiration from literature, film, philosophy, and popular culture.",NULL,https://americanartcatalogues.com/,Art,NULL,Individual Artist Monographs,NULL,NULL,Clipper,NULL,NULL
14,Adams,Robert,Robert Adams,Gone?,Steidl Photography International,2010,NULL,NULL,NULL,Hardcover,NULL,First edition,9783865219176,NULL,NULL,false,NULL,NULL,NULL,https://steidl.de,Photography,NULL,NULL,NULL,NULL,"Hudson Street Library, NYC",NULL,NULL
15,Aëgerter,Laurence,Laurence Aëgerter,Photographic Treatment Book 1,dewi lewis publishing,2016,29.7,21.0,NULL,Hardback,64,"5 volumes, Winner 2018 Rencontres d'Arles Author Book Award",9781911306269,NULL,NULL,false,NULL,"Photographic Treatment © consists of a series of five books, Daily Photo Dose 1, 2, 3, 4 and 5, each with thirty black and white photographic diptychs collected and edited by Laurence Aëgerter.",https://laurenceaegerter.com/,https://www.dewilewis.com,Photography,"neurology, psychology",Photography Artist Book,NULL,NULL,"Hudson Street Library, NYC",NULL,NULL
16,Aëgerter,Laurence,Laurence Aëgerter,Photographic Treatment Book 2,dewi lewis publishing,2016,29.7,21.0,NULL,Hardback,64,5 volumes. Winner 2018 Rencontres d'Arles Author Book Award,9781911306276,NULL,NULL,false,NULL,"Photographic Treatment © consists of a series of five books, Daily Photo Dose 1, 2, 3, 4 and 5, each with thirty black and white photographic diptychs collected and edited by Laurence Aëgerter.",https://laurenceaegerter.com/,https://www.dewilewis.com,Photography,"neurology, psychology",Photography Artist Book,NULL,NULL,"Hudson Street Library, NYC",NULL,NULL
17,Aëgerter,Laurence,Laurence Aëgerter,Photographic Treatment Book 3,dewi lewis publishing,2016,29.7,21.0,NULL,Hardback,64,5 volumes. Winner 2018 Rencontres d'Arles Author Book Award,9781911306283,NULL,NULL,false,NULL,"Photographic Treatment © consists of a series of five books, Daily Photo Dose 1, 2, 3, 4 and 5, each with thirty black and white photographic diptychs collected and edited by Laurence Aëgerter.",https://laurenceaegerter.com/,https://www.dewilewis.com,NULL,"neurology, psychology",Photography Artist Book,NULL,NULL,"Hudson Street Library, NYC",NULL,NULL
18,Aëgerter,Laurence,Laurence Aëgerter,Photographic Treatment Book 4,dewi lewis publishing,2016,29.7,21.0,NULL,Hardback,64,5 volumes,9781911306290,NULL,NULL,false,NULL,"Photographic Treatment © consists of a series of five books, Daily Photo Dose 1, 2, 3, 4 and 5, each with thirty black and white photographic diptychs collected and edited by Laurence Aëgerter.",https://laurenceaegerter.com/,https://www.dewilewis.com,NULL,"neurology, psychology",Photography Artist Book,NULL,NULL,"Hudson Street Library, NYC",NULL,NULL
19,Aëgerter,Laurence,Laurence Aëgerter,Photographic Treatment Book 5,dewi lewis publishing,2016,29.7,21.0,NULL,Hardback,64,5 volumes. Winner 2018 Rencontres d'Arles Author Book Award,9781911306306,NULL,NULL,false,NULL,"Photographic Treatment © consists of a series of five books, Daily Photo Dose 1, 2, 3, 4 and 5, each with thirty black and white photographic diptychs collected and edited by Laurence Aëgerter.",https://laurenceaegerter.com/,https://www.dewilewis.com,NULL,"neurology, psychology",Photography Artist Book,NULL,NULL,"Hudson Street Library, NYC",NULL,NULL
20,Ahlbom,Grace,Grace Ahlbom,Dreaming is Heavy Metal,Soft Opening,2018,29.2,24.1,NULL,Softcover,32,1st Edition of 300 Copies,,NULL,NULL,false,NULL,"square Backed, 4 Color.",https://www.graceahlbom.com/,NULL,NULL,music,Photography Artist Book,NULL,NULL,NULL,NULL,NULL
21,Ahlbom,Grace,Grace Ahlbom,CDMX,Dashwood,2020,20.3,13.3,NULL,Softcover,18,1st Edition of 300 Copies,,NULL,NULL,false,NULL,"staple bound, 4 Color. Dashwood zines.",NULL,https://dstrettell.com/,Zines,Dashwood zines,Photography Artist Book,NULL,NULL,NULL,NULL,NULL
22,Aida,Makoto,Makoto Aida,Monument For Nothing,Graphic Sha Pub Co,2007,29.8,23.5,3.2,Boards,248,Bilingual edition,9784766118049,NULL,NULL,false,NULL,NULL,NULL,NULL,NULL,NULL,Pop Culture Art,NULL,NULL,NULL,NULL,NULL
23,Al Qasimi,Farah,Farah Al Qasimi,Hello Future,Capricious,2021,22.5,17.8,NULL,Hardcover,300,First edition,,NULL,NULL,true,NULL,"Dividing her time between Brooklyn and Dubai, Emirates artist, Farah Al Qasimi’s is a bright and rising multidisciplinary artist whose work examines postcolonial structures of power, gender and aesthetic in the Persian Gulf states and global cultural confluence and migration at-large. Hello Future is a culmination of Al Qasimi’s photographic, performance and film practice, unified within her keen focus on surface and texture, and the revealing visual influences of the splashy and florid. The monograph includes an essay by Negar Azimi and conversation between Al Qasimi and artist Meriem Bennani. Designed by Studio Lin. Farah is recipient of the third annual Capricious Photo Award",https://farahalqasimi.com/,NULL,NULL,NULL,Photography Artist Book,NULL,NULL,NULL,NULL,NULL
24,Al Qasimi,Farah,Farah Al Qasimi,"Arrival, The Third Line, Dubai",Self,2019,NULL,NULL,NULL,NULL,NULL,First edition,,NULL,NULL,true,NULL,NULL,https://farahalqasimi.com/,NULL,NULL,NULL,Photography Artist Book,NULL,NULL,NULL,NULL,NULL
25,Albdorf,Thomas,Thomas Albdorf,General View,NULL,2017,21.0,28.0,NULL,Hardcover,128,edition of 700,9788894895070,NULL,Text by Darren Campion,false,Thomas Albdorf and Milo Montelli,"saddle stitch. ""General View“ investigates conceptions of a new reality that continuously departs from the indexical referent towards an ever-changing rendering of a world that is yet still routed in the photographic image. Inspired by photographs of Yosemite National Park – one of the most intensely mediated nature sites on earth, the series toys with the question regarding the necessity of traveling to a place that has been photographed innumerable times, the need to record additional photographs. If countless images of a specific place are downloadable or can be screenshot, have I been there already? The series concentrates on the reenactment of glitches on Google Street View; in a gesture similar to the concepts of Warhol's Brillo Box or Fischli & Weiss‘ reversed Ready-mades, the malfunctions are appropriated and reenacted via pre- and post-photographic processes – to test their sculptural qualities, their ability to become an autonomous entity, potentially independent from their indexical referents. The unintended glitches (as well as the originally intended blurs to conceal faces or car plates) appear as a trace of the algorithmic merging and altering of photographic images without direct human control; an early potential glimpse into, a herald for a post-human understanding of the concept of the image or its redundancy and disappearance.",https://thomasalbdorf.com/generalview,https://www.skinnerboox.com,NULL,NULL,NULL,NULL,NULL,NULL,NULL,NULL
26,Albers,Josef,Josef Albers,Formulation: Articulation,T.G. Rosenthal,2006,33.0,24.8,3.2,Hardcover,168,4.12 pounds,9780500238288,NULL,NULL,false,NULL,NULL,NULL,NULL,NULL,NULL,Individual Artist Monographs,NULL,NULL,NULL,NULL,NULL
27,Aldridge,Miles,Miles Aldridge,One black & white and nineteen colour photographs,Reflex Editions; Reflex Art Gallery,2014,NULL,NULL,NULL,Large format paperback,NULL,lmtd edition of 750,9789071848193,NULL,NULL,true,NULL,"One black & white and nineteen colour photographs by Miles Aldridge. First edition (2014). First impression. Large format paperback in new condition. Signed by The Cabinet by Miles Aldridge to back of cover. No markings. This is a brand new book. Please see pictures. PayPal accepted, any questions please get in touch.",NULL,https://www.reflexamsterdam.com/,NULL,"fashion photography, Miles Aldridge, Portrait Photography, Signed Photography",Individual Photographer Monographs,NULL,NULL,NULL,NULL,NULL
28,Aldridge,Miles,Miles Aldridge,Please return Polaroid,Steidl,2016,29.5,29.5,NULL,Hardback,208,NULL,9783958297487,NULL,NULL,false,NULL,"clothbound, 117 images. Please Please return Polaroid is Miles Aldridge’s ongoing love letter to Polaroid, a process once integral to the craft of many photographers but now more or less extinct, apart from the rare and out-of-date material traded on eBay for exorbitant prices. The sequel to Aldridge’s Please Return Polaroid of 2016, this book presents new and vintage Polaroids from his more than 20-year archive in a seemingly random sequence shaped by a dreamlike logic and surprising juxtapositions. Please Please return Polaroid explores Aldridge’s dedication to analogue processes where cut-and-paste is still a manual process, made with scissors, gaffer tape, intuition and not a little patience. Aldridge continues to use Polaroids as part of his work-in-progress “sketches,” often scratching, tearing and taping them together, even drawing over them; each mark part of the creative act. Known for creating immaculate photos of a less than perfect world, Aldridge revels in these unpolished images, transforming some into extreme enlargements filling double pages with their re-worked and damaged surfaces. Long live Polaroid!",NULL,https://steidl.de,NULL,NULL,Individual Photographer Monographs,NULL,NULL,NULL,NULL,NULL
29,Alex,GD,GD Alex,515-05,Macaroni Book,2018,22.0,31.0,NULL,Handmade book binding,52,Edition of 100 copies,,NULL,NULL,false,NULL,"Inkjet printed by AJM (Brussels), Risograph printed by Chez Rosi (Brussels), Recycled paper and Fedrigoni paper, Screen-printed paper envelope by Atelier l'Appât (Brussels). 515.05 by Alex GD is an experimental copy machine project about surveillance, image control, identity and numeric filing. Who are the real criminals here the people in the pictures or the one that controls de CCTV?",https://www.alexgd.com,https://www.instagram.com/macaronibook/,NULL,surveillance,Surveillance Index,NULL,NULL,NULL,NULL,/assets/images/books/Alex_515_05.jpg
30,Alpern,Merry,Merry Alpern,Dirty Windows,"Art Pub Inc; First Edition, First Printing",1995,29.2,23.5,1.3,Hardcover,112,NULL,9781881616580,NULL,NULL,false,NULL,NULL,NULL,NULL,Photography,"surveillance, sex, prostitution, nyc, sex-work downtown",Surveillance Index,PHO011010 / PHO023030,NULL,"Hudson Street Library, NYC",NULL,NULL
32,Amano,Yoshitaka,Yoshitaka Amano,M by Ralf Christofor,Snoeck Verlagsgesellschaft,NULL,NULL,NULL,NULL,Softcover with flaps,NULL,Out of print,9783936859164,NULL,"Christofor, Ralf (Author)",false,NULL,"Text (German/English) by Ralf Christofori, 84 pages with 95 coloured illustrations. Yoshitaka Amano was born in Shizuoka in 1952 and, on leaving the production company Tatsunoko at the tender age of 30, had already become a star in the firmament of Japan’s Manga-scene. His early animation series »Speed-Racer« and »G-Force«, as well as the later »Final Fantasy« proved to be immensely popular, becoming permanent fixtures in 70s TV entertainment schedules, particularly in the USA. The mass Japanese animation and comics market’s insatiable appetite has subsequently turned Amano into a fully-fledged superstar. With a few notable exceptions, contemporary art in Japan has continually been reproached for its style of imitative appropriation, until that is a new batch of artists burst onto the scene at the end of the 90s. On their own admission they owe a lot to Amano, be it Mariko Mori’s futuristic barbie-esque dreamscapes and performances or Takasha Murakami and Yoshitomo Nara for instance, in whose paintings the graphic borrowings from Manga proliferate in the funny faces or as unformed babies and little bears. Next to his work on further Mangas for a variety of new applications, be they films, as book illustrations, ceramic designs or as video games, Amano has recently revisited the 700 year old painting tradition of sumi-e. This technique using ink on fine rice paper is based upon expression, brush stroke and absolute precision, leaving no room for error. The Zen idea of penetrating to the essence of the matter is coupled here with an automatism, which construes the thing being painted as a kind of second nature, or as (American) critical opinion has described it: »the introverting of something extrovert in the form of an applied mutation …and, as a merging of different ideas of time, allowing past and future to coalesce.« Amano has Mangas coming out of his ears, Mangas he can use and fashion everywhichway in a variety of guises, situations and modes of expression. In between however, he has been fascinated by the challenge of transferring pictorial elements derived from the ancient sumi-e painting tradition onto highly polished placards. And here, aside from of any skill involved, his supra-dimensional eyes and chins, furrowed brows, silhouettes and details appear to be drawn from the same inexhaustible but anonymous reservoir, from which modern pictorial language also feeds; they have quite literally lost their Japanese innocence and have become universal ciphers in a universalistic culture. Were one to ask Amano where he is currently living, it is indeed fitting that he should reply: mostly Tokyo, New York and Paris.",NULL,https://snoeck.de,NULL,"anime, speed racer.",Individual Artist Monographs,NULL,NULL,NULL,NULL,NULL
33,Amer,Ghada,Ghada Amer,Ghada Amer: Painting in Revolt - by Susan Thompson,Skira Paris,2021,NULL,NULL,NULL,Hardcover,208,NULL,9782370741493,NULL,NULL,false,NULL,"New York-based painter and embroiderer Ghada Amer (born 1963) was raised in Cairo, Egypt, and later educated in Nice and Paris, France. Her experiences with sexism in both locations served as the impetus for her to forge new ground in a range of mediums, from painting and sculpture to ceramics and earthworks. With a background in abstract painting, Amer eventually turned to embroidery as a strategy for infiltrating the male space of painting with a material traditionally associated with women. Her work is frequently based on the images of female figures found in magazines, through which she explores the constructions of gender, sexuality and eroticism. Her embroidery is intentionally loose, with threads dangling from the canvas, provoking a pictorial effect not unlike Pollock's splattered paint. More recent works introduce a verbal element, with quotations and aphorisms. This volume reproduces these pieces along with a selection of works from across her career.",NULL,NULL,NULL,NULL,NULL,NULL,NULL,NULL,NULL,NULL
34,Anderson,Christopher,Christopher Anderson,Christopher Anderson -: SON,Kehrer Verlang,2013,24.8,20.3,1.9,NULL,96,illustrated,9783868283907,n/a,n/a,true,NULL,"With this book, Magnum photographer Christopher Anderson, renowned for his documentary work from conflict zones all over the world, presents a very personal body of work: ""These photographs are an organic response to an experience that is at the same time the most unique and the most universal of experiences: the birth of a child. . . . Through my son, my role as the son took on new meaning and my senses were hypertuned to the evidence of my own life passing.""",https://christopherandersonphoto.com/,NULL,NULL,family,Individual Photographer Monographs,NULL,NULL,NULL,NULL,NULL
35,Anderson,Christopher,Christopher Anderson,Christopher Anderson: Stump,Rm,2014,NULL,NULL,NULL,NULL,96,illustrated,9788415118565,John Heilemann,NULL,true,NULL,NULL,https://christopherandersonphoto.com/,NULL,NULL,politics,Individual Photographer Monographs,NULL,NULL,NULL,NULL,NULL
36,Anderson,Christopher,Christopher Anderson,Approximate Joy,Stanley/Barker,2018,30.0,25.5,NULL,Hardback,120,TBD,9780995555594,NULL,Eike König and Colophon Foundry,false,NULL,"paper wrapped, Silk screened, 68 Images (CMYK). Christopher Anderson’s photographs portray a contemporary China in the midst of perpetual reinvention. ""I have seen the future and it is now and it is China. There is no need for the past. It can be erased. A new happiness is being constructed, an approximation of joy, better than the real thing.” - Christopher Anderson The images are tightly cropped and extremely close up, bringing the viewer to an intimate distance where all context is removed, except for the ambient artificial light that illuminates the faces, giving only the sensual information of the physical form allowing the viewer the indiscreet pleasure of staring at another human face and wondering who the individual might be or what they might be thinking about at the moment of the photograph. These photographs are not a documentary about what people do. Rather they are a search for connection and recognition of self.",https://christopherandersonphoto.com/,https://www.stanleybarker.co.uk/,NULL,"Fine Art Photography, Portrait Photography, Still Life Photography",Individual Photographer Monographs,NULL,NULL,NULL,NULL,NULL
37,Anderson,Christopher,Christopher Anderson,COP,Stanley/Barker,2019,NULL,NULL,NULL,NULL,NULL,NULL,9781916410695,NULL,NULL,false,NULL,"Christopher Anderson began photographing New York City cops in the wake of 9/11, as the visual landscape of the city he called home began to change. Bomb blast barriers went up, cops carrying larger guns seemed to be everywhere, and whilst the increased presence of security was designed, in part, to make New Yorkers feel safe, it reminded Anderson that something was deeply wrong. Then, in the wake of Occupy Wall Street, the death of Eric Garner and the election of Trump, Anderson found himself making photographs of cops on the streets of New York City once again, as a form of unconscious protest on a larger sense of authority. On assessing the images he was making, Anderson began to see them as something entirely different than a protest or commentary on power - there was almost a sentimentality. “I saw a portrait of a working class, immigrant America. The uniform only served as a thread on which to hang a cross section sample. The photographs felt more like a love letter to New York”—Christopher Anderson Anderson is a member of Magnum. He first gained recognition in 1999 when his poignant images of the rescue of Haitian refugees taken onboard a sinking wooden boat won him the Robert Capa Gold Medal. His previous book Approximate Joy was widely regarded as one of the best books of 2018.",https://christopherandersonphoto.com/,https://www.stanleybarker.co.uk/,NULL,"police,",Individual Photographer Monographs,NULL,NULL,NULL,NULL,NULL
39,Anderson,Christopher,Christopher Anderson,Bleu Blanc Rouge,Hatje Cantz,2019,36.0,27.0,NULL,NULL,32,NULL,9783775745321,NULL,NULL,false,NULL,NULL,https://christopherandersonphoto.com/,https://www.hatjecantz.de/,NULL,NULL,NULL,NULL,NULL,NULL,NULL,NULL
40,Anderson,JW,JW Anderson,Disobedient Bodies,InOtherWords,2017,NULL,NULL,NULL,NULL,NULL,NULL,,NULL,NULL,false,NULL,NULL,NULL,NULL,NULL,NULL,NULL,NULL,NULL,NULL,NULL,NULL
41,Andersson,Roger,Roger Andersson,Letters From Mayhem,Cabinet,2004,NULL,NULL,NULL,Hardcover,64,NULL,9781932698251,NULL,"Sina Najafi (Author), Albert Mobilio (Author)",false,NULL,"Roger Andersson's book Letters from Mayhem is an artist's book made of 26 duotone watercolors, each depicting one letter of the alphabet. Printed on thick board in the format of a children's ABC primer, each letter is embedded in a fairytale setting in which wispy long-haired teenagers lie around stoned, sniffing glue, listening to heavy metal, and so on. This garden of vices overgrown with weeds and entangled vines forms a strange foil for imagery drawn from drug culture, anarchy, heavy metal, and children's cartoons, rendering every scene both innocent and corrupt. Full of messages hidden within plants, ponds and clouds, Andersson's drawings evoke a soft nostalgia for childhood tempered by images of soft-edged romantic decadence.",NULL,NULL,NULL,"alphabet, letters",Individual Artist Book,NULL,NULL,Clipper,NULL,NULL
42,Andersson; Louise Enhorning,Nina,Nina Andersson; Louise Enhorning,Swedish Girls A Tribute,Argent Books,2014,25.5,18.5,1.2,Hardcover,NULL,Swedish Text,9789163746789,NULL,"Nina Tahko (Designer), Louise Enhörning (Photographer), Nina Andersson (Photographer)",false,NULL,182 or 200? pages,NULL,NULL,NULL,NULL,NULL,NULL,NULL,NULL,NULL,NULL
43,Andrews,Kathyn,Kathyn Andrews,Strip,Koenig,NULL,NULL,NULL,NULL,Softcover,NULL,NULL,978863356279,NULL,NULL,false,NULL,NULL,NULL,NULL,NULL,NULL,NULL,NULL,NULL,NULL,NULL,NULL
44,Anonymous,NULL,NULL,Black Panther Coloring Book,NULL,NULL,NULL,NULL,NULL,NULL,NULL,NULL,,NULL,NULL,false,NULL,NULL,NULL,NULL,NULL,NULL,Coloring Book,NULL,NULL,NULL,NULL,NULL
45,Anonymous,NULL,NULL,BP in B,NULL,NULL,NULL,NULL,NULL,NULL,NULL,NULL,,NULL,NULL,false,NULL,NULL,NULL,NULL,NULL,NULL,NULL,NULL,NULL,NULL,NULL,NULL
46,Antonsson,Lotta,Lotta Antonsson,I Am Woman,Art And Theory Publishing,2016,27.9,21.6,1.3,Softcover,128,NULL,9789188031402,NULL,"Patrik Andersson, Charlotte Cotton, Lars-Erik Hjertström Lappalainen",false,Aoki,"full color and black & white. Swedish artist Lotta Antonsson's recent work recalls her fascination with the late 1960s and '70s, in a style ""where documentary and fiction blur in a merging of social and sexual revolutions"" according to the essay by Patrik Andersson. From a process that utilizes techniques of collage and montage emerges a very personal way of looking at the ephemeral nature of things, whether printed matter (magazines, books) or natural objects (shells, minerals, driftwood). Antonsson's analogue cuts and repetitions seize upon the allegorical potential of image fragments, freeing fashion and erotic photography in an exploration into the gendered side of this clichéd history.",NULL,https://www.artandtheory.org,NULL,"collage, shells",NULL,NULL,NULL,NULL,NULL,NULL
48,Araki,Nobuyoshi,Nobuyoshi Araki,Blue Period/Last Summer,"Arakinema, Session Press, Dashwood Books",2017,26.0,17.8,NULL,Softcover in slipcase,216,"Edition of 1,750 copies",9780996657419,NULL,NULL,false,NULL,"One of the most influential photographers of our time, Nobuyoshi Araki is known for his diaristic style or “shi-shashin” (I-photographs) through the publication of over 500 books throughout his career. His work has become practically synonymous with Japanese photography; closely associated with his work on bondage, his late wife, Yoko, as well as still lifes and nudes. It is, however, less known that Araki had explored experimental film projects since the mid 80s. In 1986 at Cinema Rise in Tokyo, Araki staged a live performance entitled Tokyo Monogatari (Tokyo Story). Using two projectors, Araki and his assistants, Nobuhiko Ansai and Shiro Tamiya, selected and sequenced slides to create a succession of overlapping images fading into one another, accompanied by a musical soundtrack. Tokyo Monogatari became the first in a series of live performances entitled Arakinema, which he staged until the mid-2000s in museums and art institutions around the world. Blue Period and Last Summer are made up primarily of nudes and portraits alternating with street scenes and images of flowers. The majority of the work is derived from Shashin Jidai, the important underground sub culture magazine of the 1980s in Japan. We especially feel excited about our publication since these two projects are essential among his film work. As Araki also explained at our initial meeting in Shinjuku last year, “The two films should be seen as a set, since Blue Period is about the past and Last Summer is about the future. By removing color using a chemical solution, Blue Period is about an act of subtraction (past), whereas adding color to the images in Last Summer is about an act of addition (future). This project is just like life itself.” Working directly from the 140 original slides used for both projections, the book successfully offers a fresh review of the photographer’s hidden oeuvre and regains the true spirit and atmosphere of the original Arakinema performances",NULL,https://sessionpress.com/,NULL,Nude Eros Photo Diary Death/Loss Drawing/Painting Snapshot Portraiture,Individual Photographer Monographs,NULL,NULL,"Hudson Street Library, NYC",NULL,NULL
50,Araki,Nobuyoshi,Nobuyoshi Araki,Blue Period / Last Summer,NULL,NULL,NULL,NULL,NULL,NULL,NULL,3 copies?,,NULL,NULL,false,NULL,NULL,NULL,NULL,NULL,NULL,NULL,NULL,NULL,"Hudson Street Library, NYC",NULL,NULL
51,Araki,Nobuyoshi,Nobuyoshi Araki,Araki by Araki,NULL,NULL,NULL,NULL,NULL,NULL,NULL,NULL,,NULL,NULL,false,NULL,NULL,NULL,NULL,NULL,NULL,NULL,NULL,NULL,"Hudson Street Library, NYC",NULL,NULL
52,Araki,Nobuyoshi,Nobuyoshi Araki,"Araki Teller, Teller Araki",Eyesencia and Match and Company,2014,NULL,NULL,NULL,Hardcover,NULL,"oversized. Edition of 1,500 copies",9780692321959,NULL,NULL,false,NULL,"Araki Teller, Teller Araki was published to coincide with the two artist’s collaborative exhibition at the Ostlicht Galerie fur Fotografie in Vienna. This large tome, the first artist’s book conceived and designed jointly by Araki and Teller, consists of over 300 pages of photo-jousting by two of the most original and influential voices working in photography today. Each, in their own way, exploring existential questions of physicality and sexuality",NULL,NULL,NULL,"nudes, eros",NULL,NULL,NULL,"Hudson Street Library, NYC",NULL,NULL
53,Araki,Nobuyoshi,Nobuyoshi Araki,Monochrome Paradise,Adachi,2015,NULL,NULL,NULL,NULL,NULL,NULL,9784908251009,NULL,NULL,false,NULL,NULL,NULL,NULL,NULL,NULL,NULL,NULL,NULL,"Hudson Street Library, NYC",NULL,NULL
54,Araki,Nobuyoshi,Nobuyoshi Araki,Theater of Love,Case Publishing,2017,NULL,NULL,NULL,NULL,NULL,NULL,9784908526121,NULL,NULL,false,NULL,NULL,NULL,NULL,NULL,NULL,NULL,NULL,NULL,"Hudson Street Library, NYC",NULL,NULL
55,Araki,Nobuyoshi,Nobuyoshi Araki,Nobuyoshi Araki: VINTAGE PRINTS,NULL,NULL,NULL,NULL,NULL,NULL,NULL,NULL,,NULL,NULL,false,NULL,NULL,NULL,NULL,NULL,NULL,NULL,NULL,NULL,"Hudson Street Library, NYC",NULL,NULL
56,Araki,Nobuyoshi,Nobuyoshi Araki,Nobuyoshi Araki: Nobuyoshi Araki : Eros Diary,ANTHONY D'OFFAY,2016,24.1,17.8,NULL,Paperback,92,"First edition, oop",9780996725903,NULL,NULL,false,NULL,"10 color, 77 bw",NULL,NULL,NULL,NULL,NULL,NULL,NULL,"Hudson Street Library, NYC",NULL,NULL
57,Araki,Nobuyoshi,Nobuyoshi Araki,Tokyo Blues 1977,Taka Ishii Gallery,2013,18.7,23.2,NULL,Softcover,48,"Edition of 500 copies, oop",,NULL,NULL,false,NULL,"43 illustrations. This catalog was published for the solo exhibition ‘Tokyo Blues 1977’, held at Taka Ishii Gallery in August 2013. After their exhibition at Nikon Salon in 1977, these works remained untouched in Araki’s storeroom until their recent rediscovery. This book includes 43 photographs loosely centered about a woman from Kyushu who Araki had just met. It captures the languidness and blues of Japan in the 1970’s",NULL,NULL,NULL,portraiture,Snapshot Portraiture,NULL,NULL,"Hudson Street Library, NYC",NULL,NULL
58,Araki; Juergen Teller,Nobuyoshi,Nobuyoshi Araki; Juergen Teller,"Araki Teller, Teller Araki",NULL,NULL,NULL,NULL,NULL,NULL,NULL,NULL,,NULL,NULL,false,NULL,NULL,NULL,NULL,NULL,NULL,NULL,NULL,NULL,NULL,NULL,NULL
59,Arbus,Diane,Diane Arbus,Magazine Work,NULL,NULL,NULL,NULL,NULL,NULL,NULL,NULL,,NULL,NULL,false,NULL,NULL,NULL,NULL,NULL,NULL,NULL,NULL,NULL,"Hudson Street Library, NYC",NULL,NULL
60,Arbus,Diane,Diane Arbus,Diane Arbus In the Beginning Early Photographs 1956 1962,The Metropolitan Museum of Art,2016,NULL,NULL,NULL,Hardcover,269,"First, portraits ; 29 cm",9781588395955,"Rosenheim, Jeff curator.",NULL,false,NULL,"illustrations. Catalog of the exhibition held at the Metropolitan Museum of Art, New York, July 12-November 27, 2016 and at the San Francisco Museum of Modern Art, January 21-April 30, 2017. Includes bibliographical references (pages 261-263) and index. ""Diane Arbus (1923-1971) is one of the most distinctive and provocative artists of the twentieth century. Her photographs of children and eccentrics, couples and circus performers, female impersonators and nudists, are among the most recognizable images of our time. This book is the definitive study of the artist's first seven years of work, from 1956 to 1962. Drawn primarily from the rich holdings of the Metropolitan Museum's Diane Arbus Archive--a remarkable treasury of photographs, negatives, appointment books, notebooks, and correspondence--it is an essential contribution to our understanding of Arbus and her oeuvre. diane arbus: in the beginning showcases over 100 of the artist's early photographs, more than half of which are published here for the first time. The book provides a crucial, in- depth presentation of the artist's genesis, showing Arbus as she developed her evocative and often haunting imagery. The photographs featured in this handsome volume reveal an artist defining her style, honing her subject matter, and in full possession of the many gifts for which she is now recognized the world over."" -- Publisher's description",NULL,NULL,NULL,"moma, street photography, exhibition","Photography, Artistic, Photography, Street photography, Pedestrians, History, In art",NULL,NULL,"Hudson Street Library, NYC",NULL,NULL
61,Arbus,Amy,Amy Arbus,On the Street: 1980-1990,Welcome Books,2006,34.9,26.8,2.1,Hardcover,104,NULL,9781599620152,NULL,A. M. Homes (Author),false,NULL,"Between 1980 and 1990, over five hundred of photographer Amy Arbus's impromptu and edgy portraits of New Yorkers appeared in the Village Voice's monthly fashion feature, ""On the Street."" The column's missive was to document the city's most adventurous trednsetters as they lived their lives. But Arbus's photographs tell much more than a style story. From the friendliest to the grittiest, every one of these images is a potent tribute to self-expression. Taken as a whole, they reflect an era of contradictions, a time in America when urban individualism and raw creativity were courageously fighting for breathing room and holding their own in a culture ruled by wealthy conservatism and Republican politics. For the first time since that hard-to-define decade, this time-capsule collection of images is being revisited. On the Street features seventy of the most revealing and expressive images taken by Arbus on the city’s fashion-fertile sidewalks. From the unknown to the unmistakably famous, her subjects are all equally unforgettable. Arbus’s ubiquitous lens captured the most influential style-makers, from The Clash on the set of Martin Scorsese's King of Comedy and Madonna on the same day her single “Everybody” hit the charts, to Anna Sui, Joey Arias, Phoebe Legére, and countless other local artists, actors, costume designers, shop owners, musicians, make-up artists, graffiti artists, and downtown scenesters. From eyewear to underwear and schoolgirl skirts to backless shirts; from women dressed like men to men that are barely dressed; from lipstick to just plain “schtik,” there is no aspect of 80’s style that goes unrepresented.",https://www.amyarbus.com/,NULL,NULL,"fashion, portraiture",Fashion Photography,NULL,NULL,"Hudson Street Library, NYC",NULL,NULL
62,Arbus,Amy,Amy Arbus,The Fourth Wall,Welcome Books,2008,32.1,28.9,2.4,Hardcover,160,NULL,9781599620442,NULL,NULL,false,NULL,"What happens when a performing actor leaves behind his lines, staging, sets, and lighting, and steps beyond the fourth wall? For three years, Amy Arbus has been exploring this question in a series of dramatic portraits of celebrated actors, both on and off Broadway. Fully costumed but stripped of their context, Arbus's actors remain in character as they step outside the fiction of theater into the reality of the world beyond. Staged in anonymous public spaces--in theater lobbies, on city streets, in parks, and in stage door alleys--Arbus's images achieve an unexpected blend of spectacle and high art; formality and sontaneity; vulnerability and pretense. Collected in The Fourth Wall are some of the modern stage's most gifted actors, including Alan Cumming in Cabaret, John Malkovitch in Lost Land, Liev Schreiber in Talk Radio, Ed Harris in Wrecks, Cherry Jones in Doubt, Christine Ebersol in Grey Gardens, and Ethan Hawke and Martha Plimpton in The Coast of Utopia. Actors are included from such successful and ambitioud productions as Wicked, The Light in the Piazza, Hedwig and the Angry Inch, Chitty Chitty Bang Bang, and The Color Purple, to name but a few. Portraits are accompanied by synopses of the plays as well as quotes from a number of the actors portrayed.In 2006's critically acclaimed book On the Street, Arbus focused her lens on those who dressed to express themselves--now she turns her attention to those who dress to become someone else. The result is a collection of potent photographs that pay remarkable tribute to contemporary theater and the performers who bring fantasy to life.",https://www.amyarbus.com/,NULL,NULL,NULL,Portrait Photography,NULL,NULL,"Hudson Street Library, NYC",NULL,NULL
63,Arnold,Daniel,Daniel Arnold,Pickpocket,Elara,2021,30.2,19.5,NULL,textured softcover,228,First,,NULL,"David Rudnick, Emiel Penninckx, Maharani, Yasmine Putri, and Mozes Mosuse in Terrain",false,NULL,"228 pages, 5 individually bound inserts, offset width.4 colour offset litho, 3 spot colours screenprinted mylar clear outer jacket 578 images total. The first monograph of the work of New York-based photographer Daniel Arnold. Pickpocket is comprised of a ""Prestige Edit"" titled The Woods, and five additional ""Alleyways"" – GALA, Cell Out, Fuck Ups, 47th Street, and ElseWhere. With liner notes by Daniel Arnold and an afterword by Josh Safdie.",NULL,NULL,NULL,NULL,NULL,NULL,NULL,NULL,NULL,NULL
64,Aroch,Guy,Guy Aroch,Morena No. 2,NULL,2015,30.5,22.9,NULL,Wrapers,28,NULL,,NULL,Guy Aroch with Lais Ribeiro.,false,NULL,"Lais Ribeiro. This second issue of Morena was shot in different sessions during 2014 by Guy Aroch. Aroch is one of today's most influential fashion photographers, his photography is recognized by its plastic values and proximity, creating evocative works. Guy's editorial partners include British Vogue, Muse, Harpers Bazaar UK, Centrefold, French, British GQ , L'Officiel, The New York Times, LA Times and WWD.",NULL,NULL,NULL,"nudes, fashion",NULL,NULL,NULL,NULL,NULL,NULL
65,Arocha,Rafael,Rafael Arocha,Medianoche,Self-published,2014,NULL,NULL,NULL,NULL,84,Edition of 500 copies,9788461704668,NULL,NULL,false,NULL,NULL,NULL,NULL,NULL,NULL,NULL,NULL,NULL,NULL,NULL,NULL
66,Arthur,Olivia,Olivia Arthur,Jeddah Diary,Fishbar,2012,18.0,22.0,NULL,Hardcover,122,Edition of 1000,9780956995919,NULL,NULL,false,NULL,"Olivia Arthur’s debut, Jeddah Diary, was published by Fishbar and documents the lives of young Saudi women in Jeddah.",https://oliviaarthur.com/,http://fishbar.ph,NULL,"jeda, woman",Individual Photographers,NULL,NULL,"Hudson Street Library, NYC",NULL,NULL
67,NULL,NULL,NULL,Artificial Nature,NULL,NULL,NULL,NULL,NULL,NULL,NULL,NULL,,NULL,NULL,false,NULL,NULL,NULL,NULL,NULL,NULL,NULL,NULL,NULL,NULL,NULL,NULL
68,Artur,Liz Johnson,Liz Johnson Artur,Liz Johnson Artur,"Bierke, Verlag",2016,27.8,22.8,2.0,Harcover,NULL,"First, OOP",9783981337013,NULL,NULL,false,NULL,"cloth bound, with 114 col. & b/w. First comprehensive overview of the Russian-Ghanaian's work, capturing more than 30 years.",http://www.lizjohnsonartur.co.uk,NULL,NULL,NULL,Individual Photographers,NULL,NULL,NULL,NULL,NULL
69,Ashcom,Morgan,Morgan Ashcom,Leviathan,Peperoni Books,2015,30.0,30.0,NULL,Hardcover,74,"Frist, OOP",9783941825833,NULL,Liz Johnson Artur (Author),false,NULL,"cloth bound. This series emerged from Morgan Ashcom’s experiences at a remote community in south-eastern Ohio, an outsiders’ oasis. Originally, he saw the potential to reconcile two opposing but familiar scenes: the urban skating culture he had once been part of, and the rural surroundings of his youth. But the identity of things seemed slightly altered – it was a warped doppelganger of his childhood home. So he stepped away from his presumed knowledge of where he was. Themes of escape and confrontation with the unknowable began to appear in the pictures. The sequence of images suggests a subjective narrative where disparate cultures and geographies converge.",NULL,https://peperoni-books.de/,NULL,NULL,Individual Photographers,NULL,NULL,"Hudson Street Library, NYC",NULL,NULL
70,Asselin,Mathieu,Mathieu Asselin,Monsanto: A Photographic Investigation,Verlag Kettler,2017,30.1,27.1,2.2,NULL,147,"Frist, OOP",9783862066575,NULL,Mathieu Asselin (Author),false,NULL,"Monsanto has had a rapid rise and a more-than-colorful history, marked by cover-ups and scandals: dioxins in PCB coolants, genetically modified products such as the bovine growth hormone Posilac, and the production of the defoliant Agent Orange. The company is still highly controversial, irritating scientists, environmental organizations and human rights associations and acting in a way that makes people doubt the harmlessness of its products. As a manufacturer of food and animal feed, seeds and chemical products, Monsanto is relentlessly developing and marketing new technologies. The monopoly it has arguably secured by dubious means bears no relation to its negligence with regard to potential risks. Particularly in light of the devastating consequences that are still causing suffering to people and the environment in many places, the company ' s self-portrayal as a forward-looking, omnipotent force for good seems cynical. The photographer Mathieu Asselin has tried his hand at the daunting task of exploring the issues surrounding Monsanto. His investigative photographic study manages to capture the complexity of this topic, creating links between past, present and future and illuminating many different aspects from a variety of perspectives. His photos and texts raise awareness of the problems involved. Throughout the book, Asselin seems to be concerned about who is actually responsible and who is affected by the consequences. Recognising that passing the buck is a useless game, his photos show that there are victims on all sides: physical deformities in Vietnam, families plagued by death and disease in the US, illegal waste dumps, depopulated regions, destroyed cornfields and farmers whose livelihood has been ruined. The photos are complemented by a wealth of archival material, extracts from press releases, court files, and image campaigns, as well as different slogans and stills from commercials, which in comparison seem as glib and farcical as Disneyland. These expose Monsanto's absurd attempts to pass itself off as a company interested in satisfying today's demands and preserving the earth for future generations.",NULL,NULL,NULL,food,Photojournalism and Essays,NULL,NULL,"Hudson Street Library, NYC",NULL,NULL
71,Attia,Kader,Kader Attia,Transformations,Spector Books,2014,31.0,23.4,1.8,NULL,224,NULL,9783944669236,NULL,NULL,false,NULL,"The manifold entanglements of African and Western culture are a central motif in the oeuvre of the Algerian-French artist Kader Attia. The influence of traditional African architecture on European modernism forms the background for his voluminous spatial installations, videos and photographs, as much as the reappropriation of North and South American black music within African Jazz and Pop of the 1960s up to the 1980s. His work manifests the productivity of dissonance; where African masks, stuffed animals, scientific instruments, and historical artifacts seemingly have nothing in common, the artist unearths connections between Europe’s handling of its own colonial history, current migration politics, and the urbanistic realities of its metropolises of today. Based on Kader Attia’s solo show Repair: 5 Acts at the KW Institute for Contemporary Art, Berlin, this publication focuses on works from the years 2008–2013 and places them in a broader art historical concept.",http://kaderattia.de/,https://spectorbooks.com/,Art,Monographs,NULL,NULL,NULL,Clipper,NULL,NULL
73,Auerbach,Tauba,Tauba Auerbach,Tauba Auerbach ― S v Z,D.A.P./SFMOMA,2020,29.2,21.0,1.9,Hardcover,256,3.25 pounds,978194288455,"Joseph Becker (Author, Introduction)","Reinfurt, David",false,NULL,"Part artist's book, part exhibition catalog, this book chronicles Tauba Auerbach’s multimedia syntheses of abstraction, science, graphic design and typography Tauba Auerbach studies the boundaries of perception through an art and design practice grounded in math, science and craft. Published in conjunction with the first major survey of the artist’s work, this volume, designed by Auerbach in collaboration with David Reinfurt, spans 16 years of her career, highlighting her interest in concepts such as duality and its alternatives, interconnectedness, rhythm and four-dimensional geometry.",NULL,NULL,NULL,NULL,Individual Artist Monographs,NULL,NULL,Clipper,NULL,NULL
74,Auster (text),Auster (text),?,Auster (text),NULL,NULL,NULL,NULL,NULL,NULL,NULL,NULL,,NULL,NULL,false,NULL,NULL,NULL,NULL,NULL,NULL,NULL,NULL,NULL,NULL,NULL,NULL
75,Averdon,Richard,Richard Averdon,An Autobiography Richard Avedon,Random House; 1st edition,1993,NULL,NULL,NULL,NULL,NULL,NULL,,NULL,NULL,false,NULL,NULL,NULL,NULL,NULL,NULL,NULL,NULL,NULL,NULL,NULL,NULL
76,Averin,Fredrick,Fredrick Averin,this is a raincoat like anybody else’s,NULL,2016,NULL,NULL,NULL,perfect bound,1000,one of 72 numbered copies.,,NULL,NULL,false,NULL,"6.5 lb./2,9kg.. a collection of projects that explore language, people, narratives, couples, human intention, softness, failure, self-awareness, peculiar situations, the printed (and unprinted) page, and which question the format and purpose of the book in portland, oregon.",http://fredrikaverin.com,NULL,NULL,NULL,NULL,NULL,NULL,NULL,NULL,NULL
77,Ayer,Jeremy,Jeremy Ayer,Organs of a Divided Labour,Morel,NULL,NULL,NULL,NULL,NULL,NULL,NULL,,NULL,NULL,false,NULL,NULL,NULL,https://morelbooks.com,NULL,NULL,NULL,NULL,NULL,NULL,NULL,NULL
78,Azuma,Makoto,Makoto Azuma,Encyclopedia of Flowers: Flower Works by Makoto Azuma photographed by Shunsuke Shiinoki,Lars Muller Publishers,2012,25.0,16.5,3.5,Softcover,512,NULL,9783037783139,"by Kyoko Wada (Editor), Kenya Hara (Designer)",Shunsuke Shiinoki,false,NULL,"Flowers have been a universal cultural object for millennia. They are an important aesthetic element in everyday life worldwide, and have played a highly symbolic role in art throughout the ages. Over the past few years, Makoto Azuma has created a furor in the art world with his floral installations, in which he creates unusual new shapes from plants and flowers and their component parts. Inspired by the Japanese tradition of ikebana―the art of flower arranging―Azuma creates novel and previously unseen aesthetics by bringing together unusual plants that wouldn’t usually meet in nature―some of them exotic ―in extraordinary arrangements. Shunsuke Shiinoki, who opened the “haute-couture” florists Jardin des Fleurs in Tokyo in 2002 in association with Makoto Azuma, captured these exceptional floral installations in extraordinary photographs.",NULL,NULL,NULL,"flora, flowers, japan",Art Encyclopedias,NULL,NULL,"Hudson Street Library, NYC",NULL,NULL
79,Azuma,Makoto,Makoto Azuma,Encyclopedia Of Flowers Part 2 - Makoto Azuma | Shunsuke Shiinoki,Seigensha Art Publishing,2015,24.9,17.1,4.2,Softcover,542,NULL,9784861524769,NULL,Shunsuke Shiinoki,false,NULL,"Flower artist Makoto Azuma and botanical photographer Shunsuke Shiinoki present a second edition of their vibrant anthology, two years after the first. Focusing on the ephemeral nature of flowers while working to conserve in a concrete, tangible form the passage of time they embody, the authors use two techniques. The first highlights the flowers features and sense of presence by picturing them from overhead. The second applies a lateral perspective to capture the life force of plants as they stretch towards the sun. In contrast to the first edition, natural light sources were used as much as possible to illuminate the exceptionally dense and colourful palettes on display.",NULL,https://en.seigensha.com/,NULL,"flora, flowers, japan","flora, flowers, japan",NULL,NULL,"Hudson Street Library, NYC",NULL,NULL
80,Azuma,Makoto,Makoto Azuma,Encyclopedia of Flowers III (English and Japanese Edition),Seigensha Art Publishing,2016,24.9,17.1,4.2,Softcover,544,NULL,9784861525711,Makoto Azuma,Shunsuke Shiinoki,false,NULL,"Makoto Azuma and Shunsuke Shiinoki collaborate once again to further their pioneering Encyclopedia of Flowers series, which focuses in part on market-related changes that impact floristry, such as the disappearance and new emergence of species, as well as on changing the common perception of flowers. Following the first volume in 2011 and the second in 2015, this third dazzling instalment features a greater variety of styles, reflected in photographs divided into seven chapter-categories that include Coexistence , Hybrid , Chiaroscuro , and Autogenesis . The myriad arrangements done in Azuma s singular style are expertly captured by Shiinoki s camera.",NULL,https://en.seigensha.com/,NULL,"flora, flowers, japan","flora, flowers, japan",NULL,NULL,"Hudson Street Library, NYC",NULL,NULL
81,B,NULL,NULL,B,NULL,NULL,NULL,NULL,NULL,NULL,NULL,NULL,,NULL,NULL,false,NULL,NULL,NULL,NULL,NULL,NULL,NULL,NULL,NULL,NULL,NULL,NULL
82,Bacher,Lutz,Lutz Bacher,SNOW,JRP | Ringier,2013,30.5,22.9,2.8,Softcover,352,NULL,9783037643471,Caoimh'n Mac Leith (Author),"Gregor Muir (Editor), Beatrix Ruf (Editor), Sophie von Olfers (Editor), Lutz Bacher (Artist)",false,NULL,"Ever since her career began in the 1970s, this Bay Area artist has drawn upon fragmentary information from popular culture and her own life to produce works that play with the instability of identity and the all-around trickiness of images. In artist's books, installations, sculptures, videos, photographs, paintings, and screen prints, Bacher uses images and objects in a physical, visceral manner. Bacher's mixture of bodies and ideas, pop and personal, while always remaining somehow elusive, feels entirely relevant to problems in art and life now. In this publication, she has compiled her work from 1975 to 2013 into a hefty volume of seemingly digital files from an inventory. It is accompanied by a new essay by Caoimhín Mac Giolla Léith. The book is published with Kunsthalle Zürich, Portikus, Frankfurt am Main, and the Institute of Contemporary Arts, London",NULL,NULL,NULL,NULL,NULL,NULL,NULL,NULL,NULL,NULL
83,Bacon,Francis,Francis Bacon,Late Paintings,Rizzoli,2016,31.2,24.1,2.3,Hardcover,NULL,New,9780847847754,NULL,NULL,false,NULL,"Encompassing more than twenty-five paintings that Francis Bacon made in London and Paris during the last two decades of his life, this book serves as a companion to the 2015 exhibition at Gagosian Gallery, New York, and is the first in-depth exploration of the innovations of the artist’s late work. In his late paintings, Francis Bacon refined themes that had long obsessed him. He quoted reflexively from his oeuvre, reworking subjects to strip them to the bare essentials. This stunning new book features over 150 color illustrations of the artist’s work and related materials, including reproductions of ephemera from Bacon’s Hugh Lane studio.",https://www.francis-bacon.com/,https://gagosian.com/,NULL,NULL,Individual Artist Monographs,NULL,NULL,NULL,NULL,NULL
84,Bacon,Francis,Francis Bacon,Incunabula,Thames & Hudson,2009,31.0,25.1,2.8,Hardcover,256,NULL,9780500093443,NULL,"Daniels, Rebecca (Author); Harrison, Martin (Author)",false,NULL,NULL,https://www.francis-bacon.com/,NULL,NULL,NULL,Individual Artist Monographs,NULL,NULL,NULL,NULL,NULL
85,Bacon,Francis,Francis Bacon,Francis Bacon,Skira Rizzoli,2009,28.6,25.2,2.6,Hardcover,NULL,"First Edition, Rare",9780847832750,"Gale, Matthew",NULL,false,NULL,"Francis Bacon’s style was so personal and distinctive that his influence lay more in the intensity of his commitment to art itself than in any direct stylistic legacy. The British artist developed a way of portraying the human body that was unique in the history of painting—usually in isolation, at moments of extreme tension or even pain, distorted like figures from a fantastical nightmare. He remains a towering example to those dedicated to the depiction of the human figure. In addition to 250 full-color plates, this publication also reveals Bacon’s low-art inspirations, including magazine tear sheets, photographs, and imagery from films.",https://www.francis-bacon.com/,NULL,NULL,NULL,Individual Artist Monographs,NULL,NULL,NULL,NULL,NULL
86,Baier,Julia,Julia Baier,Water Maters,Peperoni Books,2013,29.4,23.1,1.0,Paperback,72,"First edition, oop",9783941825536,NULL,Johannes Kimstedt (Author),false,NULL,"Swimming is a delicate balance between flying and sinking This quote by Burkhard Strassmann opens Julia Baier's book ›Water Matters‹. Her pictures show what people do with water, and even more, how water affects people and the animals, too. Not on the whole, but in the immediate encounter. When bathing, diving, splashing and spraying, in rain, snow and ice, in the city and in the countryside. And as the water itself the photographer seems to get to wherever it flows and foams, drips, bubbles and reflects or where the water and its derivatives form into mysterious and beautiful abstractions - in Budapest or Bremen, in Passau or Paris, Chicago or Sovata. Julia Baier's book is a refreshing and fluid trip through the international water world - with surface tension, cliffs, swirls, pull and draft.",https://www.juliabaier.de/,https://peperoni-books.de/,NULL,NULL,Photography,NULL,NULL,"Hudson Street Library, NYC",NULL,NULL
87,Bakharev,Nikolay,Nikolay Bakharev,Novokuznetsk,STANLEY/BARKER,2016,24.0,27.0,NULL,Hardback,NULL,"First edition, oop. 120 + 8 page booklet",9780995555518,NULL,NULL,false,NULL,"Paper Wrapped, Tipped-on Image. During the 1980s by the Siberian artist Nikolay Bakharev worked as a mechanic and communal services factory photographer in the USSR. To supplement his income he would solicit work as a black market portrait photographer on the public beaches of Eastern Russia. If the shoot went well, he would invite his subjects to make further images in a more intimate setting, compelling his subjects over several hours into contorted, erotically charged poses, which at the time was highly illegal. After the the fall of the Iron Curtain, Bakharev began to work more openly as an artist, although often being admonished as a pornographer. His photographs from this time reveal more than just the bodies of his subjects, but the longing and dampened dreams of the inhabitants of an industrial town and the desires of an unrelenting artist. ""It would be easy to misinterpret these images as simply the pornographic imaginings of a manipulative and dirty old man, yet there is something else within them — in the subjects’ eyes, in their frankness, in their curiosity and collusion, as well as in their surroundings – that suggests that much more is going on here, and that what is both at stake and in evidence stretches far beyond the realms of explicit sexuality, voyeurism and mere titillation."" — Aaron Schuman",NULL,https://www.stanleybarker.co.uk,NULL,NULL,"fashion photography, Fine Art Photography, Nikolay Bakharev, Portrait Photography",NULL,NULL,"Hudson Street Library, NYC",NULL,NULL
88,Baldersari,John,John Baldersari,John Baldessari Sings LeWitt,NULL,NULL,NULL,NULL,NULL,Softcover,NULL,NULL,,NULL,NULL,false,NULL,NULL,NULL,NULL,NULL,NULL,NULL,NULL,NULL,NULL,NULL,NULL
89,Baldersari,John,John Baldersari,Pure Beauty,LACMA/Delmonico/Prestel,2009,31.3,26.5,4.1,Hardcover,330,NULL,,NULL,"Jessica Morgan (Author), Leslie Jones (Author)",false,NULL,"A major figure in contemporary art, John Baldessari is widely considered one of the most influential artists to emerge since the mid-1960s. From his early text-and-image paintings to his more recent photo collages and installations, Baldessari has continued to make art that addresses the social impact of mass culture, often playfully through strategies of appropriation and deconstruction. Baldessari's lifelong interest in language, written and visual, and the interaction between the two, raises questions about the nature of communication and perception. More than 400 illustrations are presented in full colour in this monograph published in conjunction with a major exhibition organised by the Los Angeles County Museum of Art and Tate Modern in London. Eleven essays by critics, curators, art historians, and an artist and former student of Baldessari's round out this volume. Few contemporary artists have achieved the range and relevance of Baldessari's oeuvre, which is finally given its due in this elegant retrospective book.",NULL,NULL,NULL,NULL,Individual Artist Monographs,NULL,NULL,Clipper,NULL,NULL
91,Baldersari,John,John Baldersari,A Print Retrospective from the Collections of Jordan D. Schnitzer and his Family Foundation,Fine Arts Museums of San Francisco-Legion of Honor/Jordan Schnitzer Family,2010,30.48,25.4,NULL,Hardcover,160,"Out of Print. 140 color plates",9781935202103,Hunter Drohojowska-Philip,NULL,false,NULL,"Conceptual art veteran John Baldessari (born 1931) began making prints in the mid-1970s, and has placed printmaking at the center of his appropriative practice, in which found photographs of people are amended with colorful dots that blot out the heads of the subjects, redirecting the viewer's attention towards marginal detail. For Baldessari, keen as he is to minimize or erase his own manual presence, printmaking also helps to flatten out these collaged additions and interventions, heightening their sense of estrangement and beguiling anonymity. Many of Baldessari's prints series have been extremely influential, such as the 1970s Raw Prints series, for which he amended photos of Santa Monica mallgoers with abstracted shapes printed above the images that replicate details from them; this series was pivotal in democratizing photo-based prints in the art world. Since then, Baldessari has gone on to collaborate with some of the world's great printmakers, such as Brooke Alexander, Gemini G.E.L., Cirrus Editions, Edition Jacob Samuel, Mixographia and Crown Point Press. An essential volume in any contemporary art library, this first full survey of Baldessari's four-decade printmaking career is the definitive volume on the prints, and boasts 140 color plates alongside testimonies from his printmaking collaborators.",NULL,NULL,"Prints, Conceptual art, Contemporary art, Printmaking","Artist Monographs, Prints & Multiples",NULL,NULL,NULL,NULL,NULL,/assets/images/books/Baldersari_A_Print_Retrospective_9781935202103.jpg
92,Baldersari,John,John Baldersari,"Visionaire No. 64: Art, Baldessari Red Edition",Visionaire,2014,52.1,38.1,8.3,Hardcover,NULL,NULL,9781888645989,NULL,NULL,false,NULL,"In Henry Joost and Ariel Schulman's short film A Brief History of John Baldessari, the world-renowned conceptual artist suggests that he will be best remembered as ""the guy who put dots over people's faces."" Baldessari recalls: ""I felt like it [the dot] leveled the playing field""--surely an ironic claim to fame in an age of self-obsession and self-celebration. Especially from the early Renaissance, when mirrors became more readily available, through today--an age of constant surveillance in which nearly every pedestrian carries some form of camera--the auto portrait has become an inevitability that, to varying degrees, finds its way into the practice of many working artists. For its 64th issue, Visionaire invites a roster of contemporary actors, entertainers and personalities to contribute a self-portrait. The participants include artists Ai Weiwei and Ed Ruscha; models Gisele Bundchen and Kate Upton; actors Scarlett Johansson and James Franco; singer Miley Cyrus; filmmaker Pedro Almodovar; fashion designers Kate and Laura Mulleavy (Rodarte) and Riccardo Tisci (Givenchy); athlete Lionel Messi, and many more. Their self-portraits are printed in black and white, and then silkscreened with shapes and colors created by Baldessari. The resulting collection of images offers a snapshot of contemporary iconography, bridging technology and craftsmanship, high art and pop culture, digital and analogue, new and old. Visionaire No. 64: Art is available in three different editions, each themed by a color, and featuring a different selection of contributors. All of the editions are presented in a beautifully printed cloth box. The red edition includes contributions by James Franco, Miley Cyrus, Marina Abramovic, Ranveer Singh, Yuna Kim, Karlie Kloss, Pedro Almodóvar, Drew Barrymore, G-Dragon and Ed Ruscha.",NULL,NULL,NULL,NULL,NULL,NULL,NULL,NULL,NULL,NULL
93,Baldersari,John,John Baldersari,John Baldessari Catalogue Raisonné: Volume One: 1956–1974,Yale University Press,2012,30.9,26.3,5.2,"Hardcover, slipcase",NULL,"First, New",9780300174489,Robert Dean (Author),Patrick Pardo (Editor),false,NULL,"The first volume of the complete catalogue of works by John Baldessari The pioneering conceptual artist John Baldessari (b. 1931) began his career as a painter in the 1950s, but in the subsequent decades he expanded his practice in a new and groundbreaking direction by juxtaposing texts with found photography or appropriated images. These texts questioned the nature of art and the art-viewing experience, suggesting new meanings for the images they accompanied. This interaction of words and images remained a critical aspect of Baldessari's work, even as he branched into other media, such as site-specific installations, drawings, video, sculpture, prints, and multiples. The first of a projected four-volume set, this lavishly illustrated book features about 500 works and chronicles an important shift in Baldessari's thinking during these formative years. Included are such landmark works as the Cremation Project (1970), where Baldessari incinerated the ""body"" of work he had made between the years 1953 and 1966. The ashes of the cremated works were then baked into cookies, and the rest sealed in a book-shaped urn, which he then presented along with a plaque announcing the ""life"" and ""death"" dates. Baldessari's work and teaching have been greatly influential on a subsequent generation of artists. The book features an essay by Yve-Alain Bois considering Baldessari's ethos as a generator of his artistic practice. Also included are an interview with Christopher Knight and a detailed chronology of the artist's life and work.",NULL,NULL,NULL,NULL,"Collections, Catalogs & Exhibitions",NULL,NULL,Clipper,NULL,NULL
94,"Ballen, Asger Carlsen",Roger,"Roger Ballen, Asger Carlsen",No Joke,Mörel Books,2016,22.5,33.0,NULL,Hardcover,72,Edition of 1000,9781907071560,NULL,NULL,false,NULL,"37 black-and-white photographs. Asger Carlsen and Roger Ballen exchanged ideas, sketches and works and reworked them manually and digitally, blurring the lines of authorship and process. Both artists are known for their blurring of the line between the real world and the fictional. In NO JOKE they lead each other into what eventually becomes something larger then expected.",https://www.rogerballen.com,https://morelbooks.com,NULL,NULL,NULL,NULL,NULL,Clipper,NULL,NULL
95,Baltz,Lewis,Lewis Baltz,The Prototype Works,Steidl,NULL,28.2,26.9,2.0,Hardback,188,Edition 03/2011 (?),9783869302508,"Witkovsky, Matthew S. 1967-",NULL,false,NULL,"clothbound. Beginning in 1965, but especially in the years between 1967 and 1971, Lewis Baltz made a body of work concentrated on the dialectic between simple, regular geometric forms found in the postwar industrial landscape, and the culture that generated such forms. Stucco walls, parking lots, the sides of warehouse sheds or disused billboards baked in the steady Californian sunlight. Baltz called his works ""Prototypes,"" by which he meant replicable social conventions as well as model structures of replicable manufacture. Marking Baltz's preliminary forays into a minimal aesthetic, The Prototype Works continued his work to capture the reality of a sprawling Western ecology gone wild.",NULL,https://steidl.de/,NULL,NULL,Individual Photographer Books,NULL,NULL,"Hudson Street Library, NYC",NULL,NULL
96,Baltz,Lewis,Lewis Baltz,Nevada (Signed program),Castelli Graphics,1978,21.5,26.5,NULL,Matte gray wrappers,NULL,"staple-bound, with title embossed on front, Oblong size: 21,5 by 26,5.",,NULL,NULL,true,David Smoak,NULL,NULL,NULL,NULL,NULL,NULL,NULL,NULL,"Hudson Street Library, NYC",NULL,NULL
97,Baltz,Lewis,Lewis Baltz,Lewis Baltz: Rule Without Exception / Only Exceptions,Steidl,2012,NULL,NULL,NULL,NULL,NULL,NULL,9783869301105,NULL,NULL,false,NULL,"This progressive book object combines two volumes and covers the sweep and depth of Lewis Baltz's influential oeuvre. Rule Without Exception is a re-issue of Baltz's award-winning mid-career retrospective book which accompanied a travelling exhibition of the same name in 1991. The book surveys Baltz's work from ""The Prototype Works"" of 1967 through to ""Sites of Technology"" of 1991, showing the range of his images of industrialised landscapes and technological sites. Each section of the book is accompanied by installation views as well as texts by distinguished writers, some newly commissioned for this edition. Only Exceptions is a new book chronicling Baltz's work - now usually site-generated commissioned works - from 1992 to the present and is published on the occasion of an exhibition organized by the Kunstmuseum, Bonn. Only Exceptions includes Baltz's work in California, Leipzig's ""Black Triangle"", Reggio Emilia, Groningen, Rome, Venice, and two projects with Jean Nouvel in France and Italy.",https://steidl.de,https://steidl.de/,NULL,NULL,NULL,NULL,NULL,"Hudson Street Library, NYC",NULL,NULL
98,Baltz,Lewis,Lewis Baltz,Bernard Lamarche-Vadel,NULL,1993,NULL,NULL,NULL,NULL,NULL,NULL,,NULL,NULL,false,NULL,NULL,NULL,NULL,NULL,NULL,NULL,NULL,NULL,"Hudson Street Library, NYC",NULL,NULL
99,Baltz,Lewis,Lewis Baltz,At The / In Der Albertina,NULL,2014,NULL,NULL,NULL,NULL,NULL,NULL,,NULL,NULL,false,NULL,NULL,NULL,NULL,NULL,NULL,NULL,NULL,NULL,"Hudson Street Library, NYC",NULL,NULL
100,Baltz,Lewis,Lewis Baltz,Lewis Baltz,Steidl,2017,NULL,NULL,NULL,NULL,NULL,NULL,,NULL,NULL,false,NULL,NULL,https://steidl.de,https://steidl.de/,NULL,NULL,NULL,NULL,NULL,"Hudson Street Library, NYC",NULL,NULL
102,Baltz,Lewis,Lewis Baltz,"The New Industrial Parks Near Irvine, California",NULL,NULL,NULL,NULL,NULL,NULL,NULL,NULL,,NULL,NULL,false,NULL,NULL,NULL,NULL,NULL,NULL,NULL,NULL,NULL,"Hudson Street Library, NYC",NULL,NULL
103,Baltz,Lewis,Lewis Baltz,"The Politics of Bacteria, Docile Bodies, Ronde de Nuit",Ram Publications,2017,NULL,NULL,NULL,NULL,NULL,NULL,,NULL,NULL,false,NULL,NULL,NULL,NULL,NULL,NULL,NULL,NULL,NULL,"Hudson Street Library, NYC",NULL,NULL
104,Baltz,Lewis,Lewis Baltz,Candlestick Point,NULL,NULL,NULL,NULL,NULL,NULL,NULL,NULL,,NULL,NULL,false,NULL,NULL,NULL,NULL,NULL,NULL,NULL,NULL,NULL,"Hudson Street Library, NYC",NULL,NULL
105,Banksy,NULL,Banksy,Wall and Piece,Century,2007,25.4,20.3,1.5,Hardcover,192,NULL,9781844137879,NULL,NULL,false,NULL,NULL,NULL,NULL,Art,"""street art""",Individual Artist Monographs,NULL,NULL,Clipper,NULL,NULL
106,Barash,Cole,Cole Barash,Talk Story,NULL,NULL,NULL,NULL,NULL,NULL,NULL,NULL,,NULL,NULL,false,NULL,NULL,NULL,NULL,NULL,NULL,NULL,NULL,NULL,NULL,NULL,NULL
108,Barber,Tim,Tim Barber,Blues,agnes b,2015,25.5,20.0,NULL,Softcover,80,NULL,,NULL,NULL,false,NULL,"80 pages with col. Illus.. Collection of photographs published in conjunction with the ""blues"" exhibition held at agnès b by American photographer Tim Barber.",http://www.tim-barber.com,NULL,NULL,NULL,NULL,NULL,NULL,NULL,NULL,NULL
109,Barbieri,Olivo,Olivo Barbieri,Site Specific (site specific_03 13),Aperture,2013,34.5,25.4,2.3,Hardcover,184,NULL,9781597112291,NULL,NULL,false,NULL,"Site Specific is a summary of Italian photographer Olivo Barbieri’s ten-year project to record the world’s cities in aerial photographs. On the one hand, the book offers remarkable documentation, by one of today’s most thrilling image-makers, of 25 cities throughout the world. On the other, it is a narrative of Barbieri’s ever-evolving approach to photography and his thoughts about the nature of the medium. Presented chronologically, the book begins with the distinctive tilt-shift photographs of Italian cities with which Barbieri first established his reputation, and which launched a popular stylistic movement for selective-focus photographs. As the series continued, with portrayals of cities all over the world, Barbieri introduced other devices and approaches to distort perceived reality—such as playing with color, registration and the deletion or discoloring of particular details—to dramatic effect. The result is a remarkable photo essay about twenty-first-century urban space and about photography itself. Stunningly designed and presented in a luxuriously large format, the book is introduced by Christopher Phillips.",http://www.olivobarbieri.it,https://aperture.org,Individual Photographer Monographs,"landscape photography, Olivo Barbieri, Photography, Still Life Photography",NULL,NULL,NULL,"Hudson Street Library, NYC",NULL,NULL
110,Barker,Mandy,Mandy Barker,Beyond Drifting: Imperfectly Known Animals,Overlapse,2017,18.4,24.8,2.0,Hardcover,104,Out of Print,9780994791917,NULL,NULL,true,Mandy Barker + Tiffany Jones,"59 color and numerous additional illustrations. Beyond Drifting: Imperfectly Known Animals is an astounding piece of work, one in which Barker takes the most humdrum of things – plastic detrius – inserts it into an intriguing, multilayered historical narrative, lends its physical form a gossamer, airy beauty, and presents the whole to us in the form of a book. Not just any book, but a replica of an old science publication from the 1800s, including mould-spotted pages, a library lending form and specimen labels.” – Lucy Davies, V&A Magazine May 2017 Now, 170 years after Atkins, another British woman has produced an important photobook that echoes Victorian-era science even as it exposes a contemporary environmental crisis. Mandy Barker’s Beyond Drifting: Imperfectly Known Animals similarly occupies that liminal space where art and science converge, and its impeccable presentation exemplifies how book design can extend content. – Laura M. André, review on Photo-eye “Mandy Barker’s work on plastic has been developing for some time. In its latest advance, she looks at micro-particles of plastic as a species of a lunatic plankton, floating about the sea, and she has included a rather wonderful pastiche book of old-fashioned science as a way of getting us into her subject.” – Francis Hodgson, Photography critic “Her images could be mistaken for Victorian glass-plate photographs; in fact they are ornate, long-exposure studies of the plastic debris that pollutes beaches in and around Cobh in Cork Harbour, Ireland.” – Tom Seymour, British Journal of Photography “Beyond Drifting is a clever critique of a massive environmental problem – and, in focusing in on one small area of Ireland in particular, Barker highlights a global issue.” – Mark Sinclair, Creative Review",https://www.mandy-barker.com,https://www.overlapse.com/,Individual Photographer Monographs,NULL,NULL,NULL,NULL,"Hudson Street Library, NYC",NULL,NULL
111,Barney,Matthew,Matthew Barney,ADAC,Dashwood Books,2013,NULL,NULL,NULL,Softcover,40,Edition 300,,NULL,NULL,false,NULL,"ADAC is a collaborative book by Matthew Barney and Brandon Stosuy commemorating the lives of NFL/Oakland Raiders legend Al Davis, who died on October 8, 2011, and Seth Putnam, vocalist of the grindcore band Anal Cunt, who died on June 11, 2011. Published by Dashwood Books",NULL,http://dstrettell.com/,Photography,"memorial, NFL, ""hardcore music""",NULL,NULL,NULL,Clipper,NULL,NULL
112,Barron,Jean Montgomery,Jean Montgomery Barron,Scene,powerHouse Book,2013,29.9,23.5,2.0,Hardcover,136,NULL,9781576876244,NULL,NULL,false,NULL,NULL,NULL,NULL,NULL,celebrity photography,NULL,NULL,NULL,NULL,NULL,NULL
113,Basquiat,Jean-Michael,Jean-Michael Basquiat,Jean-Michael Basquiat,CH,NULL,NULL,NULL,NULL,NULL,NULL,NULL,,NULL,NULL,false,NULL,NULL,NULL,NULL,NULL,NULL,NULL,NULL,NULL,NULL,NULL,NULL
114,Basquiat,Jean-Michael,Jean-Michael Basquiat,Basquiat,Hatje Cantz,NULL,NULL,NULL,NULL,NULL,NULL,NULL,,NULL,NULL,false,NULL,NULL,NULL,https://www.hatjecantz.de/,NULL,NULL,NULL,NULL,NULL,NULL,NULL,NULL
115,Basquiat,Jean-Michael,Jean-Michael Basquiat,Words Are All We Have Paintings by Jean-Michel Basquiat,Hatje Cantz,2016,31.0,26.5,2.0,Hardcover,208,"New, sealed",9783775741842,Dieter Buchhart (Editor),NULL,false,NULL,"Language in the art of Jean-Michel Basquiat, from graffiti to word as motif In the wild New York of the 1980s, Jean-Michel Basquiat was the first African-American artist to receive art-world attention. The complexity and trailblazing innovative power of his paintings has been widely discussed, but this book focuses on the treatment of language in Basquiat’s ouevre. With its complex structures, spontaneous rhythms and sampled, collage-like manifestations, his work was drawn into the orbit of the Beat Generation poets and the protagonists of the musical avant-garde. The multitalented Basquiat created a shimmering, syncopated fabric of images and text, which the American curator and critic Robert Storr aptly called “eye rap.” It was with this unpretentious and spontaneous way of working that Basquiat rewrote art history.",NULL,https://www.hatjecantz.de/,Art,NULL,Individual Artist Monographs,NULL,NULL,Clipper,NULL,NULL
118,Basquiat,Jean-Michael,Jean-Michael Basquiat,The Notebooks,Princeton University Press,2015,24.6,19.3,2.0,Hardcover – Illustrated,304,NULL,9780691167893,Larry Warsh (Editor),NULL,false,NULL,"facsimile edition of the artist's fascinating working notebooks Brooklyn-born Jean-Michel Basquiat (1960-88) was one of the most important artists of the 1980s. A key figure in the New York art scene, he inventively explored the interplay between words and images throughout his career, first as a member of SAMO, a graffiti group active on the Lower East Side in the late 1970s, and then as a painter acclaimed for his unmistakable Neoexpressionist style. From 1980 to 1987, he filled numerous working notebooks with drawings and handwritten texts. This facsimile edition reproduces the pages of eight of these fascinating and rarely seen notebooks for the first time.The notebooks are filled with images and words that recur in Basquiat's paintings and other works. Iconic drawings and pictograms of crowns, teepees, and hatch-marked hearts share space with handwritten texts, including notes, observations, and poems that often touch on culture, race, class, and life in New York. Like his other work, the notebooks vividly demonstrate Basquiat’s deep interests in comic, street, and pop art, hip-hop, politics, and the ephemera of urban life. They also provide an intimate look at the working process of one of the most creative forces in contemporary American art.",NULL,NULL,NULL,NULL,Individual Artists' Books,NULL,NULL,NULL,NULL,NULL
119,Baum,Erica,Erica Baum,The Naked Eye,Bureau New York,2015,NULL,NULL,NULL,NULL,58,NULL,9782954136943,NULL,NULL,false,NULL,NULL,NULL,NULL,NULL,NULL,NULL,NULL,NULL,NULL,NULL,NULL
120,Beckman; Sam Falls,Janette,Janette Beckman; Sam Falls,Dashwood Book Series (LTD EDITION - VOL 1),Dashwood,2011,NULL,NULL,NULL,softcover in slipcase,NULL,Condition: As new in sturdy slipcase stamped with names of artists and their projects. # /20. 20 copies,,NULL,NULL,false,NULL,"Janette Beckman, Sam Falls, Andreas Laszlo Konrath, Jim Mangan, Ari Marcopoulos, Betty Tompkins & Archive of Modern Conflict",NULL,https://dstrettell.com/,NULL,NULL,NULL,NULL,NULL,"Hudson Street Library, NYC",NULL,NULL
121,Bellini,Mario,Mario Bellini,That's Punk,NULL,NULL,NULL,NULL,NULL,NULL,NULL,NULL,,NULL,NULL,false,NULL,NULL,NULL,NULL,NULL,NULL,NULL,NULL,NULL,NULL,NULL,NULL
122,Bellmer,Hans,Hans Bellmer,Hans Bellmer,Hatje Cantz,2006,NULL,NULL,NULL,Hardcover,280,NULL,9783775717946,NULL,"Agnès de la Beaumelle (Author), Alain Sayag (Author), Wieland Schmied (Author), Michael Semff (Editor), Anthony Spira (Editor)",false,NULL,"The Surrealists' fascination with dolls and machines that resembled humans is especially evident in the work of Hans Bellmer (1902-1975), the subject of this comprehensive monograph. Rejecting the Nazis' Aryan ideals, the artist spent the years after 1933 creating disturbing dolls out of wax, wood, flax, plaster and glue--equipped with wigs and glass eyes. Photographs of these fetishistic simulacra were published in Minotaure, the Surrealists' magazine, and eagerly supported by members of Andre Breton's circle. After immigrating to Paris, Bellmer continued to develop his erotic obsessions through his art, now influenced by the writings of the Marquis de Sade and Georges Bataille, and began to collaborate with his companion, the German artist Unica Zurn. Deeply involved in Freudian discourse, his drawings, lithographs and photographs investigate psychoanalytic theories around hysteria and transference and reveal a singular exploration into the relationship between language and the body.",NULL,https://www.hatjecantz.de/,NULL,NULL,Individual Artist Monographs,NULL,NULL,NULL,NULL,NULL
123,Bendiksen,Jonas,Jonas Bendiksen,The Book of Veles,GOST Books,2021,21.6,16.5,1.9,Hardcover,146,First,9781910401613,NULL,NULL,false,NULL,"Photographs of contemporary Veles are intertwined with fragments from an archaeological discovery also called ‘the Book of Veles’ ― a cryptic collection of 40 ‘ancient’ wooden boards discovered in Russia in 1919, written in a proto-Slavic language. It was claimed to be a history of the Slavic people and the god Veles himself―the pre-Christian Slavic god of mischief, chaos and deception",https://www.jonasbendiksen.com/,https://gostbooks.com,NULL,"disinformation, information, propaganda, nationstatehacker",NULL,NULL,NULL,"Hudson Street Library, NYC",NULL,NULL
124,Berlin,Bridget,Bridget Berlin,Polaroids,Reel Art Press,2015,28.1,23.8,2.2,Hardcover,208,Pck Har/Cr edition,9781909526242,"by Dagon James (Editor), Vincent Fremont (Editor), Anastasia Rygle (Editor)","by Dagon James (Editor), Vincent Fremont (Editor), Anastasia Rygle (Editor), Brigid Berlin (Photographer), Bob Colacello (Introduction), John Waters",false,NULL,"Brigid Berlin (born 1939) was one of the most prominent and colorful members of Andy Warhol’s Factory in the 1960s and 1970s. Her legendary personal collection of Polaroids is collected here for the first time and constitutes an intimate, beautiful, artistic, outrageous insight into this iconic period. This wild photographic odyssey featured a foreword by cult filmmaker John Waters, who writes, “Brigid was always my favorite underground movie star; big, often naked, and ornery as hell ... The Polaroids here show just how wide Brigid’s world was; her access was amazing. She was never a groupie, always an insider.” Berlin knew everyone and her lens captured them all: celebrities, Superstars, artists, herself and, of course, Warhol. As Waters observes, through her snaps, “Andy was uncovered and revealed like never before.” The book also features an introduction by Bob Colacello, editor of Warhol’s Interview magazine and features writer for Vanity Fair, who notes: “In recording life, she captured our times. By myopically depicting her own transgressions and self- indulgences, she has prophetically reflected the narcissism and exhibitionism, the craving for fame and confusing of fame and infamy that have become the staples of American popular culture.” In discussing her style, he reflects, “This is the opposite of fashion photography or studio portraiture. Brigid was a realist. What she saw is7",NULL,NULL,Individual Photographer Monographs,"nyc, art,",NULL,NULL,NULL,"Hudson Street Library, NYC",NULL,NULL
125,Berman,Wallace,Wallace Berman,Wallace Berman: American Aleph,Kohn Gallery,2016,28.5,24.5,1.5,Hardcover,120,NULL,9781880086216,NULL,"by Tosh Berman (Introduction), Wallace Berman (Artist), Claudia Bohn-Spector (Contributor), Sam Mellon (Contributor), Ken Allan (Contributor)",false,NULL,"Commemorating the 40th anniversary of the artist’s accidental death at age 50, this volume offers the first substantial survey of the entire oeuvre of Wallace Berman (1926–76) from the late 1940s until 1976. Berman has been long heralded as one of the most significant and influential artists to emerge in Southern California. Spiritually inclined yet steeped in popular culture and the political events of the day, he conducted reconnaissance far beyond the borders of California, mining the American psyche and broadcasting his ideas through mail art, publications, photographs and multilayered art works. Berman intersected with several intriguing cultural moments, starting with his first Los Angeles solo show in 1957 at Ed Kienholz and Walter Hopps’ Ferus Gallery. He also participated in an important 1966 group exhibition in London at the legendary Robert Fraser Gallery, whose other artists included Richard Hamilton, Bruce Conner and Peter Blake--who put Berman’s face among the notable crowd in his cover for the Beatles’ Sgt Pepper’s Lonely Hearts Club Band.As interest in West Coast art has increased over the past 40 years, scholars have viewed Berman as a quintessentially Californian artist whose entourage of likeminded friends was essential to the formation of his creative vision. This volume takes a broader view, reassessing Berman’s significant contributions to the history of 20th-century American art.",NULL,NULL,NULL,NULL,Individual Artist Monographs,NULL,NULL,NULL,NULL,NULL
126,Bernstein,Bill,Bill Bernstein,Disco The Bill Berstein Photographs,R|A|P (Reel Art Press),2015,31.1,25.2,2.0,Hardcover,NULL,NULL,9781909526228,NULL,NULL,false,NULL,"Stunning photography by Bill Bernstein. Containing many previously unpublished photographs, Disco takes the viewer on an access-all-areas tour of late 70s New York nightlife. Bernstein's eye was drawn to the characters that lived for the night, rather than the celebrities, the unknown men and women who were transformed by the nightlife haze. The pictures in this book are a document of an incredibly exciting and creative time, not only in music, but in social, political and fashion history as well.",NULL,NULL,Individual Photographer Monographs,"disco, bw,",NULL,NULL,NULL,"Hudson Street Library, NYC",NULL,NULL
127,Bertrand,Zaza,Zaza Bertrand,Japanese Whisper,APE (Art Paper Editions),2016,30.0,22.5,NULL,Paperback,NULL,NULL,9789490800550,NULL,NULL,false,NULL,NULL,NULL,NULL,NULL,NULL,NULL,NULL,NULL,NULL,NULL,NULL
128,Beube,Doug,Doug Beube,"Breaking the Codex : Bookwork, Collage, and Mixed Media",Etc. Etc. The Iconoclastic Museum Press,2011,NULL,NULL,NULL,NULL,219,NULL,9780615459196,Marian Cohn,Douglas Beube,false,NULL,NULL,NULL,NULL,NULL,"book art, collage, mixed media, photography, and sculpture.",NULL,NULL,NULL,NULL,NULL,NULL
129,Bianchi,Tom,Tom Bianchi,"Tom Bianchi: Fire Island Pines, Polaroids 1975-1983",Damiani,2013,NULL,NULL,NULL,NULL,212,"Illistrated, First Edition edition (May 31, 2013)",9788862082709,NULL,NULL,false,NULL,NULL,NULL,https://www.damianieditore.com/,NULL,Nudes,NULL,NULL,NULL,NULL,NULL,NULL
130,Birgus,Vladimir,Vladimir Birgus,Czech Photography VIII: Europeans,Kant,2009,NULL,NULL,NULL,NULL,NULL,NULL,9788086970899,NULL,Jindrich Marco and Jindrich Streit,false,NULL,NULL,NULL,NULL,NULL,NULL,NULL,NULL,NULL,NULL,NULL,NULL
131,Bischof,Beni,Beni Bischof,Psychobuch,Edition Patrick Frey,2014,31.0,23.4,3.2,Softcover,638,EPF N° 149 (1 of 2 copies). Out of print,9783905929492,NULL,NULL,false,NULL,"It all started when Beni Bischof began publishing laser-copied artist's magazines in 2005 as an independent means of distributing his drawings, collages, and texts. The speed of production suited his impetuous, prolific output. It was not long before he found an additional, three-dimensional outlet for his obsessions by adding sculpture, painting, and installations to his repertoire. Often using everyday objects, Bischof creates bizarre objects whose coherence he reinforces with plaster and paint. He applies similar techniques of combining, reassembling, and reworking to images appropriated from fashion magazines, trivial literature, LP covers, and the like, overpainting them and modifying them digitally or even mechanically. Psychobuch presents an extensive and unusual survey of Beni Bischof's oeuvre. It is a wildly rampant, multimedia conglomerate, held together by a dense network of recurring themes and motifs. The elaborate book is both an overview of Beni Bischof's output to date and an artist's book in its own right.",NULL,https://www.editionpatrickfrey.com,Individual Photographer Monographs,NULL,NULL,NULL,NULL,"Hudson Street Library, NYC",NULL,NULL
133,Bishouty,Nour,Nour Bishouty,"1-130 Nour Bishouty Selected works Ghassan Bishoutyaha b. 1941 Safad Palestine d. 2004 Amman, Jordan",Art Metropole & Motto Books,2020,NULL,NULL,NULL,NULL,NULL,NULL,9781989010068,NULL,NULL,false,NULL,"Which images are made manifest across an artist’s practice and which are the ones that disappear? How do objects—whether seen or unseen—and the knowledge they possess traverse across place and time to avow their resistance? These are amongst the questions asked by artist Nour Bishouty in her artist’s book 1—130, a project that draws upon her ongoing research into the works of her father, Ghassan Bishouty (b. 1941 Palestine – d. 2004, Jordan). In 1—130, she borrows from methods of indexing and object classification to act as figurative codes for identification and cross-reference within the contexts of value and legacy. All the while employing paratactic strategies of text and image to understand the life and work of an artist faced with the discontinuity of deracination. 1—130 constitutes reflexive encounters with a series of 130 selected paintings and sculptures made circa 1965-2004 in Lebanon and Jordan, and concludes with an afterword by editor and curator Jacob Korczynski. 1—130 is designed by Laura Pappa & Lotte Lara Schröder and co-published by Art Metropole & Motto Books. Nour Bishouty is a visual artist working in a range of media including digital images, works on paper, sculpture, video, and writing. Her multidisciplinary practice draws upon autobiographical and material narratives to explore how dominant notions of value are articulated and exchanged, often focusing on the construction of popular identity in relation to histories of place. Nour was a fellow at the 2014/15 Home Workspace Program at Ashkal Alwan in Beirut. Her work has been exhibited in venues such as Darat Al Funun, Amman; Access Gallery, Vancouver; the Beirut Art Centre, the Helen Day Art Centre, Vermont; Casa Arabe, Madrid and Cordoba; and the Mosaic Rooms, London. Jacob Korczynski is an independent curator and the recent recipient of a curatorial research fellowship from The Andy Warhol Foundation for the Visual Arts. He has curated projects for the Stedelijk Museum, Cooper Cole,",NULL,NULL,NULL,NULL,NULL,NULL,NULL,NULL,NULL,/assets/images/books/Bishouty_1_130_9781989010068.jpg
134,Blair,Dike,Dike Blair,Gouaches,Karma,2015,22.9,19.1,NULL,Hardcover,416,"Edition of 500, New",9781938560286,"Rian, Jeff",NULL,false,NULL,"“The gouaches are outtakes from a global agora visibly altered by photography, telecommunications, and satellite surveillance … they document intimate contemporary sensation, the things we imbibe, the places we drift through in a world reconfigured for entertainment.” Dike Blair: Gouaches surveys the artist’s entire oeuvre in this medium, chronicling four decades of colorful, hyper-realistic gouache on paper works. Pursuing a wide range of subject matter–Shelter Island, haphazard stacks of books, cocktails and cigarettes, parking lots, nighttime swimming pools, Japanese cuisine, and obscured window frames, to name a few–the myriad objects and scenery are unified by Blair’s meticulous attention to detail and his fresh perspective on what it is we consume.",NULL,https://karmakarma.org,Art,NULL,NULL,NULL,NULL,Clipper,NULL,NULL
135,Blalock,Lucas,Lucas Blalock,Inside The White Cub,Peradam,2014,23.5,17.0,NULL,Paperback,NULL,"Staple Bound, Perfect Binding, [68] p. book + [24] p. calendar. Editionof 1000",9780990644811,NULL,NULL,false,NULL,"Inside the White Cube began as an ersatz version of a​n exhibition catalogue​ initially scheduled to be published by White Cube in 2012,​ as part of their Inside the White Cube series. ​Though the project was eventually abandoned​, the materials had already been assembled, and ​Blalock,​​ with Peradam,​ sought t​o re-imagine what was initially ​intended to be a sales tool. Inside the White Cub is​ also the first publication to present Blalock’s project through exhibitions​​, and is free when you purchase a 2020 Wall Calendar, which also features works by the artist. - Peradam",NULL,NULL,NULL,NULL,NULL,NULL,NULL,NULL,NULL,NULL
136,Blásquez,Alfredo,Alfredo Blásquez,La playa de los juguetes perdios 2021,Inframundo,2021,22.0,15.0,NULL,Hardback - Board,144,"spiral bound, offset printed, screen print",,NULL,NULL,false,NULL,"The proliferation of the use of plastic in the toy industry began around 1950, until then almost all toys were made of wood or metal, currently 90% of the toys that are produced are made of plastic. Like many of our wastes, toys after having a short lifespan find their way to the oceans, where they navigate through the marine currents to be washed-up on different beaches and coasts of the world. If we consider that it is an indestructible and non-biodegradable material, every plastic toy that has been created continues to exist in one way or another, it does not disappear, but continue to decompose into smaller and smaller fragments. This project seeks to give new life to more than 450 toys that were found and recovered in beaches located in the Mexican Caribbean and Pacific Ocean between 2013 and 2018, as part of projects related to beach clean-up activities that had educational, scientific and social components. - Inframundo",NULL,NULL,NULL,NULL,NULL,NULL,NULL,NULL,NULL,NULL
137,Bochner,Mel,Mel Bochner,"Solar System & Rest Rooms: Writings and Interviews, 1965-2007",MIT Press,2008,27.9,21.6,2.5,Hardcover,240,"October, 120 b&w illus.",9780262026314,NULL,NULL,false,NULL,"Artist Mel Bochner became a writer, he says, almost by accident. In 1965, as a young artist in New York, he was out of a job; Arts Magazine paid him $2.50 for every review he turned in, whether they published it or not; a month of review-writing paid his rent―$28.00 a month. His reviews and articles provoked a range of unexpected reactions. “At that time, artists who wrote were looked at suspiciously, as if writing somehow tainted their visual practice,” he writes. A painter friend attacked him publicly for “joining the enemy.” Bochner soon began testing the boundary between writing-as-criticism and writing-as-visual-art. Solar System & Rest Rooms collects both Bochner's writings on art and his writings as art, offering more than fifty pieces―reviews, art criticism, theoretical texts, interviews, catalog statements, notecards, and his groundbreaking “magazine interventions”―many reproduced in facsimile. Bochner is a leading figure in conceptualism; his 1966 installation at the School of Visual Arts Gallery Working Drawings and Other Visible Things on Paper Not Necessarily Meant to Be Viewed as Art is considered to be the earliest exhibition of conceptual art. Solar System & Rest Rooms chronologically documents the work and ideas of this important artist over a span of forty years, as well as providing a unique perspective on the conceptual and post-minimal art scene in New York. This book offers a rare insight into what it means to be an artist whose visual practice is inseparable from the sustained practice of writing. Mel Bochner has lived and worked in New York City since 1964. His work has been exhibited internationally and is included in major museum collections throughout the world.",NULL,NULL,Art,NULL,NULL,NULL,NULL,Clipper,NULL,NULL
138,Bochner,Mel,Mel Bochner,Amazing! Mel Bochner prints : from the collections of Jordan D. Schnitzer and his family foundation,JDSF (Jordan Schnitzer Family Foundation),2018,30.5,25.4,2.2,Hardcover,256,NULL,9781732321205,Carolyn Vaughan (Editor),"Sienna Brown (Author), Ruth Fine (Author), Barry Schwabsky (Author), Jan Howard (Author), Mel Bochner (Artist), Jordan Schnitzer (Foreword)",false,NULL,"For more than 50 years, American conceptualist Mel Bochner (born 1940) has been shaping dialogs between art and language through exhibition concepts, paintings and sculptures that embrace systems and structures to reveal their cracks and limitations, undermining the means we use to comprehend the world. Bochner created his first prints in 1973 at the invitation of publisher Robert Feldman of Parasol Press (who introduced a generation of minimalist and conceptual artists to printmaking through his work at Crown Point Press). Since then, Bochner has employed many different forms of printmaking, using and abusing its material possibilities and its unpredictability to counter the methodical fashion in which plates and stencils are cut, characters per line are fixed, or print runs set. This volume surveys Bochner's longstanding engagement with various types of printmaking, from aquatints to monoprints.",NULL,NULL,NULL,NULL,Individual Artist Monographs,NULL,NULL,Clipper,NULL,NULL
139,Bochner,Mel,Mel Bochner,Language 1966-2006,The Art Institute of Chicago,2007,25.4,25.4,2.5,Hardcover,148,NULL,9780300121445,NULL,NULL,false,NULL,NULL,NULL,NULL,NULL,NULL,Individual Artist Monographs,NULL,NULL,Clipper,NULL,NULL
140,Bochner,Mel,Mel Bochner,Mel Bochner,Domaine De Kerguehennec,2009,24.1,17.8,2.5,Hardcover,176,NULL,9782906574151,NULL,NULL,false,NULL,"New York-based Conceptual art pioneer Mel Bochner writes in this monograph, ""What I try to do is stay open to the work as it develops, not impose myself on it, but permit it to take me somewhere. If I had a model, I suppose it would be those ancient Chinese artists who changed their name three times during their lifetime, in order not to become the prisoner of a style."" The book introduces new riffs--produced for an exhibition at Domaine de Kerguéhennec, in Brittany, France--on several well-known bodies of work, including Bochner's recent ongoing series The Thesaurus Paintings, in which a group of often humorous synonyms (lazy, lethargic, crazy, vulgar and irascible, for instance) are painted in brightly colored block letters, and the Measurement Pieces (conceived in the 1960s), in which the walls are highlighted with numbered arrows indicating their",NULL,NULL,NULL,NULL,Individual Artist Monographs,NULL,NULL,Clipper,NULL,NULL
141,Bogars,Paul,Paul Bogars,Sterosophic Conjunctions,Timmer Art Books/Lecturis,2016,27.2,21.3,0.7,Softcover,48,"ills, bw,",9789462261860,NULL,NULL,false,NULL,"Visual artist Paul Bogaers likes to describe his work as 'thought photography'. Making use of a medium that particularly excels in showing the world as it actually looks, Bogaers has been searching for years for ways of using photos to express an inner world. He combines his rather intuitively collected photographs from different sources with his own photographs, usually taken without any preconceived idea. Thus he creates surprising, marvellous, or sometimes even impossible combinations.",NULL,https://lecturis.nl,Art,NULL,NULL,NULL,NULL,Clipper,NULL,NULL
142,Bogram,Martin,Martin Bogram,Italia Photographs from Italy 2013 - 2015,Max Ström,2017,29.7,23.0,1.0,Hardcover,80,NULL,9789171263865,NULL,NULL,false,NULL,"Swedish photographer Martin Bogren (born 1967) spent the years 2013–15 in Italy creating this gorgeous and lyrical black-and-white photo-essay, his tribute to the country and the people he met on his travels. Bogren’s luscious images of everyday street scenes, anonymous passersby, languid smokers, extroverted pedestrians and remote silhouettes are suffused with an affectionate, soft-focus gaze, making them seem like long-lost, unattributed archival photographs from a vanished era. Beautifully designed, Italia is destined to become a photobook classic. Bogren’s work became widely known in the mid-2000s with his book Ocean, which was shortlisted for Best Photobook in Arles 2009 and received the honorable prize for the Best Photobook in Sweden the same year. Other critically acclaimed titles by Bogren include Lowlands, published by Max Strom in 2011, and Tractor Boys, published by Dewi Lewis in 2013.",NULL,NULL,Individual Photographer Monographs,NULL,NULL,NULL,NULL,"Hudson Street Library, NYC",NULL,NULL
143,Boivin,Thomas,Thomas Boivin,a short story,Self published,2018,22.0,31.0,NULL,Softcover,108,"sur papier munken white,. First?",,NULL,NULL,false,NULL,"A short story. A love story. A dialogue. Love on the left bank meets Before sunrise. Playful, delightful, sad and heartfelt. Wonderful text and wonderful images work so wonderfully well in the cinematic lay-out. Stefan Vanthuyne",http://www.thomasboivin.com/A-Short-Story,NULL,Individual Photographer Monographs,"love, french, bw",NULL,NULL,NULL,"Hudson Street Library, NYC",NULL,NULL
144,Bolton,Andrew,Andrew Bolton,Punk: Chaos to Couture,Metropolitan Museum of Art,2013,31.8,31.8,3.2,Hardcover,NULL,1st edition,9780300191851,NULL,NULL,false,NULL,NULL,NULL,NULL,NULL,NULL,NULL,NULL,NULL,NULL,NULL,NULL
146,Bonnin,Sebastien,Sebastien Bonnin,20.000 Leghe Sotto I Mari,Theophile's Papers,2014,30.0,20.3,NULL,Softcover,88,Edition of 500 copies,,NULL,NULL,false,NULL,"Sébastien Bonin's recent work belongs to this movement. Although in the past he has turned his camera to the great landscapes of the American West or to the trivial details of his urban environment, since 2013 the artist has been experimenting since with the photogram technique – considered to be the forerunner of photography – to produce non-figurative photos.",NULL,NULL,NULL,NULL,NULL,NULL,NULL,NULL,"October 29, 2025",/assets/images/books/Bonnin_20_000_Leghe_Sotto_I_Mari.jpg
147,Boone,Will,Will Boone,Pope.L,Andrea Rosen Gallery,2016,NULL,NULL,NULL,Softcover,68,English,,NULL,NULL,false,NULL,NULL,NULL,NULL,NULL,NULL,NULL,NULL,NULL,NULL,NULL,NULL
148,Boone,Will,Will Boone,CAR,Karma,2016,26.7,21.6,NULL,NULL,NULL,700,,NULL,Story by Harry Crews,false,NULL,NULL,NULL,https://karmakarma.org/,NULL,NULL,NULL,NULL,NULL,NULL,NULL,NULL
149,Boone,Will,Will Boone,Prison Rodeo,Karma,2014,NULL,NULL,NULL,Softcover,48,750,9781938560873,NULL,NULL,false,Karma,NULL,NULL,https://karmakarma.org,NULL,NULL,NULL,NULL,NULL,NULL,NULL,NULL
150,Boone,Will,Will Boone,Elvis Presley driving cover,Karma,2014,NULL,NULL,NULL,Softcover,16,"500, English",,NULL,NULL,false,NULL,NULL,NULL,https://karmakarma.org,NULL,NULL,NULL,NULL,NULL,NULL,NULL,NULL
151,Boone,Will,Will Boone,Symbols Zine,NULL,2014,NULL,NULL,NULL,NULL,NULL,NULL,,NULL,NULL,false,NULL,NULL,NULL,NULL,NULL,NULL,NULL,NULL,NULL,NULL,NULL,NULL
152,Borremans,Michaël,Michaël Borremans,Paintings,Hatje Cantz,NULL,NULL,NULL,NULL,NULL,NULL,NULL,,NULL,NULL,false,NULL,NULL,NULL,https://www.hatjecantz.de/,NULL,NULL,NULL,NULL,NULL,NULL,NULL,NULL
153,Borremans,Michaël,Michaël Borremans,The Badgers Song,NULL,NULL,NULL,NULL,NULL,NULL,NULL,NULL,,NULL,NULL,false,NULL,NULL,NULL,NULL,NULL,NULL,NULL,NULL,NULL,NULL,NULL,NULL
154,Borremans,Michaël,Michaël Borremans,Black Mould,David Zwirner Books,2015,23.5,16.5,0.5,Hardcover,48,Reproductions: 35 color,9781941701164,NULL,NULL,true,NULL,"Michaël Borremans: Black Mould documents the artist’s first exhibition at David Zwirner, London in 2015 and his first solo presentation in the city in ten years. This intimately scaled catalogue, which has been designed by the artist in collaboration with Kim Beirnaert, includes 32 small- and large-scale paintings from his new series, most of which feature anonymous, black-robed characters. Alone or in groups, they perform mysterious acts within monochromatic spaces reminiscent of an artist’s barren studio. Seemingly behaving according to a symbolic language of their own, they pose alone or interact in communal dances, with some figures holding torches and others exposed naked from the waist down. Their facelessness opens up ambiguous narrative possibilities, as if they were empty canvases with which to construct meaning. Like archetypes capable of embodying shifting meanings, the blank figures become a mold for the human condition, at once satirical, tragic, humorous and above all, contradictory",NULL,https://www.davidzwirnerbooks.com/,NULL,NULL,NULL,NULL,NULL,NULL,NULL,NULL
155,Borruso,Matt,Matt Borruso,Wax House Of Wax,NULL,NULL,NULL,NULL,NULL,NULL,NULL,NULL,,NULL,NULL,false,NULL,NULL,NULL,NULL,NULL,NULL,NULL,NULL,NULL,NULL,NULL,NULL
156,Borruso,Caiti,Caiti Borruso,Untitled Lover Pictures,NULL,NULL,NULL,NULL,NULL,NULL,NULL,NULL,,NULL,NULL,false,NULL,NULL,NULL,NULL,NULL,NULL,NULL,NULL,NULL,NULL,NULL,NULL
157,Bougatsos,Lizzi,Lizzi Bougatsos,Her Perfume Tears,Boo-Hooray w/ Exile Books,2014,NULL,NULL,NULL,NULL,NULL,NULL,,NULL,NULL,true,NULL,NULL,NULL,NULL,NULL,NULL,NULL,NULL,NULL,NULL,NULL,NULL
158,Bourdin,Guy,Guy Bourdin,Polaroids,Xavier Barral,2009,NULL,NULL,NULL,NULL,NULL,NULL,9782915173567,NULL,NULL,false,NULL,NULL,NULL,NULL,NULL,polaroids,NULL,NULL,NULL,NULL,NULL,NULL
159,Bourgeois,Lousie,Lousie Bourgeois,Intimate Geometries: The Art and Life of Louise Bourgeois,The Monacelli Press,2016,39.1,30.2,7.1,Hardcover,828,NULL,9781580933636,Robert Storr,NULL,false,NULL,NULL,NULL,NULL,NULL,NULL,NULL,NULL,NULL,NULL,NULL,NULL
160,Bourgeouis,Louise,Louise Bourgeouis,An Unfolding Portrait,MOMA,2017,NULL,NULL,NULL,Hardcover,NULL,NULL,,NULL,NULL,false,NULL,NULL,NULL,NULL,NULL,NULL,NULL,NULL,NULL,NULL,NULL,NULL
161,Bourgeouis,Louise,Louise Bourgeouis,The Spider and the Tapestries,NULL,NULL,NULL,NULL,NULL,NULL,NULL,NULL,,NULL,NULL,false,NULL,NULL,NULL,NULL,NULL,NULL,NULL,NULL,NULL,NULL,NULL,NULL
162,Bownik,NULL,Bownik,Disassembly,U,NULL,NULL,NULL,NULL,NULL,NULL,NULL,,NULL,NULL,false,NULL,NULL,NULL,NULL,NULL,NULL,NULL,NULL,NULL,NULL,NULL,NULL
163,Bradley,Joe,Joe Bradley,The SS Potlicker And Friends,Karma,2014,NULL,NULL,NULL,NULL,NULL,NULL,,NULL,NULL,NULL,false,NULL,NULL,NULL,https://karmakarma.org/,NULL,NULL,NULL,NULL,NULL,NULL,NULL
164,Bradley,ANDRE,ANDRE Bradley,Dark Archives 1-41,NULL,NULL,NULL,NULL,NULL,NULL,NULL,NULL,,NULL,NULL,false,NULL,NULL,NULL,NULL,NULL,NULL,NULL,NULL,NULL,NULL,NULL,NULL
165,Bramly,Sophie,Sophie Bramly,Walk This Way,NULL,NULL,NULL,NULL,NULL,NULL,NULL,NULL,,NULL,NULL,false,NULL,NULL,NULL,NULL,NULL,NULL,NULL,NULL,NULL,NULL,NULL,NULL
166,Brancusi,NULL,Brancusi,"Brancusi, film et photographie, images sans fin",Le Point du Jou,NULL,NULL,NULL,NULL,NULL,NULL,NULL,,NULL,NULL,false,NULL,NULL,NULL,NULL,NULL,NULL,NULL,NULL,NULL,NULL,NULL,NULL
167,Brandon,David,David Brandon,Amusement Park,NULL,NULL,NULL,NULL,NULL,NULL,NULL,NULL,,NULL,NULL,false,NULL,NULL,NULL,NULL,NULL,NULL,NULL,NULL,NULL,NULL,NULL,NULL
168,Brant,Bill,Bill Brant,NULL,NULL,NULL,NULL,NULL,NULL,NULL,NULL,NULL,,NULL,NULL,false,NULL,NULL,NULL,NULL,NULL,NULL,NULL,NULL,NULL,NULL,NULL,NULL
169,Brant,Bill,Bill Brant,Bill Brandt: Shadow & Light,The Museum of Modern Art,2013,NULL,NULL,NULL,NULL,208,NULL,,NULL,NULL,false,NULL,NULL,NULL,NULL,NULL,Photography / Individual Photographers / Monographs,NULL,NULL,NULL,NULL,NULL,NULL
170,Brassai,NA,NA Brassai,Paris Nocturne,NULL,NULL,NULL,NULL,NULL,NULL,NULL,NULL,,NULL,NULL,false,NULL,NULL,NULL,NULL,NULL,NULL,NULL,NULL,NULL,NULL,NULL,NULL
171,Brenner,Fredirc,Fredirc Brenner,an Archeology of Fear and Desire,MACK,NULL,NULL,NULL,NULL,NULL,NULL,NULL,,NULL,NULL,false,NULL,NULL,NULL,https://mackbooks.co.uk,NULL,NULL,NULL,NULL,NULL,NULL,NULL,NULL
172,Briner,Hauser,Hauser Briner,Series 1:1,Sun,2014,NULL,NULL,NULL,NULL,NULL,"Ed. 32/100. 2 copies. 1 blue, 1 yellow",9780984978182,NULL,NULL,false,NULL,NULL,NULL,NULL,NULL,NULL,NULL,NULL,NULL,NULL,NULL,NULL
173,Brinkerhoff,Jason,Jason Brinkerhoff,Dear Martin,NULL,NULL,NULL,NULL,NULL,NULL,NULL,NULL,,NULL,NULL,false,NULL,NULL,NULL,NULL,NULL,NULL,NULL,NULL,NULL,NULL,NULL,NULL
174,Broadbent,Robin,Robin Broadbent,Bowery,NULL,NULL,NULL,NULL,NULL,NULL,NULL,NULL,,NULL,NULL,false,NULL,NULL,NULL,NULL,NULL,NULL,NULL,NULL,NULL,NULL,NULL,NULL
175,Broadbent,Robin,Robin Broadbent,The Photographic Work of Robin Broadbent by Robin Broadbent,Damiani,2017,27.9,21.6,NULL,Hardbound with flaps,184,Out of print,9788862085304,NULL,NULL,false,NULL,"Robin Broadbent is a master photographer, sought out for his exquisite still life photographs. An acute knack for identifying and capturing the glancing pro le of an object is part of the character of his work, which abstracts the essence from contemporary brand and fashion advertising and then combines it with the universal photographic language of the 20th century avant-garde. The starting point for Broadbent is lighting, his end-point the printed image. He works with light to give atness or depth to his images—he can make a building seem weightless or a small crater of powder epic in scale. Being able to play with our perceptions in this way recalls the early days of Surrealism and highlights the playfulness of his work. Broadbent uses a complex and nuanced language of color and scale, guile and humour, to play with our preconceptions of fashion and abstraction. The book reads like a magazine, and there is an undercurrent that emerges suggesting these images have a meaning more than the sum of their content. This undercurrent represents the essence of the fashion world now.",NULL,https://www.damianieditore.com/,Individual Photographer Monographs,fashion,NULL,NULL,NULL,NULL,NULL,NULL
176,Broadbent,Robin,Robin Broadbent,The Photographic Work of Robin Broadbent,NULL,NULL,NULL,NULL,NULL,NULL,NULL,NULL,,NULL,NULL,false,NULL,NULL,NULL,NULL,NULL,NULL,NULL,NULL,NULL,NULL,NULL,NULL
177,Brohm,Joachim,Joachim Brohm,Typology 1979,MACK,2014,26.0,24.0,1.0,Hardbound,NULL,"embossed, 35 plates. Out of print",9781907946646,NULL,"Ulf Erdmann (Contributor) Brohm, Joachim (Photographer) & Ziegler (Author)",true,NULL,"Joachim Brohm Typology 1979 No two of the little houses are the same… carefully proportioned furnishings here are wildly contradicted with slapdash decorations over there. Everyone has thought about their buildings, brought materials, laid walls, used power drills, insulated, glued things, extended the previous tenant’s shed, retro-fitted a bigger window, added a television antenna. They are strange hybrid buildings, between tool sheds and dachas, gingerbread houses and orangeries. Ulf Erdmann Ziegler Joachim Brohm rose to prominence in the early 1980s, one of the first photographers in Europe to take pictures exclusively in colour, connecting the everyday cultural landscape with the new possibilities of colour photography. This collection titled Typology 1979 is one of his very earliest series, depicting 35 allotment sheds from the Ruhr valley region of Germany, painterly images that are an everyday inventory – of garden structures, of human activity. Influenced by the great American photographers such as William Eggleston and Robert Adams, he also looked to his German contemporaries, Bernd and Hilla Becher, whose ‘typologies’ are heralded in the collection’s title. Joachim Brohm was born 1955 in Dülken, Germany. He lives and works in Leipzig and since 1993 he has been Professor of Photography at Leipzig Hochschule fur Grafik und Buchkunst/Academy of Visual Arts.",NULL,https://mackbooks.co.uk,Individual Photographer Monographs,NULL,NULL,NULL,NULL,"Hudson Street Library, NYC",NULL,NULL
178,Broomberg,Adam,Adam Broomberg,Spirit is a Bone,MACK,2015,21.0,16.5,3.0,Hardcover,240,NULL,9781910164181,NULL,"Adam Broomberg (Author), Oliver Chanarin (Author)",false,NULL,"series of portraits, which includes Pussy Riot member Yekaterina Samutsevic and many other Moscow citizens, were created by a machine: a facial recognition system recently developed in Moscow for public security and border control surveillance. The result is more akin to a digital life mask than a photograph; a three-dimensional facsimile of the face that can be easily rotated and closely scrutinised. - What is significant about this camera is that it is designed to make portraits without the co-operation of the subject; four lenses operating in tandem to generate a full frontal image of the face, ostensibly looking directly into the camera, even if the subject himself is unaware of being photographed. - The system was designed for facial recognition purposes in crowded areas such as subway stations, railroad stations, stadiums, concert halls or other public areas but also for photographing people who would normally resist being photographed. Indeed any subject encountering this type of camera is rendered passive, because no matter which direction he or she looks, the face is always rendered looking forward and stripped bare of shadows, make-up, disguises or even poise. - Co-opting this device, Broomberg & Chanarin have constructed their own taxonomy of portraits in contemporary Russia that rely heavily on the oeuvre of two 20th Century German artists. August Sander produced over 300 portraits of archetypal German workers during the Weimar Republic – from the baker to the philosopher to the revolutionary. His project, to create a comprehensive archive of society, was conceptually and formally rigorous. His subjects are positioned centre frame. Always looking into camera. Always heroic in relation to the lens. But the result, retrospectively viewed through the lens of the 2nd World War becomes unexpectedly melancholic, even sinister. - ander's contemporary, Helmar Lerski, also categorised his subjects according to profession. Lerski however rejected the singular, heroic, full body portrait. Instead he insisted on repetitive close-ups that convey a powerful sense of claustrophobia; and always multiple views of the same faces shown from different viewpoints. Unlike Sander's humanistic approach, Lerski insisted that you could tell nothing from the surface of the skin. -Echoing both Sander's and Lerski's projects, Broomberg & Chanarin have made a series of portraits cast according to professions. But their portraits are produced with this new technology, with little if any human interaction. They are low resolution and fragmented. The success of these images are determined by how precisely this machine can identify its subject: the characteristics of the nose, the eyes, the chin, and how these three intersect. Nevertheless they cannot help being portraits of individuals, struggling and often failing to negotiate a civil contract with state power.",http://www.broombergchanarin.com/,https://mackbooks.co.uk,Individual Photographer Monographs,Surveillance Index,NULL,NULL,NULL,"Hudson Street Library, NYC",NULL,NULL
179,Broomberg,Adam,Adam Broomberg,Holy Bible,MACK,NULL,21.7,16.2,4.0,Hardcover,786,check edition info. Out of print,9781907946417,NULL,NULL,false,NULL,"For their version of the Holy Bible, Adam Broomberg and Oliver Chanarin mined the Archive of Modern Conflict with philosopher Adi Ophir’s central tenet in mind: that God reveals himself predominantly through catastrophe. The format of Broomberg and Chanarin’s illustrated Holy Bible mimics both the precise structure and the physical form of the King James version. By allowing elements of the original text to guide their image selection, the artists explore themes of authorship, and the unspoken criteria used to determine acceptable evidence of conflict. Inspired in part by the annotations and images Bertolt Brecht added to his own personal bible, Broomberg and Chanarin’s publication questions the clichés at play within the visual representation of conflict.",http://www.broombergchanarin.com/,https://mackbooks.co.uk,Individual Photographer Monographs,NULL,NULL,NULL,NULL,"Hudson Street Library, NYC",NULL,NULL
180,Broomberg,Adam,Adam Broomberg,Scarti,Trolley Books,2013,24.8,21.0,0.6,Hardcover,64,NULL,9781907112461,NULL,NULL,false,NULL,NULL,http://www.broombergchanarin.com/,https://trolleybooks.com,Individual Photographer Monographs,NULL,NULL,NULL,NULL,"Hudson Street Library, NYC",NULL,NULL
181,Broomberg; Oliver Chanarin,Adam,Adam Broomberg; Oliver Chanarin,People in Trouble Laughing Pushed to the Ground Songbook,Mack,2011,23.5,21.0,3.0,Hardcover,416,First Edition,9781907946042,NULL,NULL,false,NULL,"Photographers Adam Broomberg and Oliver Chanarin dove into the Belfast Exposed photography archive and created a photobook called ""People in Trouble, Laughing, Pushed to the Ground"" published by Mack. The archive was founded in 1983 and contains over half a million images, from which over 14,000 black-and-white contact sheets documenting the Troubles in Northern Ireland. These photos were taken by professional and amateur photographers and were censored by the governement. As a reponse to that, Belfast Exposed started to collect all these images, not only showing protest and terror but also people drinking, kissing and smoking.",http://www.broombergchanarin.com/,https://mackbooks.co.uk,Individual Photographer Monographs,NULL,NULL,NULL,SI,"Hudson Street Library, NYC",NULL,NULL
182,Brown,Polly,Polly Brown,Plants,Pau Pau Publications,NULL,NULL,NULL,NULL,NULL,NULL,NULL,,NULL,NULL,false,NULL,NULL,NULL,NULL,NULL,NULL,NULL,NULL,NULL,NULL,NULL,NULL
183,Brown,Cecily,Cecily Brown,Cecily Brown,Gagosian; Rizzoli,2012,28.7,28.6,3.2,Hardcover,264,Out of print,9780847830923,Dore Ashton (Author),"Lari Pittman (Contributor), Gagosian Gallery (Contributor)",false,NULL,"Presenting a world that pulses with excesses and appetites, Cecily Brown explores the breadth of human experience in her tactile oil paintings. Broadly inspired by the history of painting—from Rubens and Veronese to the muscular expressionism of Willem de Kooning—Cecily Brown's personal vision transcends classical notions of genre and narrative, freeing her subject matter from its original context and positioning it within a new aesthetic reality. Submerged within her vigorous gestural abstractions are scenes in which tangles of flesh dissolve into sensuous textures. Eschewing fixed meaning, Brown's paintings reflect the flux of life through fragmentary glimpses of form. This volume is published on the occasion of an exhibition of new paintings by the artist held in November 2011 at the Gagosian Gallery in Rome.",http://cecilybrown.com/,https://gagosian.com/,Art,NULL,NULL,NULL,NULL,Clipper,NULL,NULL
184,Brown,Cecily,Cecily Brown,Cecily Brown: Rehearsal,The Drawing Center,2016,NULL,NULL,NULL,Paperback,143,NULL,9780942324990,Claire Gilman,David Salle,false,NULL,"Where Cecily Brown’s canvases revel in the visceral immediacy of paint, her drawings offer fragmentary motifs that build upon and undo each other. In conjunction with Cecily Brown: Rehearsal, the first exhibition dedicated to her drawings, Drawing Papers 128 features color illustrations of each work in the exhibition, including more than eighty small drawings, large-scale works, and sketchbooks. Arranged by theme, the volume guides readers through Brown’s repeated—and rehearsed—motifs.",http://cecilybrown.com/,https://drawingcenter.org,NULL,NULL,"Collections, Catalogs & Exhibitions",NULL,NULL,Clipper,NULL,NULL
185,Brown,Cecily,Cecily Brown,Cecily Brown & Jim Lewis: The English Garden,KARMA,2015,17.1,15.9,NULL,Hardcover,72,Out of Print,9781942607038,"Lewis, Jim",NULL,false,NULL,"Like nature, only better. Nature with all the awkward bits smoothed out. And then picturesque, like a landscape painting,"" states Jim Lewis' protagonist, defining an English garden in Cecily Brown's newest book of paintings. An imaginative pas de deux, The English Garden sees British painter Brown (born 1969) and American writer Lewis (born 1963) contribute acutely detailed and darkly sensuous allusions to the traditional 18th-century English landscape garden. Thirty-nine of Brown's paintings are interspersed throughout this compact hardcover publication as tipped-in images. The largely abstract works, with glimpses of figurative elements, are a dichotomy of warm and subdued strokes of color, each containing an expansive landscape unto itself. Novelist and critic Jim Lewis' story transports the reader to the English countryside and investigates the seductive pull of the natural world in tandem with Brown's paintings. Combining two major voices in contemporary literature and painting, this volume is a truly",http://cecilybrown.com/,https://karmakarma.org,Art,NULL,NULL,NULL,NULL,Clipper,NULL,NULL
187,Brown,Cecily,Cecily Brown,The English Garden,Jim Lewis,NULL,NULL,NULL,NULL,NULL,NULL,NULL,,NULL,NULL,false,NULL,NULL,NULL,NULL,NULL,NULL,NULL,NULL,NULL,NULL,NULL,NULL
188,Bruce of Los Angeles,NULL,Bruce of Los Angeles,Rodeo,NULL,NULL,NULL,NULL,NULL,NULL,NULL,NULL,,NULL,NULL,false,NULL,NULL,NULL,NULL,NULL,NULL,NULL,NULL,NULL,NULL,NULL,NULL
189,Bruce of Los Angeles,Daniel,Daniel Bruce of Los Angeles,Rodeo,NULL,NULL,NULL,NULL,NULL,NULL,NULL,NULL,,NULL,NULL,false,NULL,NULL,NULL,NULL,NULL,NULL,NULL,NULL,NULL,NULL,NULL,NULL
190,Burchfield,Charles,Charles Burchfield,NULL,NULL,NULL,NULL,NULL,NULL,NULL,NULL,NULL,,NULL,NULL,false,NULL,NULL,NULL,NULL,NULL,NULL,NULL,NULL,NULL,NULL,NULL,NULL
191,Burckhardt,Rudy,Rudy Burckhardt,NULL,NULL,NULL,NULL,NULL,NULL,NULL,NULL,NULL,,NULL,NULL,false,NULL,NULL,NULL,NULL,NULL,NULL,NULL,NULL,NULL,NULL,NULL,NULL
192,Burckhardt,Rudy,Rudy Burckhardt,An Exhibition Catalog,NULL,NULL,NULL,NULL,NULL,NULL,"Exhibition catalog Ivam Centre , Sept '98",9788448218522,,NULL,false,NULL,NULL,NULL,NULL,NULL,NULL,NULL,NULL,NULL,NULL,NULL,NULL,NULL
193,Burnett,Katie,Katie Burnett,Cabin Fevr,APE (Art Paper Editions),2021,17.0,22.0,NULL,Softcover,50,"500, Japanese binding, ills colour, poster dustjacket",9789493146648,NULL,NULL,false,NULL,"Cabin Fever is the first publication of New-York based artist Katie Burnett, and was developed in a very playful and intuitive way. Burnett investigated the possibilities of her own environment and self. Cabin Fever is a 80-page photographic display of self-portraiture, but not the usual kind. Within the title, Burnett messes with contrast and composition to vast extremes, meaning that sometimes her imagery becomes unrecognisable. Other times, one can plainly see that her two cats are in the picture, or that she used rubber bands, ramen noodles, sprinklers and everyday household items to merge into her abstract vision. Moving and making go hand in hand in Burnetts way of working, and she shows the viewer how the medium of photography can be pure joy.",NULL,https://artpapereditions.org/,Individual Photographer Monographs,NULL,NULL,NULL,NULL,"Hudson Street Library, NYC",NULL,NULL
194,Bush,Carder,Carder Bush,Cathy John,NULL,1986,NULL,NULL,NULL,Hardcover,NULL,"1st, Signed. First edition, one of 500 copies printed. 8vo; unpaged; illustrated from photographs of Kate Bush by the author. Rare",,NULL,NULL,false,NULL,NULL,http://www.amazon.com/Cathy-John-Carder-Bush/dp/075155989X/ref=sr_1_1?s=books&ie=UTF8&qid=1463921782&sr=1-1&keywords=Cathy++kate+bush,NULL,NULL,NULL,NULL,NULL,NULL,NULL,NULL,NULL
195,Bush,Lewis,Lewis Bush,Metropole,NULL,2015,NULL,NULL,NULL,NULL,NULL,NULL,,NULL,NULL,false,NULL,NULL,NULL,NULL,NULL,NULL,NULL,NULL,NULL,NULL,NULL,NULL
196,C,NULL,NULL,C,NULL,NULL,NULL,NULL,NULL,NULL,NULL,NULL,,NULL,NULL,false,NULL,NULL,NULL,NULL,NULL,NULL,NULL,NULL,NULL,NULL,NULL,NULL
197,Caballero,Antonio,Antonio Caballero,Las Rutas de la Pasión (The Routes of Passion / Les Routes de la Passion),TOLUCA,2005,26.5,19.5,2.3,Hardcover,NULL,NULL,9782952244220,NULL,NULL,false,NULL,NULL,NULL,NULL,NULL,NULL,NULL,NULL,NULL,NULL,NULL,NULL
198,Caballero,Antonio,Antonio Caballero,Routes de la passion,Galería López Quiroga,2005,NULL,NULL,NULL,NULL,215,Illistrated,,NULL,NULL,false,NULL,NULL,NULL,NULL,NULL,General,NULL,NULL,NULL,NULL,NULL,NULL
199,Cabrall,Mary Lynn,Mary Lynn Cabrall,Nudie:The Rodeo Tailor,Gibbs Smith,2004,NULL,NULL,NULL,NULL,160,NULL,9781586853815,NULL,NULL,false,NULL,NULL,NULL,NULL,NULL,NULL,NULL,NULL,NULL,NULL,NULL,NULL
200,Cairns,Mitch,Mitch Cairns,The Readers Voice,Gang Atelier,2016,30.0,21.0,NULL,Paperback,NULL,500,,NULL,NULL,false,NULL,"Somewhere between cartoons, writing, and concrete poetry, these collages by Mitch Cairns are inspired by all these forms, and by music. As with his painting, he imposes limits that paradoxically allow freer expression; for example using French, a language he doesn’t speak, or letters to make images. Cairns plays with thoughts, ideas and memories with great economy and wit, using the now-defunct Letraset, and Zazzle stickers of images from a personal archive. - Heide Museum of Modern Art",NULL,NULL,NULL,NULL,NULL,NULL,NULL,Clipper,NULL,NULL
201,Cairns,Antony,Antony Cairns,LDN E1,Self published,2015,NULL,NULL,NULL,NULL,NULL,NULL,,NULL,NULL,false,NULL,NULL,NULL,NULL,NULL,NULL,NULL,NULL,NULL,NULL,NULL,NULL
202,Calder,NULL,Calder,Calder by Matter,Cahiers D'Art,NULL,NULL,NULL,NULL,NULL,NULL,NULL,,NULL,NULL,false,NULL,NULL,NULL,https://www.cahiersdart.com/,NULL,NULL,NULL,NULL,NULL,NULL,NULL,NULL
203,Calderon,Miguel,Miguel Calderon,El Triángulo Perfecto,NULL,NULL,NULL,NULL,NULL,NULL,NULL,NULL,,NULL,NULL,false,NULL,NULL,NULL,NULL,NULL,NULL,NULL,NULL,NULL,NULL,NULL,NULL
204,Calle,Sophie,Sophie Calle,Take Care of Yourself,Dis Voir/Actes Sud,2007,30.3,21.5,3.7,Hardcover,424,Nov Har/Dv edition (,9782742768936,NULL,NULL,false,NULL,NULL,NULL,NULL,NULL,NULL,NULL,NULL,NULL,NULL,NULL,NULL
205,Calle,Sophie,Sophie Calle,Blind,Actes Sud,2012,NULL,NULL,NULL,NULL,NULL,Braille edition,,NULL,NULL,false,NULL,NULL,NULL,NULL,NULL,NULL,NULL,NULL,NULL,NULL,NULL,NULL
206,Calle,Sophie,Sophie Calle,"Rachel, Monique..",Editions Xavier Barral,2017,NULL,NULL,NULL,NULL,NULL,Bilingual edition,,NULL,NULL,false,NULL,NULL,NULL,NULL,NULL,NULL,NULL,NULL,NULL,NULL,NULL,NULL
207,Calle,Sophie,Sophie Calle,Ghosts,Actes Sud,2013,NULL,NULL,NULL,NULL,NULL,NULL,,NULL,NULL,NULL,false,NULL,NULL,NULL,NULL,NULL,NULL,NULL,NULL,NULL,NULL,NULL
208,Calle,Sophie,Sophie Calle,Hasselblad Awards 2010,Steidl,2010,NULL,NULL,NULL,NULL,NULL,NULL,,NULL,NULL,false,NULL,NULL,NULL,https://steidl.de/,NULL,NULL,NULL,NULL,NULL,NULL,NULL,NULL
209,Calle,Sophie,Sophie Calle,True Stories,Actes Sud,NULL,19.9,11.0,1.8,NULL,NULL,NULL,,NULL,NULL,false,NULL,NULL,NULL,NULL,NULL,NULL,NULL,NULL,NULL,NULL,NULL,NULL
210,Calle,Sophie,Sophie Calle,The Address Book,Siglo,2012,19.1,13.3,1.3,NULL,NULL,NULL,9780979956294,NULL,NULL,false,NULL,NULL,NULL,NULL,NULL,NULL,NULL,NULL,NULL,NULL,NULL,NULL
211,Calle,Sophie,Sophie Calle,Voir la mer,Actes Sud,2014,NULL,NULL,NULL,NULL,NULL,Braille edition,,NULL,NULL,false,NULL,NULL,NULL,NULL,NULL,NULL,NULL,NULL,NULL,NULL,NULL,NULL
212,Campany,David,David Campany,Gasoline,MACK,2008,NULL,NULL,NULL,NULL,NULL,First Edition,,NULL,NULL,false,NULL,NULL,NULL,https://mackbooks.co.uk,NULL,NULL,NULL,NULL,NULL,NULL,NULL,NULL
213,Campell,Scott,Scott Campell,"If You Don’t Belong, Don’t Be Long,",OHWOW,NULL,NULL,NULL,NULL,NULL,NULL,NULL,,NULL,NULL,false,NULL,NULL,NULL,NULL,NULL,NULL,NULL,NULL,NULL,NULL,NULL,NULL
214,Carland,Tammy Rae,Tammy Rae Carland,Some of Us Did Not Die,Tammy Rae Carland & Land and Sea,2015,NULL,NULL,NULL,NULL,280,First Pressing of 100,,NULL,NULL,false,NULL,NULL,NULL,NULL,NULL,NULL,NULL,NULL,NULL,NULL,NULL,NULL
215,Carlsen,Asger,Asger Carlsen,3 Projects,CLASSIC Paris,2016,27.0,20.0,NULL,Softcover,32,First edition of 300 copies,9782953699760,NULL,NULL,false,NULL,"Co-published by Galerie Olivier Robert and CLASSIC Paris. Softcover with silicon band, staple bound. Features 32 pages of black-and-white offset printed photography showcasing three distinct photographic projects by Asger Carlsen.",https://www.asgercarlsen.com/,NULL,NULL,NULL,NULL,NULL,NULL,"Hudson Street Library, NYC",NULL,/assets/images/books/Carlsen_3_Projects_9782953699760.jpeg
216,Carpani,Federico,Federico Carpani,MAA (signed),NULL,NULL,NULL,NULL,NULL,NULL,NULL,NULL,,NULL,NULL,false,NULL,NULL,NULL,NULL,NULL,NULL,NULL,NULL,NULL,NULL,NULL,NULL
217,Carroll,Mary Ellen,Mary Ellen Carroll,"MEC,","Steidl, MACK",2010,NULL,NULL,NULL,Softcover,360,"1st Edition, Out of Print",9783865216182,NULL,NULL,false,NULL,"Despite an oeuvre spanning more than 20 years and a disavowal of any signature style, Mary Ellen Carroll has throughout her career been investigating a single, fundamental question: What is a work of art? The resulting multifarious, provocative and often wry outpouring in architecture, writing, performance, photography, filmmaking, printmaking, sculpture and painting has been collected into this book--the New York conceptual artist's long-awaited first monograph. Carroll's work interrogates the relationship between subjectivity, language and power; at its core is a dedication to political and social critique. The touchstones of her practice are the double, the imitation and the copy, and these motifs are applied to a range of ends--from conjuring the unheimlich to probing the means of distribution and interpretation of the work of art. A Carroll piece may involve something as seemingly effortless as trademarking an idea by another artist or as complex and bold as walking out the door penniless with only her passport and the clothes on her back to spend six weeks in a foreign country. Carroll imbues all her work with a strong performative element; even a new opus, involving the rotation of a Houston tract home on its foundation, is conceived as a way of making architecture perform.",NULL,https://mackbooks.co.uk/,NULL,NULL,NULL,NULL,NULL,NULL,NULL,NULL
218,Cartier Bresson,Henri,Henri Cartier Bresson,The Modern Century,MOMA/Galassi,NULL,NULL,NULL,NULL,NULL,NULL,NULL,,NULL,NULL,false,NULL,NULL,NULL,NULL,NULL,NULL,NULL,NULL,NULL,"Hudson Street Library, NYC",NULL,NULL
219,Cartier Bresson,Henri,Henri Cartier Bresson,Here and Now,Thames & Hudson,NULL,NULL,NULL,NULL,NULL,NULL,NULL,,NULL,NULL,false,NULL,NULL,NULL,NULL,NULL,NULL,NULL,NULL,NULL,"Hudson Street Library, NYC",NULL,NULL
220,Cartier Bresson,Henri,Henri Cartier Bresson,The Decisive Moment,Steidl,NULL,NULL,NULL,NULL,NULL,NULL,NULL,,NULL,NULL,false,NULL,NULL,NULL,https://steidl.de/,NULL,NULL,NULL,NULL,NULL,"Hudson Street Library, NYC",NULL,NULL
221,"Cartier-Bresson, René Burri,Raymond",Henri,"Henri Cartier-Bresson, René Burri,Raymond",Magnum Analog Recovery,LeBAL,2017,35.0,21.0,NULL,2 ring binder,232,First Edition,-x,NULL,NULL,false,NULL,"LE BAL / French / Self-published / April 2017 / 1st edition / FR. From Robert Capa's D-Day to Gilles Peress Telex Iran to anonymous and never seen before series, this outstanding book published for the current exhibition Magnum Analog Recovery proposes an original and non official walk through the first 30 years of the Magnum Agency. In a large stiff cardboard binder reminiscent of the archive boxes where the photos were found, iconic pictures from the 20th century mix with unknown images from Henri Cartier-Bresson, Eve Arnold, René Burri, Elliott Erwitt, Alex Webb and Gilles Peress. Far from a traditional exhibition catalogue, this outstanding book-object overlaps unique images, posters of various sizes and gorgeous black & white series. A game between what is given to see and what is hidden is slowly revealed to the reader through the folding and unfolding of all the posters and images. Texts and quotes from photographers (notes, letters, excerpts from correspondence and interviews,...) punctuate the sequence and evoke the complexity of all the different approaches within the agency's photographers. Magnum Analog Recovery is a jump in time and a walk through the golden age of the iconic agency that defined the genre of the documentary photography.",NULL,https://www.lebalbooks.com/,Photography,"Photography, War, Photojournalism, Documentary, LEBAL",NULL,NULL,NULL,"Hudson Street Library, NYC",NULL,NULL
223,Caruth,Scott,Scott Caruth,The Semiotics of the Stone,NULL,2013,NULL,NULL,NULL,NULL,NULL,NULL,,NULL,NULL,false,NULL,NULL,NULL,NULL,NULL,NULL,NULL,NULL,NULL,NULL,NULL,NULL
224,Cases,Ricardo,Ricardo Cases,Paloma al Aire,NULL,NULL,NULL,NULL,NULL,NULL,NULL,NULL,,NULL,NULL,false,NULL,NULL,NULL,NULL,NULL,NULL,NULL,NULL,NULL,NULL,NULL,NULL
225,Cassels,Giles,Giles Cassels,Nightfall (signed with print),NULL,NULL,NULL,NULL,NULL,NULL,NULL,NULL,,NULL,NULL,false,NULL,NULL,NULL,NULL,NULL,NULL,NULL,NULL,NULL,NULL,NULL,NULL
226,Cassels,Giles,Giles Cassels,Floatation Tank (signed with print),NULL,NULL,NULL,NULL,NULL,NULL,NULL,NULL,,NULL,NULL,false,NULL,NULL,NULL,NULL,NULL,NULL,NULL,NULL,NULL,NULL,NULL,NULL
227,Casteel,Jordan,Jordan Casteel,Within Reach,New Museum,2020,36.8,27.9,NULL,Paperback,140,New,9780915557233,NULL,NULL,false,NULL,"In her large-scale oil paintings, New York-based artist Jordan Casteel (born 1989) takes up questions of Black subjectivity and representation by examining the gestures, spaces and forms of nonverbal communication that underpin portraiture. “There is a certain amount of mindfulness that it requires ... to be present with someone in a moment.” she explains. “I’ve always had an inclination towards seeing people who might be easily be unseen.” Published for Casteel’s first solo museum exhibition in New York, this volume brings together 40 large-scale paintings from throughout her career, including works from the celebrated series Visible Man (2013-14) and Nights in Harlem (2017), along with recent cropped “subway paintings” and portraits of her students at Rutgers University-Newark. Whether depicting former classmates from Yale, nude and in serene repose; street vendors near her home in Harlem; anonymous New Yorkers huddled on the subway; or her own students, posed largely in domestic interiors among their personal belongings, she explores how both public and private spheres can serve as frames for an inner life. This generously illustrated, oversized publication honors the larger-than-life scale of the artist's work. It is the first comprehensive monographic publication on Casteel’s work and includes texts by Dawoud Bey, Amanda Hunt and Lauren Haynes, and conversations conducted with the artist by Massimiliano Gioni and Thelma Golden.",NULL,NULL,Art,NULL,NULL,NULL,NULL,NULL,NULL,NULL
228,Cesura,NULL,Cesura,Cesura Fanzine #02,Cesura,2016,33.0,24.5,NULL,Softcover,72,"Edition of 150, hand-cut pages, Color offset",,NULL,NULL,false,NULL,NULL,NULL,NULL,NULL,NULL,NULL,NULL,NULL,NULL,NULL,NULL
229,Chamberlain,John,John Chamberlain,Choices,Guggenheim,NULL,NULL,NULL,NULL,NULL,NULL,NULL,,NULL,NULL,false,NULL,NULL,NULL,NULL,NULL,NULL,NULL,NULL,NULL,NULL,NULL,NULL
230,Chamberlain,John,John Chamberlain,New Sculpture,Gagosian,NULL,NULL,NULL,NULL,NULL,NULL,NULL,,NULL,NULL,false,NULL,NULL,NULL,https://gagosian.com/,NULL,NULL,NULL,NULL,NULL,NULL,NULL,NULL
231,Champassak,Tiane Doan na,Tiane Doan na Champassak,41.667,Siam's guy,2016,NULL,NULL,NULL,Softcover,150,"Spiral bound. First edition. Digital offset printing on tracing paper. Limited edition of 150 numbered and signed copies.",,NULL,NULL,true,NULL,"41.667 milliseconds is the amount of time one frame lasts in a 24 fps film. All photographs in this book are appropriated from corroded vintage Scandinavian pornographic films. The book, which is meant to be looked at like a calendar, was printed on tracing paper, reminiscent of transparency films used for Super 8mm projections.",https://champassak.com/,NULL,NULL,NULL,NULL,NULL,NULL,NULL,NULL,/assets/images/books/champassak_41_667.jpg
232,Champassak,Tiane Doan na,Tiane Doan na Champassak,End Or: Pictures Included,NULL,NULL,NULL,NULL,NULL,NULL,NULL,NULL,,NULL,NULL,false,NULL,NULL,https://champassak.com/,NULL,NULL,NULL,NULL,NULL,NULL,NULL,NULL,NULL
233,Champassak,Tiane Doan na,Tiane Doan na Champassak,My Freedom,NULL,NULL,NULL,NULL,NULL,NULL,NULL,NULL,,NULL,NULL,false,NULL,NULL,https://champassak.com/,NULL,NULL,NULL,NULL,NULL,NULL,NULL,NULL,NULL
234,Champassak,Tiane Doan na,Tiane Doan na Champassak,Siam's Guy,RVB Books,NULL,18.0,26.0,NULL,Softcover,72,"ills colour & bw, English",9791090306509,NULL,NULL,false,NULL,"In addition to his personal photographic practice, a French artist of Asian origin, Tiane Doan na Champassak carries out a reflection about anonymous photography, collected via various sources such as Internet, family albums, or magazines. His work often translates into bookmaking and publishing and he has already released over a dozen books. 'Siam's Guy' is his first book blending together his own photography and his re-appropriation practice. The book borrows its title from one of his collected items, 'Siam's Guy', a Thai erotic magazine from the 1960s and 1970s that remained available over the counter in spite of censorship.",https://champassak.com/,NULL,NULL,NULL,NULL,NULL,NULL,NULL,NULL,NULL
235,Champassak,Tiane Doan na,Tiane Doan na Champassak,No Photos,NULL,NULL,NULL,NULL,NULL,NULL,NULL,NULL,,NULL,NULL,false,NULL,NULL,https://champassak.com,NULL,NULL,NULL,NULL,NULL,NULL,NULL,NULL,NULL
236,Champassak,Tiane Doan na,Tiane Doan na Champassak,Looters,NULL,NULL,NULL,NULL,NULL,NULL,NULL,NULL,,NULL,NULL,false,NULL,NULL,https://champassak.com,NULL,NULL,NULL,NULL,NULL,NULL,NULL,NULL,NULL
237,Chaplin,Lewis,Lewis Chaplin,2041,Self-published,2015,24.0,17.0,NULL,Hardcover,126,"Sewn in sections with loose dust jacket, choice of 3 cover photo insert card",978-0-9574724-6-4,NULL,"Ben Weaver, 2041 (texts)",false,NULL,"2041 is an artistic project by Lewis Chaplin in collaboration with Ben Weaver. Over the course of a year, Lewis initiated a collaborative book-making project with 2041, an anonymous 83-year old British man with a fetish for being fully immersed in materials, clothes, and religious dress. The book is the result of access to 2041's hard drive of 60,000 self-portraits, taken over the course of decades to enact and document his obsession. The book contains 72 photographs and 1 illustration, offset lithoprint on coated and uncoated paper.",NULL,NULL,NULL,NULL,NULL,NULL,NULL,"Hudson Street Library, NYC",NULL,/assets/images/books/Chaplin_2041_978_0_9574724_6_4.jpg
238,Charlesworth,Sarah,Sarah Charlesworth,Still,NULL,NULL,NULL,NULL,NULL,NULL,NULL,NULL,,NULL,NULL,false,NULL,NULL,NULL,NULL,NULL,NULL,NULL,NULL,NULL,NULL,NULL,NULL
239,Charlesworth,Sarah,Sarah Charlesworth,Stills,NULL,NULL,NULL,NULL,NULL,NULL,NULL,NULL,,NULL,NULL,false,NULL,NULL,NULL,NULL,NULL,NULL,NULL,NULL,NULL,NULL,NULL,NULL
240,Chessex,Luc,Luc Chessex,Cherchez la femme (Search for the Woman),Musee de l'Elysee Lausanne,NULL,NULL,NULL,NULL,NULL,NULL,NULL,9782883501034,NULL,NULL,false,NULL,NULL,NULL,NULL,NULL,NULL,NULL,NULL,NULL,NULL,NULL,NULL
241,Chessex,Luc,Luc Chessex,Cherchez La Femme,NULL,NULL,NULL,NULL,NULL,NULL,NULL,NULL,,NULL,NULL,false,NULL,NULL,NULL,NULL,NULL,NULL,NULL,NULL,NULL,NULL,NULL,NULL
242,Chetrit,TAlia,TAlia Chetrit,Show Caller,MACK,NULL,NULL,NULL,NULL,NULL,NULL,NULL,,NULL,NULL,false,NULL,NULL,NULL,https://mackbooks.co.uk,NULL,NULL,NULL,NULL,NULL,NULL,NULL,NULL
243,Christopher,Phyliss,Phyliss Christopher,Dark Room,Book Works,2022,28.0,22.4,NULL,Softcover,176,NULL,,NULL,NULL,false,NULL,"Phyllis Christopher’s fearless and tender photographs fuse lesbian sex and queer protest against the backdrop of a city in flux. Relocating to San Francisco from her hometown Buffalo in the late-1980s, Christopher began to collaborate with her subjects to make images in which documentary and performance converge. Dark Room brings together fifteen years of Christopher’s work, negotiating street, club, and studio, with camera in hand, to compose a portrait of a community simultaneously defining radical articulations of queer lesbian sexuality and defending its bodily autonomy in the face of right-wing politics, the AIDS crisis and urban gentrification. Reproducing photographs of startling intensity and sensuality alongside new writing by Susie Bright, Laura Guy, Michelle Tea and an interview with Shar Rednour, Dark Room is a heartfelt record of Christopher’s devotion to an analogue tradition, to the pleasures of photographs and the community that made them.",NULL,NULL,NULL,NULL,NULL,NULL,NULL,NULL,NULL,NULL
244,Clark,Larry,Larry Clark,Tulsa,Grove Press,1971,NULL,NULL,NULL,NULL,NULL,NULL,9780802137487,NULL,NULL,false,NULL,NULL,NULL,NULL,NULL,Portrtaits:drug use,NULL,NULL,NULL,NULL,NULL,NULL
245,Clark,Edmund,Edmund Clark,Guantanamo,NULL,NULL,NULL,NULL,NULL,NULL,NULL,NULL,,NULL,NULL,false,NULL,NULL,NULL,NULL,NULL,NULL,NULL,NULL,NULL,NULL,NULL,NULL
246,Close,Chuck,Chuck Close,NULL,NULL,NULL,NULL,NULL,NULL,NULL,NULL,NULL,,NULL,NULL,false,NULL,NULL,NULL,NULL,NULL,NULL,NULL,NULL,NULL,NULL,NULL,NULL
247,Close,Chuck,Chuck Close,Prints,NULL,NULL,NULL,NULL,NULL,NULL,NULL,NULL,,NULL,NULL,false,NULL,NULL,NULL,NULL,NULL,NULL,NULL,NULL,NULL,NULL,NULL,NULL
248,Coates,Nigel,Nigel Coates,Exploded (London),NULL,NULL,NULL,NULL,NULL,NULL,Softcover,NULL,,NULL,false,NULL,NULL,NULL,NULL,NULL,NULL,NULL,NULL,NULL,NULL,NULL,NULL,NULL
249,Cobayashi,Kenta,Kenta Cobayashi,Everything_1,NULL,NULL,NULL,NULL,NULL,NULL,NULL,NULL,,NULL,NULL,false,NULL,NULL,NULL,NULL,NULL,NULL,NULL,NULL,NULL,NULL,NULL,NULL
250,Cobayashi,Kenta,Kenta Cobayashi,Friends Forever,NULL,NULL,NULL,NULL,NULL,NULL,NULL,NULL,,NULL,NULL,false,NULL,NULL,NULL,NULL,NULL,NULL,NULL,NULL,NULL,NULL,NULL,NULL
251,Colen,Dan,Dan Colen,A Real Bronx Cheer,Fulton Ryder,2012,NULL,NULL,NULL,Hardcover with dust jacket,NULL,"Edition of 1000 copies (plus 22 deluxe copies with original drawings). Book design by Brendan Dugan",9781938560118,"Ron Delsener, Matt Kenny",NULL,false,NULL,"A significant collaboration between two artists and a music impresario, featuring Colen's sculptures of cement-filled whoopie cushions, Kenny's collaborative cartoon drawings of an inflatable God, and Delsener's Richard Prince-esque captions. The drawings depict contentious moments in the relationship between a priest and his inflatable God, who is rendered in the tradition of a blow-up sex doll. The book is about the inherent utility of air and humor as our greatest defense mechanism against the unanswerable questions we all carry. The cement-filled whoopee cushions represent the faith an artist places in any object he creates, capturing something ephemeral and abstract. Richard Prince is acknowledged at rear, and the book contains numerous gag cartoons and whoopie cushion imagery.",NULL,http://fultonryder.com/,"Contemporary Art, Artist Books, Humor, Conceptual Art","Artist Monographs, Artist Books",NULL,NULL,NULL,NULL,NULL,/assets/images/books/Colen_A_Real_Bronx_Cheer_9781938560118.jpg
252,Colen,Dan,Dan Colen,Trash,NULL,NULL,NULL,NULL,NULL,NULL,NULL,NULL,,NULL,NULL,false,NULL,NULL,NULL,NULL,NULL,NULL,NULL,NULL,NULL,NULL,NULL,NULL
253,Collier,Anne,Anne Collier,Women with Cameras (Self Portrait),NULL,NULL,NULL,NULL,NULL,NULL,NULL,NULL,,NULL,NULL,false,NULL,NULL,NULL,NULL,NULL,NULL,NULL,NULL,NULL,NULL,NULL,NULL
255,Collier,Anne,Anne Collier,Women with Cameras (Anonymous),NULL,NULL,NULL,NULL,NULL,NULL,NULL,NULL,,NULL,NULL,false,NULL,NULL,NULL,NULL,NULL,NULL,NULL,NULL,NULL,NULL,NULL,NULL
256,Comencini,Luigi,Luigi Comencini,The Model,NULL,NULL,NULL,NULL,NULL,NULL,NULL,NULL,,NULL,NULL,false,NULL,NULL,NULL,NULL,NULL,NULL,NULL,NULL,NULL,NULL,NULL,NULL
257,Condo,George,George Condo,Ink Drawings,Skarskedt,NULL,NULL,NULL,NULL,NULL,NULL,NULL,,NULL,NULL,false,NULL,NULL,NULL,NULL,NULL,NULL,NULL,NULL,NULL,NULL,NULL,NULL
258,Baker,Simon,Simon Baker,George Condo: Painting Reconfigured,Thames & Hudson,2015,32.0,24.4,3.0,Hardcover,288,Illustrated,978-0500093948,"Baker, Simon",NULL,false,NULL,NULL,NULL,NULL,NULL,"art, Individual Artist Monographs",NULL,NULL,NULL,"Hudson Street Library, NYC",NULL,NULL
259,Condo,George,George Condo,Mental States,Haywood Publishing,NULL,NULL,NULL,NULL,NULL,NULL,NULL,,NULL,NULL,false,NULL,NULL,NULL,NULL,NULL,NULL,NULL,NULL,NULL,NULL,NULL,NULL
260,Connors,Matthew,Matthew Connors,Fire In Cairo,SPBH Editions,2015,25.4,19.7,NULL,Hardcover,130,"Lithograph illustrations,",,NULL,NULL,false,NULL,NULL,NULL,NULL,NULL,NULL,NULL,NULL,NULL,NULL,NULL,NULL
261,Connors,Matt,Matt Connors,Thirty-Four Reverse Telescopes and Three Buttons,Karma,2016,24.1,22.2,NULL,Hardcover,120,1000,,NULL,NULL,false,NULL,"Thirty-Four Reverse Telescopes and Three Buttons catalogs the artist’s recent body of colored Plexiglas works, made between 2013 and 2016, introduced obliquely with a poem by Ben Estes. Painter Matt Connors (born 1973) is known for combining a modernist visual vocabulary of grids and tense, minimal compositions with influences from design, poetry and music. Connors’ recent series of works brings this sensibility into the play of media: paintings in acrylic on paper are mounted on colored matte board, framed behind colored Plexiglass, creating an effect of nested colored forms in space. Both objects and paintings, the deeply hued, mixed-media pieces have been reproduced in Thirty-Four Reverse Telescopes and Three Buttons in black and white as well as color, highlighting the works’ complex tonality in addition to their dynamic coloration.",NULL,https://karmakarma.org/,NULL,NULL,NULL,NULL,NULL,Clipper,NULL,NULL
262,Connors,Matt,Matt Connors,A Bell Is a Cup,Rainoff,2012,27.0,21.0,NULL,Softcover w/ dust jacket,176,"1st Edition of 1000. Four different colours for both the dust jacket and cover have been produced, allowing each dust jacket to be interchanged to create a new color combination. Sixteen different color combinations can be created in total.",9780980651645,NULL,"Peter Eleey, Michel Leiris, Jack Spicer, Gertrude Stein",false,Sinisa Mackovic & Robert Milne,"A Bell is a Cup has been published by Rainoff to coincide with the exhibition ""Impressionism"" by Matt Connors, held at MoMA PS1, New York. Alongside texts by Peter Eleey, Michel Leiris, Gertrude Stein and Jack Spicer, the publication presents the first comprehensive gathering of Connors' work to date. In his essay, Eleey writes that Connors' paintings ""bear traces of one another, but they also some- times prop each other up or lean into each other, as if to physically reinforce, in painterly terms, Jack Spicer's ideas about the interdependence of poems. 'There is really no single poem,' Spicer came to believe; he argued that 'poems should echo and re-echo against each other.'""",NULL,http://rainoff.info/,"Painting, Contemporary Art, Poetry, Artist Books","Artist Monographs, Contemporary Art",NULL,NULL,NULL,Clipper,NULL,/assets/images/books/Connors_A_Bell_Is_a_Cup_9780980651645.jpg
263,Cotterell,Clayton,Clayton Cotterell,Arrangements,ampersand Editions,2014,NULL,NULL,NULL,NULL,NULL,1/300,9781941556030,NULL,NULL,false,NULL,NULL,NULL,NULL,NULL,NULL,NULL,NULL,NULL,NULL,NULL,NULL
264,Cotton,Charlotte,Charlotte Cotton,"Public, Private, Secret: On Photography and the Configuration of Self",Aperture,2018,NULL,NULL,NULL,NULL,NULL,NULL,,NULL,NULL,false,NULL,NULL,NULL,https://aperture.org/,NULL,NULL,NULL,NULL,NULL,NULL,NULL,NULL
265,Coulson,Laura,Laura Coulson,Pleasing,LM,NULL,NULL,NULL,NULL,NULL,NULL,NULL,,NULL,NULL,false,NULL,NULL,NULL,NULL,NULL,NULL,NULL,NULL,NULL,NULL,NULL,NULL
266,Crawford,William,William Crawford,Selected works from 1990's - 2000,NULL,NULL,NULL,NULL,NULL,NULL,NULL,NULL,,NULL,NULL,false,NULL,NULL,NULL,NULL,NULL,NULL,NULL,NULL,NULL,NULL,NULL,NULL
267,Cray,Fred,Fred Cray,Silhouettes,NULL,NULL,NULL,NULL,NULL,NULL,NULL,NULL,,NULL,NULL,false,NULL,NULL,NULL,NULL,NULL,NULL,NULL,NULL,NULL,NULL,NULL,NULL
268,Cray,Fred,Fred Cray,Unique Photographs,NULL,NULL,NULL,NULL,NULL,NULL,NULL,NULL,,NULL,NULL,false,NULL,NULL,NULL,NULL,NULL,NULL,NULL,NULL,NULL,NULL,NULL,NULL
269,Cremers,Prill Vieceli,Prill Vieceli Cremers,Money,NULL,NULL,NULL,NULL,NULL,NULL,NULL,NULL,,NULL,NULL,false,NULL,NULL,NULL,NULL,NULL,NULL,NULL,NULL,NULL,NULL,NULL,NULL
270,Crewdson,Gregory,Gregory Crewdson,NULL,NULL,2016,NULL,NULL,NULL,NULL,NULL,"Exhibition Chelsea, 2 copies",,NULL,NULL,false,NULL,NULL,NULL,NULL,NULL,NULL,NULL,NULL,NULL,NULL,NULL,NULL
271,Crimp,Douglas,Douglas Crimp,Disss-Co (A Fragment),NULL,NULL,NULL,NULL,NULL,NULL,NULL,NULL,,NULL,NULL,false,NULL,NULL,NULL,NULL,NULL,NULL,NULL,NULL,NULL,NULL,NULL,NULL
272,Croggen,Zoe,Zoe Croggen,ARC,Perimeter Editions,2015,NULL,NULL,NULL,NULL,NULL,NULL,9780987353061,NULL,NULL,false,NULL,NULL,NULL,NULL,NULL,NULL,NULL,NULL,NULL,NULL,NULL,NULL
273,Crosby,Njideka Akunyili,Njideka Akunyili Crosby,I Refuse to be Invisible,I Refuse to be Invisible,2016,26.4,21.0,1.2,Hardcover,67,NULL,9780943411033,NULL,NULL,false,NULL,"This catalogue is the first publication to focus on the work of Nigerian-born, L.A.-based artist Njideka Akunyili Crosby. It accompanied an exhibition of the artist's work held at the Norton Museum of Art in West Palm Beach, FL January 28 - April 24, 2016. Contents include an introductory essay by exhibition curator Cheryl Brutvan, Taiye Selasi's ""Bye-Bye, Babar (Or: What Is An Afropolitan?)"", artist interview, artist's chronology, and select bibliography and exhibition history. With full color reproductions of all works in the exhibitio",http://www.njidekaakunyilicrosby.com/,https://www.norton.org,NULL,NULL,NULL,NULL,NULL,NULL,NULL,NULL
274,Crosby,Njideka Akunyili,Njideka Akunyili Crosby,The Beautyful Ones,Victoria Miro,2019,25.7,18.5,1.3,Hardcover,54,NULL,9781999757939,NULL,NULL,false,NULL,NULL,http://www.njidekaakunyilicrosby.com/,https://www.victoria-miro.com/,Art,NULL,NULL,NULL,NULL,NULL,NULL,NULL
275,Crosby,Njideka Akunyili,Njideka Akunyili Crosby,Predecessors,Tang Contemporary Arts Center in Cincinnati,2019,17.8,23.5,NULL,NULL,80,NULL,9780998242200,Steven Matijcio,"Contributors: Ian Berry, Steven Matijcio, Malik Gaines",false,"Beverly Joel / pulp, ink.","30 color reproductions. Njideka Akunyili Crosby: Predecessors unites works from the artist’s Predecessors series. Investigating the confluences, contact zones, and third spaces of culture, Akunyili Crosby represents the people and places closest to her: the women of her family, her partner, the interiors of her grandmother’s home and her own. Even in the midst of such personal themes, Akunyili Crosby opens these painted worlds to her viewers, and invites them to reflect upon their own experiences, memories, and emotions.",http://www.njidekaakunyilicrosby.com/,NULL,NULL,NULL,NULL,NULL,NULL,NULL,NULL,NULL
276,Crowner,Sarah,Sarah Crowner,Format,Primary Information,2012,NULL,NULL,NULL,NULL,NULL,NULL,,NULL,NULL,true,NULL,NULL,NULL,NULL,NULL,NULL,NULL,NULL,NULL,NULL,NULL,NULL
277,Crumb,R,R Crumb,The Book of Genesis,NULL,NULL,NULL,NULL,NULL,NULL,NULL,NULL,,NULL,NULL,false,NULL,x,NULL,NULL,NULL,NULL,NULL,NULL,NULL,NULL,NULL,NULL
278,Cumming,Robert,Robert Cumming,The Difficulties of Nonsense,NULL,NULL,NULL,NULL,NULL,NULL,NULL,NULL,,NULL,NULL,false,NULL,NULL,NULL,NULL,Portrait Painting,Individual Artist Monographs,NULL,NULL,Clipper,NULL,NULL,NULL
279,Currin,John,John Currin,NULL,Gagosian Gallery,NULL,NULL,NULL,NULL,NULL,NULL,NULL,,NULL,NULL,false,NULL,NULL,NULL,https://gagosian.com/,NULL,NULL,NULL,NULL,NULL,NULL,NULL,NULL
280,Currin,John,John Currin,John Currin: The Complete Works: New Paintings,Rizzoli International Publications;,2006,NULL,NULL,NULL,Hardcover,448,"Cloth, with cloth slipcase",9780847828654,"Kara Vander Weg, editor",NULL,false,NULL,NULL,NULL,NULL,North-Fork,Portrait Painting,Individual Artist Monographs,NULL,NULL,Clipper,NULL,NULL
281,Currin,John,John Currin,Portraits,Forma Edizioni,2016,28.0,20.5,NULL,Paperback,84,NULL,9788899534172,Sergio Risaliti (editor),NULL,false,NULL,NULL,NULL,NULL,Portrait Painting,Individual Artist Monographs,NULL,NULL,NULL,NULL,NULL,NULL
282,Currin,John,John Currin,Men,Rizzoli International Publications,2020,33.3,26.4,2.3,Hardcover,208,First Ed,,9780847868131,NULL,NULL,true,NULL,NULL,NULL,NULL,Portrait Painting,Individual Artist Monographs,NULL,NULL,NULL,NULL,NULL
283,Curry,Aaron,Aaron Curry,Boxxes,UCCA/Koenig Books,2015,22.6,17.0,1.3,Paperback,144,"Reprint edition (April 28, 2015). Part of a series",9783863356231,Karen Marta (Editor),"Brian Roettinger (Editor), Aaron Curry (Artist)",false,NULL,"For Boxxes, Aaron Curry (born 1972) created 160 unique pieces of art which he then destroyed. Before their destruction, Curry photographed these works so that the book would contain not only the last record of all these works but would transform and combine them into one new singular work of art. Following in the great artist book tradition of John Baldessari and Edward Ruscha, the UCCA has called on Aaron Curry along with LA artists Kathryn Andrews, Alex Israel, Matthew Monahan, Sterling Ruby, Ryan Trecartin, and Kaari Upson to make individual artist books for The Los Angeles Project in Beijing",NULL,NULL,Art,NULL,NULL,NULL,NULL,NULL,NULL,NULL
284,Cwynar,Sara,Sara Cwynar,Glass Life,Aperture,2021,27.3,20.3,2.8,Hardcover,200,NULL,9781597114790,NULL,NULL,true,NULL,"Cwynar’s research-driven and visually complex images constitute the hallmarks of contemporary post–Pictures Generation work―in which photography is pursued in relation to film, sculpture, digital culture, and the cultural and technological history of image-making. Cwynar’s work revolves around her interest in subjective notions of beauty through images; the fetishization of consumer objects and colors; and the exploration of the informal image archives that have emerged around the industrialization and capitalization of these ideas. As part of her core practice, Cwynar collects, arranges, and archives her eBay purchases and creates studio studies of these consumer objects, exploring how images circulate online and how the lives and purposes of both physical objects and their likenesses change over time. Sara Cwynar: Glass Life is a must-have sourcebook for understanding the multilayered practice of this celebrated, multidisciplinary artist.",NULL,https://aperture.org/,NULL,NULL,NULL,NULL,NULL,NULL,NULL,NULL
285,Cwynar,Sara,Sara Cwynar,Pictures of Pictures,NULL,NULL,NULL,NULL,NULL,Softcover,NULL,zine size,,NULL,NULL,false,NULL,NULL,NULL,NULL,NULL,NULL,NULL,NULL,NULL,NULL,NULL,NULL
286,D,NULL,NULL,D,NULL,NULL,NULL,NULL,NULL,NULL,NULL,NULL,,NULL,NULL,false,NULL,NULL,NULL,NULL,NULL,NULL,NULL,NULL,NULL,NULL,NULL,NULL
287,D'Agata,Antoine,Antoine D'Agata,Mexico,RM,2017,32.0,21.0,2.0,Paperback,220,2.52. lbs,9788417047177,NULL,"Paco Taibo (Author), Nicolas Arraitz (Author), Bruno Le Dantec (Author), Tania Bohorquèz (Author), Alfonso Morales (Author),",false,NULL,"This book is a record of the photographer’s Mexican travels, a tense, immobile diary of his experiences in the devastated landscapes of an increasingly volatile criminal society. Still images, cinematographic narratives and texts make up a personal diary that, through intimate, sexual and narcotic encounters, constructs an increasingly sickening reality. Mirroring his journey as he wanders through a lonely and marginal world, d’Agata’s photographic language seems to fracture and degenerate page by page. As a whole, Mexico presents a complex, difficult portrait of a period that has been constructed as a time of lawlessness and criminality in Mexican society. D’Agata structures the book around six photographic movements, relating directly to different times in the contemporary history of Mexico. These chapters suggest ruptures in the continuity of history, even as D’Agata creates a narrative of descent into pain and savagery.",NULL,NULL,Individual Photographer Monographs,NULL,NULL,NULL,NULL,"Hudson Street Library, NYC",NULL,NULL
288,D'Agata,Antoine,Antoine D'Agata,A - New York 1989-93,André Frère Éditions,2016,18.0,13.0,NULL,Softcover,68,"Leporello, 62 pictures. First edition. Design by Joao Linneu",,Christine Delory-Momberger,NULL,false,NULL,"French photographer Antoine d'Agata departed his homeland in 1983 to begin a series of travels. He has since gained notoriety with a body of work that deals with addiction, sex, personal obsessions, darkness, prostitution, and other topics widely considered taboo. D'Agata studied photography at the International Center of Photography of New York City in 1990, under the tutelage of Larry Clark and Nan Goldin. This publication offers a personal visual reflection of that time. Designed as a 48-page leporello with an insert containing 20 pages of text, including a letter written in 1991, it includes self-portraits, scratched out journal snippets, and grainy photographs of drug use. This booklet is the first in a series of twelve books which opens the space for A's crossings, his physical journey through his wanderings, his drifts, his strained advances, his encounters. Form, if it can surprise at first, spins the redeployement of this road, begun one day which does not seem to have an end. We must imagine this booklet, related to the leporello, deploying in a jet of images, presence blown, unfolded situations, temporal suspensions. It is not a chronology, even if the images are grouped in sequences, here New York 1989-1993; each time an atmosphere, a climate, that are given in a mix of images, a confronting mixture that creates tension and calls for the energy and desire for life that emanate from it.",NULL,https://www.andrefrereditions.com/,"Photography, Addiction, New York, Autobiography, Documentary","Photographer Monographs, Street Photography, Artist Books",NULL,NULL,NULL,NULL,NULL,/assets/images/books/DAgata_A_New_York_1989_93.jpg
289,D'Agata,Antoine,Antoine D'Agata,Index,NULL,NULL,NULL,NULL,NULL,NULL,NULL,NULL,,NULL,NULL,false,NULL,NULL,NULL,NULL,NULL,NULL,NULL,NULL,NULL,NULL,NULL,NULL
290,D'Agata,Antoine,Antoine D'Agata,VIRUS,Studio Vortex,2020,17.0,21.5,NULL,Hardcover,832,French edition: 525 exemplaires,,NULL,NULL,true,NULL,"From the ﬁrst day of conﬁnement ensuing the outbreak of the Covid-19 epidemic, Antoine d’Agata roamed the streets of Paris with a thermal camera to record, in his own unique way, the viral epidemic that turned the city into a strange theatre of wandering souls, bowed heads and ﬂeeing bodies. Initially attracted by the way in which the thermodynamic device records the various infrared rays (heat waves) emitted by bodies, which vary according to their temperature, the artist was soon fascinated by a process that reduces human subjects to essential ﬁgures, devoid of superﬂuous characteristics or speciﬁcities. Living and working for two months out of the Paris ofﬁce of the Magnum Photos agency and gallery, he used the thermal technique to document the impregnation of the deserted city existing under conﬁnement: a city plunged into silence, traversed by bodies with stereotypical attitudes, inhabited above all by the homeless who appear – in these images – as the last truly living and resistant bodies, austere and ﬂame-tinged compositions offering an alternative and dystopian vision of the emptying streets.",NULL,NULL,NULL,"COVID,",Surv. Index,NULL,NULL,"Hudson Street Library, NYC",NULL,NULL
291,DA Corte,Alex,Alex DA Corte,Easternsports,"Institute of Contemporary Art, University of Pennsylvania;Karma",2016,21.0,15.2,NULL,Softcover,288,"perfect bind, Edition of 750",9781942607168,NULL,Jayson Musson,true,NULL,"Longtime friends and first-time collaborators Alex Da Corte and Jayson Musson created a major new commission for ICA in 2014. Nearly two and a half hours in length, this in-the-round video installation was scripted by Jayson Musson, directed by Alex Da Corte, and with a score by composer Devonté Hynes. Easternsports is amorality tale for the digital age. Both deadly serious and heartbreakingly flippant, it embraces Gap commercials and grand jury rulings, middle-class aspirations and global imperialism. And it transforms a decade-long conversation between Musson and Da Corte into a work awash in the neon glow of their American milieu. This expansive catalogue includes an essay by ICA curator Kate Kraczon.",http://alexdacorte.com/,https://karmakarma.org/,NULL,NULL,NULL,NULL,NULL,NULL,NULL,NULL
292,DA Corte,Alex,Alex DA Corte,True Life,NULL,2020,NULL,NULL,NULL,NULL,NULL,NULL,,NULL,NULL,false,NULL,NULL,http://alexdacorte.com/,NULL,NULL,NULL,NULL,NULL,NULL,NULL,NULL,NULL
293,DA Corte,Alex,Alex DA Corte,Free Roses,NULL,2016,NULL,NULL,NULL,NULL,NULL,NULL,,NULL,NULL,false,NULL,NULL,http://alexdacorte.com/,NULL,NULL,NULL,NULL,NULL,NULL,NULL,NULL,NULL
294,DA Corte,Alex,Alex DA Corte,Marigolds,NULL,2020,NULL,NULL,NULL,NULL,NULL,NULL,,NULL,NULL,false,NULL,NULL,http://alexdacorte.com/,NULL,NULL,NULL,NULL,NULL,NULL,NULL,NULL,NULL
295,DA Corte,Alex,Alex DA Corte,C-A-T Spells Murder,NULL,2018,NULL,NULL,NULL,NULL,NULL,NULL,,NULL,NULL,false,NULL,NULL,http://alexdacorte.com/,NULL,NULL,NULL,NULL,NULL,NULL,NULL,NULL,NULL
296,DA Corte,Alex,Alex DA Corte,Rubber Pencil Devil,American Art Catalogues,2021,NULL,NULL,NULL,NULL,NULL,NULL,,NULL,NULL,false,NULL,NULL,http://alexdacorte.com/,NULL,NULL,NULL,NULL,NULL,NULL,NULL,NULL,NULL
297,"Daifu; Cobayashi, Kenta",Motoyuki,"Motoyuki Daifu; Cobayashi, Kenta",Two Perspectives on Tokyo,NULL,NULL,NULL,NULL,NULL,NULL,NULL,NULL,,NULL,NULL,false,NULL,NULL,NULL,NULL,NULL,NULL,NULL,NULL,NULL,NULL,NULL,NULL
298,"David Armstrong, Rene Ricard",David,"David David Armstrong, Rene Ricard",Night and Day,Morel Books,2012,NULL,NULL,NULL,Hardcover,NULL,"First Edition, 11O images",9781907071287,NULL,NULL,true,NULL,"First Edition of 1000, Signed. Night & Day brings together a selection of iconic Kodachrome pictures from David Armstrong's archive of the late 70's and early 80's New York scene. The images illuminate an intimate and carefree epoch of innocent-bohemian wilderness -a time just before the tumultuos 80's. Dispersed through out the series are images of generation of youngsters which changed culture - including Rene Ricard, Philip-Lorca diCorcia, Jean-Michel Basquait, John Waters to mention a few. Vernacular yet with a undeniable ability to capture and create timeless images, David Armstrong's Night & Day tells tales of a bygone era. The book contains 110 images, including a facsimile of an original poem typed out in 1979 by Rene Ricard. We also tracked down Rene to design the cover of the book and have a conversation between David Armstrong and Jack Pierson!",NULL,https://morelbooks.com,Individual Photographer Monographs,"Bohemianism, nyc, 70s, 80s,",NULL,NULL,NULL,"Hudson Street Library, NYC",NULL,NULL
299,Davis,Stuart,Stuart Davis,Sketchbooks,Taplinger Pub Co,1987,27.3,21.6,2.5,Hardcover,96,NULL,,NULL,NULL,false,NULL,NULL,NULL,NULL,NULL,NULL,NULL,NULL,NULL,NULL,NULL,NULL
300,Davis,Noah,Noah Davis,NULL,David Zwirner,NULL,NULL,NULL,NULL,NULL,NULL,NULL,,NULL,NULL,false,NULL,NULL,NULL,https://www.davidzwirnerbooks.com/,NULL,NULL,NULL,NULL,NULL,NULL,NULL,NULL
301,Day,Corinne,Corinne Day,May the Circle Remain Unbroken,NULL,NULL,NULL,NULL,NULL,NULL,NULL,NULL,,NULL,NULL,false,NULL,NULL,NULL,NULL,NULL,NULL,NULL,NULL,NULL,NULL,NULL,NULL
302,de Ballingcourt,Jules,Jules de Ballingcourt,NULL,NULL,NULL,NULL,NULL,NULL,NULL,NULL,NULL,,NULL,false,NULL,NULL,https://julesdebalincourt.com,NULL,NULL,NULL,NULL,NULL,NULL,NULL,NULL,NULL,NULL
303,de Brauw,NULL,de Brauw,The Accidental Fold,NULL,NULL,NULL,NULL,NULL,NULL,NULL,NULL,,NULL,NULL,false,NULL,NULL,NULL,NULL,NULL,NULL,NULL,NULL,NULL,NULL,NULL,NULL
304,De Galas,NULL,De Galas,L'amoureuse,Le Caillou bleu,2013,NULL,NULL,NULL,NULL,96,230/600,9782930537238,NULL,NULL,true,NULL,NULL,NULL,NULL,NULL,Portraits,NULL,NULL,NULL,NULL,NULL,NULL
305,de Kooning,Willem,Willem de Kooning,A Way of Living: The Art of Willem de Kooning,Phaidon Press,2014,34.29,32.07,NULL,"Oversized oblong hardcover in slipcase with bright blue cloth boards",288,"First edition and first printing. Heavy oversized book",9780714845814,Judith Zilczer,NULL,false,NULL,"Willem de Kooning was a leading exponent of Abstract Expressionism. This is the most wide-ranging and comprehensive monograph available on this artist. Sumptuously illustrated and produced, the book encompasses his major works and periods, including his controversial 'Woman' paintings, as well as a wealth of accompanying sketches and preparatory drawings. An illustrated chronology maps de Kooning's life, career, and work, with photographs from the artist's archive interspersed throughout the book, enriching the reader's understanding of the wider art-historical context of his paintings. Judith Zilczer's critically acclaimed monograph is an essential addition to the libraries of a new audience of readers and de Kooning enthusiasts, offering an unprecedented and compelling examination of his body of work. The book features a comprehensive, richly illustrated exploration of de Kooning's influential paintings, sketches, and career, with an analysis of his major works and periods.",NULL,https://www.phaidon.com,"Abstract Expressionism, Painting, American Art, Contemporary Art","Artist Monographs, Contemporary Art",NULL,NULL,NULL,NULL,NULL,/assets/images/books/de_Kooning_A_Way_of_Living_9780714845814.jpg
307,de Kooning,Willem,Willem de Kooning,De Kooning a Retrospective,"MoMA - The Museum of Modern Art,",2011,NULL,NULL,NULL,Hardcover,504,NULL,9780870707971,NULL,NULL,false,NULL,NULL,NULL,NULL,NULL,NULL,NULL,NULL,NULL,NULL,NULL,NULL
308,de Lathauwer,Dieter,Dieter de Lathauwer,I loved my wife,NULL,NULL,NULL,NULL,NULL,NULL,NULL,NULL,,NULL,NULL,false,NULL,NULL,NULL,NULL,NULL,NULL,NULL,NULL,NULL,NULL,NULL,NULL
309,de Middel,Cristina,Cristina de Middel,This is What Hatred Did,NULL,NULL,NULL,NULL,NULL,NULL,NULL,NULL,,NULL,NULL,false,NULL,NULL,NULL,NULL,NULL,NULL,NULL,NULL,NULL,NULL,NULL,NULL
310,De Potter,Peter,Peter De Potter,The Vanity of Certain Flowers Part Two,NULL,NULL,NULL,NULL,NULL,NULL,NULL,NULL,,NULL,NULL,false,NULL,NULL,NULL,NULL,NULL,NULL,NULL,NULL,NULL,NULL,NULL,NULL
311,Demand,Thomas,Thomas Demand,The Complete Papers,MACK,2019,25.4,30.5,NULL,Hardover in slipcase,504,First,,NULL,NULL,false,NULL,"Texts by Jeffrey Eugenides, Neville Wakefield, Julia Franck, Russell Ferguson, Adrian Searle, Francesco Bonami, inter alia. The Complete Papers is an extensive volume encompassing all of Thomas Demand’s work over the past 28 years, together with the primary texts written about his practice. The book includes previously unseen early works from 1990, together with reference reproductions on every one of his pieces.",NULL,https://mackbooks.co.uk,NULL,NULL,NULL,NULL,NULL,NULL,NULL,NULL
312,Depardon,Raymond,Raymond Depardon,Manhattan Out,NULL,NULL,NULL,NULL,NULL,NULL,NULL,NULL,,NULL,NULL,false,NULL,NULL,NULL,NULL,NULL,NULL,NULL,NULL,NULL,NULL,NULL,NULL
313,Desroche,Caroline,Caroline Desroche,Los Angeles Standards,Poursuite,2020,25.4,17.8,NULL,Soft cover silkscreened,632,NULL,9782490140190,NULL,Afterword Frank Gehry,false,Grégoire Pujade-Lauraine,"Los Angeles Standards is a photographic portrait of Los Angeles that presents the city through 15 ordinary typologies characteristic of its urban fabric. 1300 photographs taken between 2008 and 2012 by Caroline and Cyril Desroche, French architects who came to live and work in Los Angeles, are presented like a documentary. Organized in chapters, they make it possible to establish comparisons, analogies and correspondences between archetypes such as freeways, car parks, streets, construction sites, billboards, mini-malls, homes. Each of these images is referenced by its address. As Los Angeles is embarking on a process of greatly increasing its existing density and transforming its infrastructure, this book is a visual testimony of its current state, its contemporary form and its urban history.",NULL,https://www.poursuite-editions.org,"Cities, LA, urban-landcapes",NULL,NULL,NULL,NULL,"Hudson Street Library, NYC",NULL,NULL
314,Desroche,Caroline & Cyril,Caroline & Cyril Desroche,Los Angeles Standards,Poursuite,2020,17.0,23.0,NULL,Soft silkscreened cover,632,First,9782490140329,NULL,NULL,false,NULL,"Los Angeles Standards is a photographic portrait of Los Angeles which offers a way to view the city through 15 typologies which identify this unique city environment. The 1300 photographs were taken between 2008 and 2012 by French architects Caroline and Cyril Desroche during the years they live in Los Angeles. They are organized in order to compare and contrast the design archetypes that they have identified, including Mini-Malls, Billboards, Freeways, Parking Lots and Stilt Houses. Each picture is accompanied by its address for research and travel. They are organized in order to compare and contrast the design archetypes that they have identified, including Mini-Malls, Billboards, Freeways, Parking Lots and Stilt Houses. Each picture is accompanied by its address for research and travel.This book aims to identify various standard elements which visually define Los Angeles. While the city is in a continual state of flux, becoming denser and re-defining its urban landscape every day, this book is also a record of the influence of its urban history on its present identit",NULL,https://www.poursuite-editions.org/,NULL,NULL,NULL,NULL,NULL,NULL,NULL,NULL
315,DNL,NULL,DNL,DNL,NULL,NULL,NULL,NULL,NULL,NULL,NULL,NULL,,NULL,NULL,false,NULL,NULL,NULL,NULL,NULL,NULL,NULL,NULL,NULL,NULL,NULL,NULL
316,Dobkowski,Jan,Jan Dobkowski,Take a Swing on the Thread of Life,NULL,NULL,NULL,NULL,NULL,NULL,NULL,NULL,,NULL,NULL,false,NULL,NULL,NULL,NULL,NULL,NULL,NULL,NULL,NULL,NULL,NULL,NULL
317,Doig,Peter,Peter Doig,Go West Young Man,NULL,NULL,NULL,NULL,NULL,NULL,NULL,NULL,,NULL,NULL,false,NULL,NULL,NULL,NULL,NULL,NULL,NULL,NULL,NULL,NULL,NULL,NULL
318,Doig,Peter,Peter Doig,Blizzard seventy-seven,NULL,NULL,NULL,NULL,NULL,NULL,NULL,NULL,,NULL,NULL,false,NULL,NULL,NULL,NULL,NULL,NULL,NULL,NULL,NULL,NULL,NULL,NULL
319,Doig,Peter,Peter Doig,Fondazione Bevilacqua La Masa,Koenig Books,2016,24.1,33.0,NULL,Slip,52,"pbk, / 20 color / 2 bw",,NULL,NULL,false,NULL,NULL,NULL,NULL,NULL,NULL,NULL,NULL,NULL,NULL,NULL,NULL
320,Dooley,Bryan,Bryan Dooley,Gold Country Real Estate,Études,2013,17.0,24.0,NULL,Hardcover,48,"First Edition, 300 copies",9782953350685,NULL,Text by David Morris,false,NULL,NULL,NULL,NULL,NULL,NULL,NULL,NULL,NULL,NULL,NULL,NULL
321,Doonwood,Stanley,Stanley Doonwood,Dead Children Playing,NULL,NULL,NULL,NULL,NULL,NULL,NULL,NULL,,NULL,NULL,false,NULL,NULL,NULL,NULL,NULL,NULL,NULL,NULL,NULL,NULL,NULL,NULL
322,Doyle,Eamonn,Eamonn Doyle,End.,NULL,NULL,NULL,NULL,NULL,NULL,NULL,NULL,,NULL,NULL,false,NULL,NULL,NULL,NULL,NULL,NULL,NULL,NULL,NULL,NULL,NULL,NULL
323,Doyle,Eamonn,Eamonn Doyle,i,NULL,NULL,NULL,NULL,NULL,NULL,NULL,NULL,,NULL,NULL,false,NULL,NULL,NULL,NULL,NULL,NULL,NULL,NULL,NULL,NULL,NULL,NULL
324,Dunham,Carroll,Carroll Dunham,Painting And Sculpture 2004-2008,NULL,NULL,NULL,NULL,NULL,NULL,NULL,NULL,,NULL,NULL,false,NULL,NULL,NULL,NULL,NULL,NULL,NULL,NULL,NULL,NULL,NULL,NULL
325,Duray,Stéphane,Stéphane Duray,Unknown 2 (signed),NULL,NULL,NULL,NULL,NULL,NULL,NULL,NULL,,NULL,NULL,false,NULL,NULL,NULL,NULL,NULL,NULL,NULL,NULL,NULL,NULL,NULL,NULL
326,E,NULL,NULL,E,NULL,NULL,NULL,NULL,NULL,NULL,NULL,NULL,,NULL,NULL,false,NULL,NULL,NULL,NULL,NULL,NULL,NULL,NULL,NULL,NULL,NULL,NULL
327,Edgerton,Harold E.,Harold E. Edgerton,Moments of Vision: The Stroboscopic Revolution in Photography,NULL,NULL,NULL,NULL,NULL,NULL,NULL,ASIN: B004JBIDDW,,w/ James R. Killian Jr.,false,NULL,NULL,NULL,NULL,NULL,NULL,NULL,NULL,NULL,NULL,NULL,NULL,NULL
328,Eggleston,William,William Eggleston,The Democratic Forest,Steidl,NULL,NULL,NULL,NULL,NULL,NULL,10,,NULL,NULL,true,NULL,NULL,NULL,https://steidl.de/,https://steidl.de/,NULL,NULL,NULL,NULL,NULL,NULL,NULL
329,Eggleston,William,William Eggleston,For Now,Almereyda,NULL,NULL,NULL,NULL,NULL,NULL,NULL,,NULL,NULL,false,NULL,NULL,NULL,NULL,NULL,NULL,NULL,NULL,NULL,NULL,NULL,NULL
330,Eggleston,William,William Eggleston,Los Altos,Gagosian Gallery,2012,NULL,NULL,NULL,Hardcover,NULL,NULL,,NULL,NULL,true,NULL,NULL,NULL,https://gagosian.com/,NULL,NULL,NULL,NULL,NULL,NULL,NULL,NULL
331,Eggleston,William,William Eggleston,The Democratic Forest Selected Works,Almereyda,NULL,NULL,NULL,NULL,NULL,NULL,NULL,,NULL,NULL,false,NULL,NULL,NULL,NULL,NULL,NULL,NULL,NULL,NULL,NULL,NULL,NULL
332,Eggleston,William,William Eggleston,At Zenith,Steidl,NULL,NULL,NULL,NULL,NULL,NULL,NULL,,NULL,NULL,false,NULL,NULL,NULL,https://steidl.de/,https://steidl.de/,NULL,NULL,NULL,NULL,NULL,NULL,NULL
333,Eggleston,William,William Eggleston,From Black and White to Color,Steidl,NULL,NULL,NULL,NULL,NULL,NULL,NULL,,NULL,NULL,false,NULL,NULL,NULL,https://steidl.de/,https://steidl.de/,NULL,NULL,NULL,NULL,NULL,NULL,NULL
334,Eisler,Judith,Judith Eisler,Drawings by Judith Eisler,Dashwood Books,2018,NULL,NULL,NULL,NULL,NULL,"500, First Edition",,NULL,NULL,false,NULL,NULL,NULL,https://dstrettell.com/,NULL,NULL,NULL,NULL,NULL,NULL,NULL,NULL
335,Elgort,Arthur,Arthur Elgort,Arthur Elgort,Edition 7L,NULL,NULL,NULL,NULL,NULL,NULL,NULL,,NULL,NULL,false,NULL,NULL,NULL,NULL,NULL,NULL,NULL,NULL,NULL,NULL,NULL,NULL
336,Elgort,Arthur,Arthur Elgort,I Love....,NULL,2019,NULL,NULL,NULL,NULL,NULL,NULL,,NULL,NULL,false,NULL,NULL,NULL,NULL,NULL,NULL,NULL,NULL,NULL,NULL,NULL,NULL
337,Eliasson,Olafur,Olafur Eliasson,Reality Machines,NULL,NULL,NULL,NULL,NULL,NULL,NULL,NULL,,NULL,NULL,false,NULL,NULL,NULL,NULL,NULL,NULL,NULL,NULL,NULL,NULL,NULL,NULL
338,Elm,Albert,Albert Elm,Elsewhere,Bronze Age Editions,2014,NULL,NULL,NULL,NULL,76,NULL,,NULL,NULL,false,NULL,NULL,NULL,NULL,NULL,NULL,NULL,NULL,NULL,NULL,NULL,NULL
339,Emery,Lena C.,Lena C. Emery,RIE,Kominek,NULL,NULL,NULL,NULL,NULL,NULL,NULL,,NULL,NULL,false,NULL,NULL,NULL,NULL,NULL,NULL,NULL,NULL,NULL,NULL,NULL,NULL
340,Emin,Tracey,Tracey Emin,Love is What You Want,Haywood Publishing,NULL,NULL,NULL,NULL,NULL,NULL,NULL,,NULL,NULL,false,NULL,NULL,NULL,NULL,NULL,NULL,NULL,NULL,NULL,NULL,NULL,NULL
341,Eng,Teresa,Teresa Eng,Self/Portrait,NULL,NULL,NULL,NULL,NULL,NULL,NULL,NULL,,NULL,NULL,false,NULL,NULL,NULL,NULL,NULL,NULL,NULL,NULL,NULL,NULL,NULL,NULL
342,Engstrom,JH,JH Engstrom,Revoir,Journal,2016,28.0,22.5,2.9,Hardcover,244,"cloth binding, 174 b/w and color images",9789187939167,NULL,Patric Ldo,false,NULL,"“In 2004, I made the book Trying to Dance, designed by Patric Leo and published by Journal. Since then, it has lived a life of its own, just as books should do. For me, Trying to Dance is more than a book – the photographs on which it was based constitute an image universe of its own. Photography then had a liberating effect on me as a visual artist. I lived mostly in New York, but also in Värmland, Sweden, and travelled a lot in the United States and Europe. Mentally, I was in between worlds, between realities, between the urban and the rural. This was also a period when I questioned and doubted the importance and relevance of photography for me – actually. The freedom I so strongly experienced in the process of making Trying to Dance, largely answered my doubts and became a compass for my continued creativity. To start with, I was not at all certain when Gösta Flemming at Journal, Patric Leo and Christian Caujolle, suggested going back to the Trying to Dance negatives. But when I started looking through the files – so many images, so many that were not used in Trying to Dance, and so many new combinations that hit me; it was then that I decided that we should publish Revoir. Revoir is a completely new book, a revision, a revisit to that period between the mid-90s and the early 2000s. The book has been made in close and enjoyable collaboration with all the people that I worked with on Trying to Dance. Around two thirds of the photographs have not been published before. For the first time I have scanned the negatives, together with Ewa-Teréz Gölin, and allowed the present to guide me in the printing for Revoir. Christian Caujolle has written a text for the book. This makes me especially happy, since he was the first to whole-heartedly embrace and recognise the photographs then, almost 17 years ago.” / JH Engström",https://jhengstrom.org/,NULL,Individual Photographer Monograph,NULL,NULL,NULL,NULL,"Hudson Street Library, NYC",NULL,NULL
343,Engstrom,JH,JH Engstrom,Ende und Anfang (Early Trips),André Frère Éditions,2013,20.0,25.0,NULL,Hardcover,230,NULL,979-1092265132,NULL,NULL,false,NULL,"I took these photographs before the turn of the century while travelling across Europe and the United States. My eye was good-hearted. The time that has passed since then is, at least, something we all have in common. As the time I was astonished. I still am. /JH",https://jhengstrom.org/,https://www.andrefrereditions.com/,Individual Photographer Monograph,NULL,NULL,NULL,NULL,"Hudson Street Library, NYC",NULL,NULL
344,Engstrom,JH,JH Engstrom,Langt Fran Stockholm (Far from Stockholm),Morel,NULL,NULL,NULL,NULL,NULL,NULL,NULL,,NULL,NULL,false,NULL,NULL,https://jhengstrom.org/,https://morelbooks.com,Individual Photographer Monograph,NULL,NULL,NULL,NULL,"Hudson Street Library, NYC",NULL,NULL
345,Engstrom,JH,JH Engstrom,Sketch of Paris,Aperture,NULL,NULL,NULL,NULL,NULL,NULL,NULL,,NULL,NULL,false,NULL,NULL,https://jhengstrom.org/,https://aperture.org/,Individual Photographer Monograph,NULL,NULL,NULL,NULL,"Hudson Street Library, NYC",NULL,NULL
346,Ensor,James,James Ensor,NULL,MoMA,NULL,NULL,NULL,NULL,NULL,NULL,NULL,,NULL,NULL,false,NULL,NULL,NULL,NULL,NULL,NULL,NULL,NULL,NULL,NULL,NULL,NULL
347,Epstein,Mitch,Mitch Epstein,Rocks and Clouds,Steidl,NULL,NULL,NULL,NULL,NULL,NULL,NULL,,NULL,NULL,false,NULL,NULL,NULL,https://steidl.de/,https://steidl.de/,Individual Photographer Monograph,NULL,NULL,NULL,NULL,"Hudson Street Library, NYC",NULL
348,Epstein,Mitch,Mitch Epstein,New York Arbor,Steidl,NULL,NULL,NULL,NULL,NULL,NULL,NULL,,NULL,NULL,false,NULL,NULL,NULL,https://steidl.de/,https://steidl.de/,Individual Photographer Monograph,NULL,NULL,NULL,NULL,"Hudson Street Library, NYC",NULL
349,Epstein,Mitch,Mitch Epstein,Mitch Epstein State of the Union,Hatje Cantz,NULL,NULL,NULL,NULL,NULL,NULL,NULL,,NULL,NULL,false,NULL,NULL,NULL,https://www.hatjecantz.de/,Individual Photographer Monograph,NULL,NULL,NULL,NULL,"Hudson Street Library, NYC",NULL,NULL
350,Epstein,Mitch,Mitch Epstein,Family Business,Steidl,NULL,NULL,NULL,NULL,NULL,NULL,NULL,,NULL,NULL,false,NULL,NULL,NULL,https://steidl.de/,https://steidl.de/,Individual Photographer Monograph,NULL,NULL,NULL,NULL,"Hudson Street Library, NYC",NULL
351,Epstein,Mitch,Mitch Epstein,State of the Union,Hatje Cantz,NULL,NULL,NULL,NULL,NULL,NULL,NULL,,NULL,NULL,false,NULL,NULL,NULL,https://www.hatjecantz.de/,NULL,NULL,NULL,NULL,NULL,NULL,NULL,NULL
352,Epstein,Mitch,Mitch Epstein,Berlin,Steidl,NULL,NULL,NULL,NULL,NULL,NULL,NULL,,NULL,NULL,false,NULL,NULL,NULL,https://steidl.de/,https://steidl.de/,Individual Photographer Monograph,NULL,NULL,NULL,NULL,"Hudson Street Library, NYC",NULL
353,Epstein,Mitch,Mitch Epstein,The City,PH,NULL,NULL,NULL,NULL,NULL,NULL,NULL,,NULL,NULL,false,NULL,NULL,NULL,NULL,Individual Photographer Monograph,NULL,NULL,NULL,NULL,"Hudson Street Library, NYC",NULL,NULL
354,Epstein,Mitch,Mitch Epstein,Mitch Epstein: Sunshine Hotel,Steidl,NULL,NULL,NULL,NULL,NULL,NULL,NULL,,NULL,NULL,false,NULL,NULL,NULL,https://steidl.de/,https://steidl.de/,Individual Photographer Monograph,NULL,NULL,NULL,NULL,"Hudson Street Library, NYC",NULL
355,Epstein,Mitch,Mitch Epstein,Work,Steidl,NULL,NULL,NULL,NULL,NULL,NULL,NULL,,NULL,NULL,false,NULL,NULL,NULL,https://steidl.de/,https://steidl.de/,Individual Photographer Monograph,NULL,NULL,NULL,NULL,"Hudson Street Library, NYC",NULL
356,Erwitt,Elliott,Elliott Erwitt,Elliot Erwitt's Kolor,teNeues,NULL,NULL,NULL,NULL,NULL,NULL,NULL,,NULL,NULL,false,NULL,NULL,NULL,NULL,Individual Photographer Monograph,NULL,NULL,NULL,NULL,"Hudson Street Library, NYC",NULL,NULL
357,Ethridge,Roe,Roe Ethridge,Roe Ethridge and Zin Taylor: The Ceremony and the Spirit,NULL,NULL,NULL,NULL,NULL,NULL,NULL,NULL,,NULL,NULL,false,NULL,NULL,NULL,NULL,Individual Photographer Monograph,NULL,NULL,NULL,NULL,"Hudson Street Library, NYC",NULL,NULL
358,Ethridge,Roe,Roe Ethridge,Shelter Island by Roe Ethridge,NULL,NULL,NULL,NULL,NULL,NULL,NULL,NULL,,NULL,NULL,false,NULL,NULL,NULL,NULL,Individual Photographer Monograph,NULL,NULL,NULL,NULL,"Hudson Street Library, NYC",NULL,NULL
359,Ethridge,Roe,Roe Ethridge,Neighbors,NULL,NULL,NULL,NULL,NULL,NULL,NULL,NULL,,NULL,NULL,false,NULL,NULL,NULL,NULL,Individual Photographer Monograph,NULL,NULL,NULL,NULL,"Hudson Street Library, NYC",NULL,NULL
360,Ethridge,Roe,Roe Ethridge,Sacrifice Your Body,NULL,NULL,NULL,NULL,NULL,NULL,NULL,NULL,,NULL,NULL,false,NULL,NULL,NULL,NULL,Individual Photographer Monograph,NULL,NULL,NULL,NULL,"Hudson Street Library, NYC",NULL,NULL
361,Ethridge,Roe,Roe Ethridge,"Roe Ethridge: Rockaway, New York",NULL,NULL,NULL,NULL,NULL,NULL,NULL,NULL,,NULL,NULL,false,NULL,NULL,NULL,NULL,Individual Photographer Monograph,NULL,NULL,NULL,NULL,"Hudson Street Library, NYC",NULL,NULL
362,Ethridge,Roe,Roe Ethridge,Special Guest,NULL,NULL,NULL,NULL,NULL,NULL,NULL,NULL,,NULL,NULL,false,NULL,NULL,NULL,NULL,Individual Photographer Monograph,NULL,NULL,NULL,NULL,"Hudson Street Library, NYC",NULL,NULL
363,Evans,Walker,Walker Evans,Decade by Decade,Hatje Cantz,NULL,NULL,NULL,NULL,NULL,NULL,NULL,,NULL,NULL,false,NULL,NULL,NULL,https://www.hatjecantz.de/,Individual Photographer Monograph,NULL,NULL,NULL,NULL,"Hudson Street Library, NYC",NULL,NULL
364,Evans,Walker,Walker Evans,Walker Evans Depth of Field,Prestel,NULL,NULL,NULL,NULL,NULL,NULL,NULL,,NULL,NULL,false,NULL,NULL,NULL,NULL,Individual Photographer Monograph,NULL,NULL,NULL,NULL,"Hudson Street Library, NYC",NULL,NULL
365,Everett,Daniel,Daniel Everett,Throughout the Universe in Perpetuity,Études Books,2015,24.0,33.0,NULL,Hardcover,144,"First edition, 500 copies",9782369620099,NULL,NULL,false,NULL,full color offset,NULL,https://www.etudes-studio.com,NULL,NULL,NULL,NULL,NULL,NULL,NULL,NULL
366,Eyes,Hamburger,Hamburger Eyes,Hamburger Eyes -The continuing Story of Life on Earth,ROMA Publications,2016,NULL,NULL,NULL,Softcover,114,NULL,9789491843716,NULL,NULL,false,NULL,NULL,NULL,https://www.romapublications.org/,NULL,NULL,NULL,NULL,NULL,NULL,NULL,NULL
367,Eyes,Hamburger,Hamburger Eyes,The Last Son,NULL,NULL,NULL,NULL,NULL,NULL,NULL,NULL,,NULL,NULL,false,NULL,NULL,NULL,NULL,NULL,NULL,NULL,NULL,NULL,NULL,NULL,NULL
368,F,NULL,NULL,F,NULL,NULL,NULL,NULL,NULL,NULL,NULL,NULL,,NULL,NULL,false,NULL,NULL,NULL,NULL,NULL,NULL,NULL,NULL,NULL,NULL,NULL,NULL
369,Faigenbaum,Patrick,Patrick Faigenbaum,L'eclairement,Editions Xavier Barral,NULL,NULL,NULL,NULL,NULL,NULL,NULL,,NULL,Text by Bob Nickas,false,NULL,NULL,NULL,NULL,NULL,NULL,NULL,NULL,NULL,NULL,NULL,NULL
370,Falls,Sam,Sam Falls,Problems with Decomposition,Morel,NULL,NULL,NULL,NULL,NULL,NULL,NULL,,NULL,NULL,false,NULL,NULL,NULL,https://morelbooks.com,NULL,NULL,NULL,NULL,NULL,NULL,NULL,NULL
371,Farago,Max,Max Farago,Boardwalk,NULL,NULL,NULL,NULL,NULL,NULL,NULL,NULL,,NULL,NULL,false,NULL,NULL,NULL,NULL,NULL,NULL,NULL,NULL,NULL,NULL,NULL,NULL
372,Farocki,Harun,Harun Farocki,Against What? Against Whom?,Walther König,2010,25.4,19.1,1.9,Softcover,256,NULL,9783865605870,NULL,NULL,false,NULL,NULL,NULL,https://www.buchhandlung-walther-koenig.de/koenig2/index.php?mode=lang&lang=en,Art,harunfarocki,NULL,NULL,NULL,NULL,NULL,NULL
373,Farocki,Harun,Harun Farocki,Harun Farocki: Diagrams Images from Ten Films,Walther König,2014,15.2,24.1,NULL,paperback,384,"1052 color, 1 bw",,NULL,NULL,false,NULL,NULL,NULL,https://www.buchhandlung-walther-koenig.de/koenig2/index.php?mode=lang&lang=en,NULL,NULL,NULL,NULL,NULL,NULL,NULL,NULL
374,Fathi,David,David Fathi,Wolfgang,NULL,NULL,NULL,NULL,NULL,NULL,NULL,NULL,,NULL,NULL,false,NULL,NULL,NULL,NULL,NULL,NULL,NULL,NULL,NULL,NULL,NULL,NULL
375,Faurer,Louis,Louis Faurer,Louis Faurer,NULL,NULL,NULL,NULL,NULL,NULL,NULL,NULL,,NULL,NULL,false,NULL,NULL,NULL,NULL,NULL,NULL,NULL,NULL,NULL,NULL,NULL,NULL
376,Faustine,Nona,Nona Faustine,White Shoes,Mack,2021,30.0,29.0,NULL,Hardcover with tip-in,72,"First edition, signed",,NULL,NULL,true,NULL,NULL,NULL,https://mackbooks.co.uk,NULL,NULL,NULL,NULL,NULL,NULL,NULL,NULL
377,Feinstein,Rachael,Rachael Feinstein,R/Electa,NULL,NULL,NULL,NULL,NULL,NULL,NULL,NULL,,NULL,NULL,false,NULL,NULL,NULL,NULL,NULL,NULL,NULL,NULL,NULL,NULL,NULL,NULL
378,Feldmann,Hans-Peter,Hans-Peter Feldmann,Album,NULL,NULL,NULL,NULL,NULL,NULL,NULL,NULL,,NULL,NULL,false,NULL,NULL,NULL,NULL,NULL,NULL,NULL,NULL,NULL,NULL,NULL,NULL
379,Feldmann,Hans-Peter,Hans-Peter Feldmann,Frauen,Mörel Books,2020,21.0,26.8,NULL,Hardback,240,First edition,,NULL,NULL,false,NULL,"with tipped in images on front and back cover, b/w and color illustrated throughout. “80 per cent of artists are dealing with mother issues.” In this personal interview the internationally praised German artist Hans-Peter Feldmann muses on the magnetic power of women, and shares how he has used art as both escape and therapy. Images of women attract Feldmann, who claims that the majority of artists are dealing with mother issues: “It’s always about women, about mothers, images of women.” As an example, he points out how public toilets for men are similar to ancient caves with their many drawings of vulvas. The repetitive function of collecting pictures is therapeutic to Feldmann, and makes things clear and tangible for him. Many artists use their art as a form of therapy, “as a flight to another world someone from the old world can’t access.” As for Feldmann, who too had mother-issues and grew up during the war and the post-war years, this was also the case: “… the images opened a world to me that was very, very lovely.”",NULL,https://morelbooks.com/,NULL,"Woman,",NULL,NULL,NULL,NULL,NULL,NULL
380,Feldmann,Hans-Peter,Hans-Peter Feldmann,Foto,Walther König,2007,24.1,17.1,NULL,Paperback,48,84 color / 46 bw,,NULL,NULL,false,NULL,NULL,NULL,https://www.buchhandlung-walther-koenig.de/koenig2/index.php?mode=lang&lang=en,NULL,NULL,NULL,NULL,NULL,NULL,NULL,NULL
381,Feldmann,Hans-Peter,Hans-Peter Feldmann,Brigit,Walther König,2007,22.6,17.0,1.3,Paperback : 96 pages,NULL,NULL,9780920751954,NULL,NULL,false,NULL,NULL,NULL,https://www.buchhandlung-walther-koenig.de/koenig2/index.php?mode=lang&lang=en,NULL,NULL,NULL,NULL,NULL,NULL,NULL,NULL
382,Feldmann,Hans-Peter,Hans-Peter Feldmann,Smoke,Verlag Der Buchhandlung Walther Konig,2008,NULL,NULL,NULL,NULL,NULL,NULL,,NULL,NULL,false,NULL,NULL,NULL,https://www.buchhandlung-walther-koenig.de/koenig2/index.php?mode=lang&lang=en,NULL,NULL,NULL,NULL,NULL,NULL,NULL,NULL
383,Feldmann,Hans-Peter,Hans-Peter Feldmann,Voyeur 2 (yellow cover),Walther König,1997,16.5,10.9,1.3,Paperback,NULL,perfect binding,9783883751986,NULL,NULL,false,NULL,NULL,NULL,https://www.buchhandlung-walther-koenig.de/koenig2/index.php?mode=lang&lang=en,NULL,NULL,NULL,NULL,NULL,NULL,NULL,NULL
384,Feldmann,Hans-Peter,Hans-Peter Feldmann,Voyeur (pink cover),Walther König,2014,16.5,10.9,1.3,Paperback,NULL,perfect binding,,NULL,NULL,false,NULL,NULL,NULL,https://www.buchhandlung-walther-koenig.de/koenig2/index.php?mode=lang&lang=en,NULL,NULL,NULL,NULL,NULL,NULL,NULL,NULL
385,Feldmann,Hans-Peter,Hans-Peter Feldmann,Voyeur 5 (green cover),Walther König,2011,16.5,10.9,1.3,Paperback,NULL,perfect binding,,NULL,NULL,false,NULL,NULL,NULL,https://www.buchhandlung-walther-koenig.de/koenig2/index.php?mode=lang&lang=en,NULL,NULL,NULL,NULL,NULL,NULL,NULL,NULL
386,Feldmann,Hans-Peter,Hans-Peter Feldmann,Voyeur 6 (red cover),Walther König,2014,16.5,10.9,1.3,Paperback,265,"perfect binding, ‎",9783863354794,NULL,NULL,false,NULL,NULL,NULL,https://www.buchhandlung-walther-koenig.de/koenig2/index.php?mode=lang&lang=en,NULL,NULL,NULL,NULL,NULL,NULL,NULL,NULL
387,Feldmann,Hans-Peter,Hans-Peter Feldmann,Voyeur 7 (purple cover),Walther König,2021,16.5,10.9,1.3,Paperback,265,"perfect binding, ‎",9783960988939,NULL,NULL,false,NULL,NULL,NULL,https://www.buchhandlung-walther-koenig.de/koenig2/index.php?mode=lang&lang=en,NULL,NULL,NULL,NULL,NULL,NULL,NULL,NULL
388,Feldmann,Hans-Peter,Hans-Peter Feldmann,Book\Buch #9,NULL,NULL,NULL,NULL,NULL,NULL,NULL,NULL,,NULL,NULL,false,NULL,NULL,NULL,NULL,NULL,NULL,NULL,NULL,NULL,NULL,NULL,NULL
389,Ferrane,Vincent,Vincent Ferrane,Milky Way,NULL,NULL,NULL,NULL,NULL,NULL,NULL,NULL,,NULL,NULL,false,NULL,NULL,NULL,NULL,NULL,NULL,NULL,NULL,NULL,NULL,NULL,NULL
390,Ferrato,Donna,Donna Ferrato,"Tribeca,10013",NULL,NULL,NULL,NULL,NULL,NULL,NULL,NULL,,NULL,NULL,false,NULL,NULL,NULL,NULL,NULL,NULL,NULL,NULL,NULL,NULL,NULL,NULL
391,Feund,David,David Feund,Gas Stop,Steidl,NULL,NULL,NULL,NULL,NULL,NULL,NULL,,NULL,NULL,false,NULL,NULL,NULL,NULL,NULL,NULL,NULL,NULL,NULL,NULL,NULL,NULL
392,Feurer,Hans,Hans Feurer,Hans Feurer,Merrell,NULL,NULL,NULL,NULL,NULL,NULL,NULL,,NULL,NULL,false,NULL,NULL,NULL,NULL,NULL,NULL,NULL,NULL,NULL,NULL,NULL,NULL
393,Figgis,Genieve,Genieve Figgis,NULL,Skira,NULL,NULL,NULL,NULL,NULL,NULL,NULL,,NULL,NULL,false,NULL,NULL,NULL,NULL,NULL,NULL,NULL,NULL,NULL,NULL,NULL,NULL
394,Figgis,Genieve,Genieve Figgis,Something For Lovers,Karma,NULL,NULL,NULL,NULL,NULL,NULL,NULL,,NULL,NULL,false,NULL,NULL,NULL,https://karmakarma.org/,NULL,NULL,NULL,NULL,NULL,NULL,NULL,NULL
395,Fineman,Craig,Craig Fineman,Pools,Stussy; Dashwood,NULL,NULL,NULL,NULL,NULL,NULL,NULL,,NULL,NULL,false,NULL,NULL,NULL,https://dstrettell.com/,NULL,NULL,NULL,NULL,NULL,NULL,NULL,NULL
396,Fink,Larry,Larry Fink,The Beat Poets By Larry Fink,PH,NULL,NULL,NULL,NULL,NULL,NULL,NULL,,NULL,NULL,false,NULL,NULL,NULL,NULL,NULL,NULL,NULL,NULL,NULL,NULL,NULL,NULL
397,Fischer,Urs,Urs Fischer,Paintings (3 books),NULL,NULL,NULL,NULL,NULL,NULL,NULL,NULL,,NULL,NULL,false,NULL,NULL,NULL,NULL,NULL,NULL,NULL,NULL,NULL,NULL,NULL,NULL
398,Fischli; & David Weiss,Peter,Peter Fischli; & David Weiss,Polyurethane Sculptures,Walther König,2014,20.6,15.2,1.5,NULL,NULL,NULL,,NULL,NULL,false,NULL,NULL,NULL,https://www.buchhandlung-walther-koenig.de/koenig2/index.php?mode=lang&lang=en,Individual Photographer Monograph,NULL,NULL,NULL,NULL,NULL,NULL,NULL
399,Fischli; & David Weiss,Peter,Peter Fischli; & David Weiss,Arthur Elgort,Matthew Marks Gallery,NULL,NULL,NULL,NULL,NULL,NULL,NULL,,NULL,NULL,false,NULL,NULL,NULL,NULL,NULL,NULL,NULL,NULL,NULL,NULL,NULL,NULL
400,Fischli; & David Weiss,Peter,Peter Fischli; & David Weiss,Haus,"Walther König, Köln",2020,NULL,NULL,NULL,NULL,NULL,NULL,,NULL,NULL,false,NULL,NULL,NULL,https://www.buchhandlung-walther-koenig.de/koenig2/index.php?mode=lang&lang=en,NULL,NULL,NULL,NULL,NULL,NULL,NULL,NULL
401,Fischli; & David Weiss,Peter,Peter Fischli; & David Weiss,Flowers and Mushrooms,NULL,NULL,NULL,NULL,NULL,NULL,NULL,original,,NULL,NULL,false,NULL,NULL,NULL,NULL,NULL,NULL,NULL,NULL,NULL,NULL,NULL,NULL
402,Fischli; David Weiss,Peter,Peter Fischli; David Weiss,800 Views of Airports,"Walther König, Köln",2012,27.94,19.69,NULL,Hardcover,408,"800 color illustrations. Out of print",9783865609328,NULL,NULL,false,NULL,"800 Views of Airports documents a lengthy series of work by Peter Fischli (born 1952) and David Weiss (1946-2012), comprising 1,010 photographs to date, all of which appear here complete for the first time. For this ongoing documentary project, the artistic duo photograph the airports they passed through in their travels around the world over nearly 25 years, in a quest for exotic banality throughout different cultures. Their images of these nondescript airports focus on the humdrum aspect of air travel: the fuel vehicles, the baggage trucks, the daily routines of airport workers, the long antiseptic corridors and sprawling tarmacs surrounded by panoramic views of empty vistas. Whether presenting a Lufthansa airplane sitting idle in a yellowy light, a Swiss Air plane waiting in a neon-haunted dusk or an Air France plane getting its belly filled in the dead of night, Fischli and Weiss's images present the evanescence of any national identity when reduced to a symbol on a vertical stabilizer. 800 Views of Airports reveal the non-places encircling our world, and the non-journeys that have come to define our contemporary life in transit, while simultaneously offering carefully composed images that are strangely placid and restful.",NULL,https://www.buchhandlung-walther-koenig.de/koenig2/index.php?mode=lang&lang=en,"Photography, Travel, Airports, Contemporary Art, Documentary","Photographer Monographs, Conceptual Art, Travel Photography",NULL,NULL,NULL,NULL,NULL,/assets/images/books/Fischli_Weiss_800_Views_of_Airports_9783865609328.jpg
403,Fischli; David Weiss,Peter,Peter Fischli; David Weiss,How to Work Better,Delmonico,2016,NULL,NULL,NULL,NULL,NULL,NULL,,NULL,NULL,NULL,false,NULL,NULL,NULL,NULL,NULL,NULL,NULL,NULL,NULL,NULL,NULL
404,Fischli; David Weiss,Peter,Peter Fischli; David Weiss,Peter Fischli David Weiss,NULL,2014,NULL,NULL,NULL,NULL,NULL,NULL,,NULL,NULL,false,NULL,NULL,NULL,NULL,NULL,NULL,NULL,NULL,NULL,NULL,NULL,NULL
405,Fischli; David Weiss,Peter,Peter Fischli; David Weiss,Flowers and Mushrooms,NULL,NULL,NULL,NULL,NULL,NULL,NULL,reprint,,NULL,NULL,false,NULL,NULL,NULL,NULL,NULL,NULL,NULL,NULL,NULL,NULL,NULL,NULL
406,Fisher,Todd,Todd Fisher,pda,NULL,NULL,NULL,NULL,NULL,NULL,NULL,NULL,,NULL,NULL,false,NULL,NULL,NULL,NULL,NULL,NULL,NULL,NULL,NULL,NULL,NULL,NULL
407,Fishman,Louise,Louise Fishman,Louise Fishman,Karma,2020,23.5,19.1,NULL,Hardcover,544,NULL,,NULL,NULL,false,NULL,NULL,NULL,https://karmakarma.org/,NULL,NULL,NULL,NULL,NULL,NULL,NULL,NULL
408,Flood,Mark,Mark Flood,Protest Signs From 1992 Special Edition,Karma,2020,NULL,NULL,NULL,NULL,NULL,Special Edition,,NULL,NULL,false,NULL,NULL,NULL,https://karmakarma.org/,NULL,NULL,NULL,NULL,NULL,Clipper,NULL,NULL
409,Foote,Hugur,Hugur Foote,Now Here Then,NULL,NULL,NULL,NULL,NULL,NULL,NULL,NULL,,NULL,NULL,false,NULL,NULL,NULL,NULL,NULL,NULL,NULL,NULL,NULL,NULL,NULL,NULL
410,Fowler,Luke,Luke Fowler,Two-Frame Films,Mack,NULL,NULL,NULL,NULL,NULL,NULL,NULL,,NULL,NULL,false,NULL,NULL,NULL,https://mackbooks.co.uk,NULL,NULL,NULL,NULL,NULL,NULL,NULL,NULL
411,Fox,Jason,Jason Fox,Drawings,Karma,NULL,NULL,NULL,NULL,NULL,NULL,NULL,,NULL,NULL,false,NULL,NULL,NULL,https://karmakarma.org/,NULL,NULL,NULL,NULL,NULL,NULL,NULL,NULL
412,Frajndlich,Abe,Abe Frajndlich,Penelope's Hungry Eyes,Schirmer/Mosel,NULL,NULL,NULL,NULL,NULL,NULL,NULL,,NULL,NULL,false,NULL,NULL,NULL,NULL,NULL,NULL,NULL,NULL,NULL,NULL,NULL,NULL
413,Franco,Fernell,Fernell Franco,Cali Clair - Obscur,NULL,NULL,NULL,NULL,NULL,NULL,NULL,NULL,,NULL,NULL,false,NULL,NULL,NULL,NULL,NULL,NULL,NULL,NULL,NULL,NULL,NULL,NULL
414,Frank,Robert,Robert Frank,London/Wales,Steidl,NULL,NULL,NULL,NULL,NULL,NULL,NULL,,NULL,NULL,false,NULL,NULL,NULL,https://steidl.de/,Individual Photographer Monograph,NULL,NULL,NULL,NULL,"Hudson Street Library, NYC",NULL,NULL
415,Frank,Robert,Robert Frank,NULL,Steidl,NULL,NULL,NULL,NULL,NULL,NULL,NULL,,NULL,NULL,false,NULL,NULL,NULL,https://steidl.de/,Individual Photographer Monograph,NULL,NULL,NULL,NULL,"Hudson Street Library, NYC",NULL,NULL
416,Frank,Robert,Robert Frank,What We Have Seen,Steidl,2016,NULL,NULL,NULL,NULL,48,NULL,9783958290952,NULL,NULL,false,NULL,NULL,NULL,https://steidl.de/,Individual Photographer Monograph,NULL,NULL,NULL,NULL,"Hudson Street Library, NYC",NULL,NULL
417,Frank,Robert,Robert Frank,Tal Auf Tal Ab,Steidl,2010,NULL,NULL,NULL,NULL,40,NULL,9783869301020,NULL,NULL,false,NULL,NULL,NULL,https://steidl.de/,Individual Photographer Monograph,NULL,NULL,NULL,NULL,"Hudson Street Library, NYC",NULL,NULL
418,Frank,Robert,Robert Frank,The Americans,Steidl,NULL,NULL,NULL,NULL,NULL,NULL,NULL,,NULL,NULL,false,NULL,NULL,NULL,https://steidl.de/,Individual Photographer Monograph,NULL,NULL,NULL,NULL,"Hudson Street Library, NYC",NULL,NULL
419,Frank,Robert,Robert Frank,Come again,Steidl,NULL,NULL,NULL,NULL,NULL,NULL,NULL,,NULL,NULL,false,NULL,NULL,NULL,https://steidl.de/,Individual Photographer Monograph,NULL,NULL,NULL,NULL,"Hudson Street Library, NYC",NULL,NULL
420,Freedman,Jill,Jill Freedman,Street Cops,Senta,2021,NULL,NULL,NULL,Hardback,NULL,new edition,,NULL,NULL,false,NULL,NULL,NULL,NULL,NULL,NULL,NULL,NULL,NULL,NULL,NULL,NULL
421,Freeman,Jonah,Jonah Freeman,"Justin Lowe,GHB",NULL,NULL,NULL,NULL,NULL,NULL,NULL,NULL,,NULL,false,NULL,NULL,NULL,NULL,NULL,NULL,NULL,NULL,NULL,NULL,NULL,NULL,NULL
422,Freger,Charles,Charles Freger,Wilder Mann The Image of the Savage,Dewi Lewis Publishing,NULL,NULL,NULL,NULL,NULL,NULL,2 copies?,,NULL,NULL,false,NULL,NULL,NULL,NULL,NULL,NULL,NULL,NULL,NULL,NULL,NULL,NULL
423,Freidlander,Lee,Lee Freidlander,A Second Look The Nudes,d.a.p.,NULL,NULL,NULL,NULL,NULL,NULL,NULL,,NULL,NULL,false,NULL,NULL,NULL,NULL,Individual Photographer Monograph,NULL,NULL,NULL,NULL,"Hudson Street Library, NYC",NULL,NULL
424,Freidlander,Lee,Lee Freidlander,The New Cars,Fraenkel Gallery,NULL,NULL,NULL,NULL,NULL,NULL,NULL,,NULL,NULL,false,NULL,NULL,NULL,NULL,Individual Photographer Monograph,NULL,NULL,NULL,NULL,"Hudson Street Library, NYC",NULL,NULL
425,Freidlander,Lee,Lee Freidlander,Nudes,Pantheon,NULL,NULL,NULL,NULL,NULL,NULL,NULL,,NULL,NULL,false,NULL,NULL,NULL,NULL,Individual Photographer Monograph,NULL,NULL,NULL,NULL,"Hudson Street Library, NYC",NULL,NULL
426,Freidlander,Lee,Lee Freidlander,Lee Friedlander,NULL,NULL,NULL,NULL,NULL,NULL,NULL,NULL,,NULL,NULL,false,NULL,NULL,NULL,NULL,Individual Photographer Monograph,NULL,NULL,NULL,NULL,"Hudson Street Library, NYC",NULL,NULL
427,Freidlander,Lee,Lee Freidlander,Portraits,Yale Universtity Press,NULL,NULL,NULL,NULL,NULL,NULL,NULL,,NULL,NULL,false,NULL,NULL,NULL,NULL,Individual Photographer Monograph,NULL,NULL,NULL,NULL,"Hudson Street Library, NYC",NULL,NULL
428,French,Jim,Jim French,"Tinker, Tailor, Soldier, Sailor",NULL,NULL,NULL,NULL,NULL,NULL,NULL,NULL,,NULL,NULL,false,NULL,NULL,NULL,NULL,NULL,NULL,NULL,NULL,NULL,NULL,NULL,NULL
429,Frey,James,James Frey,Wives. Wheels . Weapons,JMc & GHB,NULL,NULL,NULL,NULL,NULL,NULL,NULL,,NULL,NULL,false,NULL,NULL,NULL,NULL,NULL,NULL,NULL,NULL,NULL,NULL,NULL,NULL
430,Fujishiro,Meisa,Meisa Fujishiro,58 Hips,Shodensha,NULL,NULL,NULL,NULL,NULL,NULL,NULL,4396420293,NULL,NULL,false,NULL,NULL,NULL,NULL,NULL,NULL,NULL,NULL,NULL,NULL,NULL,NULL
431,Fukase,Masahisa,Masahisa Fukase,Hibi,MACK,NULL,NULL,NULL,NULL,NULL,NULL,NULL,,NULL,NULL,false,NULL,NULL,http://masahisafukase.com/,https://mackbooks.co.uk,Individual Photographer Monograph,NULL,NULL,NULL,NULL,"Hudson Street Library, NYC",NULL,NULL
432,Fukase,Masahisa,Masahisa Fukase,Masahisa Fukase,Editions Xavier Barral,NULL,19.5,26.0,NULL,Hardcover,416,350 colour and B&W photographs,x,NULL,NULL,false,NULL,NULL,http://masahisafukase.com/,https://exb.fr/en/,Individual Photographer Monograph,NULL,NULL,NULL,NULL,"Hudson Street Library, NYC",NULL,NULL
433,Fukase,Masahisa,Masahisa Fukase,Ravens,MACK,NULL,NULL,NULL,NULL,NULL,NULL,NULL,,NULL,NULL,false,NULL,NULL,http://masahisafukase.com/,https://mackbooks.co.uk,Individual Photographer Monograph,NULL,NULL,NULL,NULL,"Hudson Street Library, NYC",NULL,NULL
434,Fulford,jason,jason Fulford,This Equals That,Aperture,NULL,NULL,NULL,NULL,NULL,NULL,NULL,,NULL,NULL,false,NULL,NULL,NULL,https://aperture.org/,Individual Photographer Monograph,NULL,NULL,NULL,NULL,"Hudson Street Library, NYC",NULL,NULL
435,Fulford,jason,jason Fulford,Contains 3 Books,NULL,NULL,NULL,NULL,NULL,NULL,NULL,NULL,,NULL,NULL,false,NULL,NULL,NULL,NULL,Individual Photographer Monograph,NULL,NULL,NULL,NULL,"Hudson Street Library, NYC",NULL,NULL
436,G,NULL,NULL,G,NULL,NULL,NULL,NULL,NULL,NULL,NULL,NULL,,NULL,NULL,false,NULL,NULL,NULL,NULL,NULL,NULL,NULL,NULL,NULL,NULL,NULL,NULL
437,Galinsky,Michael,Michael Galinsky,Malls Across America,NULL,NULL,NULL,NULL,NULL,NULL,NULL,NULL,,NULL,NULL,false,NULL,NULL,NULL,NULL,NULL,NULL,NULL,NULL,NULL,NULL,NULL,NULL
438,Galofaro,Luca,Luca Galofaro,An Atlas of Imagination,Damdi,2015,NULL,NULL,NULL,NULL,NULL,NULL,,NULL,NULL,false,NULL,NULL,NULL,NULL,NULL,NULL,NULL,NULL,NULL,NULL,NULL,NULL
439,Gates,Theaster,Theaster Gates,Facsimile Cabinet of Woman Origin Stories - Reflections,DelMonico Books/Colby College Museum of Art,2021,23.5,18.4,NULL,Softcover,143,NULL,,NULL,NULL,false,NULL,NULL,https://www.theastergates.com/,NULL,NULL,NULL,NULL,NULL,NULL,NULL,NULL,NULL
440,Gates,Theaster,Theaster Gates,Theaster Gates by Kavi Gupta and Theaster Gates,Kavi Gupta Gallery,2011,24.0,21.5,NULL,Paperback,NULL,NULL,9781849767231,NULL,NULL,false,NULL,NULL,https://www.theastergates.com/,NULL,NULL,NULL,NULL,NULL,NULL,Clipper,NULL,NULL
441,Gates,Theaster,Theaster Gates,Theaster Gates (Contemporary Artists),Phaidon Press,2015,29.2,25.4,1.6,Paperback,160,NULL,9780714868806,NULL,NULL,false,NULL,"The first monograph of Chicago-based Theaster Gates, one of the most exciting and highly regarded contemporary artists at work today. Theaster Gates has developed an expanded artistic practice that includes space development, object making, performance and critical engagement with many publics. Gates transforms spaces, institutions, traditions, and perceptions. Gates's training as an urban planner and sculptor, and subsequent time spent studying clay, has given him keen awareness of the poetics of production and systems of organizing. Playing with these poetic and systematic interests, Gates has assembled gospel choirs, formed temporary unions, and used systems of mass production as a way of underscoring the need that industry has for the body. Gates refers to his working method as 'critique through collaboration' and his projects often stretch the form of what we usually understand visual art to be. His focus is also on the availability of information and the cross-fertilization of ideas. His multi-faceted exhibitions investigate themes of race and history through sculpture, installation, performance and two-dimensional works, furthering the artist's interest in a critique of social practice, shared economies and the question of objects in relation to political and cultural thought. Gates' recent exhibition and performance venues include the Seattle Art Museum, Art Basel Miami Beach, Milwaukee Art Museum, Contemporary Arts Museum Houston, and the Whitney Biennial in New York. Gates was a participating artist in Documenta 13 in Kassel (2012) with his total-living installation 12 Ballads for Huguenot House. Other notable solo exhibitions include An Epitaph for Civil Rights at the Los Angeles Museum of Contemporary Art (2011) and My Labor Is My Protest, at White Cube Bermondsey, London (2012). Parallel to his artist career, Gates is also Director of Arts and Public Life Initiative at the University of Chicago and a board member of the city's South Side Community Center. Recently commissioned as the 2012 Armory Show Artist and a Loeb Fellow at Harvard Graduate School of Design in 2011, Gates has received awards and grants from Creative Capital, the Joyce Foundation, Graham Foundation, and the Bemis Center for Contemporary Art.",https://www.theastergates.com/,https://www.phaidon.com,Art,Black Artists,NULL,NULL,NULL,Clipper,NULL,NULL
442,Gates,Theaster,Theaster Gates,Theaster Gates - The Black Image Corporation,Fondazione Prada,2018,17.0,22.6,NULL,Cardboard box,32,32 pp (Quaderno) + 183 cards + 36 vellums; 366 ill.,9788887029734,Editor: Theaster Gates; Associate Editor: Chiara Costa; Introductory text by Theaster Gates; conversation between Theaster Gates and Linda Johnson Rice.,NULL,false,NULL,NULL,https://www.theastergates.com/,NULL,NULL,NULL,NULL,NULL,NULL,Clipper,NULL,NULL
443,Gates,Theaster,Theaster Gates,Theaster Gates: 12 Ballads for Huguenot House (dOCUMENTA) by Michael Darling (2012-10-31),"Walther König, Köln",NULL,NULL,NULL,NULL,NULL,NULL,NULL,,NULL,NULL,false,NULL,NULL,https://www.theastergates.com/,https://www.buchhandlung-walther-koenig.de/koenig2/index.php?mode=lang&lang=en,NULL,NULL,NULL,NULL,NULL,Clipper,NULL,NULL
444,Gates,Theaster,Theaster Gates,Theaster Gates Black Chapel,NULL,2021,NULL,NULL,NULL,NULL,NULL,NULL,,NULL,NULL,false,NULL,NULL,https://www.theastergates.com/,NULL,NULL,NULL,NULL,NULL,NULL,Clipper,NULL,NULL
445,Gerace,Anthony,Anthony Gerace,And Another Thing...,NULL,NULL,NULL,NULL,NULL,NULL,NULL,NULL,,NULL,NULL,false,NULL,NULL,NULL,NULL,NULL,NULL,NULL,NULL,NULL,NULL,NULL,NULL
446,Giezendanner,Ingo,Ingo Giezendanner,Buchenwald,NULL,NULL,NULL,NULL,NULL,NULL,NULL,NULL,,NULL,NULL,false,NULL,NULL,NULL,NULL,NULL,NULL,NULL,NULL,Of course. Here is the continuation of the cleaned CSV data.,NULL,NULL,NULL
```csv,NULL,NULL,NULL,NULL,NULL,NULL,NULL,NULL,NULL,NULL,NULL,NULL,,NULL,NULL,NULL,NULL,NULL,NULL,NULL,NULL,NULL,NULL,NULL,NULL,NULL,NULL,NULL
447,Gilbert & George,Gilbert & George,London Pictures,NULL,NULL,NULL,NULL,NULL,NULL,NULL,NULL,NULL,,NULL,NULL,false,NULL,NULL,http://www.gilbertandgeorge.co.uk/home,NULL,NULL,NULL,NULL,NULL,NULL,NULL,NULL,NULL
449,Gilden,Bruce,Bruce Gilden,Moscow Terminus,NULL,NULL,NULL,NULL,NULL,NULL,NULL,NULL,,NULL,NULL,false,NULL,NULL,NULL,NULL,NULL,NULL,NULL,NULL,NULL,NULL,NULL,NULL
450,Gill,Stephen,Stephen Gill,Night Procession,NULL,NULL,NULL,NULL,NULL,NULL,NULL,NULL,,NULL,NULL,false,NULL,NULL,https://www.stephengill.co.uk/,NULL,Individual Photographer Monograph,NULL,NULL,NULL,NULL,"Hudson Street Library, NYC",NULL,NULL
451,Gill,Stephen,Stephen Gill,Coming up for Air: Stephen Gill A Retrospective,NULL,NULL,NULL,NULL,NULL,NULL,NULL,NULL,,NULL,NULL,false,NULL,NULL,https://www.stephengill.co.uk/,NULL,NULL,NULL,NULL,NULL,NULL,NULL,NULL,NULL
452,Gill,Stephen,Stephen Gill,The Piller,NULL,NULL,NULL,NULL,NULL,NULL,NULL,NULL,,NULL,NULL,false,NULL,NULL,https://www.stephengill.co.uk/,NULL,NULL,NULL,NULL,NULL,NULL,NULL,NULL,NULL
453,Gill,Stephen,Stephen Gill,Please Notify the Sun,NULL,2020,21.6,27.0,NULL,Hardcover,168,"clothbound, with 111 color plates, Includes a 132 x 210 mm yellow saddle stitched booklet with an essay by Karl Ove Knausgård.",,NULL,Essay by Karl Ove Knausgård,false,Greger Ulf Nilso,NULL,https://www.stephengill.co.uk/,NULL,NULL,NULL,NULL,NULL,NULL,NULL,NULL,NULL
454,Glen,Alex McWhirter,Alex McWhirter Glen,Public,NULL,NULL,NULL,NULL,NULL,NULL,NULL,NULL,,NULL,NULL,false,NULL,NULL,NULL,NULL,NULL,NULL,NULL,NULL,NULL,NULL,NULL,NULL
455,Gluibizzi; Zefrey Throwell,Dan,Dan Gluibizzi; Zefrey Throwell,Folding Space / Depressing Time,NULL,NULL,NULL,NULL,NULL,NULL,NULL,NULL,,NULL,NULL,false,NULL,NULL,NULL,NULL,NULL,NULL,NULL,NULL,NULL,NULL,NULL,NULL
456,Goettke,Florian,Florian Goettke,Burning Images - A History Of Effigy Protests Vis-A-Vis Series,Valiz,2021,17.0,24.0,NULL,Paperback,384,"ills colour & bw, english",9789492095961,NULL,NULL,false,NULL,"Effigy hanging and burning, a specific theatrical form of political protest, has become increasingly visible in the news media, particularly in protests against United States military operations in Afghanistan and Iraq, in US domestic politics, and in the Arab Spring. Taking these events as points of departure, Florian Göttke investigates the conditions of this visual genre of protest, its roots and genealogies in a number of countries, its aesthetics, and politics. The book delves deeply into the different practices, iconologies, rituals, protest and media strategies, as well as into politics.",https://floriangoettke.com/,https://www.valiz.nl/,NULL,NULL,NULL,NULL,NULL,NULL,NULL,NULL
457,Gokita,Tomoo,Tomoo Gokita,PEEKABOO,NULL,NULL,NULL,NULL,NULL,NULL,NULL,NULL,,NULL,NULL,false,NULL,NULL,NULL,NULL,NULL,NULL,NULL,NULL,NULL,NULL,NULL,NULL
458,Goldberg,Jim,Jim Goldberg,Past Present Future,NULL,NULL,NULL,NULL,NULL,NULL,NULL,NULL,,NULL,NULL,false,NULL,NULL,https://jimgoldberg.com/,NULL,Individual Photographer Monograph,NULL,NULL,NULL,NULL,"Hudson Street Library, NYC",NULL,NULL
459,Goldberg,Jim,Jim Goldberg,Fingerprint,Stanley/Barker,2021,12.0,15.0,NULL,Silkscreened Box,90,500,,NULL,NULL,false,NULL,NULL,https://jimgoldberg.com/,https://www.stanleybarker.co.uk/,Individual Photographer Monograph,NULL,NULL,NULL,NULL,"Hudson Street Library, NYC",NULL,NULL
460,Goldberg,Jim,Jim Goldberg,Last Son,NULL,NULL,NULL,NULL,NULL,NULL,NULL,NULL,,NULL,NULL,false,NULL,NULL,https://jimgoldberg.com/,NULL,Individual Photographer Monograph,NULL,NULL,NULL,NULL,"Hudson Street Library, NYC",NULL,NULL
461,Goldberg,Jim,Jim Goldberg,Raised By Wolves,NULL,NULL,NULL,NULL,NULL,NULL,NULL,NULL,,NULL,NULL,false,NULL,NULL,https://jimgoldberg.com/,NULL,Individual Photographer Monograph,NULL,NULL,NULL,NULL,"Hudson Street Library, NYC",NULL,NULL
462,Goldblatt,Lydia,Lydia Goldblatt,Still Here,Hatje Cantz,2014,NULL,NULL,NULL,NULL,NULL,NULL,9783775736282,NULL,NULL,true,NULL,NULL,https://jimgoldberg.com/,https://www.hatjecantz.de/,NULL,NULL,NULL,NULL,NULL,NULL,NULL,NULL
463,Golfer,Adam,Adam Golfer,A House Without A Roof,Booklyn,2016,35.56,30.48,5.08,Softcover,168,"Edition of 700. Offset print. In English, Hebrew and Arabic. Printed by Shapco. Shortlisted: 2017 Kraszna-Kraus Foundation Photography Book of the Year Award, 2016 Paris Photo-Aperture Foundation First Book Award, 2016 Mack First Book Award",,"Janna Dyk, Gabriela Vainsencher",NULL,false,Ghazaal Vojdani,"A House Without a Roof is a photographic book and installation of images and texts which looks at the deeply intertwined histories of violence and displacement connecting Europe to Israel and the Palestinian Territories. Between 2011-2016, Golfer photographed and conducted fieldwork in the Baltic States, Britain, Germany, Israel, and the Occupied West Bank. He photographed varying landscapes of contention spanning from Jericho to Nuremberg, to the house in Siauliai, Lithuania where his grandmother was born before the war. Photographing and working in archives, he collected imagery and ephemera whose incompleteness, irony and poetic sensibilities point to ruptures in history, and occupy a place where the lines between myth and fact become difficult to distinguish. Framed by the relationship between his grandfather (a Jewish-Lithuanian survivor of Dachau), his dad (who briefly lived on an Israeli kibbutz in the 1970s) and himself, A House Without a Roof wrestles with contradictory narratives and points of view. Histories and time fold into one another as the mythologies and memories of his family become entangled with the ongoing narratives of violence, trauma and mass displacement which continue to play out in present-day Israel and Palestine. Multiple short stories appear dispersed throughout the book, reflecting events that either actually occurred or could have. They grapple with the anxieties of attempting to understand histories which have a myriad of truths and inhabit a dream-like space where his own memories and visions of the past, present and future blur together.",https://www.adamgolfer.com/,NULL,"diaspora, history, Israel, migration, Palestine, photography, WWII, Holocaust, Baltic States","Photographer Monographs, Documentary Photography",NULL,NULL,NULL,NULL,NULL,/assets/images/books/Golfer_A_House_Without_A_Roof.jpg
464,Gonzalez-Torres,Felix,Felix Gonzalez-Torres,Specific Objects Without Specific Form,Koenig Books,2017,NULL,NULL,NULL,Hardcover,656,NULL,9783863359737,NULL,"by Elena Filipovic (Author), Danh Vo (Author), Carol Bove (Author), Tino Sehgal (Author), Felix Gonzalez-Torres (Artist)",true,NULL,NULL,NULL,NULL,NULL,NULL,NULL,NULL,NULL,NULL,NULL,NULL
465,Gordon,Richard,Richard Gordon,American Surveillance: Someone to Watch Over Me,Chimaera Press,2009,NULL,NULL,NULL,NULL,NULL,NULL,9780960184422,NULL,NULL,false,NULL,NULL,NULL,NULL,NULL,NULL,Surveillance Index,NULL,NULL,NULL,NULL,NULL
466,Gordon,Daniel,Daniel Gordon,"Still Lifes, Portraits & Parts",NULL,NULL,NULL,NULL,NULL,NULL,NULL,NULL,,NULL,NULL,false,NULL,NULL,NULL,NULL,NULL,NULL,NULL,NULL,NULL,NULL,NULL,NULL
467,Gossage,John,John Gossage,Who Do You Love,NULL,NULL,NULL,NULL,NULL,NULL,NULL,NULL,,NULL,NULL,false,NULL,NULL,NULL,NULL,NULL,NULL,NULL,NULL,NULL,NULL,NULL,NULL
468,Gowin,Emmet,Emmet Gowin,Mariposas Nocturnas,NULL,NULL,NULL,NULL,NULL,NULL,NULL,NULL,,NULL,NULL,false,NULL,NULL,NULL,NULL,NULL,NULL,NULL,NULL,NULL,NULL,NULL,NULL
469,Graham,Paul,Paul Graham,Does Yellow Run Forever?,NULL,NULL,NULL,NULL,NULL,NULL,NULL,NULL,,NULL,NULL,false,NULL,NULL,NULL,NULL,NULL,NULL,NULL,NULL,NULL,NULL,NULL,NULL
470,Gravlejs,Ivars,Ivars Gravlejs,Early Works,Mack,2015,NULL,NULL,NULL,NULL,NULL,Prima edizione,9781910164396,NULL,NULL,true,NULL,NULL,NULL,https://mackbooks.co.uk,NULL,NULL,NULL,NULL,NULL,NULL,NULL,NULL
471,Greenberg,Stanley,Stanley Greenberg,Springs and Wells,Fw:Books,2021,NULL,NULL,NULL,NULL,NULL,NULL,,NULL,NULL,true,NULL,NULL,NULL,NULL,NULL,NULL,NULL,NULL,NULL,NULL,NULL,NULL
472,Greene,Stanley,Stanley Greene,The Western Front,NULL,NULL,NULL,NULL,NULL,NULL,NULL,NULL,,NULL,NULL,false,NULL,NULL,NULL,NULL,NULL,NULL,NULL,NULL,NULL,NULL,NULL,NULL
473,Gribbon,Jenna,Jenna Gribbon,Jenna Gribbon,NULL,NULL,NULL,NULL,NULL,NULL,NULL,NULL,,NULL,true,NULL,NULL,NULL,NULL,NULL,NULL,NULL,NULL,NULL,NULL,NULL,NULL,NULL
474,Groebli,Rene,Rene Groebli,Beryl Chen,NULL,NULL,NULL,NULL,NULL,NULL,NULL,NULL,,NULL,NULL,false,NULL,NULL,NULL,NULL,NULL,NULL,NULL,NULL,NULL,NULL,NULL,NULL
475,Grosse,Katharina,Katharina Grosse,"Eat, Child, Eat!",Gestalten,2011,NULL,NULL,NULL,NULL,NULL,NULL,,NULL,NULL,NULL,false,NULL,NULL,NULL,NULL,NULL,NULL,NULL,NULL,NULL,NULL,NULL
476,Grosvenor,Robert,Robert Grosvenor,16 Pictures,"Karma, New York",2017,27.2,21.1,1.0,NULL,40,NULL,9781942607748,NULL,NULL,NULL,false,"16 Pictures is the latest in a series of photobooks by American artist Robert Grosvenor (born 1937). Included here are color photographs of vehicles, scale models and ordinary objects. Sometimes blurry, sometimes overexposed, and very often brightly colorful, the photographs depict scenes that may be staged or chanced upon.",NULL,https://karmakarma.org/,Art,"Photography, Photobook, Contemporary Art, Karma",Art; Photography; Photobook,NULL,NULL,NULL,NULL,/assets/images/books/Grosvenor_16_Pictures_9781942607748.jpg
477,Grosvenor,Robert,Robert Grosvenor,32 Pictures,"Karma, New York",2014,27.3,21.6,NULL,Hardcover,80,"Special Edition, signed and painted with collaged photographs",,NULL,Text by Bob Nickas,NULL,false,"The first in Karma's series of publications of Robert Grosvenor's photography. This work presents itself as a manifest extension of his sculptural work. The 32 images in this book reveal an artist interested in the space between objects, as much as the objects themselves, and how form and texture can be combined in the natural world. At times, no intervention is necessary for a deadpan humor to effortlessly assert itself, as when Grosvenor takes a picture of concrete steps which have been painted a light sky blue. Other times Grosvenor seems to be implying a performance in mid-play, in others wonder a beguiling mystery suggests that perhaps it's all being staged for our viewing. We can't help but wonder if the world, more often than not, arranges itself to be seen.",NULL,https://karmakarma.org/,Art,"Photography, Photobook, Contemporary Art, Karma",Art; Photography; Photobook,NULL,NULL,NULL,"October 29, 2025",/assets/images/books/Grosvenor_32_Pictures_9781942607519.jpg
478,Grosvenor,Robert,Robert Grosvenor,27 Pictures,"Karma, New York",2015,27.3,21.6,NULL,Hardcover,56,Edition of 500,,NULL,NULL,NULL,false,"The second in Karma's series of publications of Robert Grosvenor's photography. This work presents itself as a manifest extension of his sculptural work. The 27 images in this book reveal an artist interested in the space between objects, as much as the objects themselves, and how form and texture can be combined in the natural world. At times, no intervention is necessary for a deadpan humor to effortlessly assert itself. Other times Grosvenor seems to be implying a performance in mid-play, in others wonder a beguiling mystery suggests that perhaps it's all being staged for our viewing. We can't help but wonder if the world, more often than not, arranges itself to be seen.",NULL,NULL,https://karmakarma.org/,NULL,NULL,NULL,NULL,NULL,"October 29, 2025",/assets/images/books/Grosvenor_27_Pictures.jpg
479,Grote,Ton,Ton Grote,Eindhovenseweg 56,The Eriskay Connection,2021,12.0,22.0,NULL,Wrap folded softcover,336,"Second, 1250",9789492051738,NULL,NULL,false,NULL,"When the mother of photographer Ton Grote died in 2007, his father stayed behind in a large house. Their parental home where his parents lived since 1969 and he grew up with his brother and sister. Eindhovenseweg 56, a house full of memories and dreams. When his father started to clean up, Ton Grote decided to photograph all the loose items his parents owned: teapots, old cameras, power strips, glasses, and a worn out football. Treasured things they grew up with and the objects his parents used: everything was recorded. The result is a photo archive of more than five thousand photos, of which 2,262 made it into the book.",NULL,NULL,NULL,NULL,NULL,NULL,NULL,NULL,NULL,NULL
480,Gupta,Sunil,Sunil Gupta,Lovers Ten Tears On,Stanley Barker,2020,31.0,21.4,NULL,"Swiss Bound, Soft cover",56,cloth spine,9781913288099,NULL,NULL,false,NULL,"In 1984 SUNIL GUPTA’s first long term relationship broke down in shortly after he arrived in London in 1984. He had met his lover in the early 1970’s when the impact of the gay movement upon the consciousness of gay men was just gaining ground. Then, gay was good, and gay was proud. The laws against gay sex had been turned back. The definition of homosexuality as a psychiatric disorder was successfully challenged. The commercial scene and the visibility of gay men expanded to unprecedented levels. Although, while all this change provided the individual with the means for unstigmatised sexual experimentation in relatively safe venues, simultaneously it hardly dented social attitudes and legal structures which oppressed gay relationships. The arrival of HIV/AIDS changed all that. Gay men came under attack, from the state and its various channels. The media mounted a vicious campaign to label gay men as sick and irresponsible. Gay men were almost exclusively represented as ill. Patients of some incurable disease that had been equated with their sexuality. On the strength of this fallacy once again there was talk of reinstating repressive laws. Once again “expert medical advisors” were in on the act with their labels and talk of “containment.” Couples though had come into their own. Gay self-help groups encouraged a change in sexual behaviour and a reduction in the number of partners. However, still without legal recognition, with the new emphasis on monogamy, with social attitudes reverting to hostility and given the invisibility of day-to-day life for gay men within relationships, being a partner in the 1980s proved to be as difficult as it had been decades ago. “These photographs were made in London. The couples define themselves as such by various criteria; some live together, some don’t, some have been together a short time, some a very long time, and soon. I believe the relationship between gay men is an important but often neglected component central to their lives.” - Sunil Gupta",https://www.sunilgupta.net/,https://www.stanleybarker.co.uk/,Individual Photographer Monograph,"London, Gay, Portraits, Queer",NULL,NULL,NULL,NULL,NULL,NULL
481,Guston,Philip,Philip Guston,Philip Guston Now,National Gallery of Art,NULL,NULL,NULL,NULL,NULL,NULL,NULL,,NULL,NULL,false,NULL,NULL,NULL,NULL,NULL,NULL,NULL,NULL,NULL,NULL,NULL,NULL
482,Guyton,Wade,Wade Guyton,Black,NULL,NULL,NULL,NULL,NULL,NULL,NULL,NULL,,NULL,NULL,false,NULL,NULL,NULL,NULL,NULL,NULL,NULL,NULL,NULL,NULL,NULL,NULL
483,Guyton,Wade,Wade Guyton,1 Month Ago,"Karma, New York",2014,27.3,20.3,NULL,NULL,368,Edition of 500,,NULL,NULL,false,NULL,"1 Month Ago documents the contents of the hardcore blog Sfcrewcut one month after a single painting of Guyton's appeared in its feed. Making the digital tactile, the publication examines the realm of re-appropriation amongst online subcultures.",NULL,https://karmakarma.org/,Art,"Contemporary Art, Digital Culture, Re-appropriation, Karma",Art; Contemporary Art; Digital Culture,NULL,NULL,NULL,"October 29, 2025",/assets/images/books/Guyton_1_Month_Ago_9780989398534.jpg
484,Guyton,Wade,Wade Guyton,OS,Rothkopf,NULL,NULL,NULL,NULL,NULL,NULL,NULL,,NULL,NULL,false,NULL,NULL,NULL,NULL,NULL,NULL,NULL,NULL,NULL,NULL,NULL,NULL
485,Guyton,Wade,Wade Guyton,The Failever of Judgement,NULL,NULL,NULL,NULL,NULL,NULL,NULL,NULL,,NULL,NULL,false,NULL,NULL,NULL,NULL,NULL,NULL,NULL,NULL,NULL,NULL,NULL,NULL
486,Guyton,Wade,Wade Guyton,WG3031,JRP | Ringier,2015,NULL,NULL,NULL,NULL,NULL,NULL,9783037644195,NULL,NULL,false,NULL,NULL,NULL,NULL,NULL,NULL,NULL,NULL,NULL,NULL,NULL,NULL
487,Guyton,Wade,Wade Guyton,Wade Guyton im Josef Alpers Museum,NULL,NULL,NULL,NULL,NULL,NULL,NULL,NULL,,NULL,NULL,false,NULL,NULL,NULL,NULL,NULL,NULL,NULL,NULL,NULL,NULL,NULL,NULL
488,Guyton,Wade,Wade Guyton,Couleur ET Fabrication,Galleria Gio Marconi,2011,NULL,NULL,NULL,NULL,NULL,NULL,,NULL,NULL,NULL,false,NULL,NULL,NULL,NULL,NULL,NULL,NULL,NULL,NULL,NULL,NULL
489,Guyton,Wade,Wade Guyton,Guyton Smith Walker,NULL,NULL,NULL,NULL,NULL,NULL,NULL,NULL,,NULL,NULL,false,NULL,NULL,NULL,NULL,NULL,NULL,NULL,NULL,NULL,NULL,NULL,NULL
490,Guyton,Wade,Wade Guyton,Das New Yorker Atelier,NULL,NULL,NULL,NULL,NULL,NULL,NULL,NULL,,NULL,NULL,false,NULL,NULL,NULL,NULL,NULL,NULL,NULL,NULL,NULL,NULL,NULL,NULL
491,Guyton,Wade,Wade Guyton,Wade Guyton: Zeichnungen von Drama und Frühstück im Atelier Vol. II,NULL,NULL,NULL,NULL,NULL,NULL,NULL,NULL,,NULL,NULL,false,NULL,NULL,NULL,NULL,NULL,NULL,NULL,NULL,NULL,NULL,NULL,NULL
492,Guyton,Wade,Wade Guyton,Zeichnungen von Drama und Frühstück im Atelier,NULL,NULL,NULL,NULL,NULL,NULL,NULL,NULL,,NULL,NULL,false,NULL,NULL,NULL,NULL,NULL,NULL,NULL,NULL,NULL,NULL,NULL,NULL
493,H,NULL,NULL,H,NULL,NULL,NULL,NULL,NULL,NULL,NULL,NULL,,NULL,NULL,false,NULL,NULL,NULL,NULL,NULL,NULL,NULL,NULL,NULL,NULL,NULL,NULL
494,Hachmeister,Grit,Grit Hachmeister,Grit,Spector Books,2015,NULL,NULL,NULL,NULL,NULL,NULL,9783959050012,NULL,NULL,false,NULL,NULL,NULL,NULL,NULL,NULL,NULL,NULL,NULL,NULL,NULL,NULL
495,Hagai,Dafy,Dafy Hagai,Sunset,Perimeter Books,2015,NULL,NULL,NULL,NULL,40,NULL,9780994388315,NULL,NULL,false,NULL,NULL,NULL,NULL,NULL,NULL,NULL,NULL,NULL,NULL,NULL,NULL
496,Halaban,Gail Albert,Gail Albert Halaban,Out My Window,PowerHouse Books,NULL,NULL,NULL,NULL,NULL,NULL,NULL,9781576876121,NULL,NULL,false,NULL,NULL,NULL,NULL,NULL,NULL,NULL,NULL,NULL,NULL,NULL,NULL
497,Halard,Francois,Francois Halard,Polaroids,NULL,NULL,NULL,NULL,NULL,NULL,NULL,NULL,,NULL,NULL,false,NULL,NULL,NULL,NULL,NULL,NULL,NULL,NULL,NULL,NULL,NULL,NULL
498,Hamann,Matthias,Matthias Hamann,you would,Spector Books,2015,NULL,NULL,NULL,NULL,NULL,NULL,9783944669915,NULL,NULL,false,NULL,NULL,NULL,NULL,NULL,NULL,NULL,NULL,NULL,NULL,NULL,NULL
499,Hammer,Barbara,Barbara Hammer,Barbara Hammer’s Truant: Photographs 1970-1979,NULL,NULL,NULL,NULL,NULL,NULL,NULL,NULL,,NULL,NULL,false,NULL,NULL,NULL,NULL,NULL,NULL,NULL,NULL,NULL,NULL,NULL,NULL
500,Hammerand,Andrew,Andrew Hammerand,The Man Who Never Returned,NULL,NULL,NULL,NULL,NULL,NULL,NULL,NULL,,NULL,NULL,false,NULL,NULL,NULL,NULL,NULL,NULL,NULL,NULL,NULL,NULL,NULL,NULL
501,Hammons,David,David Hammons,Four Works by David Hammons,Black Matter Press,NULL,NULL,NULL,NULL,NULL,NULL,Edition of ..,,NULL,NULL,false,NULL,NULL,NULL,NULL,NULL,NULL,NULL,NULL,NULL,NULL,NULL,NULL
502,Hammons,David,David Hammons,"Body Prints, 1968-197",The Drawing Center,NULL,NULL,NULL,NULL,NULL,NULL,NULL,,NULL,NULL,false,NULL,NULL,NULL,NULL,NULL,NULL,NULL,NULL,NULL,NULL,NULL,NULL
503,Hammons,David,David Hammons,Basketball & Kool-Aid,Nahmad Contemporary,NULL,NULL,NULL,NULL,NULL,NULL,NULL,,NULL,NULL,false,NULL,NULL,NULL,NULL,NULL,NULL,NULL,NULL,NULL,NULL,NULL,NULL
504,Hang,Ren,Ren Hang,September (signed) by Ren Hang,NULL,NULL,NULL,NULL,NULL,NULL,NULL,NULL,,NULL,NULL,false,NULL,NULL,NULL,NULL,NULL,NULL,NULL,NULL,NULL,"Hudson Street Library, NYC",NULL,NULL
505,Hang,Ren,Ren Hang,Huang Jiaqi (signed) by Ren Hang,NULL,NULL,NULL,NULL,NULL,NULL,NULL,NULL,,NULL,NULL,false,NULL,NULL,NULL,NULL,NULL,NULL,NULL,NULL,NULL,"Hudson Street Library, NYC",NULL,NULL
506,Hang,Ren,Ren Hang,May by Ren Hang,NULL,NULL,NULL,NULL,NULL,NULL,NULL,NULL,,NULL,NULL,false,NULL,NULL,NULL,NULL,NULL,NULL,NULL,NULL,NULL,"Hudson Street Library, NYC",NULL,NULL
507,Hang,Ren,Ren Hang,March by Ren Hang,NULL,NULL,NULL,NULL,NULL,NULL,NULL,NULL,,NULL,NULL,false,NULL,NULL,NULL,NULL,NULL,NULL,NULL,NULL,NULL,"Hudson Street Library, NYC",NULL,NULL
508,Hang,Ren,Ren Hang,November (signed) by Ren Hang,NULL,NULL,NULL,NULL,NULL,NULL,NULL,NULL,,NULL,NULL,false,NULL,NULL,NULL,NULL,NULL,NULL,NULL,NULL,NULL,"Hudson Street Library, NYC",NULL,NULL
509,Hang,Ren,Ren Hang,August (signed) by Ren Hang,NULL,NULL,NULL,NULL,NULL,NULL,NULL,NULL,,NULL,NULL,false,NULL,NULL,NULL,NULL,NULL,NULL,NULL,NULL,NULL,"Hudson Street Library, NYC",NULL,NULL
510,Hang,Ren,Ren Hang,October (signed) by Ren Hang,NULL,NULL,NULL,NULL,NULL,NULL,NULL,NULL,,NULL,NULL,false,NULL,NULL,NULL,NULL,NULL,NULL,NULL,NULL,NULL,"Hudson Street Library, NYC",NULL,NULL
511,Hang,Ren,Ren Hang,Physical Borderline,NULL,NULL,NULL,NULL,NULL,NULL,NULL,NULL,,NULL,NULL,false,NULL,NULL,NULL,NULL,NULL,NULL,NULL,NULL,NULL,"Hudson Street Library, NYC",NULL,NULL
512,Hang,Ren,Ren Hang,June by Ren Hang,NULL,NULL,NULL,NULL,NULL,NULL,NULL,NULL,,NULL,NULL,false,NULL,NULL,NULL,NULL,NULL,NULL,NULL,NULL,NULL,"Hudson Street Library, NYC",NULL,NULL
513,Hang,Ren,Ren Hang,Athens Love,NULL,NULL,NULL,NULL,NULL,NULL,NULL,NULL,,NULL,NULL,false,NULL,NULL,NULL,NULL,Individual Photographer Monograph,NULL,NULL,NULL,NULL,"Hudson Street Library, NYC",NULL,NULL
514,Hang,Ren,Ren Hang,New Love,NULL,NULL,NULL,NULL,NULL,NULL,NULL,NULL,,NULL,NULL,false,NULL,NULL,NULL,NULL,Individual Photographer Monograph,NULL,NULL,NULL,NULL,"Hudson Street Library, NYC",NULL,NULL
515,Hang,Ren,Ren Hang,Nude,Self Published,NULL,NULL,NULL,NULL,hardcover,98,"500, signed, 1/2",,NULL,NULL,false,NULL,NULL,NULL,NULL,Individual Photographer Monograph,NULL,NULL,NULL,NULL,"Hudson Street Library, NYC",NULL,NULL
516,Hanson,Pamela,Pamela Hanson,Untitled,NULL,NULL,NULL,NULL,NULL,NULL,NULL,NULL,,NULL,NULL,false,NULL,NULL,NULL,NULL,NULL,NULL,NULL,NULL,NULL,NULL,NULL,NULL
517,Hanson,Pamela,Pamela Hanson,Private Room,NULL,NULL,NULL,NULL,NULL,NULL,NULL,NULL,,NULL,NULL,false,NULL,NULL,NULL,NULL,NULL,NULL,NULL,NULL,NULL,NULL,NULL,NULL
518,Hanson,Erik,Erik Hanson,Two Years of Bluto,Marlborough Gallery Inc,2019,15.5,21.0,NULL,Paperback,NULL,"staple bound, coulor, numbered, signed. 31/100",,NULL,NULL,true,NULL,"In January of 2017, self-taught artist Erik Hanson decided to try something new. He set aside the conceive/execute way of working and decided to live in the moment with no plans and no internal critique, giving himself the freedom to do whatever he wanted to do in the studio with no road-map. Within the first week a friend had sent him an image of a Bluto toy and as he painted it, Hanson soon found himself immersed in the concepts he had learned as a little kid parked in front of the TV. The floodgates opened and he was on his way to a monumental meditation on “Good Guys and Bad Guys”",NULL,NULL,NULL,"Queer, luto, Cartoon, Popeye",NULL,NULL,NULL,NULL,NULL,NULL
519,Hanzlova,Jitka,Jitka Hanzlova,Hier,NULL,NULL,NULL,NULL,NULL,NULL,NULL,NULL,,NULL,NULL,false,NULL,NULL,NULL,NULL,NULL,NULL,NULL,NULL,NULL,NULL,NULL,NULL
520,Haring,Keith,Keith Haring,31 Subway Drawings,Princeton University Press,2021,NULL,NULL,NULL,Hardcover,64,NULL,9780691229973,"Deitch, Jeffrey",NULL,false,NULL,"A fascinating look at Keith Haring's New York City subway artwork from the 1980s. Celebrated artist Keith Haring (1958-1990) has been embraced by popular culture for his signature bold graphic line drawings of figures and forms. Like other graffiti artists in the 1980s, Haring found an empty canvas in the advertising panels scattered throughout New York City's subway system, where he communicated his socially conscious, often humorous messages on platforms and train cars. Over a five-year period, in an epic conquest of civic space, Haring produced a massive body of subway artwork that remains daunting in its scale and its impact on the public consciousness. Dedicated to the individuals who might encounter them and to the moments of their creation, Haring's drawings now exist solely in the form of documentary photographs and legend. Because they were not meant to be permanent--only briefly inhabiting blacked-out advertising boards before being covered up by ads or torn down by authorities or admirers--what little remains of this project is uniquely fugitive. Keith Haring: 31 Subway Drawings reproduces archival materials relating to this magnificent project alongside essays by leading Haring experts.",NULL,https://press.princeton.edu/,Art,"Graffiti & Street Art, Contemporary Art, Popular Culture, Biography",NULL,NULL,NULL,NULL,NULL,/assets/images/books/Haring_31_Subway_Drawings_9780691229973.jpg
521,Haring,Keith,Keith Haring,Keith Haring (Rizzoli Classics),NULL,NULL,NULL,NULL,NULL,NULL,NULL,NULL,,NULL,NULL,false,NULL,NULL,NULL,NULL,NULL,NULL,NULL,NULL,NULL,NULL,NULL,NULL
522,Haring,Keith,Keith Haring,Keith Haring Journals,NULL,NULL,NULL,NULL,NULL,NULL,NULL,NULL,,NULL,NULL,false,NULL,NULL,NULL,NULL,NULL,NULL,NULL,NULL,NULL,NULL,NULL,NULL
523,Haring,Keith,Keith Haring,Against All Odds: Keith Haring in the Rubell Family Collection / A pesar de todo: Keith Haring en la colecction de la familia Rubell (English and Spanish Edition),NULL,NULL,NULL,NULL,NULL,NULL,NULL,NULL,,NULL,NULL,false,NULL,NULL,NULL,NULL,NULL,NULL,NULL,NULL,NULL,NULL,NULL,NULL
524,Haring,Keith,Keith Haring,Keith Haring: Manhattan Penis Drawings for Ken Hicks,NULL,NULL,NULL,NULL,NULL,NULL,NULL,NULL,,NULL,NULL,false,NULL,NULL,NULL,NULL,NULL,NULL,NULL,NULL,NULL,NULL,NULL,NULL
525,Hartung,Oliver,Oliver Hartung,Iran Monuments,NULL,NULL,NULL,NULL,NULL,NULL,NULL,NULL,,NULL,NULL,false,NULL,NULL,NULL,NULL,NULL,NULL,NULL,NULL,NULL,NULL,NULL,NULL
526,Hatakeyama,Naoya,Naoya Hatakeyama,Excavating the Future City,NULL,NULL,NULL,NULL,NULL,NULL,NULL,NULL,,NULL,NULL,false,NULL,NULL,NULL,NULL,NULL,NULL,NULL,NULL,NULL,NULL,NULL,NULL
527,Hauser,Thomas,Thomas Hauser,Girls Seen,Patrick Remy Studio,2021,NULL,NULL,NULL,NULL,NULL,NULL,,NULL,NULL,NULL,false,NULL,NULL,NULL,NULL,NULL,NULL,NULL,NULL,NULL,NULL,NULL
528,Hausmann,Raoul,Raoul Hausmann,Photographs 1927-1936 Waffenruhe (Ceasefire),NULL,NULL,NULL,NULL,NULL,NULL,NULL,NULL,,NULL,NULL,false,NULL,NULL,NULL,NULL,NULL,NULL,NULL,NULL,NULL,NULL,NULL,NULL
529,Hawkesworth,Jamie,Jamie Hawkesworth,Preston Bus Station,NULL,NULL,NULL,NULL,NULL,NULL,NULL,NULL,,NULL,NULL,false,NULL,NULL,NULL,NULL,NULL,NULL,NULL,NULL,NULL,NULL,NULL,NULL
530,Haynes,Jesper,Jesper Haynes,Brooklyn 11211,NULL,NULL,NULL,NULL,NULL,NULL,NULL,NULL,,NULL,NULL,false,NULL,NULL,NULL,NULL,Individual Photographer Monograph,NULL,NULL,NULL,NULL,"Hudson Street Library, NYC",NULL,NULL
531,Haynes,Jesper,Jesper Haynes,Haynesville #4,NULL,NULL,NULL,NULL,NULL,NULL,NULL,NULL,,NULL,NULL,false,NULL,NULL,NULL,NULL,Individual Photographer Monograph,NULL,NULL,NULL,NULL,"Hudson Street Library, NYC",NULL,NULL
532,Haynes,Jesper,Jesper Haynes,Shibuya Scramble,NULL,NULL,NULL,NULL,NULL,NULL,NULL,NULL,,NULL,NULL,false,NULL,NULL,NULL,NULL,Individual Photographer Monograph,NULL,NULL,NULL,NULL,"Hudson Street Library, NYC",NULL,NULL
533,Haynes,Jesper,Jesper Haynes,Jesper Haynes,Pinkuneko Publishing,NULL,NULL,NULL,NULL,NULL,NULL,First edition 92/120,,NULL,NULL,false,NULL,NULL,NULL,NULL,NULL,NULL,NULL,NULL,NULL,NULL,NULL,NULL
534,Haynes,Jesper,Jesper Haynes,GIG,NULL,NULL,NULL,NULL,NULL,NULL,NULL,NULL,,NULL,NULL,false,NULL,NULL,NULL,NULL,Individual Photographer Monograph,NULL,NULL,NULL,NULL,"Hudson Street Library, NYC",NULL,NULL
535,Heinecken,Robert,Robert Heinecken,Lessons in Public Posing,NULL,NULL,NULL,NULL,NULL,NULL,NULL,NULL,,NULL,NULL,false,NULL,NULL,NULL,NULL,NULL,NULL,NULL,NULL,NULL,NULL,NULL,NULL
536,Heinecken,Robert,Robert Heinecken,Lessons in Posing Subjects,NULL,NULL,NULL,NULL,NULL,NULL,NULL,NULL,,NULL,NULL,false,NULL,NULL,NULL,NULL,NULL,NULL,NULL,NULL,NULL,NULL,NULL,NULL
537,Hernandez,Anthony,Anthony Hernandez,Forever,NULL,NULL,NULL,NULL,NULL,NULL,NULL,NULL,,NULL,NULL,false,NULL,NULL,NULL,NULL,NULL,NULL,NULL,NULL,NULL,NULL,NULL,NULL
538,Hernandez,Anthony,Anthony Hernandez,"L.A., 1971",Silas Finch,2014,NULL,NULL,NULL,NULL,NULL,NULL,9781936063093,NULL,NULL,false,NULL,NULL,NULL,NULL,NULL,NULL,NULL,NULL,NULL,NULL,NULL,NULL
539,Hiett,Steve,Steve Hiett,Beyond Blond,NULL,NULL,NULL,NULL,NULL,NULL,NULL,NULL,,NULL,NULL,false,NULL,NULL,NULL,NULL,NULL,NULL,NULL,NULL,NULL,NULL,NULL,NULL
540,Hisbacq,Pauline,Pauline Hisbacq,Le feu,NULL,NULL,NULL,NULL,NULL,NULL,NULL,NULL,,NULL,NULL,false,NULL,NULL,NULL,NULL,NULL,NULL,NULL,NULL,NULL,NULL,NULL,NULL
541,Hoey,Dana,Dana Hoey,The Phantom Sex,University Art Museum,2012,NULL,NULL,NULL,NULL,NULL,NULL,9780910763448,NULL,NULL,false,NULL,NULL,NULL,NULL,NULL,NULL,NULL,NULL,NULL,NULL,NULL,NULL
542,Hoffman,Liv,Liv Hoffman,Open Nightly,NULL,NULL,NULL,NULL,NULL,NULL,NULL,NULL,,NULL,NULL,false,NULL,NULL,NULL,NULL,NULL,NULL,NULL,NULL,NULL,NULL,NULL,NULL
543,Holstad,Christian,Christian Holstad,Dignity,Non Basic Stock Line,2004,NULL,NULL,NULL,NULL,64,NULL,9783936859132,NULL,NULL,true,NULL,NULL,NULL,NULL,NULL,NULL,NULL,NULL,NULL,NULL,NULL,NULL
544,Holzer,Jenny,Jenny Holzer,Belligerent,Ivorypress,2017,15.0,10.5,NULL,NULL,NULL,7 posters,9788494509650,NULL,NULL,false,NULL,NULL,NULL,NULL,NULL,NULL,NULL,NULL,NULL,NULL,NULL,NULL
545,Homma,Takashi,Takashi Homma,Portrait,Heibonsha,2013,NULL,NULL,NULL,NULL,60,NULL,9784582231212,NULL,w/ Mikako Ichikawa,false,NULL,NULL,NULL,NULL,NULL,NULL,NULL,NULL,NULL,NULL,NULL,NULL
546,Homma,Takashi,Takashi Homma,Scandinavian Mushroom,NULL,NULL,NULL,NULL,NULL,NULL,NULL,NULL,,NULL,NULL,false,NULL,NULL,NULL,NULL,NULL,NULL,NULL,NULL,NULL,NULL,NULL,NULL
457,Hosokura,Mayumi,Mayumi Hosokura,Crystal Love Starlight,Tycoon Books,2014,NULL,NULL,NULL,NULL,NULL,NULL,9784990662837,NULL,NULL,false,NULL,NULL,NULL,NULL,NULL,NULL,NULL,NULL,NULL,NULL,NULL,NULL
458,Hosokura,Mayumi,Mayumi Hosokura,Kazan,Artbeat Publishers,2012,NULL,NULL,NULL,NULL,NULL,NULL,9784902080414,NULL,NULL,false,NULL,NULL,NULL,NULL,NULL,NULL,NULL,NULL,NULL,NULL,NULL,NULL
459,Hosteing,Nicolas,Nicolas Hosteing,Matador,NULL,NULL,NULL,NULL,NULL,NULL,NULL,NULL,,NULL,NULL,false,NULL,NULL,NULL,NULL,NULL,NULL,NULL,NULL,NULL,NULL,NULL,NULL
460,Howe; Tom Sacs,Susanna,Susanna Howe; Tom Sacs,Travel for the Adventurous and Self-Involved,NULL,NULL,NULL,NULL,NULL,NULL,NULL,NULL,,NULL,NULL,false,NULL,NULL,NULL,NULL,NULL,NULL,NULL,NULL,NULL,NULL,NULL,NULL
461,Hugo,Pieter,Pieter Hugo,PH & HBA,NULL,NULL,NULL,NULL,NULL,NULL,NULL,NULL,,NULL,NULL,false,NULL,NULL,NULL,NULL,Individual Photographer Monograph,NULL,NULL,NULL,NULL,"Hudson Street Library, NYC",NULL,NULL
462,Hujar,Peter,Peter Hujar,Peter Hujar,NULL,NULL,NULL,NULL,NULL,NULL,NULL,NULL,,NULL,NULL,false,NULL,NULL,NULL,NULL,Individual Photographer Monograph,NULL,NULL,NULL,NULL,"Hudson Street Library, NYC",NULL,NULL
463,Hujar,Peter,Peter Hujar,Love & Lust,Fraenkel Gallery,2014,35.6,27.9,1.9,Softcover,82,Slp edition,9781881337379,NULL,NULL,false,NULL,NULL,NULL,NULL,Individual Photographer Monograph,NULL,NULL,NULL,NULL,"Hudson Street Library, NYC",NULL,NULL
464,Hura,Sohrab,Sohrab Hura,Life is Elsewhere,NULL,NULL,NULL,NULL,NULL,NULL,NULL,NULL,,NULL,NULL,false,NULL,NULL,NULL,NULL,Individual Photographer Monograph,NULL,NULL,NULL,NULL,"Hudson Street Library, NYC",NULL,NULL
465,I,NULL,NULL,I,NULL,NULL,NULL,NULL,NULL,NULL,NULL,NULL,,NULL,NULL,false,NULL,NULL,NULL,NULL,NULL,NULL,NULL,NULL,NULL,NULL,NULL,NULL
466,Ishikawa,Mao,Mao Ishikawa,"Red Flower, The Women of Okinawa",Session Press,2017,NULL,NULL,NULL,NULL,NULL,NULL,9780692817445,NULL,NULL,false,NULL,NULL,NULL,NULL,NULL,NULL,NULL,NULL,NULL,NULL,NULL,NULL
467,Ishikawa,Mao,Mao Ishikawa,Bad Ass and Beauty—One Love,T&M Projects,NULL,NULL,NULL,NULL,NULL,NULL,NULL,,NULL,NULL,false,NULL,NULL,NULL,NULL,NULL,NULL,NULL,NULL,NULL,NULL,NULL,NULL
468,Ivin,Sam,Sam Ivin,Lingering Ghosts,NULL,NULL,NULL,NULL,NULL,NULL,NULL,NULL,,NULL,NULL,false,NULL,NULL,NULL,NULL,NULL,NULL,NULL,NULL,NULL,NULL,NULL,NULL
469,J,NULL,NULL,J,NULL,NULL,NULL,NULL,NULL,NULL,NULL,NULL,,NULL,NULL,false,NULL,NULL,NULL,NULL,NULL,NULL,NULL,NULL,NULL,NULL,NULL,NULL
470,Jacobs,Henri,Henri Jacobs,Journal Drawings,NULL,NULL,NULL,NULL,NULL,NULL,NULL,NULL,,NULL,NULL,false,NULL,NULL,NULL,NULL,NULL,NULL,NULL,NULL,NULL,NULL,NULL,NULL
471,Jaeger,Elizabeth,Elizabeth Jaeger,Eros C'est La Vie,Totem,2013,NULL,NULL,NULL,NULL,54,NULL,,NULL,NULL,false,NULL,NULL,NULL,NULL,NULL,NULL,NULL,NULL,NULL,NULL,NULL,NULL
472,Jaffa,Arthur,Arthur Jaffa,NULL,NULL,NULL,NULL,NULL,NULL,NULL,NULL,NULL,,NULL,NULL,false,NULL,NULL,NULL,NULL,NULL,NULL,NULL,NULL,NULL,NULL,NULL,NULL
473,Jaffa,Arthur,Arthur Jaffa,"A Series of Utterly Improbable, Yet Extraordinary Renditions",Serpentine Galleries,NULL,NULL,NULL,NULL,NULL,NULL,NULL,,NULL,NULL,false,NULL,NULL,NULL,NULL,NULL,NULL,NULL,NULL,NULL,NULL,NULL,NULL
474,Jamie,Zoe Ghertner,Zoe Ghertner Jamie,PRINT / Issue Two,NULL,NULL,NULL,NULL,NULL,NULL,NULL,NULL,,NULL,false,NULL,NULL,NULL,NULL,NULL,NULL,NULL,NULL,NULL,NULL,NULL,NULL,NULL
475,Jamison,Aaron Flint,Aaron Flint Jamison,Cascades,Edition Patrick Frey,2015,NULL,NULL,NULL,NULL,288,NULL,9783905929942,NULL,NULL,false,NULL,NULL,NULL,NULL,NULL,NULL,NULL,NULL,NULL,NULL,NULL,NULL
476,Jarvis,Shaniqwa,Shaniqwa Jarvis,This Charming Man,NULL,2011,NULL,NULL,NULL,NULL,NULL,NULL,,NULL,NULL,true,NULL,NULL,NULL,NULL,NULL,Portraits,NULL,NULL,NULL,NULL,NULL,NULL
477,Jewell,Dick,Dick Jewell,Four Thousand Threads,NULL,NULL,NULL,NULL,NULL,NULL,NULL,NULL,,NULL,NULL,false,NULL,NULL,NULL,NULL,NULL,NULL,NULL,NULL,NULL,NULL,NULL,NULL
478,Jocoy,Jim,Jim Jocoy,Order of Appearance,NULL,NULL,NULL,NULL,NULL,NULL,NULL,NULL,,NULL,NULL,false,NULL,NULL,NULL,NULL,NULL,NULL,NULL,NULL,NULL,NULL,NULL,NULL
479,Johnson,Matt,Matt Johnson,Photobooks &: a critical companion to the contemporary medium,NULL,NULL,NULL,NULL,NULL,NULL,NULL,NULL,,NULL,NULL,false,NULL,NULL,NULL,NULL,NULL,NULL,NULL,NULL,NULL,NULL,NULL,NULL
480,Johnson,Leigh,Leigh Johnson,Gospel Oak,Farago,2015,NULL,NULL,NULL,NULL,NULL,NULL,,NULL,NULL,NULL,false,NULL,NULL,NULL,NULL,NULL,NULL,NULL,NULL,NULL,NULL,NULL
481,Johnson,Ray,Ray Johnson,Ray Johnson c/o,Art Institute of Chicago,2021,30.5,22.9,2.8,Softcover,376,NULL,9780300254334,"Haskell, Caitlin",NULL,false,NULL,"Ray Johnson (1927–1995) was a renowned maker of meticulous collages whose works influenced movements including Pop Art, Fluxus, and Conceptual Art. Emerging from the interdisciplinary community of artists and poets at Black Mountain College, Johnson was extraordinarily adept at using social interaction as an artistic endeavor and founded a mail art network known as the New York Correspondence School. Drawing on the vast collection of Johnson’s work at the Art Institute of Chicago, this volume gives new shape to our understanding of his artistic practice and features hundreds of pieces that include artist’s books, collages, drawings, mail art, and performance documentation. In keeping with Johnson’s democratic, rhizomatic, and antihierarchical ethos, this indispensable resource on the artist’s oeuvre contains 700 illustrations, many of them never before published, and twenty-one short essays by various contributors that allow readers to dip into and out of the book in a nonlinear manner.",NULL,NULL,Art,mail art,NULL,NULL,NULL,NULL,NULL,NULL
482,Johnstone,Charles,Charles Johnstone,Briney Breezes,Sun Editions,2015,NULL,NULL,NULL,NULL,NULL,First Edition,9780984978199,NULL,Aaron McElroy,false,NULL,NULL,NULL,NULL,NULL,NULL,NULL,NULL,NULL,NULL,NULL,NULL
483,Johnstone,Charles,Charles Johnstone,The Girl in the Fifth Floor Walk-Up,NULL,NULL,NULL,NULL,NULL,NULL,NULL,NULL,,NULL,NULL,false,NULL,NULL,NULL,NULL,NULL,NULL,NULL,NULL,NULL,NULL,NULL,NULL
484,Johnstone,Charles,Charles Johnstone,Libby,NULL,NULL,NULL,NULL,NULL,NULL,NULL,NULL,,NULL,NULL,false,NULL,NULL,NULL,NULL,NULL,NULL,NULL,NULL,NULL,NULL,NULL,NULL
485,JR,NULL,JR,JR: Can Art Change the World?,Phaidon Press,2015,NULL,NULL,NULL,NULL,NULL,NULL,9780714869490,NULL,NULL,false,NULL,NULL,NULL,https://www.phaidon.com,NULL,NULL,NULL,NULL,NULL,NULL,NULL,NULL
486,K,NULL,NULL,K,NULL,NULL,NULL,NULL,NULL,NULL,NULL,NULL,,NULL,NULL,false,NULL,NULL,NULL,NULL,NULL,NULL,NULL,NULL,NULL,NULL,NULL,NULL
487,Kader Attia,Kader,Kader Kader Attia,Transformations,Spectormag GbR,2014,NULL,NULL,NULL,Hardcover,224,First Edition,9783944669236,Ellen Blumenstein,NULL,false,Johannes Willi,"in very good condition.. ""Transformations"" is a collection of essays and artworks by Kader Attia that explore the concept of transformation in various forms.",NULL,NULL,Art,NULL,"ART031000, PHI022000, SOC026000",NULL,709.2,NULL,NULL,NULL
488,Kanoh,Tenmei,Tenmei Kanoh,New York 1969,NULL,NULL,NULL,NULL,NULL,NULL,NULL,NULL,,NULL,NULL,false,NULL,NULL,NULL,NULL,NULL,NULL,NULL,NULL,NULL,NULL,NULL,NULL
489,Kash,Sam,Sam Kash,Surf Goddess: Beauty Meets the Beach,Radius Press,1995,NULL,NULL,NULL,NULL,NULL,NULL,0942154959,NULL,NULL,false,NULL,NULL,NULL,NULL,NULL,NULL,NULL,NULL,NULL,NULL,NULL,NULL
490,Katsu; Ari Marcopoulos,,NULL,Katsu; Ari Marcopoulos,6-23 '13 - N6 Street - Brooklyn,NULL,NULL,NULL,NULL,NULL,NULL,NULL,,NULL,NULL,false,NULL,NULL,NULL,NULL,NULL,NULL,NULL,NULL,NULL,NULL,NULL,NULL
491,Kawasaki,Shiori,Shiori Kawasaki,Fan Zine,Bookdummypress,2013,NULL,NULL,NULL,NULL,NULL,NULL,9780989688819,NULL,NULL,false,NULL,NULL,NULL,NULL,NULL,NULL,NULL,NULL,NULL,NULL,NULL,NULL
492,Kayser,John,John Kayser,Rose,Ampersand Gallery,2015,NULL,NULL,NULL,NULL,NULL,NULL,,NULL,NULL,false,NULL,NULL,NULL,NULL,NULL,NULL,NULL,NULL,NULL,NULL,NULL,NULL
493,Kayser,John,John Kayser,JK Sitting,NULL,NULL,NULL,NULL,NULL,NULL,NULL,NULL,,NULL,NULL,false,NULL,NULL,NULL,NULL,NULL,NULL,NULL,NULL,NULL,NULL,NULL,NULL
494,Keiser,Daniela,Daniela Keiser,Ar & Or,NULL,2012,NULL,NULL,NULL,NULL,NULL,NULL,9783037461648,NULL,NULL,false,NULL,NULL,NULL,NULL,NULL,NULL,NULL,NULL,NULL,NULL,NULL,NULL
495,Keizer,Ilja,Ilja Keizer,Vicky,self-published,2021,24.5,18.0,NULL,Linen hardcover,96,First Edition,978909034193,NULL,NULL,true,NULL,"with tip-in. Vicky: ‘Fucking Glad I met You’ is a personal and raw collection of portraits and mobile phone snapshots shot in the summer of 2020 by Dutch photographer Ilja Keizer. The images were made during an intense journey that led them around Europe in a little over 3 months, with the trip ending in a tiny Polish village where Vicky lives. The result is a highly personal document, including a signed print and various inserts.","Includes: Including a signed print, McDonald's Warsaw receipt / a personal note from Vicky / photo strip from instant photo machine located in St. Pauli Hamburg / contact form from restaurant 26 Shibuya in Berlin and a Spotify playlist",NULL,NULL,NULL,NULL,NULL,NULL,NULL,NULL,NULL
496,Keller,Dagmar,Dagmar Keller,Passengers,Spector Books,2014,NULL,NULL,NULL,NULL,NULL,NULL,9783944669021,NULL,NULL,false,NULL,NULL,NULL,NULL,NULL,NULL,NULL,NULL,NULL,NULL,NULL,NULL
497,Keller; Martin Wittwer,Dagmar,Dagmar Keller; Martin Wittwer,Passengers,NULL,NULL,NULL,NULL,NULL,NULL,NULL,NULL,,NULL,NULL,false,NULL,NULL,NULL,NULL,NULL,NULL,NULL,NULL,NULL,NULL,NULL,NULL
498,Kern,Richard,Richard Kern,Extra High,INNEN,2021,18.9,13.0,NULL,Softcover,36,"Edition of 1000, Color Offset Printed",,NULL,NULL,false,NULL,NULL,http://www.richardkern.com/,NULL,NYC,NULL,NULL,NULL,NULL,NULL,NULL,NULL
499,Kern,Richard,Richard Kern,Half Half,co-published by Catalogue Library and Shizen Brooklyn,2019,24.1,16.5,1.3,Softcover,78,"Edition of 400, color",,NULL,NULL,false,NULL,"Half Half was photographed in Tokyo and New York City between 2016 and 2018. Photographs by Richard Kern. Styling, hair and makeup by Shizen Brooklyn (NYC) and The Oversea (Tokyo). Design and Layout by Catalogue",http://www.richardkern.com/,NULL,NYC,Individual Photographer Zine,NULL,NULL,NULL,NULL,NULL,NULL
500,Kern,Richard,Richard Kern,Medicated,APE (Art Paper Editions),2021,NULL,NULL,NULL,NULL,NULL,NULL,,Jurgen Maelfeyt,NULL,false,NULL,"My name is Faye and I’m 18. I take 15 mgs of Adderall extended release. I started taking them last year when I was 17. I’ve always had like problems in school, behavioral problems, and I’ve had problems in class… but I was on my last year of high school so—I was doing really badly so my mom and I thought that we should like finally go to a psychiatrist and get something for me to like push me through. Like it wasn’t the most intense examination he was like so- if I didn’t have this problem I could still go in and lie about it. Like I just told him what was wrong with me and he just prescribed me something. Like I could’ve been lying. I said that I can’t pay attention in class, I’m really disorganized, and I also went to him for anxiety too, cause I have really bad anxiety, and I feel like my attention and anxiety go like hand in hand.",http://www.richardkern.com/,https://artpapereditions.org/,Individual Photographer Monograph,"erotica, nyc, nude, girls, drugs, weed",NULL,NULL,NULL,"Hudson Street Library, NYC",NULL,NULL
502,Kern,Richard,Richard Kern,Bed Bath and Beyond,Innenzines,NULL,NULL,NULL,NULL,NULL,NULL,NULL,,NULL,NULL,false,NULL,NULL,http://www.richardkern.com/,NULL,Individual Photographer Monograph,"erotica, nyc, nude, girls",NULL,NULL,NULL,NULL,NULL,NULL
503,Kern,Richard,Richard Kern,Bed Bath & Beyond,NULL,NULL,NULL,NULL,NULL,NULL,NULL,NULL,,NULL,NULL,false,NULL,NULL,http://www.richardkern.com/,NULL,Individual Photographer Monograph,"erotica, nyc, nude, girls",NULL,NULL,NULL,NULL,NULL,NULL
504,Kessels,Erik,Erik Kessels,Unfinished Father,RVB Books,2016,NULL,NULL,NULL,NULL,NULL,NULL,9791090306387,NULL,NULL,true,NULL,NULL,NULL,NULL,NULL,NULL,NULL,NULL,NULL,NULL,NULL,NULL
505,Kessels,Erik,Erik Kessels,Useful Photography #001,Kesselskramer,NULL,21.0,29.7,NULL,Softcover,60,Colour / black & white,9789072007704,NULL,NULL,false,NULL,NULL,https://www.erikkessels.com/,NULL,NULL,NULL,NULL,NULL,NULL,NULL,NULL,NULL
506,Kessels,Erik,Erik Kessels,Useful Photography #002,Kesselskramer,NULL,21.0,29.7,NULL,Softcover,258,Colour,9789075380460,NULL,NULL,false,NULL,NULL,https://www.erikkessels.com/,NULL,NULL,NULL,NULL,NULL,NULL,NULL,NULL,NULL
507,Kessels,Erik,Erik Kessels,Useful Photography #003,Kesselskramer,NULL,21.0,29.7,NULL,Softcover,160,Colour / black & white,9789075380620,NULL,NULL,false,NULL,NULL,https://www.erikkessels.com/,NULL,NULL,NULL,NULL,NULL,NULL,NULL,NULL,NULL
508,Kessels,Erik,Erik Kessels,Useful Photography #004,Kesselskramer,NULL,21.0,29.7,NULL,Softcover,80,Colour,9789075380965,NULL,NULL,false,NULL,NULL,https://www.erikkessels.com/,NULL,NULL,NULL,NULL,NULL,NULL,NULL,NULL,NULL
509,Kessels,Erik,Erik Kessels,Useful Photography #005,Kesselskramer,NULL,21.0,29.7,NULL,Softcover,84,Colour,9789070478063,NULL,NULL,false,NULL,NULL,https://www.erikkessels.com/,NULL,NULL,NULL,NULL,NULL,NULL,NULL,NULL,NULL
510,Kessels,Erik,Erik Kessels,Useful Photography #006,Kesselskramer,NULL,21.0,29.7,NULL,Softcover,88,Colour / black & white,9789070478124,NULL,NULL,false,NULL,NULL,https://www.erikkessels.com/,NULL,NULL,NULL,NULL,NULL,NULL,NULL,NULL,NULL
511,Kessels,Erik,Erik Kessels,Useful Photography #007,Kesselskramer,2007,21.0,29.7,NULL,Softcover,64,"Colour / black & white, soft cover.",9789070478162,NULL,NULL,false,NULL,NULL,https://www.erikkessels.com/,NULL,NULL,NULL,NULL,NULL,NULL,NULL,NULL,NULL
512,Kessels,Erik,Erik Kessels,Useful Photography #009,Kesselskramer,2009,21.0,29.7,NULL,Softcover,172,Colour,9789070478254,NULL,NULL,false,NULL,NULL,https://www.erikkessels.com/,NULL,NULL,NULL,NULL,NULL,NULL,NULL,NULL,NULL
513,Kessels,Erik,Erik Kessels,Useful Photography #010,Kesselskramer,NULL,21.0,29.7,NULL,Softcover,176,Colour,9789070478346,NULL,NULL,false,NULL,NULL,https://www.erikkessels.com/,NULL,NULL,NULL,NULL,NULL,NULL,NULL,NULL,NULL
514,Kessels,Erik,Erik Kessels,Useful Photography #012,Kesselskramer,NULL,21.0,29.7,NULL,Softcover,104,Colour,9789070478407,NULL,NULL,false,NULL,NULL,https://www.erikkessels.com/,NULL,NULL,NULL,NULL,NULL,NULL,NULL,NULL,NULL
515,Kessels,Erik,Erik Kessels,Useful Photography #013,Kesselskramer,NULL,21.0,29.7,NULL,Softcover,240,Colour,9789070478438,NULL,NULL,false,NULL,NULL,https://www.erikkessels.com/,NULL,NULL,NULL,NULL,NULL,NULL,NULL,NULL,NULL
516,Khandekar,Narayan,Narayan Khandekar,Collecting Colour,NULL,NULL,NULL,NULL,NULL,NULL,NULL,NULL,,NULL,NULL,false,NULL,NULL,NULL,NULL,NULL,NULL,NULL,NULL,NULL,NULL,NULL,NULL
517,Kiefer,Anselm,Anselm Kiefer,Die Buchstaben,Wienand,2012,27.3,2.0,NULL,NULL,NULL,NULL,9783868321067,by Walter Smerling (Editor),Anselm Kiefer (Contributor),false,NULL,"Our civilization would be inconceivable without letters. In a meaningful way, words, sentences and scripts are strung together, especially the printed word that shapes our existence. Anselm Kiefer deals with this power of the word in his work The Letters, to which this publication is dedicated. Sunflowers that grow out of a printing machine, rolls of film that spill on the floor, letters that are scattered on the floor combine to create a space-filling installation. The artist develops an ambiguous symbiosis from the surprising combination of technical object and natural organism. Numerous large-format detailed images enable intensive immersion in this complex, poetic spatial staging.",NULL,NULL,NULL,NULL,NULL,NULL,NULL,NULL,NULL,NULL
518,Kilimnik,Karen,Karen Kilimnik,Photographs,NULL,2015,NULL,NULL,NULL,NULL,252,NULL,9783905929584,NULL,NULL,false,NULL,NULL,NULL,NULL,NULL,NULL,NULL,NULL,NULL,NULL,NULL,NULL
519,Kim,Sandy,Sandy Kim,Puss Puss,NULL,NULL,NULL,NULL,NULL,NULL,NULL,NULL,,NULL,NULL,false,NULL,NULL,NULL,NULL,NULL,NULL,NULL,NULL,NULL,NULL,NULL,NULL
520,Kiwitt,Stephanie,Stephanie Kiwitt,"Four Oranges, Some Office Buildings, Woman's Legs",APE (Art Paper Editions),2015,NULL,NULL,NULL,NULL,32,NULL,9789490800376,NULL,NULL,false,NULL,NULL,NULL,NULL,Photography,NULL,NULL,NULL,NULL,NULL,NULL,NULL
521,Klien,Jens,Jens Klien,Sunset,Spector Books,NULL,NULL,NULL,NULL,NULL,NULL,NULL,,NULL,NULL,false,NULL,NULL,NULL,NULL,NULL,NULL,NULL,NULL,NULL,NULL,NULL,NULL
522,Knorr,Karen,Karen Knorr,Belgravia,NULL,NULL,NULL,NULL,NULL,NULL,NULL,NULL,,NULL,NULL,false,NULL,NULL,NULL,NULL,NULL,NULL,NULL,NULL,NULL,NULL,NULL,NULL
523,Kominek,Misha,Misha Kominek,Test The Wind,NULL,NULL,NULL,NULL,NULL,NULL,NULL,NULL,,NULL,true,NULL,NULL,NULL,NULL,NULL,NULL,NULL,NULL,NULL,NULL,NULL,NULL,NULL
524,Konami,Jiro,Jiro Konami,Namedaruma,NULL,2021,NULL,NULL,NULL,NULL,NULL,NULL,,NULL,NULL,false,NULL,NULL,NULL,NULL,NULL,NULL,NULL,NULL,NULL,NULL,NULL,NULL
525,Konrad,Aglaia,Aglaia Konrad,Japan Works,Roma Publications,2021,21.0,26.0,NULL,Softcover,496,NULL,9789492811912,NULL,NULL,false,Roger Willems,"Aglaia Konrad’s photographic work probes the social, cultural, economic, political, and historical parameters that inform architecture and urbanism. Japan Works is the result of her journey through Japan in the autumn of 2019. Using a pre-compiled list of places with exceptional architecture, Konrad took thousands of photos in Tokyo, Itoigawa, Kyoto, Nagoya and Osaka. In addition to mostly iconic, post-war Metabolist architecture, Konrad also took a large number of photos of nonspecific architectural moments and infrastructure that, with the same intensity, give their own impression of the architectural landscape in Japan. Free associations of full-page photographs alternate with contact sheets documenting her itinerary. These are informed by postscript glosses written by architect and critic Julian Worrall.",https://aglaiakonrad.com,https://www.romapublications.org/,NULL,NULL,NULL,NULL,NULL,NULL,NULL,NULL
526,Kooiker,Paul,Paul Kooiker,Luxaflex,Dashwood,2017,NULL,NULL,NULL,Softcover zine,14,"Numbered, 140 copies",,NULL,NULL,false,NULL,20 black and white reproductions (including covers). There are no texts or essays.,NULL,NULL,Individual Photographer Monograph,NULL,NULL,NULL,NULL,"Hudson Street Library, NYC, NYC",NULL,NULL
527,Kooiker,Paul,Paul Kooiker,The Rumour,APE (Art Paper Editions),2020,24.0,33.0,NULL,NULL,40,"Limited edition of 700 copies, ills colour, thread sewn + signed and numbered print",9789493146488,NULL,NULL,false,NULL,"One title and 19 donkey’s, Paul Kooiker’s statement about surrealism.",NULL,https://artpapereditions.org/,Individual Photographer Monograph,"Donkey, Animal, Surrealism",Photography,NULL,NULL,"Hudson Street Library, NYC, NYC",NULL,NULL
528,Kooiker,Paul,Paul Kooiker,Heaven,Van Zoetendaal Gallery,2012,34.8,24.7,2.2,Hardcover,176,NULL,9789072532138,NULL,NULL,false,NULL,NULL,NULL,NULL,Individual Photographer Monograph,NULL,NULL,NULL,NULL,"Hudson Street Library, NYC, NYC",NULL,NULL
529,Kooiker,Paul,Paul Kooiker,Nude Animal Cigar,Art Paper Edition,2015,17.8,24.5,4.1,Hardcover,336,500,9789490800284,NULL,NULL,false,NULL,NULL,http://www.paulkooiker.com/,https://www.kominek-gallery.com/,Individual Photographer Monograph,NULL,NULL,NULL,NULL,"Hudson Street Library, NYC, NYC",NULL,NULL
530,Kroll,Eric,Eric Kroll,THE NEW YORK YEARS 1971 to 1994 (regular edition) – Eric Kroll,NULL,NULL,NULL,NULL,NULL,NULL,NULL,NULL,,NULL,NULL,false,NULL,NULL,NULL,NULL,NULL,NULL,NULL,NULL,NULL,NULL,NULL,NULL
531,Kruger,Barbra,Barbra Kruger,"Barbara Kruger : Thinking of You, I Mean Me, I Mean You",DelMonico Books/Los Angeles County Museum of Art,2021,25.9,22.8,2.8,Hardcover,208,First edition,9781942884774,NULL,NULL,false,"IN-FO.CO (Adam Michaels, Marina Kitchen)","Since the mid-1970s, Barbara Kruger (born 1945) has been interrogating consumer culture in works that often combine visual and written language. In her singular graphic style, Kruger probes aspects of identity, desire and consumerism that are embedded in our everyday lives. This volume traces her continuously evolving practice to reveal how she adapts her work in accordance with the moment, site and context. The book features a range of striking images—from her analogue paste-ups of the 1980s to digital productions of the last two decades, including new works produced on the occasion of the exhibition. Also featured are singular works in vinyl, her large-scale room wraps, multichannel videos, site-specific installations and commissioned works",NULL,NULL,Art,"Art, Feminism, Pop Culture",Individual Artist Monographs,"ART055000, ART037000, ART050010",709.2,Clipper,NULL,NULL
532,Kruger,Barbra,Barbra Kruger,"Remote Control : Power, Cultures, and the World of Appearances",The MIT Pres4,1994,22.9,15.2,1.3,Paperback,NULL,NULL,9780262611060,NULL,NULL,false,NULL,NULL,NULL,NULL,NULL,NULL,NULL,NULL,Clipper,NULL,NULL,NULL
533,Kruger,Barbra,Barbra Kruger,Thinking of you,The MIT Press & The Museum of Contemporary Art,1999,28.6,23.5,2.5,Hardcover,268,NULL,9780262112505,NULL,NULL,false,NULL,NULL,NULL,NULL,NULL,NULL,NULL,NULL,Clipper,NULL,NULL,NULL
534,Kruger,Barbra,Barbra Kruger,Love for Sale: The Words and Pictures of Barbara Kruger,Harry N Abrams Inc,1990,33.0,27.9,1.9,Hardcover,88,NULL,97808109121,NULL,NULL,false,NULL,NULL,NULL,NULL,NULL,NULL,NULL,NULL,Clipper,NULL,NULL,NULL
535,Kruger,Barbra,Barbra Kruger,We Won't Play Nature to Your Culture,"The Institute of Contemporary Arts, London & The Kunsthalle Basel",1983,NULL,NULL,NULL,NULL,NULL,NULL,,NULL,NULL,false,NULL,NULL,NULL,NULL,NULL,NULL,NULL,NULL,Clipper,NULL,NULL,NULL
536,Kruger,Barbra,Barbra Kruger,Believe + Doubt,Kunsthaus Bregenz,2021,NULL,NULL,NULL,NULL,NULL,NULL,,NULL,NULL,false,NULL,NULL,NULL,NULL,NULL,NULL,NULL,NULL,NULL,NULL,NULL,NULL
537,Kudász,Arion,Arion Kudász,Human by Gábor,Self-published in cooperation with Faur Zsófi Gallery,2018,18.8,25.0,NULL,hardcover,120,"dust jacket, 500 numbered copies, 80 duotone illustrations",9786150006031,NULL,NULL,false,NULL,NULL,NULL,NULL,NULL,NULL,NULL,NULL,NULL,NULL,NULL,NULL
538,Kurland; John Yau (poet),Justine,Justine Kurland; John Yau (poet),Black Threads from Meng Chiao,TIS Books,2015,20.3,14.6,NULL,Softbound French Fold,54,Edition of 400,,NULL,NULL,true,NULL,"20 tritone plates. In a true collaboration, Justine Kurland and John Yau shared photographs and poems throughout the making of Black Threads from Meng Chiao, each reacting to the work of the other many times over. The result is a revelation for each: Kurland's intimate interior black-and-white images offer a new side of an artist known for large-format color pictures of landscapes both peopled and not; Yau's spare, precise language is given room to reveal multiple layers of meaning over the three distinct formal sections that comprise the title poem. A friendship between these two was born several years ago after Yau - also a renowned critic - wrote about Kurland's photographs, but an artistic partnership wasn't contemplated until they recently found themselves in similar mental and emotional situations born of quite different logistical circumstances. Yau was housebound while recuperating from knee and neck surgeries, and Kurland was off the road (her accustomed place of working), caring for her son in the East Village. It was, in Kurland's words, a period of ""house arrest, or being shipwrecked"" for both. Kurland turned away from the 4x5 film camera and its slow working process to embrace the immediacy of a digital SLR and its instant results, producing tight interior shots as claustrophobic and caged as she felt. Through the magic of email, she shared the raw results with Yau, who responded both to the specifics of her images and to the way he was feeling as a person whose full, unfettered mobility had been temporarily removed from him. The idea of Meng Chiao's Black Threads came from that poet's late poems, in which he wrote sequences comprised of interconnected (or, to Yau's thinking, echoing) lyrics. Yau started the sequence after he was unable to find the book in his library, and took this as a sign to begin writing in the space of its absence. In turn, the photographer internalized the poet's ideas to spur the making of new pictures, and the process was repeated several times. Kurland says the result is like ""staring out a window at a brick wall across the alley"" - finding some way to deal with adverse situations and making sense of them through the creation of something new in the world.",NULL,NULL,NULL,NULL,NULL,NULL,NULL,NULL,NULL,NULL
539,Kurmaz,Sasha,Sasha Kurmaz,Concrete and sex,NULL,NULL,NULL,NULL,NULL,NULL,NULL,NULL,,NULL,NULL,false,NULL,NULL,NULL,NULL,NULL,NULL,NULL,NULL,NULL,NULL,NULL,NULL
540,L,NULL,NULL,L,NULL,NULL,NULL,NULL,NULL,NULL,NULL,NULL,,NULL,NULL,false,NULL,NULL,NULL,NULL,NULL,NULL,NULL,NULL,NULL,NULL,NULL,NULL
541,Lacombe,Quentin,Quentin Lacombe,Event Horizon,NULL,NULL,NULL,NULL,NULL,NULL,NULL,NULL,,NULL,NULL,false,NULL,NULL,NULL,NULL,NULL,NULL,NULL,NULL,NULL,NULL,NULL,NULL
542,Ladd,Jeffrey,Jeffrey Ladd,A Field Measure Survey of American Architecture,Pogo Books,2021,23.3,17.0,NULL,Paperback with buckram cover,368,NULL,9781913620417,NULL,NULL,true,NULL,"Drawing from the nearly half a million photographs and documents comprising the Historic American Buildings Survey held in the US Library of Congress, this book constructs a fictional ‘one-way road trip’ across the United States, weaving north and south across the Mason-Dixon line while tacking west. In A Field Measure Survey of American Architecture, Jeffrey Ladd uses the HABS archive as a surrogate in order to manifest a portrait of his former country at a moment when its democracy seems imperiled.",NULL,https://mackbooks.co.uk,NULL,NULL,NULL,NULL,NULL,NULL,NULL,NULL
543,Lambert,Matt,Matt Lambert,KEIM,NULL,2015,NULL,NULL,NULL,NULL,168,NULL,9782940524020,NULL,NULL,false,NULL,NULL,NULL,NULL,NULL,NULL,NULL,NULL,NULL,NULL,NULL,NULL
544,Lange,Mårten,Mårten Lange,The Mechanism,NULL,NULL,NULL,NULL,NULL,NULL,NULL,NULL,,NULL,true,NULL,NULL,NULL,NULL,NULL,NULL,NULL,NULL,NULL,NULL,NULL,NULL,NULL
545,Larrain,Sergio,Sergio Larrain,Sergio Larrain (Agnes-Sire),aperture,NULL,NULL,NULL,NULL,NULL,NULL,NULL,,NULL,NULL,false,NULL,NULL,NULL,https://aperture.org/,NULL,NULL,NULL,NULL,NULL,NULL,NULL,NULL
546,Lattuada,Alberto,Alberto Lattuada,USA 1972,NULL,NULL,NULL,NULL,NULL,NULL,NULL,NULL,,NULL,NULL,false,NULL,NULL,NULL,NULL,NULL,NULL,NULL,NULL,NULL,NULL,NULL,NULL
547,Le Hors,Pierre,Pierre Le Hors,Byways & Through Lines,NULL,NULL,NULL,NULL,NULL,NULL,NULL,NULL,,NULL,NULL,false,NULL,NULL,NULL,NULL,NULL,NULL,NULL,NULL,NULL,NULL,NULL,NULL
548,Lee,H,H Lee,Grassland,NULL,NULL,NULL,NULL,NULL,NULL,NULL,NULL,,NULL,NULL,false,NULL,NULL,NULL,NULL,NULL,NULL,NULL,NULL,NULL,NULL,NULL,NULL
549,Leiter,Saul,Saul Leiter,Women,NULL,NULL,NULL,NULL,NULL,NULL,NULL,NULL,,NULL,NULL,false,NULL,NULL,NULL,NULL,NULL,NULL,NULL,NULL,NULL,NULL,NULL,NULL
550,Leiter,Saul,Saul Leiter,All About Saul Leiter,NULL,NULL,NULL,NULL,NULL,NULL,NULL,NULL,,NULL,NULL,false,NULL,NULL,NULL,NULL,NULL,NULL,NULL,NULL,NULL,NULL,NULL,NULL
551,Leiter,Saul,Saul Leiter,It Don't Mean A Thing,Steidl Publishers,2018,NULL,NULL,NULL,Hardcover,368,First edition,9783958293290,Margit Erb (Editor),NULL,false,NULL,"in very good condition.. ""It Don't Mean A Thing"" is a comprehensive survey of the color photographs of Saul Leiter and his brother, Paul Leiter. It includes many previously unpublished photographs, and essays by various contributors.",NULL,NULL,Art,NULL,"ART029000, ART051000, ART016000",779.36,"Hudson Street Library, NYC, NYC",NULL,NULL,NULL
552,Leone,Lisa,Lisa Leone,Here I Am,Minor Matters,NULL,NULL,NULL,NULL,NULL,NULL,NULL,,NULL,NULL,false,NULL,NULL,NULL,NULL,NULL,NULL,NULL,NULL,NULL,NULL,NULL,NULL
553,Lesy,Michael,Michael Lesy,Angel's World: The New York Photographs of Angelo Rizzuto,W. W. Norton & Company,2005,NULL,NULL,NULL,NULL,128,NULL,9780393061116,NULL,NULL,false,NULL,NULL,NULL,NULL,NULL,NULL,NULL,NULL,NULL,NULL,NULL,NULL
554,Leutwyler,Henry,Henry Leutwyler,Ballet: Photographs of the New York City Ballet,"Steidl Druckerei Und Verlag, Gerhard",2015,NULL,NULL,NULL,NULL,NULL,NULL,,NULL,NULL,NULL,false,NULL,NULL,NULL,https://steidl.de/,NULL,NULL,NULL,NULL,779.979281,NULL,NULL
555,Leutwyler,Henry,Henry Leutwyler,Document,Steidl,2016,NULL,NULL,NULL,Hardcover,208,NULL,9783869309699,NULL,NULL,false,NULL,NULL,NULL,https://steidl.de/,"Individual Photographers ; Monographs, Dance ; Classical & Ballet, United States ; Northeast ; Middle Atlantic",NULL,NULL,NULL,NULL,NULL,NULL,NULL
556,Lichtenstein,Roy,Roy Lichtenstein,"Roy Lichtenstein: History in the Making, 1948-1960",Rizzoli Electa,2020,NULL,NULL,NULL,NULL,NULL,NULL,,NULL,NULL,NULL,false,NULL,NULL,NULL,NULL,NULL,NULL,NULL,NULL,Clipper,NULL,NULL
557,Lichtenstein,Roy,Roy Lichtenstein,Lichtenstein Posters,NULL,NULL,NULL,NULL,NULL,NULL,NULL,NULL,,NULL,NULL,false,NULL,NULL,NULL,NULL,NULL,NULL,NULL,NULL,Clipper,NULL,NULL,NULL
558,Lichtenstein,Roy,Roy Lichtenstein,Greene Street Mural,NULL,NULL,NULL,NULL,NULL,NULL,NULL,NULL,,NULL,NULL,false,NULL,NULL,NULL,NULL,NULL,NULL,NULL,NULL,Clipper,NULL,NULL,NULL
559,Lichtenstein,Roy,Roy Lichtenstein,Girls,NULL,NULL,NULL,NULL,NULL,NULL,NULL,NULL,,NULL,NULL,false,NULL,NULL,NULL,NULL,NULL,NULL,NULL,NULL,Clipper,NULL,NULL,NULL
561,Lilley,Lynn Alleva,Lynn Alleva Lilley,Tender Mint,NULL,NULL,NULL,NULL,NULL,NULL,NULL,NULL,,NULL,NULL,false,NULL,NULL,NULL,NULL,NULL,NULL,NULL,NULL,NULL,NULL,NULL,NULL
562,Lindbergh,Peter,Peter Lindbergh,A Different Vision on Fashion Photography,Taschen,NULL,NULL,NULL,NULL,NULL,NULL,NULL,,NULL,NULL,false,NULL,NULL,NULL,NULL,NULL,NULL,NULL,NULL,NULL,NULL,NULL,NULL
563,Lixenberg,Dana,Dana Lixenberg,Imperial Courts,NULL,NULL,NULL,NULL,NULL,NULL,NULL,NULL,,NULL,NULL,false,NULL,NULL,NULL,NULL,NULL,NULL,NULL,NULL,NULL,NULL,NULL,NULL
564,Lloyd,Brett,Brett Lloyd,Scugnizzi (PRE-ORDER A COPY),NULL,NULL,NULL,NULL,NULL,NULL,NULL,NULL,,NULL,NULL,false,NULL,NULL,NULL,NULL,NULL,NULL,NULL,NULL,NULL,NULL,NULL,NULL
565,Lozano,Lee,Lee Lozano,Private Book 1,KARMA,2016,12.7,7.6,NULL,spiral-bound paperback,136,First Edition,,NULL,NULL,false,NULL,NULL,https://www.hauserwirth.com/artists/2812-lee-lozano/,https://karmakarma.org/,NULL,NULL,NULL,NULL,NULL,NULL,NULL,NULL
566,Lozano,Lee,Lee Lozano,Private Book 2,KARMA,2017,12.7,7.6,NULL,spiral-bound paperback,196,2500,,NULL,NULL,false,NULL,NULL,https://www.hauserwirth.com/artists/2812-lee-lozano/,https://karmakarma.org/,NULL,NULL,NULL,NULL,NULL,NULL,NULL,NULL
567,Lozano,Lee,Lee Lozano,Private Book 3,KARMA,2017,12.7,7.6,NULL,spiral-bound paperback,200,2500,,NULL,NULL,false,NULL,NULL,https://www.hauserwirth.com/artists/2812-lee-lozano/,https://karmakarma.org/,NULL,NULL,NULL,NULL,NULL,NULL,NULL,NULL
568,Lozano,Lee,Lee Lozano,Private Book 4,KARMA,2018,12.7,7.6,NULL,spiral-bound paperback,NULL,2500,,NULL,NULL,false,NULL,NULL,https://www.hauserwirth.com/artists/2812-lee-lozano/,https://karmakarma.org/,NULL,NULL,NULL,NULL,NULL,NULL,NULL,NULL
569,Lozano,Lee,Lee Lozano,Private Book 5,KARMA,2018,12.7,7.6,NULL,spiral-bound paperback,NULL,2500,,NULL,NULL,false,NULL,NULL,https://www.hauserwirth.com/artists/2812-lee-lozano/,https://karmakarma.org/,NULL,NULL,NULL,NULL,NULL,NULL,NULL,NULL
570,Lozano,Lee,Lee Lozano,Private Book 6,KARMA,2019,12.7,7.6,NULL,spiral-bound paperback,NULL,2500,,NULL,NULL,false,NULL,NULL,https://www.hauserwirth.com/artists/2812-lee-lozano/,https://karmakarma.org/,NULL,NULL,NULL,NULL,NULL,NULL,NULL,NULL
571,Lozano,Lee,Lee Lozano,Private Book 7,KARMA,2019,12.7,7.6,NULL,spiral-bound paperback,NULL,2500,,NULL,NULL,false,NULL,NULL,https://www.hauserwirth.com/artists/2812-lee-lozano/,https://karmakarma.org/,NULL,NULL,NULL,NULL,NULL,NULL,NULL,NULL
572,Lozano,Lee,Lee Lozano,Drawings,Hauser & Wirth,2006,NULL,NULL,NULL,NULL,NULL,First Edition,,NULL,NULL,false,NULL,NULL,https://www.hauserwirth.com/artists/2812-lee-lozano/,NULL,NULL,NULL,NULL,NULL,NULL,NULL,NULL,NULL
573,Lozano,Lee,Lee Lozano,Lozano c. 1962,Karma,2017,26.4,21.1,1.5,Hardcover,92,First Edition,9781942607588,NULL,NULL,false,NULL,NULL,https://www.hauserwirth.com/artists/2812-lee-lozano/,https://karmakarma.org/,NULL,NULL,NULL,NULL,NULL,NULL,NULL,NULL
574,Lozano,Lee,Lee Lozano,Tools,An Art Service,2011,NULL,NULL,NULL,NULL,NULL,"First Edition, 500th edition",,NULL,NULL,false,NULL,NULL,https://www.hauserwirth.com/artists/2812-lee-lozano/,NULL,NULL,NULL,NULL,NULL,NULL,NULL,NULL,NULL
575,Lubina,Himid,Himid Lubina,Lubina Himid,NULL,2022,NULL,NULL,NULL,NULL,NULL,NULL,,NULL,NULL,false,NULL,NULL,NULL,NULL,NULL,NULL,NULL,NULL,NULL,NULL,NULL,NULL
576,Luchford,Glen,Glen Luchford,Damaged Negatives,NULL,NULL,NULL,NULL,NULL,NULL,NULL,NULL,,NULL,NULL,false,NULL,NULL,NULL,NULL,NULL,NULL,NULL,NULL,NULL,NULL,NULL,NULL
577,Lynch,David,David Lynch,Distorted Nudes,Absurda,2004,NULL,NULL,NULL,NULL,74,NULL,00421,NULL,NULL,false,NULL,NULL,NULL,NULL,NULL,NULL,NULL,NULL,NULL,NULL,NULL,NULL
578,Lyon,Danny,Danny Lyon,Conversations With the Dead,"Henry Holt & Company, Inc.",1971,NULL,NULL,NULL,NULL,NULL,NULL,9780030850691,NULL,NULL,false,NULL,NULL,NULL,NULL,NULL,NULL,NULL,NULL,NULL,NULL,NULL,NULL
579,Lyon,Danny,Danny Lyon,The Seventh Dog,NULL,NULL,NULL,NULL,NULL,NULL,NULL,NULL,,NULL,NULL,false,NULL,NULL,NULL,NULL,NULL,NULL,NULL,NULL,NULL,NULL,NULL,NULL
580,Lyon,Danny,Danny Lyon,Message to the Future,NULL,NULL,NULL,NULL,NULL,NULL,NULL,NULL,,NULL,NULL,false,NULL,NULL,NULL,NULL,NULL,NULL,NULL,NULL,NULL,NULL,NULL,NULL
581,Lyon,Danny,Danny Lyon,The Bike Riders,NULL,NULL,NULL,NULL,NULL,NULL,NULL,NULL,,NULL,false,NULL,x,NULL,NULL,NULL,NULL,NULL,NULL,NULL,NULL,NULL,NULL,NULL
582,M,NULL,NULL,M,NULL,NULL,NULL,NULL,NULL,NULL,NULL,NULL,,NULL,NULL,false,NULL,NULL,NULL,NULL,NULL,NULL,NULL,NULL,NULL,NULL,NULL,NULL
583,Ma,Phyllis,Phyllis Ma,Mushrooms & Friends 1,Self published,NULL,NULL,NULL,NULL,NULL,NULL,NULL,,NULL,NULL,false,NULL,NULL,NULL,NULL,NULL,NULL,NULL,NULL,NULL,NULL,NULL,NULL
584,Ma,Phyllis,Phyllis Ma,Mushrooms & Friends 2,Self published,NULL,NULL,NULL,NULL,NULL,NULL,NULL,,NULL,NULL,false,NULL,NULL,NULL,NULL,NULL,NULL,NULL,NULL,NULL,NULL,NULL,NULL
585,Ma,Phyllis,Phyllis Ma,Mushrooms & Friends 3,Self published,NULL,NULL,NULL,NULL,NULL,NULL,NULL,,NULL,NULL,false,NULL,NULL,NULL,NULL,NULL,NULL,NULL,NULL,NULL,NULL,NULL,NULL
586,Macasaet,Manon,Manon Macasaet,I Heart Tattoo,Self published,2021,25.4,20.3,NULL,Spiral Bound Softcover,18,NULL,,NULL,"Featuring: Ally Bo, Keegan Dakkar, Sofia Leilani, Milah Libin, Ibuki Sakai, Aurel Schmidt, Will Sheldon, Zora Sicher, Pacing Tiger, Keke,",false,NULL,"18 pages of temporary tattoos, curated by Manon Macasaet.",NULL,NULL,NULL,NULL,NULL,NULL,NULL,NULL,NULL,NULL
587,MacKillop,Sara,Sara MacKillop,New Stationary Department,Motto,2013,NULL,NULL,NULL,NULL,NULL,NULL,9782940524020,NULL,NULL,false,NULL,NULL,NULL,http://www.mottodistribution.com/shop/new-stationery-department.html,Photography,NULL,NULL,NULL,NULL,NULL,NULL,NULL
588,Maechtig,Saša J.,Saša J. Maechtig,"Saša J. Maechtig: Systems, Structures, Strategies",Mao Museum Architecture And De,2018,24.0,2.5,NULL,Boards,226,"First Edition, Out of print",9789616669375,by Ed Maja Vardjan (Author),NULL,false,NULL,"Saa J. Mächtig is one of the most prominent creative forces in Slovenian industrial design. His best-known and most influential work is Kiosk K67, whose modular design and complex system of elements represents the very essence both of his larger design philosophy and practice. Mächtigs approach is systemic, with individual products and design strategies consistently conceived as part of a wider system that can develop, grow and change. According to him, urban space should not be furnished with individual, self-sufficient objects, but should instead offer open systems of flexible structures to create active areas that facilitate daily rituals, exchange of information and the participation of all. The publication reflects Mächtigs systemic thought, interdisciplinary work, concept designs and end products, while showcasing the process of creation, from first concepts and project variations to extensive research, testing in public space and marketing campaigns.",NULL,NULL,NULL,NULL,NULL,NULL,NULL,NULL,NULL,NULL
589,Maelfeyt,Jurgen,Jurgen Maelfeyt,WET,APE (Art Paper Editions),2021,23.0,31.0,NULL,Hardcover,48,"Edition of 500, ills colours, linnen",9789493146662,NULL,NULL,false,NULL,NULL,NULL,NULL,NULL,NULL,NULL,NULL,NULL,NULL,NULL,NULL
590,Maki,NULL,Maki,Welcome 2 my Room,NULL,NULL,NULL,NULL,NULL,NULL,NULL,NULL,,NULL,NULL,false,NULL,NULL,NULL,NULL,NULL,NULL,NULL,NULL,NULL,NULL,NULL,NULL
591,Makos,Christopher,Christopher Makos,White Trash Uncut,ii,NULL,NULL,NULL,NULL,NULL,NULL,NULL,,NULL,NULL,false,NULL,NULL,NULL,NULL,NULL,NULL,NULL,NULL,NULL,NULL,NULL,NULL
592,Makoto,Azuma,Azuma Makoto,The Encyclopedia of Flowers,NULL,2011,NULL,NULL,NULL,NULL,NULL,NULL,,NULL,NULL,false,NULL,NULL,NULL,NULL,NULL,NULL,NULL,NULL,NULL,NULL,NULL,NULL
593,Makoto,Azuma,Azuma Makoto,The Encyclopedia of Flowers II,NULL,2015,NULL,NULL,NULL,NULL,NULL,NULL,,NULL,NULL,false,NULL,NULL,NULL,NULL,NULL,NULL,NULL,NULL,NULL,NULL,NULL,NULL
594,Makoto,Azuma,Azuma Makoto,The Encyclopedia of Flowers III,NULL,2016,NULL,NULL,NULL,NULL,NULL,NULL,,NULL,NULL,false,NULL,NULL,NULL,NULL,NULL,NULL,NULL,NULL,NULL,NULL,NULL,NULL
595,Makoto,Azuma,Azuma Makoto,The Encyclopedia of Flowers IV,NULL,2019,NULL,NULL,NULL,NULL,NULL,NULL,,NULL,NULL,false,NULL,NULL,NULL,NULL,NULL,NULL,NULL,NULL,NULL,NULL,NULL,NULL
596,Maljkovic,David,David Maljkovic,New Reproductions,NULL,NULL,NULL,NULL,NULL,NULL,NULL,NULL,,NULL,NULL,false,NULL,NULL,NULL,NULL,NULL,NULL,NULL,NULL,NULL,NULL,NULL,NULL
597,Mallios,Jessica,Jessica Mallios,Local Time,The Center for Ongoing Reasearch & Projects,2015,NULL,NULL,NULL,NULL,NULL,NULL,9780996078733,NULL,NULL,false,NULL,NULL,NULL,NULL,NULL,NULL,NULL,NULL,NULL,NULL,NULL,NULL
598,Malls,Michael,Michael Malls,Across Gilnsky America,Steidl,NULL,NULL,NULL,NULL,NULL,NULL,NULL,,NULL,NULL,false,NULL,NULL,NULL,https://steidl.de/,NULL,NULL,NULL,NULL,NULL,NULL,NULL,NULL
599,Malmström,Henrik,Henrik Malmström,A Minor Wrong Doing (signed),Kominek books,2015,21.0,6.3,NULL,Softcover with embossing and silver ink on black paper,288,"Limited Edition of 375 copies",,NULL,"Henrik Malmström, Misha Kominek",true,NULL,"Slowly but steadily we become immersed in what Henrik Malmström saw and photographed from the window of his living room. The pages of A Minor Wrongdoing unfold as a hypnotic sequence of candid shots taken at the neighbourhood of St. Georg in Hamburg, between 2011 and 2014. Hundreds of them, they record the last remains of street life in an urban area that is currently undergoing fierce gentrification after recent official law enforcement against street-based prostitution. Malmström used a cheap digital camera forcing its ISO levels to reproduce in each scene the raw effect of a surveillance cam. The grainy monochromatic material of his voyeuristic enterprise has been put together in this voluminous book replicating a messy police report archive. Printed in sharp dots, the grain adds a grade of unprecedented abstraction and beauty to the sequence whereas the quantity of images breaks with the conventional linear story structure. There is an uncanny feel in it. And obsession: the unconfessed obsession of a photographer who happened to be in the right place at the right time. We do not get to see much of what he photographed but we can still imagine pretty much happening in this obscure underworld of transactions.",NULL,NULL,"Photography, Hamburg, St. Georg, Surveillance, Street photography, Gentrification, Urban life","Photographer Monographs, Street Photography",Surveillance Index,NULL,NULL,NULL,NULL,/assets/images/books/Malmstrom_A_Minor_Wrong_Doing.jpg
600,Malmström,Henrik,Henrik Malmström,Life is One Live it Well (signed),NULL,NULL,NULL,NULL,NULL,NULL,NULL,NULL,,NULL,NULL,false,NULL,NULL,NULL,NULL,NULL,NULL,NULL,NULL,NULL,NULL,NULL,NULL
601,Mandel,Mike,Mike Mandel,Good 70s,J&L Books / d.a.p.,NULL,NULL,NULL,NULL,NULL,NULL,NULL,,NULL,NULL,NULL,false,NULL,NULL,NULL,NULL,NULL,NULL,NULL,NULL,NULL,NULL,NULL
602,Mandel,Mike,Mike Mandel,People In Cars,NULL,NULL,NULL,NULL,NULL,NULL,NULL,NULL,,NULL,NULL,false,NULL,NULL,NULL,NULL,NULL,NULL,NULL,NULL,NULL,NULL,NULL,NULL
603,"Mapplethorpe, Nigel Shafran, Pierre",Robert,"Robert Mapplethorpe, Nigel Shafran, Pierre",Robert Mapplethorpe: Portraits,Palm Springs Art Museum,NULL,NULL,NULL,NULL,NULL,NULL,NULL,,NULL,NULL,false,NULL,NULL,NULL,NULL,NULL,NULL,NULL,NULL,NULL,NULL,NULL,NULL
604,"Mapplethorpe, Nigel Shafran, Pierre",Robert,"Robert Mapplethorpe, Nigel Shafran, Pierre",Flowers,Bulfinch,NULL,NULL,NULL,NULL,NULL,NULL,NULL,,NULL,NULL,false,NULL,NULL,NULL,NULL,NULL,NULL,NULL,NULL,NULL,NULL,NULL,NULL
605,"Mapplethorpe, Nigel Shafran, Pierre",Robert,"Robert Mapplethorpe, Nigel Shafran, Pierre",Robert Mapplethorpe The Photographs,LACMA,NULL,NULL,NULL,NULL,NULL,NULL,NULL,,NULL,NULL,false,NULL,NULL,NULL,NULL,NULL,NULL,NULL,NULL,NULL,NULL,NULL,NULL
606,"Mapplethorpe, Nigel Shafran, Pierre",Robert,"Robert Mapplethorpe, Nigel Shafran, Pierre",Dashwood Book Series (LTD EDITION - VOL 2),Dashwood Books,NULL,NULL,NULL,NULL,NULL,NULL,NULL,,NULL,NULL,false,NULL,NULL,NULL,https://dstrettell.com/,NULL,NULL,NULL,NULL,NULL,NULL,NULL,NULL
607,"Mapplethorpe, Nigel Shafran, Pierre",Robert,"Robert Mapplethorpe, Nigel Shafran, Pierre",Mapplethorpe Flora,Phaidon Press,NULL,NULL,NULL,NULL,NULL,NULL,NULL,,NULL,NULL,false,NULL,NULL,NULL,https://www.phaidon.com,NULL,NULL,NULL,NULL,NULL,NULL,NULL,NULL
608,"Mapplethorpe, Nigel Shafran, Pierre",Robert,"Robert Mapplethorpe, Nigel Shafran, Pierre",Mapplethorpe,Random House,NULL,NULL,NULL,NULL,NULL,NULL,NULL,,NULL,NULL,false,NULL,NULL,NULL,NULL,NULL,NULL,NULL,NULL,NULL,NULL,NULL,NULL
610,Marclay,Christian,Christian Marclay,Cyanotypes,JRP / Ringier,2012,NULL,NULL,NULL,Hardcover,144,100 color ill.,,by Noam Elcott (Author),"Margaret Miller (Author), David Norr (Editor),",false,NORM,NULL,NULL,NULL,NULL,NULL,NULL,NULL,NULL,NULL,NULL,NULL
611,Marclay,Christian,Christian Marclay,Index,Edition Patrick Frey,2021,29.8,21.0,NULL,Paperback,1200,600 bw.,9783907236086,NULL,NULL,false,NULL,NULL,NULL,https://www.editionpatrickfrey.com/,NULL,NULL,NULL,NULL,NULL,NULL,NULL,NULL
612,Marclay,Christian,Christian Marclay,Action,Hatje Cantz,NULL,NULL,NULL,NULL,NULL,NULL,NULL,,NULL,NULL,false,NULL,NULL,NULL,https://www.hatjecantz.de/,NULL,NULL,NULL,NULL,NULL,NULL,NULL,NULL
613,Marclay,Christian,Christian Marclay,To be continued...,NULL,NULL,NULL,NULL,NULL,NULL,NULL,NULL,,NULL,NULL,false,NULL,NULL,NULL,NULL,NULL,NULL,NULL,NULL,NULL,NULL,NULL,NULL
614,Marcopoulos,Ari,Ari Marcopoulos,"Comme des Garcons, Motorcycle Ballerinas",NULL,NULL,NULL,NULL,NULL,NULL,NULL,NULL,,NULL,NULL,false,NULL,NULL,NULL,NULL,NULL,NULL,NULL,NULL,NULL,NULL,NULL,NULL
615,Marcopoulos,Ari,Ari Marcopoulos,Portraits From the Studio and the Street,NULL,NULL,NULL,NULL,NULL,NULL,NULL,NULL,,NULL,NULL,false,NULL,NULL,NULL,NULL,NULL,NULL,NULL,NULL,NULL,NULL,NULL,NULL
616,Marcopoulos,Ari,Ari Marcopoulos,Wonder,Dashwood Books,2016,NULL,NULL,NULL,NULL,NULL,"Numbered, 100 copies",,NULL,NULL,false,NULL,NULL,NULL,https://dstrettell.com/,NULL,NULL,NULL,NULL,NULL,NULL,NULL,NULL
617,Marcopoulos,Ari,Ari Marcopoulos,Epiphany,NULL,NULL,NULL,NULL,NULL,NULL,NULL,NULL,,NULL,NULL,false,NULL,NULL,NULL,NULL,NULL,NULL,NULL,NULL,NULL,NULL,NULL,NULL
618,Marcopoulos,Ari,Ari Marcopoulos,Epiphany book by Gucci,IDEA,NULL,NULL,NULL,NULL,NULL,NULL,NULL,,NULL,NULL,false,NULL,NULL,NULL,NULL,NULL,NULL,NULL,NULL,NULL,NULL,NULL,NULL
619,Marcopoulos,Ari,Ari Marcopoulos,Impala,NULL,NULL,NULL,NULL,NULL,NULL,NULL,NULL,,NULL,NULL,false,NULL,NULL,NULL,NULL,NULL,NULL,NULL,NULL,NULL,NULL,NULL,NULL
620,Marcopoulos,Ari,Ari Marcopoulos,Fumes Matthew Barne Studio,KARMA,NULL,NULL,NULL,NULL,NULL,NULL,NULL,,NULL,NULL,false,NULL,NULL,NULL,https://karmakarma.org/,NULL,NULL,NULL,NULL,NULL,NULL,NULL,NULL
621,Marcopoulos,Ari,Ari Marcopoulos,Conrad McRae,Roma Publications,2020,NULL,NULL,NULL,NULL,NULL,NULL,9789492811486,NULL,NULL,false,NULL,NULL,NULL,https://www.romapublications.org/,NULL,NULL,NULL,NULL,NULL,NULL,NULL,NULL
622,Marden,Brice,Brice Marden,Book of Images 1970,Karma,2013,17.78,10.8,NULL,Softcover,224,"Edition of 1,000. Out of Print",,NULL,NULL,false,NULL,"The forgoing suite: work same shapes only so I can push differences more. work faster work them all together ponder them all as group push differences and samenesses at same time. A facsimile of one of Brice Marden's journals from 1970, this publication contains images of clippings, drawings, and hand written notes that focus on the political and cultural events of the era, creating a unique guide for the artist's panel paintings from the same period.",NULL,https://karmakarma.org/,NULL,NULL,NULL,NULL,NULL,NULL,NULL,/assets/images/books/Marden_Book_of_Images_1970.jpg
623,Marden,Brice,Brice Marden,Notebook Feb. 1968-,Karma,2015,19.05,11.43,NULL,Hardcover,90,"Edition of 1,500",,NULL,NULL,false,NULL,"Facsimile of American artist Brice Marden's personal journals. On every page, a patchwork of clippings, drawings, renderings and handwritten notes reveal the painter's thought process and document the political and cultural events of the era. A prolific notetaker, Marden filled his journals with subject matter as familiar as references to Italian film director Federico Fellini and as esoteric as ""looking at an object in nature and running lines around it."" The constant throughout is the work–deliberate, studied rectangles of graphite and ballpoint pen allude to the monochrome paintings that earned the artist fame and are a precursor to the panel paintings to come. Each journal is a unique guide to Marden's artistic output from that period as well as a distinct reference to the city–at that time bustling with artists such as Robert Rauschenberg and Jasper Johns–where he painted.",NULL,https://karmakarma.org/,NULL,NULL,NULL,NULL,NULL,NULL,NULL,/assets/images/books/Marden_Notebook_Feb_1968.jpg
624,Marden,Brice,Brice Marden,Brice Marden,Gagosian,NULL,NULL,NULL,NULL,NULL,NULL,NULL,,NULL,NULL,false,NULL,NULL,NULL,https://gagosian.com/,NULL,NULL,NULL,NULL,NULL,NULL,NULL,NULL
625,Marden,Brice,Brice Marden,Notebook Sept. 1964-Sept. 1967,Karma,2015,19.05,11.43,NULL,Hardcover,130,"Edition of 1,500",,NULL,NULL,false,NULL,"Mars black, lemon yellow, use muddy white. Don't forget the young blonde in La Dolce Vita. Scenes in country cafe and post orgy on the beach. She is the one Benno calls the 'Purity symbol.' Orange green grey. This and other reflections make up Brice Marden: Notebook Sept. 1964-Sept. 1967, facsimiles of American artist Brice Marden's personal journals. On every page, a patchwork of clippings, drawings, renderings and handwritten notes reveal the painter's thought process and document the political and cultural events of the era. A prolific notetaker, Marden filled his journals with subject matter as familiar as references to Italian film director Federico Fellini and as esoteric as ""looking at an object in nature and running lines around it."" The constant throughout is the work–deliberate, studied rectangles of graphite and ballpoint pen allude to the monochrome paintings that earned the artist fame and are a precursor to the panel paintings to come. Each journal is a unique guide to Marden's artistic output from that period as well as a distinct reference to the city–at that time bustling with artists such as Robert Rauschenberg and Jasper Johns–where he painted.",NULL,https://karmakarma.org/,NULL,NULL,NULL,NULL,NULL,NULL,NULL,/assets/images/books/Marden_Notebook_Sept_1964_Sept_1967.jpg
626,Marshall,Kerry James,Kerry James Marshall,Kerry James Marshall,Phaidon Press,NULL,NULL,NULL,NULL,NULL,NULL,NULL,,NULL,NULL,false,NULL,NULL,NULL,NULL,NULL,NULL,NULL,NULL,NULL,NULL,NULL,NULL
627,Marshall,Kerry James,Kerry James Marshall,Kerry James Marshall Mastry,Rizzoli,NULL,NULL,NULL,NULL,NULL,NULL,NULL,,NULL,NULL,false,NULL,NULL,NULL,NULL,NULL,NULL,NULL,NULL,NULL,NULL,NULL,NULL
628,Marshall,Kerry James,Kerry James Marshall,History of Painting,David Zwirner,NULL,NULL,NULL,NULL,NULL,NULL,NULL,,NULL,NULL,false,NULL,NULL,NULL,https://www.davidzwirnerbooks.com/,NULL,NULL,NULL,NULL,NULL,NULL,NULL,NULL
629,Marten,Helen,Helen Marten,"Therefore, An Ogre",Greene Naftali,2021,NULL,NULL,NULL,NULL,NULL,NULL,,NULL,NULL,false,Matthew Stuart,"Designed in collaboration with Matthew Stuart, Helen Marten has produced a limited edition booklet for the exhibition. Contained in a silkscreened folder, there is a text by the artist and fragments of stolen text dating from 1621-present day.",NULL,https://www.greenenaftaligallery.com/,NULL,NULL,NULL,NULL,NULL,NULL,NULL,NULL
630,Marten,Helen,Helen Marten,Sparrows On the Stone (Sadie Coles exhibition booklet),Made by Helen Marten,2021,21.5,30.0,NULL,Softcover in a hand printed envelope,NULL,500,,NULL,NULL,false,NULL,with two inserts.. Sleeve: 350mm x 230mm,NULL,NULL,NULL,NULL,NULL,NULL,NULL,NULL,NULL,NULL
631,Marten,Helen,Helen Marten,Parrot Problems,NULL,NULL,NULL,NULL,NULL,NULL,NULL,NULL,,NULL,NULL,false,NULL,NULL,NULL,NULL,NULL,NULL,NULL,NULL,NULL,NULL,NULL,NULL
632,Marten,Helen,Helen Marten,Drunk Brown House,Walther König,2017,28.6,20.3,1.3,Paperback,224,NULL,9783960980056,NULL,NULL,false,NULL,NULL,NULL,https://www.buchhandlung-walther-koenig.de/koenig2/index.php?mode=lang&lang=en,Art,NULL,NULL,NULL,NULL,NULL,NULL,NULL
634,Marten,Helen,Helen Marten,Helen Marten,JRP | Ringier,2013,25.4,20.3,1.9,Hardcover,156,NULL,9783037643464,NULL,NULL,false,NULL,NULL,NULL,NULL,NULL,NULL,NULL,NULL,NULL,NULL,NULL,NULL
635,Martens,Karel,Karel Martens,Motion,Roma Publications,2017,29.9,21.2,1.9,Softcover,304,NULL,9789491843853,NULL,NULL,false,NULL,NULL,https://www.martens-martens.com/,https://www.romapublications.org/,NULL,NULL,NULL,NULL,NULL,NULL,NULL,NULL
636,Martens,Karel,Karel Martens,Seoul Portraits,NULL,NULL,NULL,NULL,NULL,NULL,NULL,NULL,,NULL,false,NULL,NULL,https://www.martens-martens.com/,NULL,NULL,NULL,NULL,NULL,NULL,NULL,NULL,NULL,NULL
637,Martens,Karel,Karel Martens,NULL,NULL,NULL,24.0,30.0,NULL,Softcover,208,ills colour,,NULL,NULL,false,NULL,NULL,https://www.martens-martens.com/,NULL,NULL,NULL,NULL,NULL,NULL,NULL,NULL,NULL
638,Martens,Karel,Karel Martens,Patterns,Roma,NULL,NULL,NULL,NULL,NULL,NULL,NULL,,NULL,NULL,false,NULL,NULL,https://www.martens-martens.com/,https://www.romapublications.org/,NULL,NULL,NULL,NULL,NULL,NULL,NULL,NULL
639,Martens,Lous,Lous Martens,Dierenboeken voor / Animal books for Jaap Zeno Anna Julian Luca,Roma Publications,2018,NULL,NULL,NULL,Softcover,416,Dutch,9789492811073,NULL,NULL,false,NULL,NULL,NULL,https://www.romapublications.org/,NULL,NULL,NULL,NULL,NULL,NULL,NULL,NULL
640,Martin,Agnus,Agnus Martin,"Paintings, Writings, Remembrances",Phaidon Press,NULL,NULL,NULL,NULL,NULL,NULL,NULL,,NULL,NULL,false,NULL,NULL,NULL,NULL,NULL,NULL,NULL,NULL,NULL,NULL,NULL,NULL
641,Martinez,Eddie,Eddie Martinez,Inside Thoughts,Mitchell-Innes & Nash,2021,NULL,NULL,NULL,NULL,NULL,NULL,,NULL,NULL,NULL,false,NULL,NULL,NULL,NULL,NULL,NULL,NULL,NULL,NULL,NULL,NULL
642,Martinez,Eddie,Eddie Martinez,Paintings 2 Loyal Gallery Stockholm 2021,Loyal Gallery Stockholm,2021,NULL,NULL,NULL,NULL,NULL,NULL,,NULL,NULL,false,NULL,NULL,NULL,NULL,NULL,NULL,NULL,NULL,NULL,NULL,NULL,NULL
643,Martinez,Eddie,Eddie Martinez,Drawings,Triangle Books,2017,17.7,23.6,NULL,NULL,NULL,NULL,9782930777238,NULL,NULL,false,NULL,NULL,NULL,NULL,NULL,NULL,NULL,NULL,NULL,NULL,NULL,NULL
644,Martinez,Eddie,Eddie Martinez,More Drawings,Triangle Books,2020,17.7,23.6,NULL,Hardcover,448,"1000, 305 images",9782930777382,NULL,NULL,false,NULL,NULL,NULL,NULL,NULL,NULL,NULL,NULL,NULL,NULL,NULL,NULL
645,Marx,Stefan,Stefan Marx,One Sky Star World Team Alliance,Dashwood Books,2016,NULL,NULL,NULL,NULL,NULL,NULL,,NULL,NULL,NULL,false,NULL,NULL,NULL,https://dstrettell.com/,NULL,NULL,NULL,NULL,NULL,NULL,NULL
646,Marx; Christoph Keller,Stefan,Stefan Marx; Christoph Keller,Rebel Without A Cause,MarxKeller,2015,21.0,29.7,NULL,Softcover,188,"First Edition, Color Offset",9783905999617,NULL,NULL,false,NULL,"Rebel Without A Cause is a project by artist Stefan Marx and distiller Christoph Keller. It features Keller's exorbitant collection of over 150 traffic tickets and regulatory warnings that he accumulated over the last 20 years. These acts of misconduct and unpleasant letters by the authorities transform into art with Stefan Marx’ associative drawings layered on top of each ticket. The originals were sold for the same price as the fine multiplied by 7 at Galerie Karin Guenther in Hamburg, under the motto ""cheaper ticket = inexpensive artwork"" thus the initial punishment transforming into a reward, value and joy. A special edition of the book with an original drawing at various price points (fine multiplied by 7) is available in an edition of 15 copies.",http://www.s-marx.de/,https://www.nieves.ch/,NULL,NULL,NULL,NULL,NULL,NULL,NULL,NULL
647,Masahisa,Fukase,Fukase Masahisa,Ravens,MACK,2017,26.3,26.3,1.5,Hardcover,148,NULL,9781910164839,NULL,NULL,false,NULL,NULL,NULL,https://mackbooks.co.uk,NULL,NULL,NULL,NULL,NULL,NULL,NULL,NULL
648,Masao,Yamamoto,Yamamoto Masao,Tori,R,NULL,NULL,NULL,NULL,NULL,NULL,NULL,,NULL,NULL,false,NULL,x,NULL,NULL,NULL,NULL,NULL,NULL,NULL,NULL,NULL,NULL
649,Matta-Clark,Gordon,Gordon Matta-Clark,Gordon Matta-Clark,David Zwirner,NULL,NULL,NULL,NULL,NULL,NULL,NULL,,NULL,NULL,false,NULL,NULL,NULL,https://www.davidzwirnerbooks.com/,NULL,NULL,NULL,NULL,NULL,NULL,NULL,NULL
650,Matta-Clark,Gordon,Gordon Matta-Clark,Anarchitect,NULL,NULL,NULL,NULL,NULL,NULL,NULL,NULL,,NULL,NULL,false,NULL,NULL,NULL,NULL,NULL,NULL,NULL,NULL,NULL,NULL,NULL,NULL
651,Matta-Clark,Gordon,Gordon Matta-Clark,Short Term Eternity,Lugemik & Art Museum of Estonia,2019,11.0,16.5,NULL,NULL,NULL,"500, The book was published in two separate editions, in English and in Estonian.",9789949723461,NULL,NULL,false,NULL,"Short Term Eternity brings together two artists—Gordon Matta-Clark (1943–1978, USA) and Anu Vahtra (1982, Estonia)—whose practices are related to each other in many ways, even if they were born in different times and locations. The aim of the book is not just to compare their work, but to describe the circling of ideas and strategies in the art world from a non-hierarchical perspective. The book was published on the occasion of Gordon Matta-Clark: Anarchitect. Anu Vahtra: Completion through removal, an exhibition at the Kumu Art Museum in Tallinn, 22.02. – 8.06.2019, curated by Sergio Bessa, Jessamyn Fiore, and Anu Allas. As a contrast to the large-scale installations in both Matta-Clark’s and Vahtra’s practice, the book is small in size. The content is printed on thin paper and is divided into three parts. It starts with Completion through removal, a series of photographs by Anu Vahtra showing the spatial intervention realised in the Great Hall in Kumu and ends with the illustrated script of Vahtra’s performance piece Open House Closing. A Walk. The middle section of the book includes three thoroughly illustrated essays, where the images are printed overleaf from the text and are only visible through the page in a gap in the text at their intended location. These gaps or cuts in the text refer to the empty space, characteristic for the practices of both Matta-Clark and Vahtra.",NULL,https://anuvahtra.com/,NULL,NULL,NULL,NULL,NULL,NULL,NULL,NULL
652,Mayrit,Daniel,Daniel Mayrit,You Haven't Seen Their Faces (SIGNED),NULL,NULL,NULL,NULL,NULL,NULL,NULL,NULL,,NULL,NULL,false,NULL,NULL,NULL,NULL,NULL,NULL,NULL,NULL,NULL,NULL,NULL,NULL
653,Mazur,Katarzyna,Katarzyna Mazur,Anna Konda,NULL,NULL,NULL,NULL,NULL,NULL,NULL,1/200 copies,9783946099000,NULL,NULL,false,NULL,NULL,NULL,NULL,NULL,NULL,NULL,NULL,NULL,NULL,NULL,NULL
654,McCarthy,Paul,Paul McCarthy,Chocolate Factory Paris,Hatje Cantz,NULL,NULL,NULL,NULL,NULL,NULL,NULL,,NULL,NULL,false,NULL,NULL,NULL,https://www.hatjecantz.de/,NULL,NULL,NULL,NULL,NULL,NULL,NULL,NULL
655,McCarthy,Paul,Paul McCarthy,Paul McCarthy,Phaidon Press,NULL,NULL,NULL,NULL,NULL,NULL,NULL,,NULL,NULL,false,NULL,NULL,NULL,NULL,NULL,NULL,NULL,NULL,NULL,NULL,NULL,NULL
656,McCarthy,Paul,Paul McCarthy,Between Beauty and the Beast,NULL,NULL,NULL,NULL,NULL,NULL,NULL,NULL,,NULL,NULL,false,NULL,NULL,NULL,NULL,NULL,NULL,NULL,NULL,NULL,NULL,NULL,NULL
657,McCartney,Mary,Mary McCartney,Colour / Monochrome,Gost,NULL,NULL,NULL,NULL,NULL,NULL,NULL,,NULL,NULL,false,NULL,NULL,NULL,NULL,NULL,NULL,NULL,NULL,NULL,NULL,NULL,NULL
658,McConnell,Gareth,Gareth McConnell,Close Your Eyes,SPBH Editions,2014,NULL,NULL,NULL,NULL,116,First Edition,,NULL,NULL,false,NULL,NULL,NULL,NULL,NULL,NULL,NULL,NULL,NULL,NULL,NULL,NULL
659,McConnell,Gareth,Gareth McConnell,"Sex, Drugs and Magick . (?)",NULL,NULL,NULL,NULL,NULL,NULL,NULL,NULL,,NULL,NULL,false,NULL,NULL,NULL,NULL,NULL,NULL,NULL,NULL,NULL,NULL,NULL,NULL
660,McDowell,Bill,Bill McDowell,Ground,NULL,NULL,NULL,NULL,NULL,NULL,NULL,NULL,,NULL,NULL,false,NULL,NULL,NULL,NULL,NULL,NULL,NULL,NULL,NULL,NULL,NULL,NULL
661,McElroy,Aaron,Aaron McElroy,Sweet,NULL,NULL,NULL,NULL,NULL,NULL,NULL,NULL,,NULL,NULL,false,NULL,NULL,NULL,NULL,NULL,NULL,NULL,NULL,NULL,NULL,NULL,NULL
662,McElroy; Andreas Laszlo,Aaron,Aaron McElroy; Andreas Laszlo,You Can Count On Me,NULL,NULL,NULL,NULL,NULL,NULL,NULL,NULL,,NULL,NULL,false,NULL,NULL,NULL,NULL,NULL,NULL,NULL,NULL,NULL,NULL,NULL,NULL
663,McGee,Barry,Barry McGee,Barry McGee,Foundazione Prada,NULL,NULL,NULL,NULL,NULL,NULL,NULL,,NULL,NULL,false,NULL,NULL,NULL,NULL,NULL,NULL,NULL,NULL,NULL,NULL,NULL,NULL
665,McGinley,Ryan,Ryan McGinley,Way Far,Rizzoli,NULL,NULL,NULL,NULL,NULL,NULL,NULL,,NULL,NULL,NULL,false,NULL,NULL,NULL,NULL,NULL,NULL,NULL,NULL,NULL,NULL,NULL
666,McGinley,Ryan,Ryan McGinley,the kids were alright,MCA DEN VER,NULL,NULL,NULL,NULL,NULL,NULL,NULL,,NULL,NULL,false,NULL,NULL,NULL,NULL,NULL,NULL,NULL,NULL,NULL,NULL,NULL,NULL
667,McGinley,Ryan,Ryan McGinley,Life Adjustment Center,NULL,NULL,NULL,NULL,NULL,NULL,NULL,NULL,,NULL,NULL,false,NULL,NULL,NULL,NULL,NULL,NULL,NULL,NULL,NULL,NULL,NULL,NULL
668,McGrath,Dennis,Dennis McGrath,Theatrical Properties,Super Labo,2011,25.4,20.3,NULL,NULL,30,500,9784905052142,NULL,NULL,false,NULL,"Dennis McGrath is a LA and San Francisco-based photographer who is also the master printer for Ed Templeton. ""Theatrical Properties"" is a very unique and cool series that focuses on ""props"" scattered in countless adult movie sets. Ed Templeton is in charge of designing this book. Limited to 500 copies.",NULL,https://www.superlabo.com/,Photography,"Nude, Adult, Erotica, bw, set-design",NULL,NULL,NULL,NULL,NULL,NULL
669,McLellan,Alasdair,Alasdair McLellan,Ceremony,Self published,2016,NULL,NULL,NULL,Softcover,116,"2000, numbered",9782918392101,NULL,NULL,false,NULL,"A documentation of the British Army ceremonial troops through the eyes of a fashion photographer In 2006, acclaimed fashion photographer Alasdair McLellan spent a month capturing the ceremonial soldiers of the British Army for a magazine assignment, and published the expanded series in this photobook in 2016. McLellan’s images, verging between portraiture and documentation, capture the details and import of their uniforms as well as the soldiers wearing them, accompanying them into their private living spaces and off-duty as they groom their horses. The series is an open testament to the appeal McLellan sees in the traditional uniforms and the values they embody, as well as the centuries of history that went into their colors and design. “You can imagine that this is what Ralph Lauren has always dreamed Britain to be like; the barking of dogs, the clip-clopping of horses, the gleaming silverware, royal thank-you notes on the walls and awfully kind and polite people. Of course, we know that by and large Britain is not like this now—and somehow doubt if it ever really was like this at all. Yet it most definitely is like this here, an affirmation that a time actually did exist in the past when such things went on, and what we are witnessing now isn’t just for show.” (from Jo-Ann Furniss’ introductory essay)",https://www.alasdairmclellan.com,NULL,Photography,"Fashion, Photography",NULL,NULL,NULL,NULL,NULL,NULL
670,McLellan,Alasdair,Alasdair McLellan,Ultimate Clothing Company,Self published,2013,NULL,NULL,NULL,Softcover,NULL,"2000, numbered, pages",9782918392095,NULL,NULL,false,NULL,"Being from the North of England Alasdair McLellan's youthful curiosities channeled romantic notions about being English and Northern since he began to photograph in 1986. He has admired those who have directed generations through their own similar obsessions such as Bruce Weber’s playful and sexually charged imagery of America and Steven Patrick Morrissey’s unfaltering melancholy and mythological observations. McLellan’s work maintains both the edginess of these influences as well as the unashamedly lyrical pulse which makes the work a tune for the masses. The Northern, working class aesthetic of Bradford’s Buttershaw Estate, immortalized in Alan Clarke’s classic film Rita, Sue and Bob Too! has continually had a pull for McLellan — his photographs play with the tension of the ordinary in a similarly unselfconscious way as it's writer Andrea Dunbar. Alasdair McLellan’s Ultimate Clothing Company is both an intimate and introspective monograph edited and designed by art directors Mathias Augustyniak and Michael Amzalag M/M (PARIS) and beautifully printed in a numbered limited edition of 2,000 with a poster-wrap dust jacket",https://www.alasdairmclellan.com,NULL,Photography,"Fashion, Photography",NULL,NULL,NULL,NULL,NULL,NULL
671,McMullan,Patrick,Patrick McMullan,so8os: A Photographic Diary of a Decade,powerHouse Books,NULL,NULL,NULL,NULL,NULL,NULL,NULL,,NULL,NULL,false,NULL,NULL,NULL,NULL,NULL,NULL,NULL,NULL,NULL,NULL,NULL,NULL
672,Mebius,Arthur,Arthur Mebius,Dear Sky / North Korean Aviation (signed),The Eriskay Connection,2017,27.7,20.4,1.8,Hardcover,128,NULL,9789492051301,NULL,NULL,true,NULL,NULL,NULL,NULL,Photography,"aviation, planes, korea",NULL,NULL,NULL,NULL,NULL,NULL
673,Meindertsma,Christian,Christian Meindertsma,Bottom Ash Observatory,NULL,NULL,NULL,NULL,NULL,NULL,NULL,NULL,,NULL,NULL,false,NULL,NULL,NULL,NULL,NULL,NULL,NULL,NULL,NULL,NULL,NULL,NULL
674,Meisler,Meryl,Meryl Meisler,A Tale of Two Cities: Disco Era Bushwick T,NULL,NULL,NULL,NULL,NULL,NULL,NULL,NULL,,NULL,NULL,false,NULL,NULL,NULL,NULL,NULL,NULL,NULL,NULL,NULL,NULL,NULL,NULL
675,Melgaard,Bjarne,Bjarne Melgaard,Laying the Ghost,Gallery Rod Bianco,2012,31.1,22.9,NULL,Hardcover,NULL,NULL,,NULL,Sverre Bjertnes,false,NULL,NULL,NULL,NULL,NULL,NULL,NULL,NULL,NULL,NULL,NULL,NULL
676,Meredith,M,M Meredith,Vacant Spaces NY,NULL,NULL,NULL,NULL,NULL,NULL,NULL,NULL,,NULL,false,Studio Lin,Architecture / Individual Architects & Firms / Monographs,NULL,NULL,NULL,NULL,NULL,NULL,NULL,NULL,NULL,NULL,NULL
677,Meryerowitz,Joel,Joel Meryerowitz,Visions/ Immersion,NULL,NULL,NULL,NULL,NULL,NULL,NULL,NULL,,NULL,NULL,false,NULL,NULL,NULL,NULL,NULL,NULL,NULL,NULL,NULL,NULL,NULL,NULL
678,Meryerowitz,Joel,Joel Meryerowitz,Where I Find Myself,K,NULL,NULL,NULL,NULL,NULL,NULL,NULL,,NULL,NULL,false,NULL,NULL,NULL,NULL,NULL,NULL,NULL,NULL,NULL,NULL,NULL,NULL
679,Messager,Annette,Annette Messager,Les Tortures Volontaires (Voluntary Tortures),NULL,2013,NULL,NULL,NULL,Softcover in decorative slipcase,NULL,NULL,,NULL,NULL,false,NULL,NULL,NULL,NULL,Photography,"Photography, Art,Monograph, After 1945, Body, France, Transience, Society, Found Footage",NULL,NULL,NULL,NULL,NULL,NULL
680,Metinides,Enrique,Enrique Metinides,Series,NULL,NULL,NULL,NULL,NULL,NULL,NULL,NULL,,NULL,NULL,false,NULL,NULL,NULL,NULL,NULL,NULL,NULL,NULL,NULL,NULL,NULL,NULL
681,Metzker,Ray K.,Ray K. Metzker,Earthly Delights,NULL,NULL,NULL,NULL,NULL,NULL,NULL,NULL,,NULL,NULL,false,NULL,NULL,NULL,NULL,NULL,NULL,NULL,NULL,NULL,NULL,NULL,NULL
682,Michaels,Duane,Duane Michaels,Photography and Reality,Olympus European Photo Gallery,NULL,NULL,NULL,NULL,NULL,NULL,NULL,,NULL,NULL,false,NULL,NULL,NULL,NULL,NULL,NULL,NULL,NULL,NULL,NULL,NULL,NULL
683,Michaels,Duane,Duane Michaels,Story Teller,NULL,NULL,NULL,NULL,NULL,NULL,NULL,NULL,,NULL,NULL,false,NULL,NULL,NULL,NULL,NULL,NULL,NULL,NULL,NULL,NULL,NULL,NULL
684,Michaels,Duane,Duane Michaels,The Idiots Delight,Editions Bessard,2021,NULL,NULL,NULL,NULL,NULL,NULL,,NULL,NULL,NULL,false,NULL,NULL,NULL,NULL,NULL,NULL,NULL,NULL,NULL,NULL,NULL
685,Mikhailov,Boris,Boris Mikhailov,Diary,NULL,NULL,NULL,NULL,NULL,NULL,NULL,NULL,,NULL,NULL,false,NULL,NULL,NULL,NULL,NULL,NULL,NULL,NULL,NULL,NULL,NULL,NULL
686,Miksys,Andrew,Andrew Miksys,Tulips,NULL,NULL,NULL,NULL,NULL,NULL,NULL,NULL,,NULL,NULL,false,NULL,NULL,NULL,NULL,NULL,NULL,NULL,NULL,NULL,NULL,NULL,NULL
687,Milach,Radek,Radek Milach,The First March of Gentlemen / Kolekcja Wrzesińska,Muzeum Dzieci Wrzesinskich,2017,NULL,NULL,NULL,Boards,72,"First, 48 color illustrations",,NULL,NULL,false,NULL,NULL,http://rafalmilach.com/,NULL,NULL,NULL,NULL,NULL,NULL,NULL,NULL,NULL
688,Milner,Stephen,Stephen Milner,A Spiritual Good Time,Meteoro Editions,NULL,NULL,NULL,NULL,Softcover,80,First edition,,NULL,NULL,false,NULL,"The source of the photographs in A Spiritual Good Time is from various surfing magazines published before 1990. The appropriated images from mass-printed surf culture is a meditation on the perpetual pursuit of pleasure. It is a blending of fear and desire within a sport that often focused on the heterosexual gaze, hyper-masculinity, localism and the gossamer tipped dream of all inclusiveness and spirituality. Through tight cropping and editing of the editorial tropes of surf photography, the images are re-contextualized into a loose narrative of the contradictory forces at play.",NULL,NULL,NULL,NULL,NULL,NULL,NULL,NULL,NULL,NULL
689,Minter,Marilyn,Marilyn Minter,Plush,NULL,NULL,NULL,NULL,NULL,NULL,NULL,NULL,,NULL,NULL,false,NULL,NULL,NULL,NULL,NULL,NULL,NULL,NULL,NULL,NULL,NULL,NULL
690,Minter,Marilyn,Marilyn Minter,Pretty Dirty,NULL,NULL,NULL,NULL,NULL,NULL,NULL,NULL,,NULL,NULL,false,NULL,NULL,NULL,NULL,NULL,NULL,NULL,NULL,NULL,NULL,NULL,NULL
691,Miserachs,Xavier,Xavier Miserachs,Miserachs Barcelona,NULL,NULL,NULL,NULL,NULL,NULL,NULL,NULL,,NULL,NULL,false,NULL,NULL,NULL,NULL,NULL,NULL,NULL,NULL,NULL,NULL,NULL,NULL
692,Mitchell,Tyler,Tyler Mitchell,I Can Make You Feel Good,Prestel,NULL,NULL,NULL,NULL,NULL,NULL,NULL,,NULL,true,NULL,NULL,NULL,NULL,NULL,NULL,NULL,NULL,NULL,NULL,NULL,NULL,NULL
693,Mitchell,Peter,Peter Mitchell,Some Thing means Everything to Somebody,NULL,NULL,NULL,NULL,NULL,NULL,NULL,NULL,,NULL,NULL,false,NULL,NULL,NULL,NULL,NULL,NULL,NULL,NULL,NULL,NULL,NULL,NULL
694,Mitchell,Joan,Joan Mitchell,I carry my landscapes around with me,NULL,NULL,NULL,NULL,NULL,NULL,NULL,NULL,,NULL,NULL,false,NULL,NULL,NULL,NULL,NULL,NULL,NULL,NULL,NULL,NULL,NULL,NULL
695,Mizutani,Yoshinori,Yoshinori Mizutani,Colors,Amana,2015,NULL,NULL,NULL,NULL,NULL,NULL,9784865870343,NULL,NULL,false,NULL,NULL,NULL,NULL,NULL,NULL,NULL,NULL,NULL,NULL,NULL,NULL
696,Mizutani,Yoshinori,Yoshinori Mizutani,Hanon (signed),NULL,NULL,NULL,NULL,NULL,NULL,NULL,NULL,,NULL,NULL,false,NULL,NULL,NULL,NULL,NULL,NULL,NULL,NULL,NULL,NULL,NULL,NULL
697,Mizutani,Yoshinori,Yoshinori Mizutani,Tokyo Parrots,NULL,NULL,NULL,NULL,NULL,NULL,NULL,NULL,,NULL,NULL,false,NULL,NULL,NULL,NULL,NULL,NULL,NULL,NULL,NULL,NULL,NULL,NULL
698,Mollino,Carlo,Carlo Mollino,Photographs 1934–1973,NULL,NULL,NULL,NULL,NULL,NULL,NULL,NULL,,NULL,NULL,false,NULL,NULL,NULL,NULL,NULL,NULL,NULL,NULL,NULL,NULL,NULL,NULL
699,Mollino,Carlo,Carlo Mollino,Carlo Mollino: Polaroids,NULL,NULL,NULL,NULL,NULL,NULL,NULL,NULL,,NULL,NULL,false,NULL,NULL,NULL,NULL,NULL,NULL,NULL,NULL,NULL,NULL,NULL,NULL
700,Mollino,Carlo,Carlo Mollino,Carlo Mollino: Photographs 1956-1962,NULL,NULL,NULL,NULL,NULL,NULL,NULL,NULL,,NULL,NULL,false,NULL,NULL,NULL,NULL,NULL,NULL,NULL,NULL,NULL,NULL,NULL,NULL
701,Monica Ursina,Jager,Jager Monica Ursina,Topographies,Kodoji,2014,NULL,1144.0,30.6,leporello fold,54,"housed in a slipcase, full bleed color plates, 54 full bleed black & white plates, 22 × 30.6 cm",9783037470626,NULL,NULL,false,NULL,NULL,NULL,NULL,NULL,NULL,NULL,NULL,NULL,NULL,NULL,NULL
702,Monk,Billy,Billy Monk,Billy Monk,Dewi Lewis Pubishing,NULL,NULL,NULL,NULL,NULL,NULL,NULL,,NULL,NULL,false,NULL,NULL,NULL,NULL,NULL,NULL,NULL,NULL,NULL,NULL,NULL,NULL
703,Monk,Jonathan,Jonathan Monk,Restaurant Drawings,KARMA,NULL,NULL,NULL,NULL,NULL,NULL,NULL,,NULL,NULL,false,NULL,NULL,NULL,https://karmakarma.org/,NULL,NULL,NULL,NULL,NULL,NULL,NULL,NULL
704,Moore,David,David Moore,Pictures from the Real World (Colour photographs) 1987-88,David Lewis Publishing,2013,NULL,NULL,NULL,NULL,NULL,NULL,9781907893339,NULL,NULL,false,NULL,NULL,NULL,NULL,NULL,NULL,NULL,NULL,NULL,NULL,NULL,NULL
705,Moriyama,Daido,Daido Moriyama,Record no 34 (signed),NULL,NULL,NULL,NULL,NULL,NULL,NULL,NULL,,NULL,NULL,false,NULL,NULL,NULL,https://www.moriyamadaido.com/,NULL,NULL,NULL,NULL,NULL,NULL,NULL,NULL
706,Moriyama,Daido,Daido Moriyama,Record no 32 (signed),NULL,NULL,NULL,NULL,NULL,NULL,NULL,NULL,,NULL,NULL,false,NULL,NULL,NULL,https://www.moriyamadaido.com/,NULL,NULL,NULL,NULL,NULL,NULL,NULL,NULL
707,Moriyama,Daido,Daido Moriyama,Record no 31 (signed),NULL,NULL,NULL,NULL,NULL,NULL,NULL,NULL,,NULL,NULL,false,NULL,NULL,NULL,https://www.moriyamadaido.com/,NULL,NULL,NULL,NULL,NULL,NULL,NULL,NULL
708,Moriyama,Daido,Daido Moriyama,Record no 26 (signed),NULL,NULL,NULL,NULL,NULL,NULL,NULL,NULL,,NULL,NULL,false,NULL,NULL,NULL,https://www.moriyamadaido.com/,NULL,NULL,NULL,NULL,NULL,NULL,NULL,NULL
709,Moriyama,Daido,Daido Moriyama,2000.12.14.pm,HYSTERIC GLAMOUR,2002,NULL,NULL,NULL,NULL,NULL,NULL,,NULL,NULL,false,NULL,"""2000.12.14.pm"" is a publication, specifically a photobook booklet by Japanese photographer Daido Moriyama. It was published by HYSTERIC GLAMOUR in 2002 and is associated with a larger set or documentary project titled ""Near Equal"". Documentary on Japanese photographer Daido Moriyama. It is a booklet that was issued with a set of four prints as part of the ""Near Equal Moriyama Daido"" project.",NULL,https://www.moriyamadaido.com/,NULL,NULL,NULL,NULL,NULL,NULL,"October 29, 2025",/assets/images/books/Moriyama_2000_12_14_pm.jpg
710,Moriyama,Daido,Daido Moriyama,Mirage,NULL,NULL,NULL,NULL,NULL,NULL,NULL,NULL,,NULL,NULL,false,NULL,NULL,NULL,https://www.moriyamadaido.com/,NULL,NULL,NULL,NULL,NULL,NULL,NULL,NULL
711,Morrisroe,Mark,Mark Morrisroe,NULL,JR,NULL,NULL,NULL,NULL,NULL,NULL,NULL,,NULL,NULL,false,NULL,NULL,NULL,NULL,NULL,NULL,NULL,NULL,NULL,NULL,NULL,NULL
712,Moshammer,Stefanie,Stefanie Moshammer,Not Just Your Face Honey,Spector Books,2018,22.0,28.5,NULL,Hardcover thread-sewn,144,"First, 11 black-white and 62 color illustrations",9783959052436,C / O Berlin Foundation,NULL,false,Bryndis Sigorjonsdottír / naroska Design,"The series Not Just Your Face Honey by Austrian artist Stefanie Moshammer was produced in the USA nd reflects on the thin line between love and delusion. Her photographic work is based on a love letter written to her in March 2014 by Troy C., a man she did not know. This text led the artist to explore questions of surveillance, stalking, and the image of the other. Her photographs mingle dreams, feelings, and obsessions, combining them into a web of visual associations embedded in a kind of American road movie. Stefanie Moshammer's series Not Just Your Face Honey won together with the art critic Andreas Prinzing the C / O Berlin Talent Award and is being exhibited at the venue from 7 July to 23 September 2018.",NULL,https://spectorbooks.com/,NULL,NULL,Surveillance Index,NULL,NULL,NULL,NULL,NULL
713,Moss,Murray,Murray Moss,Tertium Quid,NULL,NULL,NULL,NULL,NULL,NULL,NULL,NULL,,NULL,NULL,false,NULL,NULL,NULL,NULL,NULL,NULL,NULL,NULL,NULL,NULL,NULL,NULL
714,Mosse,Richard,Richard Mosse,Incoming,NULL,NULL,NULL,NULL,NULL,NULL,NULL,NULL,,NULL,NULL,false,NULL,NULL,NULL,NULL,NULL,NULL,NULL,NULL,NULL,NULL,NULL,NULL
715,Mott,Toby,Toby Mott,KRAFTWERK 45 RPM,NULL,NULL,NULL,NULL,NULL,NULL,NULL,NULL,,NULL,NULL,false,NULL,NULL,NULL,NULL,NULL,NULL,NULL,NULL,NULL,NULL,NULL,NULL
716,Mueller,Marianne,Marianne Mueller,The Proper Ornaments,Edition Patrick Frey,2008,NULL,NULL,NULL,NULL,NULL,NULL,9783905509724,NULL,NULL,false,NULL,NULL,NULL,https://www.editionpatrickfrey.com/en/books/proper-ornaments-marianne-mueller,NULL,NULL,NULL,NULL,NULL,NULL,NULL,NULL
717,Mutu,Wangechi,Wangechi Mutu,"Wangechi Mutu: I Am Speaking, Are You Listening?",DelMonico Books/Fine Arts Museums of San Francisco,2021,26.7,21.6,NULL,NULL,NULL,NULL,9781636810058,NULL,NULL,false,NULL,NULL,NULL,NULL,NULL,NULL,NULL,NULL,NULL,NULL,NULL,NULL
718,N,NULL,NULL,N,NULL,NULL,NULL,NULL,NULL,NULL,NULL,NULL,,NULL,NULL,false,NULL,NULL,NULL,NULL,NULL,NULL,NULL,NULL,NULL,NULL,NULL,NULL
719,Nara,NULL,Nara,Nobody Knows,Little More,2002,NULL,NULL,NULL,Hardcover,98,NULL,9784902943061,NULL,NULL,false,NULL,NULL,NULL,NULL,NULL,NULL,NULL,NULL,NULL,NULL,NULL,NULL
720,Nara,NULL,Nara,Nobodies Fool,Harry N. Abrams;,2010,NULL,NULL,NULL,Slipcase,272,NULL,9780810994140,NULL,NULL,false,NULL,NULL,NULL,NULL,NULL,NULL,NULL,NULL,NULL,NULL,NULL,NULL
721,Nassar,Jordan,Jordan Nassar,We Are The Ones To Go To The Mountain,@Anat Ebgi Gallery,2020,NULL,NULL,NULL,Spiral bound zine,NULL,NULL,,NULL,NULL,true,NULL,Zine by Jordan Nassar printed in September 2020 on the occasion of his solo show We Are The Ones To Go To The Mountain,NULL,NULL,NULL,NULL,NULL,NULL,NULL,NULL,NULL,NULL
722,Natali,NULL,Natali,"New York Subway, 1960",NULL,NULL,NULL,NULL,NULL,NULL,NULL,NULL,,NULL,NULL,false,NULL,NULL,NULL,NULL,NULL,NULL,NULL,NULL,NULL,NULL,NULL,NULL
723,Natkiel,NULL,Natkiel,Studio Paradiso,NULL,NULL,NULL,NULL,NULL,NULL,NULL,NULL,,NULL,NULL,false,NULL,NULL,NULL,NULL,NULL,NULL,NULL,NULL,NULL,NULL,NULL,NULL
724,Nave,NULL,Nave,"On Your Knees, Please.",NULL,NULL,NULL,NULL,NULL,NULL,NULL,NULL,,NULL,NULL,false,NULL,NULL,NULL,NULL,NULL,NULL,NULL,NULL,NULL,NULL,NULL,NULL
725,Neel,NULL,Neel,People Come First,NULL,NULL,NULL,NULL,NULL,NULL,NULL,NULL,,NULL,NULL,false,NULL,NULL,NULL,NULL,NULL,NULL,NULL,NULL,NULL,NULL,NULL,NULL
726,Neel,NULL,Neel,Painted Truths,NULL,NULL,NULL,NULL,NULL,NULL,NULL,NULL,,NULL,NULL,false,NULL,NULL,NULL,NULL,NULL,NULL,NULL,NULL,NULL,NULL,NULL,NULL
727,Neel,Alice,Alice Neel,"Alice, Neel, Uptown",David Zwirner Books,2017,26.7,21.6,2.0,NULL,NULL,NULL,9781941701607,NULL,NULL,false,NULL,NULL,NULL,https://www.davidzwirnerbooks.com/,Art,NULL,NULL,NULL,NULL,NULL,NULL,NULL
728,Nesbat,Shurin,Shurin Nesbat,Shurin Nesbat,CH,NULL,NULL,NULL,NULL,NULL,NULL,NULL,,NULL,NULL,false,NULL,NULL,NULL,NULL,NULL,NULL,NULL,NULL,NULL,NULL,NULL,NULL
729,Ninguem E De,Ninguem,Ninguem Ninguem E De,Ninguem E De Ninguem(Limited Edition 250 Copies + signed C print),Editions Bessard,2021,26.0,17.0,NULL,Soft-Binding,36,Limited Edition of 250 copies + signed C-Print (180 x 130 mm),9791091406888,NULL,NULL,false,NULL,NULL,NULL,https://editionsbessard.com,NULL,NULL,NULL,NULL,NULL,NULL,NULL,NULL
730,Nocito,Jason,Jason Nocito,End Or : #12 Absolutely Empty,Dashwood Books,NULL,NULL,NULL,NULL,NULL,NULL,NULL,,NULL,NULL,false,NULL,NULL,https://jasonnocito.com/,https://dstrettell.com/,NULL,NULL,NULL,NULL,NULL,NULL,NULL,NULL
731,Nocito,Jason,Jason Nocito,End Or : ATM Machine,Dashwood Books,NULL,NULL,NULL,NULL,NULL,NULL,NULL,,NULL,NULL,false,NULL,NULL,https://jasonnocito.com/,https://dstrettell.com/,NULL,NULL,NULL,NULL,NULL,NULL,NULL,NULL
732,Nocito,Jason,Jason Nocito,End Or : Scanner,Dashwood Books,NULL,NULL,NULL,NULL,NULL,NULL,NULL,,NULL,NULL,false,NULL,NULL,https://jasonnocito.com/,https://dstrettell.com/,NULL,NULL,NULL,NULL,NULL,NULL,NULL,NULL
733,Nocito,Jason,Jason Nocito,End Or : Limbo,Dashwood Books,NULL,NULL,NULL,NULL,NULL,NULL,NULL,,NULL,NULL,false,NULL,NULL,https://jasonnocito.com/,https://dstrettell.com/,NULL,NULL,NULL,NULL,NULL,NULL,NULL,NULL
734,Nocito,Jason,Jason Nocito,End Or: Walkers,Dashwood Books,NULL,NULL,NULL,NULL,NULL,NULL,NULL,,NULL,NULL,false,NULL,NULL,https://jasonnocito.com/,https://dstrettell.com/,NULL,NULL,NULL,NULL,NULL,NULL,NULL,NULL
735,Nocito,Jason,Jason Nocito,End Or: Not / Here,Dashwood Books,NULL,NULL,NULL,NULL,NULL,NULL,NULL,,NULL,NULL,false,NULL,NULL,https://jasonnocito.com/,https://dstrettell.com/,NULL,NULL,NULL,NULL,NULL,NULL,NULL,NULL
736,Nocito,Jason,Jason Nocito,End Or: Book Seven,Dashwood Books,NULL,NULL,NULL,NULL,NULL,NULL,NULL,,NULL,NULL,false,NULL,NULL,https://jasonnocito.com/,https://dstrettell.com/,NULL,NULL,NULL,NULL,NULL,NULL,NULL,NULL
737,Nocito,Jason,Jason Nocito,End Or: The Nice Guy,Dashwood Books,NULL,NULL,NULL,NULL,NULL,NULL,NULL,,NULL,NULL,false,NULL,NULL,https://jasonnocito.com/,https://dstrettell.com/,NULL,NULL,NULL,NULL,NULL,NULL,NULL,NULL
738,Nocito,Jason,Jason Nocito,End Or: Dropping Shadows,Dashwood Books,NULL,NULL,NULL,NULL,NULL,NULL,NULL,,NULL,NULL,false,NULL,NULL,https://jasonnocito.com/,https://dstrettell.com/,NULL,NULL,NULL,NULL,NULL,NULL,NULL,NULL
739,Nocito,Jason,Jason Nocito,End Or: Pictures Included,Dashwood Books,NULL,NULL,NULL,NULL,NULL,NULL,NULL,,NULL,NULL,false,NULL,NULL,https://jasonnocito.com/,https://dstrettell.com/,NULL,NULL,NULL,NULL,NULL,NULL,NULL,NULL
740,Nocito,Jason,Jason Nocito,End Or: Love Twins,Dashwood Books,NULL,NULL,NULL,NULL,NULL,NULL,NULL,,NULL,NULL,false,NULL,NULL,https://jasonnocito.com/,https://dstrettell.com/,NULL,NULL,NULL,NULL,NULL,NULL,NULL,NULL
741,Nocito,Jason,Jason Nocito,End Or: Sooner Forever,Dashwood Books,NULL,NULL,NULL,NULL,NULL,NULL,NULL,,NULL,NULL,false,NULL,NULL,https://jasonnocito.com/,https://dstrettell.com/,NULL,NULL,NULL,NULL,NULL,NULL,NULL,NULL
742,Nocito,Jason,Jason Nocito,PUD III,NULL,NULL,NULL,NULL,NULL,NULL,NULL,NULL,,NULL,NULL,false,NULL,NULL,https://jasonnocito.com/,NULL,NULL,NULL,NULL,NULL,NULL,NULL,NULL,NULL
743,Nocito,Jason,Jason Nocito,PUD II,NULL,NULL,NULL,NULL,NULL,NULL,NULL,NULL,,NULL,NULL,false,NULL,NULL,https://jasonnocito.com/,NULL,NULL,NULL,NULL,NULL,NULL,NULL,NULL,NULL
744,Nocito,Jason,Jason Nocito,PUD,NULL,NULL,NULL,NULL,NULL,NULL,NULL,NULL,,NULL,NULL,false,NULL,NULL,https://jasonnocito.com/,NULL,NULL,NULL,NULL,NULL,NULL,NULL,NULL,NULL
745,Nocito; Thomas Prior,Jason,Jason Nocito; Thomas Prior,Bomba,NULL,NULL,NULL,NULL,NULL,NULL,NULL,NULL,,NULL,NULL,false,NULL,NULL,NULL,NULL,NULL,NULL,NULL,NULL,NULL,NULL,NULL,NULL
746,Noland,Cady,Cady Noland,Cady Noland: Polaroids 1986-2024,Gagosian / Rizzoli,2026,11.75,9.5,NULL,Trade Paperback Original,120,NULL,9781951449957,NULL,NULL,false,NULL,"Cady Noland: Polaroids 1986–2024 is an artist's book featuring previously unpublished photographs taken by the artist over the course of her career. This book was conceived of, edited, and designed by Cady Noland. It reproduces nearly one hundred Polaroids taken by the artist over the course of her career, which illustrate sculptures in process and exhibitions in development.",NULL,https://gagosian.com/,Art,Individual Artists - Artists' Books,NULL,NULL,Hudson Street Library,NULL,NULL,NULL
747,Nunziata,Nicole,Nicole Nunziata,How What Exists Exists,Fw:Books,2015,NULL,NULL,NULL,NULL,NULL,500 copies,9789490119324,NULL,NULL,false,NULL,NULL,NULL,NULL,NULL,NULL,NULL,NULL,NULL,NULL,NULL,NULL
748,O,NULL,NULL,O,NULL,NULL,NULL,NULL,NULL,NULL,NULL,NULL,,NULL,NULL,false,NULL,NULL,NULL,NULL,NULL,NULL,NULL,NULL,NULL,NULL,NULL,NULL
749,Oehlen,Albert,Albert Oehlen,Tramonto Spaventoso,Gagosian,2021,NULL,NULL,NULL,NULL,NULL,NULL,,NULL,NULL,NULL,false,NULL,NULL,NULL,https://gagosian.com/,NULL,NULL,NULL,NULL,NULL,NULL,NULL
750,Oehlen,Albert,Albert Oehlen,1991 2008,Holzwarth Publications,2009,28.6,29.2,1.3,NULL,NULL,NULL,9783935567480,NULL,NULL,false,NULL,NULL,NULL,NULL,NULL,NULL,NULL,NULL,NULL,NULL,NULL,NULL
751,Oehlen,Albert,Albert Oehlen,In der Wohnung,Edition Patrick Frey,2015,24.0,32.0,NULL,Hardcover,128,"23 b / w illustrations, 67 color illustrations",9783905929959,NULL,NULL,false,NULL,NULL,NULL,NULL,NULL,NULL,NULL,NULL,NULL,NULL,NULL,NULL
752,Ohtake,Shinro,Shinro Ohtake,UK77: Digging my way to London,Getsuyosha,2004,26.0,19.0,4.6,Hardcover,656,NULL,,NULL,NULL,false,NULL,NULL,NULL,NULL,NULL,NULL,NULL,NULL,NULL,NULL,NULL,NULL
753,Okabe,Momo,Momo Okabe,Bible,Session Press,2014,NULL,NULL,NULL,Hardcover,122,Edition of 300 (20 for LTD Edition). #9,,NULL,Momo Okabe & Mika Murai,false,NULL,"Session Press is pleased to announce “Bible” a new book by Momo Okabe. Bible compiles Okabe’s recent works including many unpublished photographs taken in Tokyo, Miyagi and India between 2008 and 2014. This will be Okabe’s second US monograph published by Session Press following her unique artist book “Dildo” in 2013",NULL,https://www.sessionpress.com/books/bible,NULL,NULL,NULL,NULL,NULL,NULL,NULL,NULL
754,Olgiati,Valerio,Valerio Olgiati,The Images of Architects,NULL,2014,NULL,NULL,NULL,NULL,NULL,NULL,,NULL,NULL,false,NULL,NULL,NULL,NULL,NULL,NULL,NULL,NULL,NULL,NULL,NULL,NULL
755,Onnen,Serge,Serge Onnen,I Am A Lone Monk Walking The World With A Leaky Umbrella Chinese Shadow-puppets 2012-2017,NULL,NULL,NULL,NULL,NULL,NULL,NULL,NULL,,NULL,NULL,false,NULL,NULL,NULL,NULL,NULL,NULL,NULL,NULL,NULL,NULL,NULL,NULL
756,Onodera,Yuki,Yuki Onodera,Eleventh Finger,NULL,NULL,NULL,NULL,NULL,NULL,NULL,NULL,,NULL,NULL,false,NULL,NULL,NULL,NULL,NULL,NULL,NULL,NULL,NULL,NULL,NULL,NULL
757,Opie,Catherine,Catherine Opie,Catherine Opie,Phaidon,2021,32.4,27.9,3.2,Hardcover,338,"First, english",9781838662189,Hilton Als,"Douglas Fogle, Helen Molesworth",true,NULL,"Long awaited, the first survey of the work of one of America's foremost contemporary fine art photographers. For almost 40 years, Catherine Opie has been documenting with psychological acuity the cultural and geographic identity of contemporary America. This unique artist monograph presents a compelling visual narrative of Opie's work since the early 1980s, pairing images across bodies of work to form a full picture of her artistic vision. With more than 300 beautiful illustrations and made in close collaboration with Opie, the book marks a turning point in the consideration of this artist's work to date.",http://uk.phaidon.com/,Photography,Art,Individual Photographers,779.092. Dewey Edition. 23,Hudson Street Library,NULL,NULL,NULL,NULL
758,Oursler,Tony,Tony Oursler,NULL,Jue De Paume,NULL,NULL,NULL,NULL,NULL,NULL,NULL,,NULL,NULL,false,NULL,NULL,NULL,NULL,NULL,NULL,NULL,NULL,NULL,NULL,NULL,NULL
759,Oursler,Tony,Tony Oursler,I/O Underflow,NULL,NULL,NULL,NULL,NULL,NULL,NULL,NULL,,NULL,NULL,false,NULL,NULL,NULL,NULL,NULL,NULL,NULL,NULL,NULL,NULL,NULL,NULL
760,Oursler,Tony,Tony Oursler,Imponderable,NULL,NULL,NULL,NULL,NULL,NULL,NULL,NULL,,NULL,NULL,false,NULL,NULL,NULL,NULL,NULL,NULL,NULL,NULL,NULL,NULL,NULL,NULL
761,Owens,Laura,Laura Owens,NULL,Whitney,NULL,NULL,NULL,NULL,NULL,NULL,1 of 2 copies,,NULL,NULL,false,NULL,NULL,NULL,NULL,NULL,NULL,NULL,NULL,NULL,NULL,NULL,NULL
762,Ozbolt,Djordje,Djordje Ozbolt,Questions of Faith,NULL,NULL,NULL,NULL,NULL,NULL,NULL,NULL,,NULL,NULL,false,NULL,NULL,NULL,NULL,NULL,NULL,NULL,NULL,NULL,NULL,NULL,NULL
763,P,NULL,NULL,P,NULL,NULL,NULL,NULL,NULL,NULL,NULL,NULL,,NULL,NULL,false,NULL,NULL,NULL,NULL,NULL,NULL,NULL,NULL,NULL,NULL,NULL,NULL
764,Packer,Jennifer,Jennifer Packer,The Eye Is Not Satisfied with Seeing:,Serpentine Gallery,2021,NULL,NULL,NULL,NULL,NULL,NULL,,NULL,NULL,NULL,false,NULL,NULL,NULL,NULL,NULL,NULL,NULL,NULL,NULL,NULL,NULL
765,Paglan,Trevor,Trevor Paglan,Trevor Paglan,Phaidon Press,2018,29.5,25.1,1.6,Paperback,NULL,NULL,9780714873442,NULL,NULL,false,NULL,NULL,NULL,NULL,NULL,NULL,NULL,NULL,NULL,NULL,NULL,NULL
766,Paglan,Trevor,Trevor Paglan,Sites Unseen,GILES,2018,31.2,26.4,3.3,Hardcover,254,NULL,9781911282334,NULL,NULL,false,NULL,NULL,NULL,NULL,Photography,NULL,NULL,NULL,NULL,NULL,NULL,NULL
767,Paglan,Trevor,Trevor Paglan,Invisible: Covert Operations and Classified Landscapes,Aperture,2010,28.6,25.4,2.5,Hardcover,160,NULL,9781597111300,NULL,NULL,true,NULL,NULL,NULL,https://aperture.org/,NULL,NULL,NULL,NULL,NULL,NULL,NULL,NULL
768,Parks,Gordon,Gordon Parks,"The Atmosphere of Crime, 1957",Steidl/The Gordon Parks Foundation,2020,24.8,29.2,NULL,Hardcover,68,"First Printing, 70 illustrations",9783958296961,NULL,NULL,false,NULL,NULL,NULL,https://steidl.de/,NULL,NULL,NULL,NULL,NULL,NULL,NULL,NULL
769,Parks,Gordon,Gordon Parks,Collected Works. Study Edition,Steidl/The Gordon Parks Foundation,2017,NULL,NULL,NULL,NULL,NULL,5 Volume Set,,NULL,NULL,false,NULL,NULL,NULL,https://steidl.de/,NULL,NULL,NULL,NULL,NULL,NULL,NULL,NULL
770,Parlá,José,José Parlá,Cityscapes,NULL,NULL,NULL,NULL,NULL,NULL,NULL,NULL,,NULL,NULL,false,NULL,NULL,NULL,NULL,NULL,NULL,NULL,NULL,NULL,NULL,NULL,NULL
771,Parr,Martin,Martin Parr,Obvious and Ordinary: America 2006,STEPHEN DAITER GALLERY AND ROCKET GALLERY,2007,NULL,NULL,NULL,NULL,NULL,NULL,00131,NULL,John Gossage,false,NULL,NULL,NULL,NULL,NULL,NULL,NULL,NULL,NULL,NULL,NULL,NULL
772,Pascual,Marlo,Marlo Pascual,NULL,Hassla,2014,NULL,NULL,NULL,NULL,NULL,NULL,9781940881027,NULL,NULL,false,NULL,NULL,NULL,NULL,NULL,NULL,NULL,NULL,NULL,NULL,NULL,NULL
773,Patellani,Federico,Federico Patellani,Women with Cameras (Anonymous),NULL,NULL,NULL,NULL,NULL,NULL,NULL,NULL,,NULL,NULL,false,NULL,NULL,NULL,NULL,NULL,NULL,NULL,NULL,NULL,NULL,NULL,NULL
774,Patterson,Christian,Christian Patterson,Bottom Of The Lake,NULL,NULL,NULL,NULL,NULL,NULL,NULL,NULL,,NULL,NULL,false,NULL,NULL,NULL,NULL,NULL,NULL,NULL,NULL,NULL,NULL,NULL,NULL
775,Pendleton,Adam,Adam Pendleton,Adam Pendleton,Phaidon Press,NULL,NULL,NULL,NULL,NULL,NULL,NULL,,NULL,NULL,false,NULL,NULL,NULL,NULL,NULL,NULL,NULL,NULL,NULL,NULL,NULL,NULL
776,Peter,Hugo,Hugo Peter,Solus Volume I: Concerning Atypical Beauty and Youth (Vol.1),RM,2022,31.5,24.0,NULL,Paperback,176,"First edition, signed",,NULL,NULL,false,NULL,NULL,NULL,NULL,NULL,NULL,NULL,NULL,NULL,NULL,NULL,NULL
777,Petersen,Anders,Anders Petersen,Grona Lund,NULL,NULL,NULL,NULL,NULL,NULL,NULL,NULL,,NULL,NULL,false,NULL,NULL,NULL,NULL,NULL,NULL,NULL,NULL,NULL,NULL,NULL,NULL
778,Pettibon,Raymond,Raymond Pettibon,Raymond Pettibon,Rizzoli Classics,2016,28.7,23.9,3.8,Hardcover,384,Slipcase Edition,9780847858255,NULL,NULL,false,NULL,NULL,http://raypettibon.com/,NULL,NULL,NULL,NULL,NULL,NULL,NULL,NULL,NULL
780,Pettibon,Raymond,Raymond Pettibon,Here's Your Irony Back: Political Works 1975-2013,Hatje Cantz/David Zwirner/Regen Projects,2013,33.0,27.9,2.5,Hardcover,212,NULL,,NULL,NULL,false,NULL,NULL,http://raypettibon.com/,https://www.hatjecantz.de/,NULL,NULL,NULL,NULL,NULL,NULL,NULL,NULL
781,Pettibon,Raymond,Raymond Pettibon,A Pen of All Work,Phaidon Press,2017,32.0,25.1,3.6,Hardcover,408,NULL,9780714873695,by Massimiliano Gioni (Author),"by Massimiliano Gioni (Author), Gary Carrion-Murayari (Author)",false,NULL,NULL,http://raypettibon.com/,NULL,NULL,NULL,NULL,NULL,NULL,NULL,NULL,NULL
782,Pettibon,Raymond,Raymond Pettibon,Are Your Motives Pure - Surfers 1985-2014,Venus,NULL,NULL,NULL,NULL,NULL,NULL,NULL,,NULL,NULL,false,NULL,NULL,http://raypettibon.com/,NULL,NULL,NULL,NULL,NULL,NULL,NULL,NULL,NULL
783,Pettibon,Raymond,Raymond Pettibon,The Pages Which Contain Truth Are Blank,Skarabaeus,NULL,NULL,NULL,NULL,NULL,NULL,NULL,,NULL,NULL,false,NULL,NULL,http://raypettibon.com/,NULL,NULL,NULL,NULL,NULL,NULL,NULL,NULL,NULL
784,Pettibon,Raymond,Raymond Pettibon,V-Boom,Kestner,NULL,NULL,NULL,NULL,NULL,NULL,NULL,,NULL,NULL,false,NULL,NULL,http://raypettibon.com/,NULL,NULL,NULL,NULL,NULL,NULL,NULL,NULL,NULL
785,Pettibon,Raymond,Raymond Pettibon,Surfers 1985-2015,NULL,NULL,NULL,NULL,NULL,NULL,NULL,NULL,,NULL,false,NULL,NULL,http://raypettibon.com/,NULL,NULL,NULL,NULL,NULL,NULL,NULL,NULL,NULL,NULL
786,Pettibon,Raymond,Raymond Pettibon,Climax presents black flag,NULL,NULL,NULL,NULL,NULL,NULL,NULL,NULL,,NULL,false,NULL,NULL,http://raypettibon.com/,NULL,NULL,NULL,NULL,NULL,NULL,NULL,NULL,NULL,NULL
787,Pettibon,Raymond,Raymond Pettibon,Looker-upper,NULL,NULL,NULL,NULL,NULL,NULL,NULL,NULL,,NULL,false,NULL,NULL,http://raypettibon.com/,NULL,NULL,NULL,NULL,NULL,NULL,NULL,NULL,NULL,NULL
788,Pettibon,Raymond,Raymond Pettibon,Dzama / Pettibon: Let us compare mythologies,David Zwirner,2016,21.6,27.9,NULL,Softcover (staple bound),NULL,Edition of 500 numbered copies. Includes special fold out poster,9781941701386,NULL,NULL,false,NULL,NULL,http://raypettibon.com/,https://www.davidzwirnerbooks.com/,NULL,NULL,NULL,NULL,NULL,NULL,NULL,NULL
789,Pettibon,Raymond,Raymond Pettibon,Marcela Dzama 3,David Zwirner,NULL,NULL,NULL,NULL,Softcover (staple bound),NULL,NULL,,NULL,NULL,false,NULL,NULL,http://raypettibon.com/,https://www.davidzwirnerbooks.com/,NULL,NULL,NULL,NULL,NULL,NULL,NULL,NULL
790,Pettibon,Raymond,Raymond Pettibon,Born on a Train,NULL,2015,NULL,NULL,NULL,NULL,NULL,NULL,,NULL,NULL,false,NULL,NULL,http://raypettibon.com/,NULL,NULL,NULL,NULL,NULL,NULL,NULL,NULL,NULL
791,Pettibon,Raymond,Raymond Pettibon,Raymond Pettibon (Contemporary Artists),Phaidon Press,2001,NULL,NULL,NULL,NULL,NULL,NULL,,NULL,NULL,false,NULL,NULL,http://raypettibon.com/,NULL,NULL,NULL,NULL,NULL,NULL,NULL,NULL,NULL
792,Pettibon,Raymond,Raymond Pettibon,Raymond Pettibon: Homo Americanus: Collected Works,David Zwirner Books/Deichtorhallen Hamburg-Sammlung Falckenberg,2016,NULL,NULL,NULL,NULL,NULL,NULL,,NULL,NULL,false,NULL,NULL,http://raypettibon.com/,https://www.davidzwirnerbooks.com/,NULL,NULL,NULL,NULL,NULL,NULL,NULL,NULL
793,Peyton,Elizabeth,Elizabeth Peyton,Imprint93,NULL,NULL,NULL,NULL,NULL,NULL,NULL,"Zine, Edition 100 (3) copies",,NULL,NULL,false,NULL,NULL,NULL,NULL,NULL,NULL,NULL,NULL,NULL,NULL,NULL,NULL
794,Peyton,Elizabeth,Elizabeth Peyton,Here She Comes Now,NULL,NULL,NULL,NULL,NULL,NULL,NULL,NULL,,NULL,NULL,false,NULL,NULL,NULL,NULL,NULL,NULL,NULL,NULL,NULL,NULL,NULL,NULL
795,Peyton,Elizabeth,Elizabeth Peyton,The Age of Innocence,Nieves,2013,19.5,25.5,NULL,Softcover,16,"1st, Edition of 100",9783905999488,NULL,NULL,false,NULL,"13 color ill.. Artist's book (12 paintings by Elizabeth Peyton). The title of this small volume by Elizabeth Peyton The Age of Innocence is taken from the early 20th century novel of the same name by Edith Wharton. It describes the claustrophobic, repressed, hypocritical atmosphere of New York society in the 1870's. In the novel passion is shown as the force that would make that highly ritualized world implode.",NULL,https://www.nieves.ch/,NULL,NULL,NULL,NULL,NULL,NULL,NULL,NULL
796,Peyton,Elizabeth,Elizabeth Peyton,Ghost,NULL,NULL,NULL,NULL,NULL,NULL,NULL,NULL,,NULL,NULL,false,NULL,NULL,NULL,NULL,NULL,NULL,NULL,NULL,NULL,NULL,NULL,NULL
797,Peyton,Elizabeth,Elizabeth Peyton,Elizabeth Peyton Gagosian Paris,Gagosian,NULL,NULL,NULL,NULL,NULL,NULL,NULL,,NULL,NULL,false,NULL,NULL,NULL,https://gagosian.com/,NULL,NULL,NULL,NULL,NULL,NULL,NULL,NULL
798,Pfahler,Kembra,Kembra Pfahler,"Kembra Pfahler ""Beautalism""",Deitch Projects,2008,26.0,26.0,0.6,Softcover,92,NULL,9780981577135,NULL,Essay by Kathy Grayson,false,NULL,"After more than three decades in the New York underground scene, we finally have a book on the inimitable Kembra Pfahler, artist and lead singer of the interdisciplinary rock band, the Voluptuous Horror of Karen Black. Cataloguing her recent projects for the 2008 Whitney Biennial--which included a huge rock show in the Park Avenue Armory--this volume also features her most notorious body-art performances and shocking Sewn Vagina and Wall of Vagina pieces. Numerous full-bleed photographs capture the making of the Biennial artworks, the preparation for her live show, the performance itself and the aftermath. Also included are images of her drawings, sculptural works and installations, alongside short texts by the artist and an essay by curator and sometimes Girl of Karen Black, Kathy Grayson.",NULL,NULL,Art,"music, punk, nyc, ""karen black""",NULL,NULL,NULL,Clipper,NULL,NULL
799,Pfeiffer,Walter,Walter Pfeiffer,Cherchez La Femme,Edition Patrick Frey,2007,NULL,NULL,NULL,NULL,112,NULL,9783905509663,NULL,NULL,false,NULL,NULL,NULL,NULL,NULL,NULL,NULL,NULL,NULL,NULL,NULL,NULL
800,Pfeiffer,Walter,Walter Pfeiffer,Choli Cholie,RVB Books,NULL,NULL,NULL,NULL,NULL,NULL,NULL,9781597111300,NULL,NULL,false,NULL,NULL,NULL,NULL,NULL,NULL,NULL,NULL,NULL,NULL,NULL,NULL
801,Pfeiffer,Walter,Walter Pfeiffer,Choli Choie,NULL,NULL,NULL,NULL,NULL,NULL,NULL,NULL,,NULL,NULL,false,NULL,NULL,NULL,NULL,NULL,NULL,NULL,NULL,NULL,NULL,NULL,NULL
802,Pfeiffer,Walter,Walter Pfeiffer,Scrapbooks,NULL,NULL,NULL,NULL,NULL,NULL,NULL,NULL,,NULL,NULL,false,NULL,NULL,NULL,NULL,NULL,NULL,NULL,NULL,NULL,NULL,NULL,NULL
803,Pfeiffer,Walter,Walter Pfeiffer,Welcome Aboard,Edition Patrick Frey,NULL,NULL,NULL,NULL,NULL,NULL,NULL,,NULL,NULL,false,NULL,NULL,NULL,NULL,NULL,NULL,NULL,NULL,NULL,NULL,NULL,NULL
804,Philip-Lorca diCorcia,Philip-Lorca,Philip-Lorca Philip-Lorca diCorcia,Hustlers (SIGNED),NULL,NULL,NULL,NULL,NULL,NULL,NULL,NULL,,NULL,NULL,false,NULL,NULL,NULL,NULL,NULL,NULL,NULL,NULL,NULL,NULL,NULL,NULL
805,Phillips,Valerie,Valerie Phillips,Unsigned,NULL,NULL,NULL,NULL,NULL,NULL,NULL,NULL,,NULL,NULL,false,NULL,NULL,NULL,NULL,NULL,NULL,NULL,NULL,NULL,NULL,NULL,NULL
806,Phillips,Richard,Richard Phillips,NULL,Gagosian; Rizzoli,NULL,NULL,NULL,NULL,NULL,NULL,NULL,,NULL,NULL,false,NULL,NULL,NULL,https://gagosian.com/,NULL,NULL,NULL,NULL,NULL,NULL,NULL,NULL
808,Phillips,Brad,Brad Phillips,Grandpa goes to Hollywood,NULL,NULL,NULL,NULL,NULL,NULL,NULL,NULL,,NULL,NULL,false,NULL,NULL,NULL,NULL,NULL,NULL,NULL,NULL,NULL,NULL,NULL,NULL
809,Phillips,Brad,Brad Phillips,Mother Nature Mother Creature,NULL,NULL,NULL,NULL,NULL,NULL,NULL,NULL,,NULL,NULL,false,NULL,NULL,NULL,NULL,NULL,NULL,NULL,NULL,NULL,NULL,NULL,NULL
810,Phillips,Valerie,Valerie Phillips,Unsigned.,Dashwood,2016,NULL,NULL,NULL,Zine,NULL,150,,NULL,NULL,false,NULL,NULL,NULL,https://dstrettell.com/,NULL,NULL,NULL,NULL,NULL,NULL,NULL,NULL
811,Phillips,Valerie,Valerie Phillips,It’s Not Him You See At Night In Your Dreams Valerie Phillips,Self published,2014,15.0,21.0,NULL,Softcover,32,NULL,,NULL,NULL,false,NULL,NULL,NULL,NULL,NULL,NULL,NULL,NULL,NULL,NULL,NULL,NULL
812,Phillips,Valerie,Valerie Phillips,Sara Superero,Self published,2015,22.0,18.5,NULL,Paperback,32,"perfect binding, color",,NULL,NULL,false,NULL,"This lookbook from London-based fashion photographer Valerie Phillips candidly and unaffectedly profiles model Sara Cummings in her Californian hometown. In her raw and intimate style, Phillips documents the androgynous, skater-chic Cummings in vintage threads amidst the Americana kitsch of roadsigns, carousels, and wood-panelled dives. The photographer has published several books profiling young models with a humanity and affection rarely found in the world of fashion photography.",NULL,NULL,NULL,NULL,NULL,NULL,NULL,NULL,NULL,NULL
813,Phillips,Valerie,Valerie Phillips,you left your ring on the floor of my bedroom,Longer Moon Farther,2015,21.0,17.4,1.0,Paperback,NULL,NULL,9780954340360,NULL,NULL,false,NULL,"Photographer Valerie Phillips discovered Sara through a friend of a friend on Instagram. She knew instantly she had to photograph her, and flew Sara from LA to the UK, planning a ten day visit. But Sara was refused entry by Immigration and booked onto the next flight home. Released into Valerie's custody for one night only, they made the most of her hours of freedom - they stayed up all night and made this book",NULL,NULL,NULL,NULL,NULL,NULL,NULL,NULL,NULL,NULL
814,Pierre et Gilles,NULL,Pierre et Gilles,NULL,NULL,NULL,NULL,NULL,NULL,NULL,NULL,NULL,,by Pierre Commoy (Author),Gilles Blanchard (Author),false,NULL,NULL,NULL,NULL,NULL,NULL,NULL,NULL,NULL,NULL,NULL,NULL
815,Pierson,Jack,Jack Pierson,Lynn Valley 9,NULL,NULL,NULL,NULL,NULL,NULL,NULL,NULL,,NULL,NULL,false,NULL,NULL,NULL,NULL,NULL,NULL,NULL,NULL,NULL,NULL,NULL,NULL
816,Piller,Peter,Peter Piller,I Am A Woman,NULL,NULL,NULL,NULL,NULL,NULL,NULL,NULL,,NULL,NULL,false,NULL,NULL,NULL,NULL,NULL,NULL,NULL,NULL,NULL,NULL,NULL,NULL
817,Piller,Peter,Peter Piller,Umschläge (Special Edition) #15,NULL,NULL,NULL,NULL,NULL,NULL,NULL,NULL,,NULL,NULL,false,NULL,NULL,NULL,NULL,NULL,NULL,NULL,NULL,NULL,NULL,NULL,NULL
818,Piller,Peter,Peter Piller,Umschläge,NULL,NULL,NULL,NULL,NULL,NULL,NULL,NULL,,NULL,NULL,false,NULL,NULL,NULL,NULL,NULL,NULL,NULL,NULL,NULL,NULL,NULL,NULL
819,Polke,Sigmar,Sigmar Polke,Von Willich aus (Starting from Willich),NULL,NULL,NULL,NULL,NULL,NULL,NULL,NULL,,NULL,NULL,false,NULL,NULL,NULL,NULL,NULL,NULL,NULL,NULL,NULL,NULL,NULL,NULL
820,Power,Mark,Mark Power,Die Mauer ist Weg!,NULL,NULL,NULL,NULL,NULL,NULL,NULL,NULL,,NULL,NULL,false,NULL,NULL,NULL,NULL,NULL,NULL,NULL,NULL,NULL,NULL,NULL,NULL
821,Price,Ken,Ken Price,Ken Price Drawings,Matthew Marks Gallery,NULL,NULL,NULL,NULL,Softcover,NULL,First,,NULL,NULL,false,NULL,NULL,NULL,NULL,NULL,NULL,NULL,NULL,NULL,NULL,NULL,NULL
822,Prince,Richard,Richard Prince,Hoods,Fulton Ryder,2022,NULL,NULL,NULL,Hardcover,NULL,First,,NULL,NULL,false,NULL,NULL,http://www.richardprince.com/,NULL,NULL,NULL,NULL,NULL,NULL,NULL,NULL,NULL
823,Prince,Richard,Richard Prince,American Dream,NULL,NULL,NULL,NULL,NULL,NULL,NULL,Sealed,,NULL,NULL,false,NULL,NULL,http://www.richardprince.com/,NULL,NULL,NULL,NULL,NULL,NULL,NULL,NULL,NULL
824,Prince,Richard,Richard Prince,American English,NULL,NULL,NULL,NULL,NULL,NULL,NULL,NULL,,NULL,NULL,false,NULL,NULL,http://www.richardprince.com/,NULL,NULL,NULL,NULL,NULL,NULL,NULL,NULL,NULL
825,Prince,Richard,Richard Prince,Betty Kline,Gagosian,NULL,NULL,NULL,NULL,Hardcover,NULL,Large size,,NULL,NULL,false,NULL,NULL,http://www.richardprince.com/,https://gagosian.com/,NULL,NULL,NULL,NULL,NULL,NULL,NULL,NULL
827,Prince,Richard,Richard Prince,Canal Zone,Gagosian,NULL,NULL,NULL,NULL,Hardcover,NULL,seaked,,NULL,NULL,false,NULL,NULL,http://www.richardprince.com/,https://gagosian.com/,NULL,NULL,NULL,NULL,NULL,NULL,NULL,NULL
828,Prince,Richard,Richard Prince,Check Paintings,Gagosian Gallery,NULL,NULL,NULL,NULL,Hardcover,NULL,NULL,,NULL,NULL,false,NULL,NULL,http://www.richardprince.com/,https://gagosian.com/,NULL,NULL,NULL,NULL,NULL,NULL,NULL,NULL
829,Prince,Richard,Richard Prince,Covering Pollock (program),NULL,NULL,NULL,NULL,NULL,Program Guild Hall Museum,NULL,NULL,,NULL,false,NULL,NULL,http://www.richardprince.com/,NULL,NULL,NULL,NULL,NULL,NULL,NULL,NULL,NULL,NULL
830,Prince,Richard,Richard Prince,Cowboy,Gagosian,NULL,NULL,NULL,NULL,Hardcover,NULL,sealed,,NULL,NULL,false,NULL,NULL,http://www.richardprince.com/,https://gagosian.com/,NULL,NULL,NULL,NULL,NULL,NULL,NULL,NULL
831,Prince,Richard,Richard Prince,Free Love,Sadie Coles HQ,NULL,NULL,NULL,NULL,Hardcover,NULL,NULL,,NULL,NULL,false,NULL,NULL,http://www.richardprince.com/,NULL,NULL,NULL,NULL,NULL,NULL,NULL,NULL,NULL
832,Prince,Richard,Richard Prince,Good Life,NULL,NULL,NULL,NULL,NULL,NULL,Wrappers,NULL,,NULL,false,NULL,NULL,http://www.richardprince.com/,NULL,NULL,NULL,NULL,NULL,NULL,NULL,NULL,NULL,NULL
833,Prince,Richard,Richard Prince,High Times,Gagosian,NULL,NULL,NULL,NULL,Hardcover,NULL,NULL,,NULL,NULL,false,NULL,NULL,http://www.richardprince.com/,https://gagosian.com/,NULL,NULL,NULL,NULL,NULL,NULL,NULL,NULL
834,Prince,Richard,Richard Prince,Inside World,NULL,NULL,NULL,NULL,NULL,NULL,"Wrappers, Various Artists",NULL,,NULL,false,NULL,NULL,http://www.richardprince.com/,NULL,NULL,NULL,NULL,NULL,NULL,NULL,NULL,NULL,NULL
835,Prince,Richard,Richard Prince,It's A Free Concert,NULL,NULL,NULL,NULL,NULL,NULL,Wrappers,NULL,,NULL,false,NULL,NULL,http://www.richardprince.com/,NULL,NULL,NULL,NULL,NULL,NULL,NULL,NULL,NULL,NULL
836,Prince,Richard,Richard Prince,Jokes & Cartoons,JR,NULL,NULL,NULL,NULL,Wrappers. Sealed,NULL,NULL,,NULL,false,NULL,NULL,http://www.richardprince.com/,NULL,NULL,NULL,NULL,NULL,NULL,NULL,NULL,NULL,NULL
837,Prince,Richard,Richard Prince,Cartoon Jokes,Nahmad Contemporary,NULL,NULL,NULL,NULL,NULL,NULL,NULL,,NULL,NULL,false,NULL,NULL,http://www.richardprince.com/,NULL,NULL,NULL,NULL,NULL,NULL,NULL,NULL,NULL
838,Prince,Richard,Richard Prince,Katz + Dogg Frozen Love,Fulton Ryder,2021,21.6,27.9,NULL,Wrappers,72,"First, edition of 300",,NULL,NULL,false,NULL,NULL,http://www.richardprince.com/,NULL,NULL,NULL,NULL,NULL,NULL,NULL,NULL,NULL
839,Prince,Richard,Richard Prince,Kaliflower,NULL,NULL,NULL,NULL,NULL,NULL,Wrappers,NULL,,NULL,false,NULL,NULL,http://www.richardprince.com/,NULL,NULL,NULL,NULL,NULL,NULL,NULL,NULL,NULL,NULL
840,Prince,Richard,Richard Prince,Naked Nurses,JMc/,NULL,NULL,NULL,NULL,Wrappers,NULL,NULL,,NULL,NULL,false,NULL,NULL,http://www.richardprince.com/,NULL,NULL,NULL,NULL,NULL,NULL,NULL,NULL,NULL
841,Prince,Richard,Richard Prince,New Figures,NULL,NULL,NULL,NULL,NULL,NULL,NULL,NULL,,NULL,NULL,false,NULL,NULL,http://www.richardprince.com/,NULL,NULL,NULL,NULL,NULL,NULL,NULL,NULL,NULL
842,Prince,Richard,Richard Prince,Phillips,Abrams,NULL,NULL,NULL,NULL,Hardcover,NULL,NULL,,NULL,NULL,false,NULL,NULL,http://www.richardprince.com/,NULL,NULL,NULL,NULL,NULL,NULL,NULL,NULL,NULL
843,Prince,Richard,Richard Prince,Photographs / Paintings,NULL,NULL,NULL,NULL,NULL,Wrappers. 2 book set sealed,NULL,NULL,,NULL,false,NULL,NULL,http://www.richardprince.com/,NULL,NULL,NULL,NULL,NULL,NULL,NULL,NULL,NULL,NULL
844,Prince,Richard,Richard Prince,Protest Paintings,NULL,NULL,NULL,NULL,NULL,Hardcover. Sealed,NULL,NULL,,NULL,false,NULL,NULL,http://www.richardprince.com/,NULL,NULL,NULL,NULL,NULL,NULL,NULL,NULL,NULL,NULL
845,Prince,Richard,Richard Prince,Richard Prince,Guggenheim,NULL,NULL,NULL,NULL,Hardcover,NULL,Guggenheim,,NULL,NULL,false,NULL,NULL,http://www.richardprince.com/,NULL,NULL,NULL,NULL,NULL,NULL,NULL,NULL,NULL
846,Prince,Richard,Richard Prince,Richard Prince - The Gug,Almine Rech,NULL,NULL,NULL,NULL,Hardcover. Sealed,NULL,NULL,,NULL,false,NULL,NULL,http://www.richardprince.com/,NULL,NULL,NULL,NULL,NULL,NULL,NULL,NULL,NULL,NULL
847,Prince,Richard,Richard Prince,Richard Prince + Zach Sebastian,NULL,NULL,NULL,NULL,NULL,"Zine, 2 copies",NULL,NULL,,NULL,false,NULL,NULL,http://www.richardprince.com/,NULL,NULL,NULL,NULL,NULL,NULL,NULL,NULL,NULL,NULL
848,Prince,Richard,Richard Prince,Richard Prince Publications,NULL,NULL,NULL,NULL,NULL,NULL,NULL,NULL,,NULL,NULL,false,NULL,NULL,http://www.richardprince.com/,NULL,NULL,NULL,NULL,NULL,NULL,NULL,NULL,NULL
849,Prince,Richard,Richard Prince,Richard Prince Super Group,NULL,NULL,NULL,NULL,NULL,Hardcover. Sealed,NULL,NULL,,NULL,false,NULL,NULL,http://www.richardprince.com/,NULL,NULL,NULL,NULL,NULL,NULL,NULL,NULL,NULL,NULL
850,Prince,Richard,Richard Prince,Second House,Gladstone Gallery,NULL,NULL,NULL,NULL,Hardcover,NULL,NULL,,NULL,NULL,false,NULL,NULL,http://www.richardprince.com/,NULL,NULL,NULL,NULL,NULL,NULL,NULL,NULL,NULL
851,Prince,Richard,Richard Prince,SHE,McKenna,NULL,NULL,NULL,NULL,Hardcover,NULL,NULL,,NULL,NULL,false,NULL,NULL,http://www.richardprince.com/,NULL,NULL,NULL,NULL,NULL,NULL,NULL,NULL,NULL
852,Prince,Richard,Richard Prince,Special Guest,Karma,NULL,NULL,NULL,NULL,Wrappers,NULL,w/ Roe Etheridge,,NULL,NULL,false,NULL,NULL,http://www.richardprince.com/,https://karmakarma.org/,NULL,NULL,NULL,NULL,NULL,NULL,NULL,NULL
853,Prince,Richard,Richard Prince,Splashes,RVP,NULL,NULL,NULL,NULL,"Wrappers. 2 copies, sealed",NULL,NULL,,NULL,false,NULL,NULL,http://www.richardprince.com/,NULL,NULL,NULL,NULL,NULL,NULL,NULL,NULL,NULL,NULL
854,Prince,Richard,Richard Prince,The Girl Next Door,NULL,NULL,NULL,NULL,NULL,NULL,NULL,NULL,,NULL,NULL,false,NULL,NULL,http://www.richardprince.com/,NULL,NULL,NULL,NULL,NULL,NULL,NULL,NULL,NULL
855,Prince,Richard,Richard Prince,The Magic Castle,NULL,NULL,NULL,NULL,NULL,NULL,NULL,NULL,,NULL,NULL,false,NULL,NULL,http://www.richardprince.com/,NULL,NULL,NULL,NULL,NULL,NULL,NULL,NULL,NULL
856,Prince,Richard,Richard Prince,untitled (band) 2013/2014,NULL,NULL,NULL,NULL,NULL,Hardcover,NULL,NULL,,NULL,false,NULL,NULL,http://www.richardprince.com/,NULL,NULL,NULL,NULL,NULL,NULL,NULL,NULL,NULL,NULL
857,Prince,Richard,Richard Prince,White Paintings,NULL,NULL,NULL,NULL,NULL,Hardcover,NULL,NULL,,NULL,false,NULL,NULL,http://www.richardprince.com/,NULL,NULL,NULL,NULL,NULL,NULL,NULL,NULL,NULL,NULL
858,Prince,Richard,Richard Prince,Family Tweets,Gagosian,2021,NULL,NULL,NULL,Hardcover,NULL,"300, (Copy 1 of 2)",,NULL,NULL,false,NULL,"Gagosian will present Family Tweets, a new book by Richard Prince published through Fulton Ryder. Works from the publication will be on view in the 976 Madison Avenue gallery behind the bookstore. Family Tweets documents Prince’s project at Desert X in Southern California’s Coachella Valley in 2017. The site offered to Prince was an abandoned house in Desert Hot Springs, where he installed—inside and out—printouts from his Birdtalk blog relating to his family, most of which were posted on the @richardprince4 Twitter feed in 2014. The printouts were made in a variety of mediums. Three days after the installation, once Prince had left, most of the works were removed, taken, seized—gobbled up, so to speak—by “art hikers with flashlights.” Neither he nor the organizers had any “remote viewing” about what would happen to the artworks after he left; there was never any thought about “guarding” them. It wasn’t exactly comme ci, comme ça, but let’s just say the whole project turned into one of those sixties free concerts—80 percent of the works disappeared. The works on view are examples of what was retrieved after the event was over.",http://www.richardprince.com/,https://gagosian.com/exhibitions/2021/richard-prince-family-tweets/,Art,"Twitter, Tweets, Family",NULL,NULL,NULL,Clipper,NULL,NULL
860,Prince,Richard,Richard Prince,Untitled (Original Cowboy),Gagosian,2022,NULL,NULL,NULL,Hardcover,NULL,NULL,,NULL,NULL,false,NULL,"Matched with an artwork by Richard Prince, the publication is part of Gagosian’s Picture Books, an imprint conceived by author Emma Cline and dedicated to publishing fiction by leading authors alongside contributions by celebrated contemporary artists.",http://www.richardprince.com/,https://gagosian.com/,NULL,NULL,NULL,NULL,NULL,NULL,NULL,NULL
861,Prince,Richard,Richard Prince,Yea Yea Yea,NULL,NULL,NULL,NULL,NULL,NULL,"Program, Stuart Sutcliffe",NULL,,NULL,false,NULL,NULL,http://www.richardprince.com/,NULL,NULL,NULL,NULL,NULL,NULL,NULL,NULL,NULL,NULL
862,Prince,Richard,Richard Prince,Purple Mag insert #1,NULL,NULL,NULL,NULL,NULL,NULL,Wrappers,NULL,,NULL,false,NULL,NULL,http://www.richardprince.com/,NULL,NULL,NULL,NULL,NULL,NULL,NULL,NULL,NULL,NULL
863,Prince,Richard,Richard Prince,Purple Mag insert #2,NULL,NULL,NULL,NULL,NULL,NULL,Wrappers,NULL,,NULL,false,NULL,NULL,http://www.richardprince.com/,NULL,NULL,NULL,NULL,NULL,NULL,NULL,NULL,NULL,NULL
864,Prince,Richard,Richard Prince,Bibliothèque d’un Amateur,NULL,NULL,NULL,NULL,NULL,NULL,NULL,NULL,,NULL,false,NULL,NULL,http://www.richardprince.com/,NULL,NULL,NULL,NULL,NULL,NULL,NULL,NULL,NULL,NULL
865,Provoke,NULL,Provoke,Provoke Re-issue,NULL,NULL,NULL,NULL,NULL,NULL,NULL,NULL,,NULL,false,NULL,NULL,NULL,NULL,NULL,NULL,NULL,NULL,NULL,NULL,NULL,NULL,NULL
866,Pruitt,Rob,Rob Pruitt,Rob Pruitt's eBay Flea Market Year,NULL,NULL,NULL,NULL,NULL,NULL,NULL,NULL,,NULL,NULL,false,NULL,NULL,NULL,NULL,NULL,NULL,NULL,NULL,NULL,NULL,NULL,NULL
867,Pruitt,Rob,Rob Pruitt,The Exquisite Self Portraits Photoshoot,"Triangle Books,Published 2015",NULL,NULL,NULL,NULL,NULL,NULL,9782930777115,,NULL,false,NULL,NULL,NULL,NULL,NULL,Self Portraits,NULL,NULL,NULL,NULL,NULL,NULL,NULL
868,Pyvka,Arnaud,Arnaud Pyvka,Terrestre,NULL,NULL,NULL,NULL,NULL,NULL,NULL,NULL,,NULL,NULL,false,NULL,NULL,NULL,NULL,NULL,NULL,NULL,NULL,NULL,NULL,NULL,NULL
869,Quaicoe,Otis Kwame Kye,Otis Kwame Kye Quaicoe,Black Rodeo,Almine Rech Editions,2022,27.5,21.5,NULL,Boards,168,"First 800 copies, English/French",9782930573434,NULL,NULL,false,NULL,"This book is published in conjunction with the artist's debut European solo exhibition, BLACK RODEO: Cowboys of the 21st Century, held between March 10 and April 16, 2022 at Almine Rech Brussels.",NULL,NULL,NULL,NULL,NULL,NULL,NULL,NULL,NULL,NULL
870,R,NULL,NULL,R,NULL,NULL,NULL,NULL,NULL,NULL,NULL,NULL,,NULL,NULL,false,NULL,NULL,NULL,NULL,NULL,NULL,NULL,NULL,NULL,NULL,NULL,NULL
871,Ramos,Mel,Mel Ramos,Mel Ramos,Electa/Gingko,NULL,NULL,NULL,NULL,NULL,NULL,NULL,,NULL,NULL,false,NULL,NULL,NULL,NULL,NULL,NULL,NULL,NULL,NULL,NULL,NULL,NULL
872,Ramos,Mel,Mel Ramos,Mel Ramos: New Prints: Catalogue Raisonné of Original Prints,Moderne Kunst Nürnberg,2014,29.8,23.5,1.9,Paperback,180,Rare,9783869844701,by Claire Breukel (Author),Jeanette Zwingenberger (Author),false,NULL,NULL,NULL,NULL,Art,Prints,NULL,NULL,NULL,NULL,NULL,NULL
873,Rauch,Neo,Neo Rauch,Oversized Taschen Book -,NULL,NULL,NULL,NULL,NULL,NULL,NULL,NULL,,NULL,NULL,false,NULL,NULL,NULL,NULL,NULL,NULL,NULL,NULL,NULL,NULL,NULL,NULL
874,Rauch,Neo,Neo Rauch,"Neo Rauch: Paintings Edited by Hans-Werner Schmidt, Bernhart Schwenk",Hatje Cantz,2010,NULL,NULL,NULL,NULL,NULL,NULL,9783775725217,NULL,NULL,false,NULL,NULL,NULL,https://www.hatjecantz.de/,NULL,NULL,NULL,NULL,NULL,NULL,NULL,NULL
875,Rauch,Neo,Neo Rauch,"Neo Rauch: Das Grafische Work, 1993-201",Hatje Cantz,NULL,NULL,NULL,NULL,NULL,NULL,NULL,9783775733106,NULL,NULL,false,NULL,NULL,NULL,https://www.hatjecantz.de/,NULL,NULL,NULL,NULL,NULL,NULL,NULL,NULL
876,Rauch,Neo,Neo Rauch,Neo Rauch: Dromos,NULL,NULL,NULL,NULL,NULL,NULL,NULL,9783775743815,,NULL,false,NULL,NULL,NULL,NULL,NULL,NULL,NULL,NULL,NULL,NULL,NULL,NULL,NULL
877,Rauch,Neo,Neo Rauch,Neo Rauch: Para,DuMont,2010,24.1,29.8,NULL,Hardcover,116,32 color,9783832190095,NULL,NULL,false,NULL,NULL,NULL,NULL,NULL,NULL,NULL,NULL,NULL,NULL,NULL,NULL
878,Rauch,Neo,Neo Rauch,Neo Rauch Schilfland: Works on Paper by Wolfgang Buscher (2009-09-01),Prestel,NULL,NULL,NULL,NULL,NULL,NULL,NULL,,NULL,NULL,false,NULL,NULL,NULL,NULL,NULL,NULL,NULL,NULL,NULL,NULL,NULL,NULL
879,Rauch,Neo,Neo Rauch,Neo Rauch: At the Well,David Zwirner Books,2015,33.0,25.9,2.0,NULL,NULL,NULL,9781941701119,NULL,NULL,false,NULL,NULL,NULL,https://www.davidzwirnerbooks.com/,NULL,NULL,NULL,NULL,NULL,NULL,NULL,NULL
880,Rauch,Neo,Neo Rauch,Neo Rauch: Propaganda,David Zwirner Books,NULL,NULL,NULL,NULL,NULL,NULL,NULL,,NULL,NULL,false,NULL,NULL,NULL,https://www.davidzwirnerbooks.com/,NULL,NULL,NULL,NULL,NULL,NULL,NULL,NULL
881,Rauch,Neo,Neo Rauch,Aus dem Bldem / From the Floor,The Drawing Center,NULL,NULL,NULL,NULL,NULL,NULL,"Softcover,",,NULL,NULL,false,NULL,NULL,NULL,NULL,NULL,NULL,NULL,NULL,NULL,NULL,NULL,NULL
882,Rauch,Neo,Neo Rauch,Neo Rauch: Renegaten,David Zwirner,2005,NULL,NULL,NULL,Softcover,40,20 color,9780976913603,NULL,NULL,false,NULL,NULL,NULL,https://www.davidzwirnerbooks.com/,NULL,NULL,NULL,NULL,NULL,NULL,NULL,NULL
883,Rauch,Neo,Neo Rauch,Neo Rauch & Rosa Loy: Hinter Den Gärten/Behind the Gardens,Prestel,2011,NULL,NULL,NULL,NULL,NULL,NULL,,NULL,NULL,false,NULL,NULL,NULL,NULL,NULL,NULL,NULL,NULL,NULL,NULL,NULL,NULL
884,Rauch,Neo,Neo Rauch,Neo Rauch Bonnefanten Museum,Hatje Cantz,NULL,NULL,NULL,NULL,NULL,NULL,NULL,,NULL,NULL,false,NULL,NULL,NULL,https://www.hatjecantz.de/,NULL,NULL,NULL,NULL,NULL,NULL,NULL,NULL
885,Rauch,Neo,Neo Rauch,Neo Rauch,David Zwirner,2008,NULL,NULL,NULL,Hardcover,NULL,NULL,9783865217431,NULL,NULL,false,NULL,NULL,NULL,https://www.davidzwirnerbooks.com/,NULL,NULL,NULL,NULL,NULL,NULL,NULL,NULL
886,Rauchenberg,Robert,Robert Rauchenberg,Robert Rauschenberg,"The Museum of Modern Art, New York",2016,NULL,NULL,NULL,Hardcover,392,NULL,9781633450202,NULL,NULL,false,NULL,NULL,NULL,NULL,NULL,NULL,NULL,NULL,NULL,NULL,NULL,NULL
887,Rauchenberg,Robert,Robert Rauchenberg,Scenerios,NULL,NULL,NULL,NULL,NULL,NULL,NULL,NULL,,NULL,NULL,false,NULL,NULL,NULL,NULL,NULL,NULL,NULL,NULL,NULL,NULL,NULL,NULL
888,Rauchenberg,Robert,Robert Rauchenberg,Runts,NULL,NULL,NULL,NULL,NULL,NULL,NULL,NULL,,NULL,NULL,false,NULL,NULL,NULL,NULL,NULL,NULL,NULL,NULL,NULL,NULL,NULL,NULL
889,Rauchenberg,Robert,Robert Rauchenberg,Transfer Drawings,NULL,NULL,NULL,NULL,NULL,NULL,NULL,NULL,,NULL,NULL,false,NULL,NULL,NULL,NULL,NULL,NULL,NULL,NULL,NULL,NULL,NULL,NULL
890,Reedus,Norman,Norman Reedus,The Sun's Coming Up... Like a Big Bald Head,Authorscape,2013,NULL,NULL,NULL,NULL,NULL,First edition,9780989637909,NULL,NULL,false,NULL,NULL,NULL,NULL,NULL,NULL,NULL,NULL,NULL,NULL,NULL,NULL
891,REIS,Rogerio,Rogerio REIS,Rogerio REIS : Ninguém é de Ninguém Impériale Collection n°4,Editions Bessard,2021,26.0,17.0,NULL,Soft-Binding,36,Edition of 250,,NULL,NULL,false,NULL,NULL,NULL,NULL,NULL,NULL,NULL,NULL,NULL,NULL,NULL,NULL
892,Richter,Gerhard,Gerhard Richter,Strip Paintings and 8 Glass Panels,MG,2012,NULL,NULL,NULL,NULL,NULL,First edition,,NULL,NULL,false,NULL,NULL,https://www.gerhard-richter.com/,NULL,NULL,NULL,NULL,NULL,NULL,NULL,NULL,NULL
893,Richter,Gerhard,Gerhard Richter,Gerhard Richter: Abstraktes Bild 825-11: 69 Details,Scalo Verlag/Editions CR: 86,1996,NULL,NULL,NULL,Hardback with cardboard slipcase,NULL,"First edition, Artist Book",,NULL,NULL,false,NULL,NULL,https://www.gerhard-richter.com/,NULL,Art,NULL,NULL,NULL,NULL,NULL,NULL,NULL
894,Richter,Gerhard,Gerhard Richter,Overpainted Photographs,Hatje Cantz,NULL,NULL,NULL,NULL,NULL,NULL,NULL,,NULL,NULL,false,NULL,NULL,https://www.gerhard-richter.com/,https://www.hatjecantz.de/,NULL,NULL,NULL,NULL,NULL,NULL,NULL,NULL
895,Richter,Gerhard,Gerhard Richter,Painting After All,NULL,NULL,NULL,NULL,NULL,NULL,NULL,NULL,,NULL,NULL,false,NULL,NULL,https://www.gerhard-richter.com/,NULL,NULL,NULL,NULL,NULL,NULL,NULL,NULL,NULL
896,Richter,Gerhard,Gerhard Richter,Landscape,NULL,NULL,NULL,NULL,NULL,NULL,NULL,NULL,,NULL,NULL,false,NULL,NULL,https://www.gerhard-richter.com/,NULL,NULL,NULL,NULL,NULL,NULL,NULL,NULL,NULL
897,Richter,Gerhard,Gerhard Richter,Gerhard Richter: tails,Scalo Verla,2016,NULL,NULL,NULL,NULL,NULL,First edition,,NULL,NULL,false,NULL,NULL,https://www.gerhard-richter.com/,NULL,Art,NULL,NULL,NULL,NULL,NULL,NULL,NULL
898,Richter,Gerhard,Gerhard Richter,Portraits,NULL,NULL,NULL,NULL,NULL,NULL,NULL,NULL,,NULL,NULL,false,NULL,NULL,https://www.gerhard-richter.com/,NULL,NULL,NULL,NULL,NULL,NULL,NULL,NULL,NULL
899,Richter,Gerhard,Gerhard Richter,Atlas,NULL,NULL,NULL,NULL,NULL,NULL,NULL,NULL,,NULL,NULL,false,NULL,NULL,https://www.gerhard-richter.com/,NULL,NULL,NULL,NULL,NULL,NULL,NULL,NULL,NULL
900,Richter,Gerhard,Gerhard Richter,Portraits Painting Appearances,NULL,NULL,NULL,NULL,NULL,NULL,NULL,NULL,,NULL,NULL,false,NULL,NULL,https://www.gerhard-richter.com/,NULL,NULL,NULL,NULL,NULL,NULL,NULL,NULL,NULL
901,Richter,Gerhard,Gerhard Richter,Gerhard Richter: Life and Work in Painting Thinking is Painting,Schirner/Mosel,2020,36.5,24.0,NULL,Hardcover,480,"Linen with jacket, 413 color illustrations",9783791386515,Armin Zweite,NULL,false,NULL,NULL,https://www.gerhard-richter.com/,NULL,NULL,NULL,NULL,NULL,NULL,NULL,NULL,NULL
902,Rickard,Doug,Doug Rickard,Tom,NULL,NULL,NULL,NULL,NULL,NULL,NULL,NULL,,NULL,NULL,false,NULL,NULL,NULL,NULL,NULL,NULL,NULL,NULL,NULL,NULL,NULL,NULL
903,Ridgers,Derek,Derek Ridgers,78-87 London Youth,Damiani,2014,31.75,21.59,NULL,Hardcover,160,"Illustrated throughout",9788862083591,"Text by John Maybury",NULL,false,NULL,"Photographs taken in the streets, clubs, basements and bars of London between 1978 and 1987, celebrating the many mutations in London's youth culture from the height of punk to the birth of Acid House. These photographs, made over a ten-year span, capture punk's evolution into goth, the skinhead revival and the New Romantic scene, and the eventual emergence of Acid House and the new psychedelia. Among those portrayed are Boy George, Andrew Logan, Leigh Bowery and his boyfriend Trojan, Michael Alig, John Galliano, Hamish Bowles, Cerith Wyn Evans, Steve Strange and Martin Kemp and Steve Norman of Spandau Ballet. A testament to the creative spirit of youth with emphasis on sartorial DIY panache.",https://ridgers.com/,https://www.damianibooks.com/,"Photography, Youth culture, Punk, New Romantic, Goth, London, 1980s, Street photography","Punk & New Wave, Youth Culture, Street Photography, Music & Nightlife, British Photography",NULL,NULL,NULL,NULL,NULL,/assets/images/books/Ridgers_78_87_London_Youth_9788862083591.jpg
904,Rist,Pipilotti,Pipilotti Rist,Pixel Forest,NULL,NULL,NULL,NULL,NULL,NULL,NULL,NULL,,NULL,NULL,false,NULL,NULL,NULL,NULL,NULL,NULL,NULL,NULL,NULL,NULL,NULL,NULL
905,Rist,Pipilotti,Pipilotti Rist,The video organism of Pipilotti,NULL,NULL,NULL,NULL,NULL,NULL,NULL,NULL,,NULL,NULL,false,NULL,NULL,NULL,NULL,NULL,NULL,NULL,NULL,NULL,NULL,NULL,NULL
906,Robert Adams,Robert,Robert Robert Adams,NULL,NULL,NULL,NULL,NULL,NULL,NULL,NULL,NULL,,NULL,NULL,false,NULL,NULL,NULL,NULL,NULL,NULL,NULL,NULL,NULL,NULL,NULL,NULL
907,Robinson,Walter,Walter Robinson,Walter Robinson paintings on paper 2009 - 2020,Fulton Ryder,2021,28.0,21.0,NULL,Paperback,48,color,,NULL,NULL,false,NULL,NULL,NULL,NULL,NULL,NULL,NULL,NULL,NULL,NULL,NULL,NULL
908,Rodick,Frank,Frank Rodick,Liquid Cities,Akina Books,2014,NULL,NULL,NULL,NULL,NULL,NULL,,NULL,NULL,false,NULL,NULL,NULL,NULL,NULL,street photography,NULL,NULL,NULL,NULL,NULL,NULL
909,Rodland,Torbjorn,Torbjorn Rodland,Giappone 1970,NULL,NULL,NULL,NULL,NULL,NULL,NULL,NULL,,NULL,NULL,false,NULL,NULL,NULL,NULL,NULL,NULL,NULL,NULL,NULL,NULL,NULL,NULL
910,Rodland,Torbjorn,Torbjorn Rodland,Fifth Honeymoon,NULL,NULL,NULL,NULL,NULL,NULL,NULL,NULL,,NULL,NULL,false,NULL,NULL,NULL,NULL,NULL,NULL,NULL,NULL,NULL,NULL,NULL,NULL
911,Rodland,Torbjorn,Torbjorn Rodland,Vanilla Partner,NULL,NULL,NULL,NULL,NULL,NULL,NULL,NULL,,NULL,NULL,false,NULL,NULL,NULL,NULL,NULL,NULL,NULL,NULL,NULL,NULL,NULL,NULL
912,Rodland,Torbjorn,Torbjorn Rodland,Sasquatch Century,NULL,NULL,NULL,NULL,NULL,NULL,NULL,NULL,,NULL,NULL,false,NULL,NULL,NULL,NULL,NULL,NULL,NULL,NULL,NULL,NULL,NULL,NULL
913,Rodland,Torbjorn,Torbjorn Rodland,Confabulations,NULL,NULL,NULL,NULL,NULL,NULL,NULL,NULL,,NULL,NULL,false,NULL,NULL,NULL,NULL,NULL,NULL,NULL,NULL,NULL,NULL,NULL,NULL
914,Rodland,Torbjorn,Torbjorn Rodland,The Touch That Made You,NULL,NULL,NULL,NULL,NULL,NULL,NULL,NULL,,NULL,NULL,false,NULL,NULL,NULL,NULL,NULL,NULL,NULL,NULL,NULL,NULL,NULL,NULL
915,Rondepierre,Eric,Eric Rondepierre,The Mark of Time,Editions Bessard,2015,NULL,NULL,NULL,NULL,NULL,"First edition, C print",9781091406444,NULL,NULL,true,NULL,NULL,NULL,NULL,NULL,NULL,NULL,NULL,NULL,NULL,NULL,NULL
916,Rose,Brian,Brian Rose,Time and Space on the Lower East Side,NULL,NULL,NULL,NULL,NULL,NULL,NULL,NULL,,NULL,NULL,false,NULL,NULL,NULL,NULL,NULL,NULL,NULL,NULL,NULL,NULL,NULL,NULL
917,Rosenberg,Aura,Aura Rosenberg,Headshots,NULL,NULL,NULL,NULL,NULL,NULL,NULL,NULL,,NULL,NULL,false,NULL,NULL,NULL,NULL,NULL,NULL,NULL,NULL,NULL,NULL,NULL,NULL
918,Rosenquist,James,James Rosenquist,James Rosenquist: the Big Paintings: Thirty Years,Rizzoli,1994,38.6,31.0,2.0,Hardcover,NULL,First Edition edition,9780847818457,by Leo Castelli (Author),"by Leo Castelli (Author), Susan Brundage (Author), Craig Adcock (Author)",false,NULL,NULL,NULL,NULL,NULL,NULL,NULL,NULL,NULL,NULL,NULL,NULL
919,Rosenquist,James,James Rosenquist,James Rosenquist,Whitney Museum of Art,1972,26.4,23.6,1.0,"Sofcover, catalogue",NULL,Whitney Museum; First Edition edition,0005,Marcia Tucker,by New York. Whitney Museum of American Art. Text by Marcia Tucker; catalog of prints by Elke M. Solom (Author),false,NULL,NULL,NULL,NULL,NULL,NULL,NULL,NULL,NULL,NULL,NULL,NULL
920,Rosenquist,James,James Rosenquist,The Early Pictures,"Goldman, Gagosian Gallery",NULL,NULL,NULL,NULL,NULL,NULL,NULL,,NULL,NULL,false,NULL,NULL,NULL,https://gagosian.com/,NULL,NULL,NULL,NULL,NULL,NULL,NULL,NULL
921,Rosenquist,James,James Rosenquist,A Retrospective,Guggenheim Museum Publications,2003,30.5,25.6,4.6,Hardcover,472,"346 color illustrations",9780892072675,"Walter Hopps, Sarah Bancroft","Julia Blaut, Ruth E. Fine, Eugene E. Epstein",false,NULL,"Lipsticks, automobiles, dishwashers, men in business suits, spaghetti, rockets, airplanes, hairdryers, ice cream cones and pigtailed girls. James Rosenquist has always known how to combine these seemingly disparate but always all-American elements into whirlwind, billboard-sized collages of airbrushed surreal euphoria, slamming colors, patterns and objects into one another with the eye of an advertising man and the heart of a Pop Artist. This momentous catalogue, published to accompany the first in-depth survey of the artist's work since 1972, gives long-overdue, in-depth attention to Rosenquist's singular achievement in American art. Extensive illustrations cover major works in diverse media, including work on paper that reveals the artist's process, as well as extensive new and archival photography. Essays focus on areas that have only been superficially addressed in the literature to date, bringing the level of Rosenquist scholarship up to that of his Pop Art contemporaries. The book offers a comprehensive overview of Rosenquist's career, including essays on his unique style, collage, prints, and his connection to scientific phenomena. It features nearly 300 works and includes a definitive biography, exhibition history, and illustrated chronology.",NULL,https://www.guggenheim.org,"Pop Art, American Art, Contemporary Art, Collage","Artist Monographs, Museum Publications",NULL,NULL,NULL,NULL,NULL,/assets/images/books/Rosenquist_A_Retrospective_9780892072675.jpg
922,Rosenquist,James,James Rosenquist,Welcome to the Walter Planet and House of Fire 1988-1989,Tyler Graphics,NULL,NULL,NULL,NULL,NULL,NULL,NULL,,NULL,NULL,false,NULL,NULL,NULL,NULL,NULL,NULL,NULL,NULL,NULL,NULL,NULL,NULL
923,Rosenweig,Ben,Ben Rosenweig,King of Diamonds,Twin BroBro,2014,NULL,NULL,NULL,NULL,NULL,NULL,,NULL,NULL,true,NULL,NULL,NULL,NULL,NULL,NULL,NULL,NULL,NULL,NULL,NULL,NULL
924,Rosenzweig,Ben,Ben Rosenzweig,King Of Diamonds,NULL,NULL,NULL,NULL,NULL,NULL,NULL,NULL,,NULL,NULL,false,NULL,NULL,NULL,NULL,NULL,NULL,NULL,NULL,NULL,NULL,NULL,NULL
925,Rotella,Mimmo,Mimmo Rotella,Mimmo Rotella,Skira,NULL,NULL,NULL,NULL,NULL,NULL,NULL,,NULL,NULL,NULL,false,NULL,NULL,NULL,NULL,NULL,NULL,NULL,NULL,NULL,NULL,NULL
926,Rotella,Mimmo,Mimmo Rotella,American Icons and Early Work,Knoedler & Company,NULL,NULL,NULL,NULL,NULL,NULL,NULL,,NULL,NULL,NULL,false,NULL,NULL,NULL,NULL,NULL,NULL,NULL,NULL,NULL,NULL,NULL
927,Roth,Dieter,Dieter Roth,Work Tables & Tischmatten,Yale,NULL,NULL,NULL,NULL,NULL,NULL,NULL,,NULL,NULL,NULL,false,NULL,NULL,NULL,NULL,NULL,NULL,NULL,NULL,NULL,NULL,NULL
928,Rothenberg,David,David Rothenberg,Landing Lights Park,ROMAN NVMERALS,NULL,NULL,NULL,NULL,NULL,NULL,NULL,,NULL,NULL,false,NULL,NULL,NULL,https://www.romapublications.org/,NULL,NULL,NULL,NULL,NULL,NULL,NULL,NULL
929,Rothko,NULL,Rothko,Dark Palette,Pace,NULL,NULL,NULL,NULL,NULL,NULL,NULL,,NULL,NULL,NULL,false,NULL,NULL,NULL,NULL,NULL,NULL,NULL,NULL,NULL,NULL,NULL
930,Roversi,Paolo,Paolo Roversi,Secrets,NULL,NULL,NULL,NULL,NULL,NULL,NULL,NULL,,NULL,NULL,false,NULL,NULL,NULL,NULL,NULL,NULL,NULL,NULL,NULL,NULL,NULL,NULL
931,Roy,Henry,Henry Roy,Superstition,NULL,NULL,NULL,NULL,NULL,NULL,NULL,NULL,,NULL,NULL,false,NULL,NULL,NULL,NULL,NULL,NULL,NULL,NULL,NULL,NULL,NULL,NULL
932,Ruby,Sterling,Sterling Ruby,Chron,Karma,NULL,NULL,NULL,NULL,NULL,NULL,NULL,,NULL,NULL,false,NULL,NULL,NULL,https://karmakarma.org/,NULL,NULL,NULL,NULL,NULL,NULL,NULL,NULL
933,Ruby,Sterling,Sterling Ruby,LA/BJ,NULL,NULL,NULL,NULL,NULL,NULL,NULL,NULL,,NULL,NULL,false,NULL,NULL,NULL,NULL,NULL,NULL,NULL,NULL,NULL,NULL,NULL,NULL
934,Ruff,Thomas,Thomas Ruff,Interieurs,NULL,NULL,NULL,NULL,NULL,NULL,NULL,NULL,,NULL,NULL,false,NULL,NULL,NULL,NULL,NULL,NULL,NULL,NULL,NULL,NULL,NULL,NULL
935,Ruff,Thomas,Thomas Ruff,Lichten,NULL,NULL,NULL,NULL,NULL,NULL,NULL,NULL,,NULL,NULL,false,NULL,NULL,NULL,NULL,NULL,NULL,NULL,NULL,NULL,NULL,NULL,NULL
936,Ruscha,Edward,Edward Ruscha,Editions 1959-1999,Enberg/Walker Arts Center,NULL,NULL,NULL,NULL,NULL,NULL,NULL,,NULL,NULL,false,NULL,NULL,NULL,NULL,NULL,NULL,NULL,NULL,NULL,NULL,NULL,NULL
937,Ruscha,Edward,Edward Ruscha,Karma,Gagosian,NULL,NULL,NULL,NULL,NULL,NULL,NULL,,NULL,NULL,false,NULL,NULL,NULL,https://gagosian.com/,NULL,NULL,NULL,NULL,NULL,NULL,NULL,NULL
938,Ruscha,Edward,Edward Ruscha,Paintings Volume One,NULL,NULL,NULL,NULL,NULL,NULL,NULL,NULL,,NULL,NULL,false,NULL,NULL,NULL,NULL,NULL,NULL,NULL,NULL,NULL,NULL,NULL,NULL
939,Ruscha,Edward,Edward Ruscha,Photographer,Rowel,NULL,NULL,NULL,NULL,NULL,NULL,NULL,,NULL,NULL,false,NULL,NULL,NULL,NULL,NULL,NULL,NULL,NULL,NULL,NULL,NULL,NULL
940,Ruscha,Edward,Edward Ruscha,Los Angeles Apartments,NULL,NULL,NULL,NULL,NULL,NULL,NULL,NULL,,NULL,NULL,false,NULL,NULL,NULL,NULL,NULL,NULL,NULL,NULL,NULL,NULL,NULL,NULL
941,Ruscha,Edward,Edward Ruscha,Photography,Whitney,NULL,NULL,NULL,NULL,NULL,NULL,NULL,,NULL,NULL,false,NULL,NULL,NULL,NULL,NULL,NULL,NULL,NULL,NULL,NULL,NULL,NULL
942,Ruscha,Edward,Edward Ruscha,Metro Mattresses,NULL,NULL,NULL,NULL,NULL,NULL,NULL,NULL,,NULL,NULL,false,NULL,NULL,NULL,NULL,NULL,NULL,NULL,NULL,NULL,NULL,NULL,NULL
943,Ryden,Mark,Mark Ryden,The Tree Show,NULL,NULL,NULL,NULL,NULL,NULL,NULL,NULL,,NULL,NULL,false,NULL,NULL,NULL,NULL,NULL,NULL,NULL,NULL,NULL,NULL,NULL,NULL
944,S,NULL,NULL,S,NULL,NULL,NULL,NULL,NULL,NULL,NULL,NULL,,NULL,NULL,false,NULL,NULL,NULL,NULL,NULL,NULL,NULL,NULL,NULL,NULL,NULL,NULL
945,Sachs,Tom,Tom Sachs,Tea Ceremony Manual,NULL,NULL,NULL,NULL,NULL,NULL,NULL,NULL,,NULL,NULL,false,NULL,NULL,NULL,NULL,NULL,NULL,NULL,NULL,NULL,NULL,NULL,NULL
946,Saman,Moises,Moises Saman,Discordia,NULL,NULL,NULL,NULL,NULL,NULL,NULL,NULL,,NULL,NULL,false,NULL,NULL,NULL,NULL,NULL,NULL,NULL,NULL,NULL,NULL,NULL,NULL
457,Samsom,Marja,Marja Samsom,Diary of a Forgotten Actress: 1972-1979,NULL,2015,NULL,NULL,NULL,NULL,NULL,"26/250, Cuarted by Inez & Vinoodh",,NULL,true,NULL,NULL,NULL,NULL,NULL,NULL,NULL,NULL,NULL,NULL,NULL,NULL,NULL
458,Sancari,Mariela,Mariela Sancari,Moisés,La Fábrica,2015,26.0,17.5,NULL,Two books with intermingled pages,64,1000,,NULL,NULL,false,NULL,NULL,https://www.marielasancari.com/6855684-moises,NULL,NULL,NULL,NULL,NULL,NULL,NULL,NULL,NULL
459,Santo Domingo,Juilo Mario,Juilo Mario Santo Domingo,Ex Libris,NULL,NULL,NULL,NULL,NULL,NULL,NULL,"A 480 page, single volume, trade edition",,NULL,NULL,false,NULL,NULL,NULL,NULL,NULL,NULL,NULL,NULL,NULL,NULL,NULL,NULL
460,Sassen,Viviane,Viviane Sassen,Of Mud and Lotus,NULL,NULL,NULL,NULL,NULL,NULL,NULL,NULL,,NULL,NULL,false,NULL,NULL,https://www.vivianesassen.com/,NULL,NULL,NULL,NULL,NULL,NULL,NULL,NULL,NULL
461,Sassen,Viviane,Viviane Sassen,Sketches Polaroids made in Africa 2002- 2010,NULL,NULL,NULL,NULL,NULL,NULL,NULL,2nd,,NULL,NULL,false,NULL,NULL,https://www.vivianesassen.com/,NULL,NULL,NULL,NULL,NULL,NULL,NULL,NULL,NULL
462,Sassen,Viviane,Viviane Sassen,Roxane II,NULL,NULL,NULL,NULL,NULL,NULL,NULL,NULL,,NULL,NULL,false,NULL,NULL,https://www.vivianesassen.com/,NULL,NULL,NULL,NULL,NULL,NULL,NULL,NULL,NULL
463,Saul,Peter,Peter Saul,Crime and Punishment,Phaidon,NULL,31.8,29.2,NULL,Hardback,192,100 illustrations,9781838660796,Edited by Massimiliano Gioni and Gary Carrion-Murayari,NULL,false,NULL,NULL,NULL,NULL,NULL,NULL,NULL,NULL,NULL,NULL,NULL,NULL
464,Saunders,Norman,Norman Saunders,NULL,NULL,NULL,NULL,NULL,NULL,NULL,NULL,NULL,,NULL,NULL,false,NULL,NULL,NULL,NULL,NULL,NULL,NULL,NULL,NULL,NULL,NULL,NULL
465,Saveri,Lele,Lele Saveri,Landscapes (original Risograph print),NULL,NULL,NULL,NULL,NULL,NULL,NULL,NULL,,NULL,NULL,false,NULL,NULL,NULL,NULL,NULL,NULL,NULL,NULL,NULL,NULL,NULL,NULL
466,Saville,Jenny,Jenny Saville,Elips,Gagosian,NULL,NULL,NULL,NULL,NULL,NULL,NULL,,NULL,NULL,false,NULL,NULL,NULL,https://gagosian.com/,NULL,NULL,NULL,NULL,NULL,NULL,NULL,NULL
467,Saville,Peter,Peter Saville,Peter Saville Estate 1-127,NULL,NULL,NULL,NULL,NULL,NULL,NULL,NULL,,NULL,NULL,false,NULL,NULL,NULL,NULL,NULL,NULL,NULL,NULL,NULL,NULL,NULL,NULL
468,Saville,Peter,Peter Saville,Designed By Peter Saville,NULL,NULL,NULL,NULL,NULL,NULL,NULL,NULL,,NULL,NULL,false,NULL,NULL,NULL,NULL,NULL,NULL,NULL,NULL,NULL,NULL,NULL,NULL
469,Sawatari,Hajime,Hajime Sawatari,Nagisa Hotel,Super Labo,2015,NULL,NULL,NULL,NULL,NULL,Lmtd edition of 800,9784905052890,NULL,NULL,false,NULL,NULL,NULL,NULL,NULL,NULL,NULL,NULL,NULL,NULL,NULL,NULL
470,Schabel,John,John Schabel,Passengers,NULL,NULL,NULL,NULL,NULL,NULL,NULL,NULL,,NULL,NULL,false,NULL,NULL,NULL,NULL,NULL,NULL,NULL,NULL,NULL,NULL,NULL,NULL
471,Scher,Julia,Julia Scher,Always there,Sternberg Press,2002,NULL,NULL,NULL,Paperback,NULL,NULL,,NULL,NULL,false,NULL,NULL,NULL,NULL,Surveillance Index,NULL,NULL,NULL,NULL,NULL,NULL,NULL
472,Scher,Julia,Julia Scher,Tell Me When You Re Ready - Works From 1990-1995,PFM,2002,NULL,NULL,NULL,Hardcover,224,NULL,9780971909809,NULL,NULL,false,NULL,NULL,NULL,NULL,NULL,NULL,NULL,NULL,NULL,NULL,NULL,NULL
473,Scheunemann,Diana,Diana Scheunemann,Ambisexual,Vision on,2001,14.6,10.2,0.6,Paperback,64,NULL,9781903399460,NULL,NULL,false,NULL,NULL,NULL,NULL,NULL,NULL,NULL,NULL,NULL,NULL,NULL,NULL
474,Scheurwater,Hester,Hester Scheurwater,All I Ever Wanted,Editions Bessard,2015,NULL,NULL,NULL,NULL,NULL,NULL,9791091406291,NULL,NULL,false,NULL,NULL,NULL,NULL,NULL,NULL,NULL,NULL,NULL,NULL,NULL,NULL
475,Schles,Ken,Ken Schles,Invisible City,Steidl,2015,NULL,NULL,NULL,NULL,NULL,NULL,9783869306919,NULL,NULL,true,NULL,NULL,NULL,https://steidl.de,NULL,NULL,NULL,NULL,NULL,NULL,NULL,NULL
476,Schles,Ken,Ken Schles,Night Walk,Steidl,2015,NULL,NULL,NULL,NULL,NULL,NULL,9783869306926,NULL,NULL,true,NULL,NULL,NULL,https://steidl.de,NULL,NULL,NULL,NULL,NULL,NULL,NULL,NULL
477,Schmelling,Michael,Michael Schmelling,My Blank Pages,The Ice Plant,2016,NULL,NULL,NULL,NULL,NULL,NULL,9780989785952,NULL,NULL,true,NULL,NULL,NULL,NULL,NULL,NULL,NULL,NULL,NULL,NULL,NULL,NULL
478,Schmidt,Michael,Michael Schmidt,Waffenruhe (Ceasefire),NULL,NULL,NULL,NULL,NULL,NULL,NULL,NULL,,NULL,NULL,false,NULL,NULL,NULL,NULL,NULL,NULL,NULL,NULL,NULL,NULL,NULL,NULL
479,Schmidt,Michael,Michael Schmidt,NATUR,MACK,NULL,NULL,NULL,NULL,NULL,NULL,NULL,,NULL,NULL,false,NULL,NULL,NULL,https://mackbooks.co.uk,NULL,NULL,NULL,NULL,NULL,NULL,NULL,NULL
480,Schmidt,Jason,Jason Schmidt,Artists,Edition 7L,NULL,NULL,NULL,NULL,NULL,NULL,NULL,,NULL,NULL,false,NULL,NULL,NULL,NULL,NULL,NULL,NULL,NULL,NULL,NULL,NULL,NULL
481,Schmidt,Jason,Jason Schmidt,Artists II,Steidl,NULL,NULL,NULL,NULL,NULL,NULL,NULL,,NULL,NULL,false,NULL,NULL,NULL,https://steidl.de,NULL,NULL,NULL,NULL,NULL,NULL,NULL,NULL
482,Schmied,Andi,Andi Schmied,Private Views: A High-Rise Panorama of Manhattan,"VI PER Gallery, Prague.",2020,31.5,23.5,NULL,"Hardback, Cloth",NULL,"Perfect binding, Silver Embossed",978807091256,"Editors: Irena Lehkoživová, Barbora Špičáková.","Essays: Sara Emilia Bernat, f-architecture, Irena Lehkoživová, Ava Lynam, Peter Noever, Jack Self, Michael Sorkin, Samuel Stein, Barbora Špičáková, Anthony Vidler, Sharon Zukin.",false,NULL,"All of us want to see Manhattan from above, but very few can do it from their own living room. Private Views is here to satisfy our incessant curiosity about a hidden elite world that we can only observe from outside, or occasionally, from an overpriced viewing point crowded with tourists. While posing as an apartment-hunting Hungarian billionaire, Andi Schmied accessed and documented Manhattan's most exclusive high-rise properties. For the duration of the project, she inhabited a fictional persona: Gabriella, a mother of one whose husband is an antique dealer. Dressing as Gabriella and acting as Gabriella, she prepared for the family's upcoming move to Manhattan. Complemented by essays, and fragments of the real estate conversations, the book guides its readers through the sunset from the Trump Tower and dawn over Central Park from the private ballroom of the tallest residential tower on the planet, showcasing samples of the world's most luxurious materials, such as the Calacatta Tucci marble used in bathrooms overlooking the Empire State Building.",http://andischmied.com,http://www.vipergallery.org/en/bookstore/andi-schmied-private-views,NYC,"Surveillance, NYC",Surveillance Index,NULL,NULL,"Hudson Street Library, NYC",NULL,NULL
483,Schmit,Aurel,Aurel Schmit,Maneater,NULL,NULL,NULL,NULL,NULL,NULL,NULL,NULL,,NULL,NULL,false,NULL,NULL,NULL,NULL,NULL,NULL,NULL,NULL,NULL,NULL,NULL,NULL
484,Schnabel,Julian,Julian Schnabel,Draw A Family,Karma,NULL,NULL,NULL,NULL,NULL,NULL,NULL,,NULL,NULL,false,NULL,NULL,NULL,https://karmakarma.org/,NULL,NULL,NULL,NULL,NULL,NULL,NULL,NULL
485,Schnabel,Julian,Julian Schnabel,Polaroids,Prestel,NULL,NULL,NULL,NULL,NULL,NULL,NULL,,NULL,NULL,false,NULL,NULL,NULL,NULL,NULL,NULL,NULL,NULL,NULL,NULL,NULL,NULL
486,Schonberger,Ben,Ben Schonberger,Beautiful Pig,NULL,NULL,NULL,NULL,NULL,NULL,NULL,NULL,,NULL,NULL,false,NULL,NULL,http://www.benschonberger.com/new-page/,NULL,NULL,NULL,NULL,NULL,NULL,NULL,NULL,NULL
487,Schorr,Collier,Collier Schorr,Contacts,IDEA Books,2015,NULL,NULL,NULL,NULL,NULL,100,,NULL,NULL,false,NULL,"this bookzine is based on Schorr's seminal book 'Jens F', published by Steidl/MACK. The work is a study of Andrew Wyeth's series of paitings of a girl named Helga. Schorr began to photograph a young boy in many of the positions that Wyeth painted Helga; to give someone another identity and photograph them through the transformation. During the process, Wyeth's book 'The Helga Pictures' became a sketchbook, filled with contact prints, annotations and so where the viewer sees only the finished and perfected photograph. 'Contacts' shows a deeper view into this process",NULL,https://mackbooks.co.uk,NULL,NULL,NULL,NULL,NULL,NULL,NULL,NULL
488,Schorr,Collier,Collier Schorr,Paul's Book,MACK,2019,NULL,NULL,NULL,NULL,NULL,NULL,,NULL,NULL,false,NULL,NULL,NULL,https://mackbooks.co.uk,NULL,NULL,NULL,NULL,NULL,NULL,NULL,NULL
489,Schorr,Collier,Collier Schorr,8 Women,MACK,2014,NULL,NULL,NULL,NULL,NULL,NULL,9781907946424,NULL,NULL,false,NULL,"8 Women presents work which spans from the mid-nineties to the present. Schorr's earliest works utilised appropriated adverts from fashion magazines to address issues of authorship and desire; the works introduced a female gaze into the debate about female representation. Appropriation was Schorr's first medium and in some sense she returns to it, taking her own commissioned fashion images and folding them into a dialogue with other works. The works in 8 Women propose a variety of subjects, all of whom are involved in performance, be it as artists, models or musicians. Schorr, who has been working in fashion for the last 10 years, created sets that doubled as her studio, teasing out images that could only be made with a subject that could travel between the object of desire and the enforcer of an identity crafted in that very moment. Working between out-takes and manipulations of tear sheets, Schorr questions who the women that desire to be looked at are, as well as what power exists in acknowledging that as a post-feminist position.",https://www.collierschorr.com/,https://mackbooks.co.uk,"Photography, Fashion, Gender, Performance, Female gaze","Fashion Photography, Contemporary Art, Gender Studies",NULL,NULL,NULL,NULL,/assets/images/books/Schorr_8_Women_9781907946424.jpg
490,Schorr,Collier,Collier Schorr,I Blame Jordan,NULL,2016,NULL,NULL,NULL,NULL,NULL,NULL,,NULL,NULL,false,NULL,NULL,NULL,NULL,NULL,NULL,NULL,NULL,NULL,NULL,NULL,NULL
491,Schorr,Collier,Collier Schorr,Neighbors/Nachbarn,NULL,2006,NULL,NULL,NULL,NULL,NULL,NULL,,NULL,NULL,false,NULL,NULL,NULL,NULL,NULL,NULL,NULL,NULL,NULL,NULL,NULL,NULL
492,Schubert,Erik,Erik Schubert,How to Win Friends and Influence People,Lavalette,2013,NULL,NULL,NULL,NULL,NULL,NULL,,NULL,NULL,NULL,false,NULL,NULL,NULL,NULL,NULL,NULL,NULL,NULL,NULL,NULL,NULL
493,Schwitters,Ernst,Ernst Schwitters,Ernst Schwitters in Norway: Photographs 1930-1960 (Multilingual Edition),Hatje Cantz,2006,21.6,27.9,NULL,NULL,NULL,NULL,,NULL,NULL,false,NULL,NULL,NULL,https://www.hatjecantz.de/,NULL,NULL,NULL,NULL,NULL,NULL,NULL,NULL
494,Seawright,Paul,Paul Seawright,Things Left Unsaid,NULL,NULL,NULL,NULL,NULL,NULL,NULL,NULL,,NULL,NULL,false,NULL,NULL,NULL,NULL,NULL,NULL,NULL,NULL,NULL,NULL,NULL,NULL
495,Sepuya,Paul Mpagi Sepuya,Paul Mpagi Sepuya Sepuya,Paul Mpagi Sepuya,Aperture,NULL,NULL,NULL,NULL,NULL,NULL,NULL,,NULL,NULL,false,NULL,NULL,NULL,https://aperture.org/,NULL,NULL,NULL,NULL,NULL,NULL,NULL,NULL
496,Serra,Richard,Richard Serra,Serra 2013,Gagosian New York,NULL,NULL,NULL,NULL,NULL,NULL,NULL,,NULL,NULL,false,NULL,NULL,NULL,https://gagosian.com/,NULL,NULL,NULL,NULL,NULL,NULL,NULL,NULL
497,Serra,Richard,Richard Serra,Richard Serra Early Work,steidl David Zwirner,NULL,NULL,NULL,NULL,NULL,NULL,NULL,,NULL,NULL,false,NULL,NULL,NULL,https://www.davidzwirnerbooks.com/,NULL,NULL,NULL,NULL,NULL,NULL,NULL,NULL
498,Serra,Richard,Richard Serra,Richard Serra Drawing,"Rose|White|Garreks, Menil",NULL,NULL,NULL,NULL,NULL,NULL,NULL,,NULL,NULL,false,NULL,NULL,NULL,NULL,NULL,NULL,NULL,NULL,NULL,NULL,NULL,NULL
499,Serra,Richard,Richard Serra,East-West/West-East,Steidl,NULL,NULL,NULL,NULL,NULL,NULL,NULL,,NULL,NULL,false,NULL,NULL,NULL,https://steidl.de,NULL,NULL,NULL,NULL,NULL,NULL,NULL,NULL
500,Sethi,Nick,Nick Sethi,Khichdi (kitchari),NULL,NULL,NULL,NULL,NULL,NULL,NULL,NULL,,NULL,NULL,false,NULL,NULL,NULL,NULL,NULL,NULL,NULL,NULL,NULL,NULL,NULL,NULL
501,Sethi,Nick,Nick Sethi,Pul Ke Niche,NULL,NULL,NULL,NULL,NULL,NULL,NULL,NULL,,NULL,NULL,false,NULL,NULL,NULL,NULL,NULL,NULL,NULL,NULL,NULL,NULL,NULL,NULL
502,Sevigny,Chloe,Chloe Sevigny,No Time for Love,NULL,NULL,NULL,NULL,NULL,NULL,NULL,NULL,,NULL,NULL,false,NULL,NULL,NULL,NULL,NULL,NULL,NULL,NULL,NULL,NULL,NULL,NULL
503,Shafran,Nigel,Nigel Shafran,The People on the Street,NULL,NULL,NULL,NULL,NULL,NULL,NULL,NULL,,NULL,NULL,false,NULL,NULL,NULL,NULL,NULL,NULL,NULL,NULL,NULL,NULL,NULL,NULL
504,Shaw,Chris,Chris Shaw,Before and After Night Porter,NULL,NULL,NULL,NULL,NULL,NULL,NULL,NULL,,NULL,NULL,false,NULL,NULL,NULL,NULL,NULL,NULL,NULL,NULL,NULL,NULL,NULL,NULL
505,Shaw,Jeremy,Jeremy Shaw,Jeremy Shaw,Swiss Institute and Centre Pompidou,202506,Shaw,Jeremy,Jeremy Shaw,Jeremy Shaw,Swiss Institute and Centre Pompidou,2020,,NULL,NULL,Hardback boards,142,perfect binding,9782844268662,NULL,NULL,false,NULL,NULL,NULL,NULL,NULL,NULL
507,Shea,Daniel,Daniel Shea,43-35 10th Street,Kodoji Press,2018,27.0,24.0,NULL,Softcover,288,"Sewn Bound, colour",9783037470862,"Daniel Shea, Walter Benn Michaels, Winfried Heininger",NULL,false,NULL,"43-35 10th Street is a book about architecture and its relationship to ideological and socioeconomic shifts. The work began with a simple premise; for Shea to observe the residential real estate boom in his neighborhood of New York City, Long Island City. This type of development boom, happening in cities globally, is a distinctly late capitalist solution to the perception of housing needs. Images of Long Island City in New York are juxtaposed with the government buildings in the famed Brazilian city of Brasilia, built ex-nihilo 50 years ago. Images of a dying California industrial town suggest a cycle of dissolution, real estate value, and entropy.",https://www.danielpshea.com/,NULL,NULL,"Architectural photography, Brasília (Distrito Federal, Brazil) -- Pictorial works, City planning -- Pictorial works, Documentary photography, Gentrification, Human ecology -- Pictorial works, Long Island City (New York, N.Y.) -- Pictorial works, Photography, Artistic, Searles Valley (Calif.) -- Pictorial works",NULL,NULL,NULL,NULL,NULL,/assets/images/books/Shea_43_35_10th_Street_9783037470862.jpg
508,Shea,Daniel,Daniel Shea,"Blisner, IL",NULL,NULL,NULL,NULL,NULL,NULL,NULL,NULL,,NULL,NULL,false,NULL,NULL,https://www.danielpshea.com/,NULL,NULL,NULL,NULL,NULL,NULL,NULL,NULL,NULL
509,Shearer,Steven,Steven Shearer,Steven Shearer,NULL,NULL,NULL,NULL,NULL,NULL,NULL,NULL,,NULL,NULL,false,NULL,NULL,NULL,NULL,NULL,NULL,NULL,NULL,NULL,NULL,NULL,NULL
510,Sheshivari,Izet,Izet Sheshivari,505,edition fink,2015,NULL,NULL,NULL,NULL,1216,"Part of the ""fink twice"" series",,NULL,NULL,false,NULL,"A compilation bringing together reprints of 28 out-of-print artist's notepads originally published by Sheshivari in his own publishing house, Boabooks, between 2008 and 2011. These original notepads featured contributions (images and text) from various contemporary artists, including Olivier Mosset, Isabelle Cornaro, and Jérémie Gindre, among others. The book is primarily an art publication and a documentation of Sheshivari's curatorial and publishing work with Boabooks, allowing readers to view the development of the series as a whole.",NULL,NULL,NULL,NULL,NULL,NULL,NULL,NULL,NULL,/assets/images/books/Sheshivari_505.jpg
511,Shiga,Lieko,Lieko Shiga,Blind Date,NULL,NULL,NULL,NULL,NULL,NULL,NULL,NULL,,NULL,NULL,false,NULL,NULL,NULL,NULL,NULL,NULL,NULL,NULL,NULL,NULL,NULL,NULL
512,Shiinoki,Shunsuke,Shunsuke Shiinoki,Deko + Munition,NULL,NULL,NULL,NULL,NULL,NULL,NULL,NULL,,NULL,NULL,false,NULL,NULL,NULL,NULL,NULL,NULL,NULL,NULL,NULL,NULL,NULL,NULL
513,Shinoyama,Kishin,Kishin Shinoyama,No Nude - Virgin Lisa,Asahi Press,2009,NULL,NULL,NULL,NULL,62,NULL,9784255004686,NULL,NULL,false,NULL,NULL,NULL,NULL,NULL,NULL,NULL,NULL,NULL,NULL,NULL,NULL
514,Shinoyama,Kishin,Kishin Shinoyama,Olele Olala,NULL,NULL,NULL,NULL,NULL,NULL,NULL,NULL,,NULL,NULL,false,NULL,NULL,NULL,NULL,NULL,NULL,NULL,NULL,NULL,NULL,NULL,NULL
515,Silano,Pacifico,Pacifico Silano,I Wish I Never Saw the Sunshine.,Loose Joints,2021,24.8,19.7,NULL,Hardbound,40,40 color illustrations,9781912719242,NULL,NULL,false,NULL,"American conceptual artist Pacifico Silano’s practice is rooted in excavating the printed ephemera of gay culture to create new images that comment on loss, longing and queer melancholy. In particular, Silano uses the gestures of framing, cropping and layering vintage gay erotica to comment on the HIV/AIDS crisis and its reverberations on queer lives, which included the loss of the artist's uncle at the height of the epidemic. I Wish I Never Saw the Sunshine is Silano’s first artist’s book, and engages with an ambitious accordion-folded format that references Silano’s photo-based installations: two twenty-panel long sequences that can be read as both one continuous collage and a sequence of individual images. Included in the book is an interview with the artist by José Diaz, Chief Curator of The Andy Warhol Museum.",NULL,NULL,NULL,NULL,NULL,NULL,NULL,NULL,NULL,NULL
516,Silano,Pacifico,Pacifico Silano,Tear Sheets,NULL,NULL,NULL,NULL,NULL,NULL,NULL,NULL,,NULL,NULL,false,NULL,NULL,NULL,NULL,NULL,NULL,NULL,NULL,NULL,NULL,NULL,NULL
517,Sillman,Amy,Amy Sillman,A Summer,Gladstone Gallery,2021,NULL,NULL,NULL,Softback,NULL,NULL,,NULL,Marco Caroti,false,NULL,"99 flowers, a guide, a calendar, an index, and a conversation.",NULL,https://www.gladstonegallery.com/,NULL,NULL,NULL,NULL,NULL,NULL,NULL,NULL
518,Silva,Giovanna,Giovanna Silva,Inch by Inch House by House Alley by Alley,NULL,NULL,NULL,NULL,NULL,NULL,NULL,NULL,,NULL,NULL,false,NULL,NULL,NULL,NULL,NULL,NULL,NULL,NULL,NULL,NULL,NULL,NULL
519,Simmons,Laurie,Laurie Simmons,The Love Doll,NULL,NULL,NULL,NULL,NULL,NULL,NULL,NULL,,NULL,NULL,false,NULL,NULL,NULL,NULL,NULL,NULL,NULL,NULL,NULL,NULL,NULL,NULL
520,Simmons,Laurie,Laurie Simmons,Photographs 1978/79,NULL,NULL,NULL,NULL,NULL,NULL,NULL,NULL,,by Collier Schorr and Laurie Simmons,false,NULL,NULL,NULL,NULL,NULL,NULL,NULL,NULL,NULL,NULL,NULL,NULL,NULL
521,Simmons,Gary,Gary Simmons,NULL,Damiani,NULL,NULL,NULL,NULL,NULL,NULL,NULL,,NULL,NULL,false,NULL,NULL,NULL,https://www.damianieditore.com/,NULL,NULL,NULL,NULL,NULL,NULL,NULL,NULL
522,Simon,Taryn,Taryn Simon,Paperwork And The Will Of Capital,"Hatje Cantz, Gagosian",NULL,NULL,NULL,NULL,NULL,NULL,NULL,,NULL,NULL,false,NULL,NULL,http://tarynsimon.com/,https://gagosian.com/,NULL,NULL,NULL,NULL,NULL,NULL,NULL,NULL
523,Simon,Taryn,Taryn Simon,The Color of a Flea’s Eye: The Picture Collection,Cahiers d'Art,2020,39.2,28.5,4.2,"Hardcover, boxed",460,NULL,9782851173140,NULL,NULL,false,NULL,"A tremendous feat of bookmaking, Taryn Simon's The Color of a Flea's Eye deploys prints, postcards and other ephemera to explore the organization of visual information through the New York Public Library's beloved archive Taryn Simon's The Color of a Flea's Eye presents a history of the New York Public Library's Picture Collection--a legendary trove of more than one million prints, photographs, postcards, posters and images from disused books and periodicals. Since its inception in 1915, the Picture Collection has been a vital resource for writers, historians, artists, filmmakers, fashion designers and advertising age",http://tarynsimon.com/,https://www.cahiersdart.com,Individual Photographer Monographs,"Photography / Individual Photographers / Monographs, Cataloging of pictures -- New York (State) -- New York, Photography, Artistic -- 21st century",NULL,NULL,NULL,HSL,NULL,NULL
524,Simon,Taryn,Taryn Simon,An American Index of the Hidden and Unfamiliar,Steidl,2007,34.0,25.9,2.3,Hardcover,152,NULL,9783865213808,NULL,NULL,false,NULL,NULL,http://tarynsimon.com/,https://steidl.de,Individual Photographer Monographs,NULL,NULL,NULL,NULL,NULL,NULL,NULL
525,Simon,Taryn,Taryn Simon,Contraband,Steidl,2010,23.4,17.8,3.8,Paperback,479,NULL,9783869301341,NULL,NULL,false,NULL,NULL,http://tarynsimon.com/,https://steidl.de,Individual Photographer Monographs,NULL,NULL,NULL,NULL,NULL,NULL,NULL
526,Simon,Taryn,Taryn Simon,"Rear Views, a Star-forming Nebula, and the Office of Foreign Propaganda",Tate Publishing,2015,26.9,15.0,4.1,Hardcover,388,with 200 color plates;,9781849762359,NULL,NULL,false,NULL,NULL,http://tarynsimon.com/,NULL,NULL,NULL,NULL,NULL,NULL,NULL,NULL,NULL
527,Simon,Taryn,Taryn Simon,Birds of the West Indies,Hatje Cantz,2013,20.5,30.5,NULL,Hardcover,440,clothbound,9783775736633,NULL,NULL,false,NULL,NULL,http://tarynsimon.com/,https://www.hatjecantz.de/,NULL,NULL,NULL,NULL,NULL,NULL,NULL,NULL
528,Sims,David,David Sims,Supreme,Supreme,2015,NULL,NULL,NULL,NULL,NULL,w/ poster inscribed,,NULL,NULL,true,NULL,NULL,NULL,NULL,NULL,NULL,NULL,NULL,NULL,NULL,NULL,NULL
529,"Sims; Hawkesworth, Jamie;",David,"David Sims; Hawkesworth, Jamie;",Siam's Guy,NULL,NULL,NULL,NULL,NULL,NULL,NULL,NULL,,NULL,NULL,false,NULL,NULL,NULL,NULL,NULL,NULL,NULL,NULL,NULL,NULL,NULL,NULL
530,Simson,Lorna,Lorna Simson,Lorna Simpson,Phaidon Press,NULL,NULL,NULL,NULL,NULL,NULL,NULL,,NULL,NULL,false,NULL,NULL,NULL,https://www.phaidon.com/,NULL,NULL,NULL,NULL,NULL,NULL,NULL,NULL
531,Simson,Lorna,Lorna Simson,Collages,NULL,NULL,NULL,NULL,NULL,NULL,NULL,NULL,,NULL,NULL,false,NULL,NULL,NULL,NULL,NULL,NULL,NULL,NULL,NULL,NULL,NULL,NULL
532,Simson,Lorna,Lorna Simson,Works on Paper,Aspen Art Museum,NULL,NULL,NULL,NULL,NULL,NULL,NULL,,NULL,NULL,false,NULL,NULL,NULL,NULL,NULL,NULL,NULL,NULL,NULL,NULL,NULL,NULL
533,Snapp,Colin,Colin Snapp,VISTA,NULL,NULL,NULL,NULL,NULL,NULL,NULL,NULL,,NULL,NULL,false,NULL,NULL,NULL,NULL,NULL,NULL,NULL,NULL,NULL,NULL,NULL,NULL
534,Sobol,Jacob Aue,Jacob Aue Sobol,With And Without You,NULL,NULL,NULL,NULL,NULL,NULL,NULL,NULL,,NULL,NULL,false,NULL,NULL,NULL,NULL,NULL,NULL,NULL,NULL,NULL,NULL,NULL,NULL
535,"Sorrenti; Goldberg,Jim",Davide,"Davide Sorrenti; Goldberg,Jim",Let's Panic,NULL,NULL,NULL,NULL,NULL,NULL,NULL,NULL,,NULL,NULL,false,NULL,NULL,NULL,NULL,NULL,NULL,NULL,NULL,NULL,NULL,NULL,NULL
536,Soth,Alec,Alec Soth,A Pound of Pictures,Mack,2022,25.3,31.0,NULL,Embossed linen hardcover with front and back tip-in,156,"Three different papers, including a marbled Japanese stock and five randomised replica vernacular photographs",9781913620110,NULL,NULL,false,NULL,"A Pound of Pictures is a stream-of-consciousness celebration of the photographic medium, bringing together an entirely new collection of work by Alec Soth made between 2018 and 2021. Depicting a sprawling array of subjects — from Buddhist statues and birdwatchers to sun-seekers and busts of Abe Lincoln — this book reflects on the photographic desire to pin down and crystallise experience, especially as it is represented and recollected by printed images. Throughout this eclectic sequence are the recurring presences of iconography, of souvenirs and mementos, and of the image-makers that surround us day to day. Forming a winding, ruminative road trip, Soth's photographs are followed by his own notes and reflections in an extended afterword. Each book contains five randomised replica vernacular photographs loosely inserted within the pages.",https://alecsoth.com,https://mackbooks.co.uk,"Photography, American, Contemporary, Documentary, Road trip","Photographer Monographs, Contemporary Photography",NULL,NULL,NULL,NULL,NULL,/assets/images/books/Soth_A_Pound_of_Pictures_9781913620110.jpg
537,Soth,Alec,Alec Soth,Gathered Leaves,Mack,2015,NULL,NULL,NULL,NULL,NULL,First edition,9781910164365,NULL,NULL,false,NULL,NULL,NULL,https://mackbooks.co.uk,NULL,NULL,NULL,NULL,NULL,NULL,NULL,NULL
538,Soth,Alec,Alec Soth,Songbook,NULL,NULL,NULL,NULL,NULL,NULL,NULL,NULL,,NULL,NULL,false,NULL,NULL,NULL,NULL,NULL,NULL,NULL,NULL,NULL,NULL,NULL,NULL
539,Souharce,Emma,Emma Souharce,Voyeur (gray cover),Rollo Press; HEAD Geneva,2013,16.5,10.9,1.3,Paperback,NULL,perfect binding,9783906213040,NULL,NULL,false,NULL,NULL,NULL,NULL,NULL,NULL,NULL,NULL,NULL,NULL,NULL,NULL
540,Spears,Mike,Mike Spears,Love Journal 2015,NULL,NULL,NULL,NULL,NULL,NULL,NULL,NULL,,NULL,NULL,false,NULL,NULL,NULL,NULL,NULL,NULL,NULL,NULL,NULL,NULL,NULL,NULL
541,Spinatsch,Jules,Jules Spinatsch,Temporary Discomfort,NULL,NULL,NULL,NULL,NULL,NULL,NULL,NULL,,NULL,NULL,false,NULL,NULL,NULL,NULL,NULL,NULL,NULL,NULL,NULL,NULL,NULL,NULL
542,Spinatsch,Jules,Jules Spinatsch,Semiautomatic Photography,Spector Books,2019,21.1,29.6,NULL,Softback,352,"1st, 290 black and white illustrations thread-sewn softcover",9783959052924,NULL,"Vieceli, Alberto",false,Alberto Vieceli,"How one tilts the camera, holds it with both hands in front of the waist. How one looks through the viewfinder, gazes one-eyed into the world. How one hides it in stockings, behind the back, and how one lets it peep out from behind the corner of a building, as though it were a detective. Holding the Camera shows a pictorial genre from the now extinct era of analogue photography. Like the dinosaurs, supposedly the victims of a violent meteorite bombardment, also these images that were once distributed a million times over in instructions and advertisements, have been erased, deleted. «Nadine Olonetzky",NULL,https://spectorbooks.com/,NULL,NULL,NULL,NULL,NULL,NULL,NULL,NULL
543,Spinatsch,Jules,Jules Spinatsch,We will never be so close again,Kodoji Press,2007,16.5,23.5,NULL,Softcover,48,"Recycled book, 10 black & white plates, 21 color plates",9783037470015,NULL,NULL,false,NULL,NULL,NULL,NULL,NULL,NULL,NULL,NULL,NULL,NULL,NULL,NULL
544,Spoelstra,Friso,Friso Spoelstra,Devils & Angels Ritual Feasts in Europe,Lecturis,2015,24.1,17.4,2.8,Paperback,304,NULL,9789462260962,NULL,NULL,false,NULL,NULL,NULL,NULL,NULL,NULL,NULL,NULL,NULL,NULL,NULL,NULL
545,Srikhao,Harit,Harit Srikhao,Whitewash,NULL,NULL,NULL,NULL,NULL,NULL,NULL,NULL,,NULL,NULL,false,NULL,NULL,NULL,NULL,NULL,NULL,NULL,NULL,NULL,NULL,NULL,NULL
546,Steacy,Will,Will Steacy,Deadline,NULL,2016,NULL,NULL,NULL,Soft cover,192,First edition:,,NULL,NULL,false,NULL,"277 photographs, reproductions and documents. In the highly anticipated second installment of the Deadline publications Will Steacy tells the story of an industry in crisis and a family legacy cut short. Steacy’s latest book published by b.frank books reveals the harsh realities facing the newspaper industry today in a behind-the-scenes look at one newsroom’s grit and determination to get the news out despite shrinking advertising revenue, falling circulation, lay-offs, buy-outs, and bankruptcy. In his follow up to the critically acclaimed Deadline newspaper, this 192-page book features Steacy’s photographs of The Inquirer newsroom and printing plant, historical material from The Inquirer's archive and his own family's five-generation newsman history. The accompanying essay by former Inquirer executive editor Gene Roberts, whose leadership won the paper 17 Pulitzer Prizes, explains how corporate media consolidation and the shift to budget cutting in an effort to maximize shareholder value were the first dominos in the newspaper industry’s subsequent downfall. Deadline not only provides us an open window into the realities of an industry in crisis, but also explains how and why we got here. Steacy’s in-depth examination of the media is particularly relevant in an election year in which the consequences of the de-newspaperization of America are on full display as facts and accountability have been trumped by voters' political ideology.",NULL,NULL,NULL,NULL,NULL,NULL,NULL,NULL,NULL,NULL
547,Stephenson,Luke,Luke Stephenson,Luke Stephenson's 99x99s,YES Editions,2014,NULL,NULL,NULL,Hardcover,224,NULL,97809957434110,NULL,NULL,true,YES,"“99x99s is a photographic road trip exploring the world of the 99 ice cream. Over 25 days and 3,500 miles I travelled deeper and deeper into the story of this British icon and the culture that made it.” “As I traveled from place to place I became fascinated by the human touches that make each cone unique and the stories which shroud the 99 in mystery.” —Luke Stephenson",NULL,NULL,NULL,NULL,NULL,NULL,NULL,NULL,NULL,NULL
548,Stezaker,John,John Stezaker,John Stezaker: Rubell Family Collection,NULL,NULL,NULL,NULL,NULL,NULL,NULL,NULL,,NULL,false,NULL,NULL,NULL,NULL,NULL,NULL,NULL,NULL,NULL,NULL,NULL,NULL,NULL
549,Steyerl,Hito,Hito Steyerl,I Will Survive,NULL,NULL,NULL,NULL,NULL,NULL,NULL,NULL,,NULL,NULL,false,NULL,NULL,NULL,NULL,NULL,NULL,NULL,NULL,NULL,NULL,NULL,NULL
550,Stieglitz,Alfred,Alfred Stieglitz,New York,NULL,NULL,NULL,NULL,NULL,NULL,NULL,NULL,,NULL,false,NULL,NULL,NULL,NULL,NULL,NULL,NULL,NULL,NULL,NULL,NULL,NULL,NULL
551,Still,Maximilian,Maximilian Still,Folklig Idrott (Folk-athletic games),NULL,NULL,NULL,NULL,NULL,NULL,NULL,NULL,,NULL,NULL,false,NULL,NULL,NULL,NULL,NULL,NULL,NULL,NULL,NULL,NULL,NULL,NULL
552,Still,Clyfford,Clyfford Still,The Late Works,Rizzoli Electa,2020,31.1,26.3,2.0,Hardcover,128,First edition,9780847868605,by David Anfam (Author),"Dean Sobel (Author), Alex Katz (Contributor), Dorothea Rockburne (Contributor)",false,NULL,"An exclusive look at the late work of one of the most influential and enigmatic painters, whose late-career paintings are virtually unknown to the public and many are published here for the first time. Clyfford Still (1904-1980) is a pioneer of Abstract Expressionism, along with Mark Rothko, Jackson Pollock, Lee Krasner, and Willem de Kooning. This revelatory book, accompanying a groundbreaking exhibition, investigates Clyfford Still's late work, both in painting and in drawing, made after his move to rural Maryland in 1961. This marks a particularly fertile period for Still; he made over 375 works on canvas and a staggering 1,100 works on paper in Maryland before his death in 1980 at the age of 75. Given Still's especially reclusive posture later in life and the fact that none of the artworks in Still's estate were exhibited or made available to anyone before the opening of the Clyfford Still Museum in 2011, a full-scale presentation of these forty paintings and thirty works on paper is especially meaningful.",NULL,NULL,Art,NULL,NULL,NULL,NULL,Clipper,NULL,NULL
553,Strömholm,Christer,Christer Strömholm,Les Nuits De,RM/Fundación Foto Colectania,2015,NULL,NULL,NULL,NULL,48,Mul edition,9788416282159,NULL,NULL,false,NULL,NULL,NULL,NULL,NULL,NULL,NULL,NULL,NULL,NULL,NULL,NULL
554,Struth,Thomas,Thomas Struth,Walking,NULL,NULL,NULL,NULL,NULL,NULL,NULL,"Paperback, perfect bound,",,NULL,NULL,false,NULL,NULL,NULL,NULL,NULL,NULL,NULL,NULL,NULL,NULL,NULL,NULL
555,Struth,Thomas,Thomas Struth,Matera 1953,NULL,NULL,NULL,NULL,NULL,NULL,NULL,NULL,,NULL,NULL,false,NULL,NULL,NULL,NULL,NULL,NULL,NULL,NULL,NULL,NULL,NULL,NULL
556,Struth,Thomas,Thomas Struth,Nature & Politics,NULL,NULL,NULL,NULL,NULL,NULL,NULL,NULL,,NULL,NULL,false,NULL,NULL,NULL,NULL,NULL,NULL,NULL,NULL,NULL,NULL,NULL,NULL
557,Struvay,Thierry,Thierry Struvay,Vernacular Photography,NULL,NULL,NULL,NULL,NULL,NULL,NULL,NULL,,NULL,NULL,false,NULL,NULL,NULL,NULL,NULL,NULL,NULL,NULL,NULL,NULL,NULL,NULL
558,Struvay,Thierry,Thierry Struvay,Love & Hate & Other Mysteries,NULL,NULL,NULL,NULL,NULL,NULL,NULL,NULL,,NULL,NULL,false,NULL,NULL,NULL,NULL,NULL,NULL,NULL,NULL,NULL,NULL,NULL,NULL
559,Sultan,Larry,Larry Sultan,Pictures from Home,NULL,NULL,NULL,NULL,NULL,NULL,NULL,NULL,,NULL,NULL,false,NULL,NULL,NULL,NULL,NULL,NULL,NULL,NULL,NULL,NULL,NULL,NULL
560,Sume,Selim,Selim Sume,Tekerrur (Recurrence),NULL,NULL,NULL,NULL,NULL,NULL,NULL,NULL,,NULL,NULL,false,NULL,NULL,NULL,NULL,NULL,NULL,NULL,NULL,NULL,NULL,NULL,NULL
561,Suter,Batia,Batia Suter,Radial Grammar,NULL,NULL,NULL,NULL,NULL,NULL,NULL,NULL,,NULL,NULL,false,NULL,NULL,NULL,NULL,NULL,NULL,NULL,NULL,NULL,NULL,NULL,NULL
562,Suter,Batia,Batia Suter,Parallel Encyclopedia,NULL,NULL,NULL,NULL,NULL,NULL,NULL,NULL,,NULL,NULL,false,NULL,NULL,NULL,NULL,NULL,NULL,NULL,NULL,NULL,NULL,NULL,NULL
563,Suter,Batia,Batia Suter,Hexamilies (Mont-Voisin),NULL,NULL,NULL,NULL,NULL,NULL,NULL,NULL,,NULL,NULL,false,NULL,NULL,NULL,NULL,NULL,NULL,NULL,NULL,NULL,NULL,NULL,NULL
564,Suter,Batia,Batia Suter,Parallel Encyclopedia #2,Roma Publications,2016,NULL,NULL,NULL,Hardcover,591,First,9789491843761,"Suter, Bater",NULL,false,Roger Willems,"Tiré du site Internet de Roma Publications: [vol. 2]: ""Batia Suter's work intuitively situates found images in new contexts to provoke surprising reactions and significative possibilities. This volume follows on from the first Parallel Encyclopedia, published in 2007. Underlying themes of Suter's practice are the ""iconification"" and ""immunogenicity"" of old images, and the circumstances by which they become charged with new associative values. ""In my work, I collect groups of images based on various themes and characteristics, and I investigate how they can manipulate each other, depending on where and how they are placed. In the process of making this book, narrative lines unfolded before my eyes as I shifted images around.",NULL,https://www.romapublications.org/,NULL,NULL,NULL,NULL,700.4112,NULL,NULL,NULL
565,Suter,Batia,Batia Suter,Parallel Encyclopedia #1,Roma Publications,2021,NULL,NULL,NULL,Hardcover,NULL,Thrid,9789492811981,"Suter, Bater",NULL,false,NULL,NULL,https://www.romapublications.org/,"Appropriation (Art), Artists' books -- Specimens, Encyclopedias and dictionaries, Found objects (Art), Montage",NULL,NULL,NULL,NULL,NULL,NULL,NULL,NULL
566,Suter,Batia,Batia Suter,Cloud Service (Special Edition),"Printed Matter Inc., Roma Publications",NULL,NULL,NULL,NULL,NULL,NULL,NULL,,NULL,NULL,false,NULL,NULL,NULL,NULL,NULL,NULL,NULL,NULL,NULL,NULL,NULL,NULL
567,Sutherland,Peter,Peter Sutherland,Sender,NULL,NULL,NULL,NULL,NULL,NULL,NULL,NULL,,NULL,NULL,false,NULL,NULL,NULL,NULL,NULL,NULL,NULL,NULL,NULL,NULL,NULL,NULL
568,Swoon,NULL,Swoon,Swoon,Deitch,2010,NULL,NULL,NULL,NULL,NULL,NULL,,NULL,NULL,false,NULL,NULL,NULL,NULL,NULL,NULL,NULL,NULL,NULL,NULL,NULL,NULL
569,Swoon,NULL,Swoon,NULL,Abrams,NULL,NULL,NULL,NULL,NULL,NULL,NULL,,NULL,NULL,false,NULL,NULL,NULL,NULL,NULL,NULL,NULL,NULL,NULL,NULL,NULL,NULL
570,Sze,Sarah,Sarah Sze,De nuit en jour,NULL,NULL,NULL,NULL,NULL,NULL,NULL,NULL,,NULL,NULL,false,NULL,NULL,NULL,NULL,NULL,NULL,NULL,NULL,NULL,NULL,NULL,NULL
571,T,NULL,NULL,T,NULL,NULL,NULL,NULL,NULL,NULL,NULL,NULL,,NULL,NULL,false,NULL,NULL,NULL,NULL,NULL,NULL,NULL,NULL,NULL,NULL,NULL,NULL
572,Tei,Towa,Towa Tei,ecollage,NULL,NULL,NULL,NULL,NULL,NULL,NULL,NULL,,NULL,NULL,false,NULL,NULL,NULL,NULL,NULL,NULL,NULL,NULL,NULL,NULL,NULL,NULL
573,Teichmann,Esther,Esther Teichmann,Mondschwimmen,rem/ZEPHYR,2015,NULL,NULL,NULL,NULL,NULL,NULL,9780955675133,NULL,NULL,true,NULL,NULL,NULL,NULL,NULL,NULL,NULL,NULL,NULL,NULL,NULL,NULL
574,Teller,Juergen,Juergen Teller,Season Three,NULL,NULL,NULL,NULL,NULL,NULL,NULL,NULL,,NULL,NULL,false,NULL,NULL,NULL,NULL,NULL,NULL,NULL,NULL,NULL,NULL,NULL,NULL
575,Templeton,Ed,Ed Templeton,Hairdos of Defiance,NULL,NULL,NULL,NULL,NULL,NULL,NULL,NULL,,NULL,NULL,false,NULL,NULL,NULL,NULL,NULL,NULL,NULL,NULL,NULL,NULL,NULL,NULL
576,Templeton,Ed & Deanna,Ed & Deanna Templeton,Contemporary Suburbium,NULL,NULL,NULL,NULL,NULL,NULL,NULL,NULL,,NULL,NULL,false,NULL,NULL,NULL,NULL,NULL,NULL,NULL,NULL,NULL,NULL,NULL,NULL
577,Templeton,Ed,Ed Templeton,Wayward Cognitions,NULL,NULL,NULL,NULL,NULL,NULL,NULL,NULL,,NULL,NULL,false,NULL,NULL,NULL,NULL,NULL,NULL,NULL,NULL,NULL,NULL,NULL,NULL
578,"The Mott Collection (Toby Mott, editor)",NULL,"The Mott Collection (Toby Mott, editor)",Showboat Special Edition,NULL,NULL,NULL,NULL,NULL,NULL,NULL,NULL,,NULL,NULL,false,NULL,NULL,NULL,NULL,NULL,NULL,NULL,NULL,NULL,NULL,NULL,NULL
579,Thek,Paul,Paul Thek,Paul Thek Artist's Artist,The MIT Press;,2009,27.9,21.6,5.1,Hardcover,550,First,9780262012546,NULL,NULL,false,NULL,NULL,NULL,NULL,NULL,NULL,NULL,NULL,NULL,NULL,NULL,NULL
580,Thiebaud,Wayne,Wayne Thiebaud,"Delicious Metropolis: The Desserts and Urban Scenes of Wayne Thiebaud (Fine Art Book, California Artist Gift Book, Book of Cityscapes and Sweets)",Chronicle Books,2019,25.1,23.2,1.9,Hardcover,144,Illustrated,9781452169934,NULL,NULL,false,NULL,NULL,NULL,NULL,NULL,NULL,NULL,NULL,NULL,NULL,NULL,NULL
581,Tichy,Miroslav,Miroslav Tichy,Miroslav Tichy - L'homme A La Mauvaise Camera,Presses Du Reel,2012,NULL,NULL,NULL,NULL,64,NULL,9782916067650,NULL,NULL,false,NULL,NULL,NULL,NULL,NULL,NULL,NULL,NULL,NULL,NULL,NULL,NULL
582,Tillim,Guy,Guy Tillim,Edit Beijing,NULL,NULL,NULL,NULL,NULL,NULL,NULL,NULL,,NULL,NULL,false,NULL,NULL,NULL,NULL,NULL,NULL,NULL,NULL,NULL,NULL,NULL,NULL
583,Tillmans,Wolfgang,Wolfgang Tillmans,Stained Ripe Impure Bright,NULL,NULL,NULL,NULL,NULL,NULL,NULL,NULL,,NULL,NULL,false,NULL,NULL,NULL,NULL,NULL,NULL,NULL,NULL,NULL,NULL,NULL,NULL
584,Tillmans,Wolfgang,Wolfgang Tillmans,Wolfgang Tillmans. Cologne,NULL,NULL,NULL,NULL,NULL,NULL,NULL,NULL,,NULL,NULL,false,NULL,NULL,NULL,NULL,NULL,NULL,NULL,NULL,NULL,NULL,NULL,NULL
585,Tillmans,Wolfgang,Wolfgang Tillmans,Wolfgang Tillmans. Zurich,NULL,NULL,NULL,NULL,NULL,NULL,NULL,NULL,,NULL,NULL,false,NULL,NULL,NULL,NULL,NULL,NULL,NULL,NULL,NULL,NULL,NULL,NULL
586,Tillmans,Wolfgang,Wolfgang Tillmans,Wolfgang Tillmans. Frankfurt am Main,NULL,NULL,NULL,NULL,NULL,NULL,NULL,NULL,,NULL,NULL,false,NULL,NULL,NULL,NULL,NULL,NULL,NULL,NULL,NULL,NULL,NULL,NULL
587,Tillmans,Wolfgang,Wolfgang Tillmans,Wer Liebe wagt lebt morgen. Ostfildern-Ruit,NULL,NULL,NULL,NULL,NULL,NULL,NULL,NULL,,NULL,NULL,false,NULL,NULL,NULL,NULL,NULL,NULL,NULL,NULL,NULL,NULL,NULL,NULL
588,Tillmans,Wolfgang,Wolfgang Tillmans,Concorde - Cologne,NULL,NULL,NULL,NULL,NULL,NULL,NULL,NULL,,NULL,NULL,false,NULL,NULL,NULL,NULL,NULL,NULL,NULL,NULL,NULL,NULL,NULL,NULL
589,Tillmans,Wolfgang,Wolfgang Tillmans,Wolfgang Tillmans - Burg,NULL,NULL,NULL,NULL,NULL,NULL,NULL,NULL,,NULL,NULL,false,NULL,NULL,NULL,NULL,NULL,NULL,NULL,NULL,NULL,NULL,NULL,NULL
590,Tillmans,Wolfgang,Wolfgang Tillmans,"Cologne: Taschen, 1998",Taschen,1998,NULL,NULL,NULL,NULL,NULL,NULL,,NULL,NULL,false,NULL,NULL,NULL,NULL,NULL,NULL,NULL,NULL,NULL,NULL,NULL,NULL
591,Tillmans,Wolfgang,Wolfgang Tillmans,"Reissued as Wolfgang Tillmans, 2002",NULL,2002,NULL,NULL,NULL,NULL,NULL,NULL,,NULL,NULL,false,NULL,NULL,NULL,NULL,NULL,NULL,NULL,NULL,NULL,NULL,NULL,NULL
592,Tillmans,Wolfgang,Wolfgang Tillmans,"Totale Sonnenfinsternis. Cologne: Galerie Buchholz, 1999",Galerie Buchholz,1999,NULL,NULL,NULL,NULL,NULL,NULL,,NULL,NULL,false,NULL,NULL,NULL,NULL,NULL,NULL,NULL,NULL,NULL,NULL,NULL,NULL
593,Tillmans,Wolfgang,Wolfgang Tillmans,"Wako Book 1999. Tokyo: Wako Works of Art, 1999",NULL,1999,NULL,NULL,NULL,NULL,NULL,NULL,,NULL,NULL,false,NULL,NULL,NULL,NULL,NULL,NULL,NULL,NULL,NULL,NULL,NULL,NULL
594,Tillmans,Wolfgang,Wolfgang Tillmans,"Soldiers—The Nineties. Cologne: Walther König, 1999.",Walther König,1999,NULL,NULL,NULL,NULL,NULL,NULL,9783883753775,NULL,NULL,false,NULL,NULL,NULL,NULL,NULL,NULL,NULL,NULL,NULL,NULL,NULL,NULL
595,Tillmans,Wolfgang,Wolfgang Tillmans,"Wako Book 2. Tokyo: Wako Works of Art, 2001.",[n 1],2001,NULL,NULL,NULL,NULL,NULL,NULL,9784902070197,NULL,NULL,false,NULL,NULL,NULL,NULL,NULL,NULL,NULL,NULL,NULL,NULL,NULL,NULL
596,Tillmans,Wolfgang,Wolfgang Tillmans,"Portraits. Cologne: Walther König / Distributed Art Publishers, 2001.",Walther König / Distributed Art Publishers,2001,NULL,NULL,NULL,NULL,NULL,NULL,9781891024368,NULL,NULL,false,NULL,NULL,NULL,https://www.buchhandlung-walther-koenig.de/koenig2/index.php?mode=lang&lang=en,NULL,NULL,NULL,NULL,NULL,NULL,NULL,NULL
597,Tillmans,Wolfgang,Wolfgang Tillmans,"Aufsicht / View from Above. Ostfildern-Ruit: Hatje Cantz, 2001",Hatje Cantz,2001,NULL,NULL,NULL,NULL,NULL,NULL,,NULL,NULL,false,NULL,NULL,NULL,https://www.hatjecantz.de/,NULL,NULL,NULL,NULL,NULL,NULL,NULL,NULL
598,Tillmans,Wolfgang,Wolfgang Tillmans,"AC: Isa Genzken/Wolfgang Tillmans. Cologne: Museum Ludwig, Walther König, 2001",Walther König,2001,NULL,NULL,NULL,NULL,NULL,NULL,,NULL,NULL,false,NULL,NULL,NULL,https://www.buchhandlung-walther-koenig.de/koenig2/index.php?mode=lang&lang=en,NULL,NULL,NULL,NULL,NULL,NULL,NULL,NULL
599,Tillmans,Wolfgang,Wolfgang Tillmans,Wolfgang Tillmans.,Phaidon,2002,NULL,NULL,NULL,NULL,NULL,NULL,9780714841927,NULL,NULL,false,NULL,NULL,NULL,NULL,NULL,NULL,NULL,NULL,NULL,NULL,NULL,NULL
600,Tillmans,Wolfgang,Wolfgang Tillmans,"If One Thing Matters, Everything Matters. London: Tate, 2003",tate,2003,NULL,NULL,NULL,NULL,NULL,NULL,,NULL,NULL,false,NULL,NULL,NULL,NULL,NULL,NULL,NULL,NULL,NULL,NULL,NULL,NULL
601,Tillmans,Wolfgang,Wolfgang Tillmans,"Wako Book 3. Tokyo: Wako Works of Art, 2004.",[n 2],2004,NULL,NULL,NULL,NULL,NULL,NULL,9784902070251,NULL,NULL,false,NULL,NULL,NULL,NULL,NULL,NULL,NULL,NULL,NULL,NULL,NULL,NULL
602,Tillmans,Wolfgang,Wolfgang Tillmans,"Freischwimmer. Tokyo: Tokyo Opera City Gallery, 2004",NULL,2004,NULL,NULL,NULL,NULL,NULL,NULL,,NULL,NULL,false,NULL,NULL,NULL,NULL,NULL,NULL,NULL,NULL,NULL,NULL,NULL,NULL
603,Tillmans,Wolfgang,Wolfgang Tillmans,"truth study center. Cologne: Taschen, 2005.",Taschen,2005,NULL,NULL,NULL,NULL,NULL,NULL,9783822846406,NULL,NULL,false,NULL,NULL,NULL,NULL,NULL,NULL,NULL,NULL,NULL,NULL,NULL,NULL
604,Tillmans,Wolfgang,Wolfgang Tillmans,"Freedom From The Known. New York and Göttingen: P.S.1/Steidl, 2006.",[n 3],2006,NULL,NULL,NULL,NULL,NULL,NULL,9783865212638,NULL,NULL,false,NULL,NULL,NULL,NULL,NULL,NULL,NULL,NULL,NULL,NULL,NULL,NULL
605,Tillmans,Wolfgang,Wolfgang Tillmans,"Wolfgang Tillmans. Los Angeles. New Haven and London: Museum of Contemporary Art, Chicago; Hammer Museum, Los Angeles, 2006.",[n 3],2006,NULL,NULL,NULL,NULL,NULL,NULL,9780300120222,NULL,NULL,false,NULL,NULL,NULL,NULL,NULL,NULL,NULL,NULL,NULL,NULL,NULL,NULL
606,Tillmans,Wolfgang,Wolfgang Tillmans,"Why We Must Provide HIV Treatment Information. London: HIV i-base, 2007. Photography by Tillmans.",[n 4],2007,NULL,NULL,NULL,NULL,NULL,NULL,,NULL,NULL,false,NULL,NULL,NULL,NULL,NULL,NULL,NULL,NULL,NULL,NULL,NULL,NULL
607,Tillmans,Wolfgang,Wolfgang Tillmans,"Sprengel Installation. Hannover: Sprengel Museum, 2007",NULL,2007,NULL,NULL,NULL,NULL,NULL,NULL,,NULL,NULL,false,NULL,NULL,NULL,NULL,NULL,NULL,NULL,NULL,NULL,NULL,NULL,NULL
608,Tillmans,Wolfgang,Wolfgang Tillmans,"manual. Cologne: Walther König, 2007.",[n 5],2007,NULL,NULL,NULL,NULL,NULL,NULL,9783865601322,NULL,NULL,false,NULL,NULL,NULL,https://www.buchhandlung-walther-koenig.de/koenig2/index.php?,NULL,NULL,NULL,NULL,NULL,NULL,NULL,NULL
609,Tillmans,Wolfgang,Wolfgang Tillmans,"Wolfgang Tillmans and Hans Ulrich Obrist. The Conversation Series, Vol. 6. Cologne: Walther König, 2007.",[n 5],2007,NULL,NULL,NULL,NULL,NULL,NULL,9783865601339,NULL,NULL,false,NULL,NULL,NULL,https://www.buchhandlung-walther-koenig.de/koenig2/index.php?,NULL,NULL,NULL,NULL,NULL,NULL,NULL,NULL
610,Tillmans,Wolfgang,Wolfgang Tillmans,"Wako Book 4. Tokyo: Wako Works of Art, 2008.",[n 5],2008,NULL,NULL,NULL,NULL,NULL,NULL,9784902070316,NULL,NULL,false,NULL,NULL,NULL,NULL,NULL,NULL,NULL,NULL,NULL,NULL,NULL,NULL
611,Tillmans,Wolfgang,Wolfgang Tillmans,"Lighter. Ostfildern and Berlin: Hatje Cantz and Hamburger Bahnhof—Museum für Gegenwart—Berlin, 2008.",[n 6],2008,NULL,NULL,NULL,NULL,NULL,NULL,9783775721875,NULL,NULL,false,NULL,NULL,NULL,https://www.hatjecantz.de/,NULL,NULL,NULL,NULL,NULL,NULL,NULL,NULL
612,Tillmans,Wolfgang,Wolfgang Tillmans,"Wolfgang Tillmans: Interviews. Tokyo: Wako Works of Art, 2010",NULL,2010,NULL,NULL,NULL,NULL,NULL,NULL,,NULL,NULL,false,NULL,NULL,NULL,NULL,NULL,NULL,NULL,NULL,NULL,NULL,NULL,NULL
613,Tillmans,Wolfgang,Wolfgang Tillmans,"Wolfgang Tillmans. London: Serpentine Gallery; Koenig Books, 2010",[n 6],2010,NULL,NULL,NULL,NULL,NULL,NULL,,NULL,NULL,false,NULL,NULL,NULL,NULL,NULL,NULL,NULL,NULL,NULL,NULL,NULL,NULL
614,Tillmans,Wolfgang,Wolfgang Tillmans,"Wolfgang Tillmans. Brochure. Liverpool: Walker Art Gallery, 2010",[n 7],2010,NULL,NULL,NULL,NULL,NULL,NULL,,NULL,NULL,false,NULL,NULL,NULL,NULL,NULL,NULL,NULL,NULL,NULL,NULL,NULL,NULL
615,Tillmans,Wolfgang,Wolfgang Tillmans,"Abstract Pictures. Ostfildern: Hatje Cantz, 2011",NULL,2011,NULL,NULL,NULL,NULL,NULL,NULL,,NULL,NULL,false,NULL,NULL,NULL,https://www.hatjecantz.de/,NULL,NULL,NULL,NULL,NULL,NULL,NULL,NULL
616,Tillmans,Wolfgang,Wolfgang Tillmans,"Zachęta Ermutigung. Zachęta Narodowa Galeria Sztuki, Kunstsammlung Nordrhein-Westfalen, Düsseldorf, 2011",[n 8],2011,NULL,NULL,NULL,NULL,NULL,NULL,,NULL,NULL,false,NULL,NULL,NULL,NULL,NULL,NULL,NULL,NULL,NULL,NULL,NULL,NULL
617,Tillmans,Wolfgang,Wolfgang Tillmans,"FESPA Digital / FRUIT LOGISTICA. Artist book. Cologne: Walther König, 2012",NULL,2012,NULL,NULL,NULL,NULL,NULL,NULL,,NULL,NULL,false,NULL,NULL,NULL,https://www.buchhandlung-walther-koenig.de/koenig2/index.php?,NULL,NULL,NULL,NULL,NULL,NULL,NULL,NULL
618,Tillmans,Wolfgang,Wolfgang Tillmans,"Neue Welt. Cologne: Taschen, 2012.",Taschen,2012,NULL,NULL,NULL,NULL,NULL,NULL,9783836539746,NULL,NULL,false,NULL,NULL,NULL,NULL,NULL,NULL,NULL,NULL,NULL,NULL,NULL,NULL
619,Tillmans,Wolfgang,Wolfgang Tillmans,"Wolfgang Tillmans. London and New York: Phaidon, 2013.",NULL,2013,NULL,NULL,NULL,NULL,NULL,NULL,9780714867045,NULL,NULL,false,NULL,NULL,NULL,NULL,NULL,NULL,NULL,NULL,NULL,NULL,NULL,NULL
620,Tillmans,Wolfgang,Wolfgang Tillmans,Conor Donlon,"Walther König, Cologne",2016,16.5,24.1,NULL,Softcover,192,reproductions: 185,,Alex Needham,"Wolfgang Tillmans, Paul Hutchinson",false,NULL,"In Conor Donlon, Wolfgang Tillmans (born 1968) chronicles East London’s art scene and nightlife of the early 2000s, as well as his friendship with collaborator and artist Conor Donlon. The book sees Donlon’s appearance and style changing, as well as his backdrops: a 2003 demonstration against George W. Bush’s state visit; a picnic at the park after an opening at Tillmans’s exhibition space Between Bridges; the bright yellow walls of Tillmans and Donlon’s home; long-gone LGBT clubs The Ghetto and The Joiners’ Arm; and quieter moments spent talking in the studio and around town. Tillmans’s photographs are at once intimate and emblematic of a flourishing arts era, where both artists’ work gained momentum. The Guardian’s culture editor Alex Needham introduces the work with an essay about Donlon’s initial role as Tillmans’s assistant, contextualizing the artists’ collaboration and the inception of London independent bookstore Donlon Books in 2008.",NULL,https://www.buchhandlung-walther-koenig.de/koenig2/index.php?,NULL,NULL,NULL,NULL,NULL,NULL,NULL,NULL
621,Tillmans,Wolfgang,Wolfgang Tillmans,Wolfgang Tillmans: A Reader,"The Museum of Modern Art,",2022,25.0,16.0,2.7,Softcover,353,First,9781633451124,NULL,NULL,false,NULL,"This volume offers a panoramic collection of interviews and writings from an artist for whom language has always been a significant means of creative expression. Arranged chronologically, the assembled texts reflect Tillmans’ thinking on photography, music, politics, nightlife, astronomy, spirituality and activism. The sources are as varied as their content, with statements and conversations that originally appeared in exhibition catalogues rubbing up against social-media posts and song lyrics.",NULL,NULL,NULL,NULL,NULL,NULL,NULL,NULL,NULL,NULL
622,Tobias,Oert & Uwe,Oert & Uwe Tobias,Snoeck,NULL,NULL,NULL,NULL,NULL,NULL,NULL,NULL,,NULL,NULL,false,NULL,NULL,NULL,NULL,NULL,NULL,NULL,NULL,NULL,NULL,NULL,NULL
623,Tokarski,Wawrzyniec,Wawrzyniec Tokarski,Wawrzyniec Tokarski,Hatje Cantz,2007,NULL,NULL,NULL,NULL,NULL,NULL,9783775720007,NULL,NULL,false,NULL,NULL,NULL,https://www.hatjecantz.de/,NULL,NULL,NULL,NULL,NULL,NULL,NULL,NULL
624,Toloui,Cammie,Cammie Toloui,Dollars for 3 Minutes,Void,2021,NULL,NULL,NULL,NULL,NULL,NULL,,NULL,NULL,NULL,false,NULL,NULL,NULL,NULL,NULL,NULL,NULL,NULL,NULL,NULL,NULL
625,Torres,Nicolas,Nicolas Torres,Chicha Dreams,NULL,NULL,NULL,NULL,NULL,NULL,NULL,NULL,,NULL,NULL,false,NULL,NULL,NULL,NULL,NULL,NULL,NULL,NULL,NULL,NULL,NULL,NULL
626,Tortil,Lauren,Lauren Tortil,Une Genealogie Des Grandes Oreilles (French Edition),Tombolo Presses,2020,31.0,21.0,1.7,Softcover,176,French,9791096155095,NULL,NULL,false,NULL,"This book presents the iconographic research conducted by artist Lauren Tortil over the past three years on Big Ears: the military surveillance devices that call upon mediated listening. This genealogy reaches beyond the principle of lineage. In 460 images, Lauren Tortil articulates her thoughts through material from various registers: paintings, film extracts, technical drawings, photographic archives, etc. The reading is accompanied by a booklet with three texts and pictures annotated by the artist. Exhausting, recontextualizing and shifting its subject beyond the initial military territory, this book reminds us that listening practices are deeply intra-connected to politics, science, medicine and art.",NULL,NULL,NULL,"listening, audio",NULL,NULL,NULL,NULL,NULL,NULL
627,Traub,Charles H.,Charles H. Traub,Dolce Via,NULL,NULL,NULL,NULL,NULL,NULL,NULL,NULL,,NULL,NULL,false,NULL,NULL,NULL,NULL,NULL,NULL,NULL,NULL,NULL,NULL,NULL,NULL
628,Trecartin,Ryan,Ryan Trecartin,NULL,NULL,NULL,NULL,NULL,NULL,NULL,NULL,NULL,,NULL,NULL,false,NULL,NULL,NULL,NULL,NULL,NULL,NULL,NULL,NULL,NULL,NULL,NULL
629,Trillo,Miguel,Miguel Trillo,Rockoco,NULL,NULL,NULL,NULL,NULL,NULL,NULL,NULL,,NULL,NULL,false,NULL,NULL,NULL,NULL,NULL,NULL,NULL,NULL,NULL,NULL,NULL,NULL
630,Troost,Frido,Frido Troost,Frido Troost An Educational Archive of 2863 Slides,APE (Art Paper Editions),2020,24.0,33.0,NULL,Paperback,400,"Edition of 1500, ills colour,",9789493146396,NULL,Text: David Campany,false,Floor Koomen,"This publication is composed of all the slides Frido Troost (1960-2013) used for his classes at the Gerrit Rietveld Academie. Troost, art historian by trade, was a pioneer in collecting photography of all sorts. In his store ‘Institute for Concrete Matter’ many types of photography were represented, varying from da-guerreotypes to albumin prints, stereo photos to family albums. The images in this book come from all kinds of sources: paintings, advertisements, erotica, art objects, portraits, etc. They form a new collection that represents Frido Troosts associative way of looking. The slides are presented in blocks of nine, in the same construct as Frido Troost gave his classes, a non-hierarchal set up that invites the viewer to link the images freely. A controversial mix that covers a big part of the history of photography",NULL,https://artpapereditions.org/,Archive,NULL,NULL,NULL,NULL,"Hudson Street Library, NYC, NYC",NULL,NULL
631,Turbeville,Deborah,Deborah Turbeville,Comme des Garçons 1981,NULL,NULL,NULL,NULL,NULL,NULL,NULL,NULL,,NULL,NULL,false,NULL,NULL,NULL,NULL,NULL,NULL,NULL,NULL,NULL,NULL,NULL,NULL
632,Tuymans,Luc,Luc Tuymans,Ende,Salon Verlag,NULL,NULL,NULL,NULL,NULL,NULL,NULL,,NULL,NULL,NULL,false,NULL,NULL,NULL,NULL,NULL,NULL,NULL,NULL,NULL,NULL,NULL
633,Tuymans,Luc,Luc Tuymans,Proper,David Zwiner,NULL,NULL,NULL,NULL,NULL,NULL,NULL,,NULL,NULL,false,NULL,NULL,NULL,NULL,NULL,NULL,NULL,NULL,NULL,NULL,NULL,NULL
634,Tuymans,Luc,Luc Tuymans,Luc Tuymans,SFMOMA/DAP,NULL,NULL,NULL,NULL,NULL,NULL,NULL,,NULL,NULL,NULL,false,NULL,NULL,NULL,NULL,NULL,NULL,NULL,NULL,NULL,NULL,NULL
635,Twombly,Cy,Cy Twombly,Cy Twombly,NULL,NULL,NULL,NULL,NULL,NULL,NULL,NULL,,NULL,NULL,false,NULL,NULL,NULL,NULL,Art,NULL,NULL,NULL,NULL,Clipper,NULL,NULL
636,Twombly,Cy,Cy Twombly,In Beauty It Is Finished,NULL,NULL,NULL,NULL,NULL,NULL,NULL,NULL,,NULL,NULL,false,NULL,NULL,NULL,NULL,Art,NULL,NULL,NULL,NULL,Clipper,NULL,NULL
637,Twombly,Cy,Cy Twombly,Photographs III,NULL,NULL,NULL,NULL,NULL,NULL,NULL,NULL,,NULL,NULL,false,NULL,NULL,NULL,NULL,Art,NULL,NULL,NULL,NULL,Clipper,NULL,NULL
638,U,NULL,NULL,U,NULL,NULL,NULL,NULL,NULL,NULL,NULL,NULL,,NULL,NULL,false,NULL,NULL,NULL,NULL,NULL,NULL,NULL,NULL,NULL,NULL,NULL,NULL
639,Uklanski,Piotr,Piotr Uklanski,Real Nazis,NULL,NULL,NULL,NULL,NULL,NULL,NULL,NULL,,NULL,NULL,false,NULL,NULL,NULL,NULL,NULL,NULL,NULL,NULL,NULL,NULL,NULL,NULL
640,V,NULL,NULL,V,NULL,NULL,NULL,NULL,NULL,NULL,NULL,NULL,,NULL,NULL,false,NULL,NULL,NULL,NULL,NULL,NULL,NULL,NULL,NULL,NULL,NULL,NULL
641,VA,NA,NA VA,Archive of Modern Conflict: Soviet Beauty Queens,Dashwood Books,2011,24.1,17.8,NULL,Softcover,NULL,Edition of 500 copies,,Archive of Modern Conflict,NULL,false,NULL,"Although beauty contests did not find favor in the Soviet Union until the late 1980s by 1991 before the collapse of the Soviet Union the Soviet beauty queen had a become symbol of perestroika itself. These photographs were taken 1988 - 1990 in Leningrad at various beauty contests and at the Leningrad Beauty Institute, an academy preparing aspiring beauty queens for competition and acquired in St. Petersburg by The Archive of Modern Conflict.",NULL,https://dstrettell.com/,Photography,NULL,NULL,NULL,NULL,"Hudson Street Library, NYC",NULL,NULL
642,VA,NA,NA VA,CREDIT -120.00,NULL,NULL,NULL,NULL,NULL,NULL,NULL,NULL,,NULL,NULL,false,NULL,NULL,NULL,NULL,NULL,NULL,NULL,NULL,NULL,NULL,NULL,NULL
643,VA,NA,NA VA,Images of Conviction: The Construction of Visual Evidence (Beaux livres),Editions Xavier Barral,2015,29.1,22.8,2.5,Hardcover,240,"First Edition (August 25, 2015)",9782365110839,Christian Delage (Author),"Thomas Keenan (Author), Tomasz Kizny (Author), Luce Lebart (Author), Anthony Petiteau (Author), Eyal Weizman (Author), Diane Dufour (Introduction), Jennifer Mnookin",false,NULL,NULL,NULL,NULL,NULL,NULL,NULL,NULL,NULL,NULL,NULL,NULL
644,VA,NA,NA VA,Holding the Camera,Spector Books,2019,21.1,28.4,NULL,Softback,304,290 black and white illustrations thread-sewn softcover,9783959053495,"Vieceli, Alberto",NULL,false,Alberto Vieceli,"How one tilts the camera, holds it with both hands in front of the waist. How one looks through the viewfinder, gazes one-eyed into the world. How one hides it in stockings, behind the back, and how one lets it peep out from behind the corner of a building, as though it were a detective. Holding the Camera shows a pictorial genre from the now extinct era of analogue photography. Like the dinosaurs, supposedly the victims of a violent meteorite bombardment, also these images that were once distributed a million times over in instructions and advertisements, have been erased, deleted. «Nadine Olonetzky",NULL,https://spectorbooks.com/,NULL,NULL,NULL,NULL,NULL,NULL,NULL,NULL
645,VA,NA,NA VA,Berlin 2013/1983,ARCH+,2017,NULL,NULL,NULL,Sofcover,1568,"Two volumes, bilingual English and German, text volume with 128 pages",9783931435424,by Daniel Young & Christian Giroux,"containing essays by Sandra Bartoli, Kenneth Haynes, Anne Huffschmid, and Anh-Linh Ngo.",false,Katja Gretzinger,"The artist book Berlin 2013/1983 by the Canadian artists Daniel Young and Christian Giroux is an attempt to answer two interrelated research questions: what does one year of new building construction in a city look like, and how does this contemporary city compare to that of a generation earlier? Berlin is an intriguing case study, not least because of the changing geo-politics altering the urban fabric of both East and West Berlin. With encyclopedic pretension, the artists attempted to document every building completed in Berlin in 2013 presented alongside buildings erected one generation (approximately 30 years) earlier.",NULL,NULL,"cities, Berlin,",NULL,NULL,NULL,NULL,NULL,NULL,NULL
646,VA,NA,NA VA,Vacant Spaces,Actar D,2021,NULL,NULL,NULL,Softcover,608,First,9781948765992,Michael Meredith,"Hilary Sample, MOS",false,NULL,"Vacant Spaces NY begins gathering the incomplete data available and documenting vacant spaces in New York City. Organized from large to small, general to specific, vacancy in the United States to case studies of specific vacancies in Manhattan, Michael Meredith, Hilary Sample, and their architecture studio MOS imagine possibilities for repurposing current vacant spaces in New York City.",NULL,NULL,"Architecture / Individual Architects & Firms / Monographs, Architecture / Regional, Architecture / Urban & Land Use Planning, Buildings -- Remodeling for other use -- New York (State) -- New York, COVID-19 Pandemic, 2020- -- Influence, City planning -- New York (State) -- New York, Community development -- New York (State) -- New York, Housing -- New York (State) -- New York, Housing policy -- New York (State) -- New York, Land use -- Planning -- New York (State) -- New York, Land use, Urban -- Maps -- New York (State) -- New York, Manhattan (New York, N.Y.) -- Buildings, structures, etc -- Social conditions -- Pictorial works, Terrain vague -- New York (State) -- New York, Urban policy -- New York (State) -- New York",NULL,NULL,NULL,NULL,NULL,NULL,NULL
647,VA,NA,NA VA,Artists Who Make Books,Phaidon,2017,31.8,26.9,2.2,Hardback,336,"520 illustrations,",9780714872643,Andrew Roth (Editor),"Philip E. Aarons (Editor), Claire Lehmann (Editor)",false,NULL,"A vital survey of 32 internationally recognized artists who make books as part of their creative practice - features 500 images of these rarely seen works. The 'artist's book' has long been an important form of expression, and Artists Who Make Books showcases 32 internationally recognized artists who have integrated book production into their larger creative practice. This volume features a selection of books — many rarely seen — by every artist included, an accompanying text providing further context, and over 500 illustrations of covers and interior spreads. Insightful interviews with Tauba Auerbach, Paul Chan, and Walther König, and in-depth essays by Benjamin H. D. Buchloh and Lynda Morris round out this illuminating survey.",NULL,https://www.phaidon.com/,NULL,NULL,NULL,NULL,NULL,NULL,NULL,NULL
648,VA,NA,NA VA,Light (WMA),Morel,NULL,NULL,NULL,NULL,NULL,NULL,NULL,,NULL,NULL,false,NULL,NULL,NULL,https://morelbooks.com,NULL,NULL,NULL,NULL,NULL,NULL,NULL,NULL
649,VA,NA,NA VA,Automated Photography,Morel,NULL,20.0,25.0,NULL,Paperback,343,NULL,,Milo Keller; Claus Gunti; Florian Amoser,NULL,false,NULL,NULL,NULL,https://morelbooks.com,NULL,NULL,NULL,NULL,NULL,NULL,NULL,NULL
650,Lederman,Russet,"Russet Lederman, Olga Yatskevich (editors)","What They Saw: Historical Photobooks by Women, 1843-1999",10×10 Photobooks,2021,NULL,NULL,NULL,NULL,NULL,NULL,,"Edited by Russet Lederman, Olga Yatskevich","Edited by Russet Lederman and Olga Yatskevich. Contributing Essayists: Mariama Attah, Jörg Colberg, Elizabeth Cronin, Deirdre Donohue, Anthony Hamber, Christine Hult-Lewis, Michiko Kasahara, Paula V. Kupfer, Jeffrey Ladd, Carole Naggar and Tony White",false,NULL,"Paris Photo–Aperture Foundation Catalogue of the Year Award 2021. Kraszna-Krausz Photography Book Award 2022. Time Magazine 20 Best Photobooks of 2021. What They Saw: Historical Photobooks by Women, 1843 – 1999 explores photobooks created by women from photography's beginnings to the dawn of the 21st century. Edited by Russet Lederman and Olga Yatskevich (New York City: 10×10 Photobooks, 2021). Presenting a diverse geographic and ethnic selection, the What They Saw anthology interprets historical photobooks by women in the broadest sense possible: classic bound books, portfolios, personal albums, unpublished books, zines and scrapbooks. Some of the books documented are well-known publications such as Anna Atkins' Photographs of British Algae: Cyanotype Impressions (1843-1853), Germaine Krull's Métal (1928) and Diane Arbus: An Aperture Monograph (1972), while other books may be relatively unknown, such as Alice Seeley Harris' The Camera and the Congo Crime (c. 1906), Varvara Stepanova's Groznyi smekh. Okna Rosta (1932), Eslanda Cardozo Goode Robeson's African Journey (1945), Fina Gómez Revenga's Fotografías de Fina Gómez Revenga (1954), Eiko Yamazawa's Far and Near (1962) and Gretta Alegre Sarfaty's Auto-photos: Série transformações—1976: Diário de Uma Mulher—1977 (1978). Also addressed in the publication are the glaring gaps and omissions in current photobook history—in particular, the lack of access, support and funding for photobooks by non-Western women and women of color. Structured as a traveling reading room, publication and series of public events, the project launched in November 2021 with the release of this publication. The reading room is now touring internationally to allow the over 250 books in the project to be shared with a global community. Contributing Essayists: Mariama Attah, Jörg Colberg, Elizabeth Cronin, Deirdre Donohue, Anthony Hamber, Christine Hult- Lewis, Michiko Kasahara, Paula V. Kupfer, Jeffrey Ladd, Carole Naggar and Tony White. Contributing Book Description Researchers-Writers: Rose Bishop, María Beatriz H. Carrión, Jesse Dritz, Taylor Fisch, Lauren Graves, Anna Jacobson, Paula V. Kupfer, Ashley McNelis, Katherine Mitchell, Frankie Moutafis, Carole Naggar, Caroline M. Riley and Kelsey Sucena. What They Saw: Historical Photobooks by Women, 1843–1999 is a follow-up project to 10×10 Photobooks' How We See: Photobooks by Women, which showcased contemporary photobooks by women (2000-2018) and began in 2018 at the New York Public Library with a tour to five other venues.",NULL,NULL,Photography,"Photobooks, Women Photographers, Photography History, Anthology",Photography; Photobook; History; Women in Photography,NULL,NULL,NULL,"October 29, 2025",/assets/images/books/Lederman_What_They_Saw_Historical_Photobooks_by_Women_1843_1999.jpg
651,VA,NA,NA VA,Ecal Photography,Hatje Cantz,2014,34.3,26.7,NULL,Paperback / 296 pgs / 385 color.,NULL,NULL,9783775737258,Edited by Alexis Georgacopoulos.,"Text by Nathalie Herschdorfer, Milo Keller.",false,Art Direction by Julien Gallico & Olga Prader,"An art school is an image factory. New generations of artists are constantly emerging, joining the marathon of exhibitions and publications from the very first years of their creative lives. In this context, the art school has become a particularly attractive place for ambitious young artists.",https://www.ecal.ch,http://www.hatjecantz.de,NULL,NULL,NULL,NULL,NULL,NULL,NULL,NULL
652,VA,NA,NA VA,Magnum Contact Sheets,Thames & Hudson,2011,NULL,NULL,NULL,Hardcover,524,NULL,9780500543993,"Kristen Lubben, Magnum Photos",NULL,false,NULL,NULL,NULL,NULL,Photography,"Biography, Trade catalogue",NULL,"Hudson Street Library, NYC",NULL,200.00,NULL,NULL
653,Van Beek,Ruth,Ruth Van Beek,Houseplants Covered With Snow & Houseplants,NULL,NULL,NULL,NULL,NULL,NULL,NULL,NULL,,NULL,NULL,false,NULL,NULL,NULL,NULL,NULL,NULL,NULL,NULL,NULL,NULL,NULL,NULL
654,Van der Keuken,Johan,Johan Van der Keuken,Paris Mortel Retouche,Van Zoetendaal Publishers,2014,NULL,NULL,NULL,NULL,188,NULL,9789072532213,NULL,NULL,false,NULL,NULL,NULL,NULL,NULL,NULL,NULL,NULL,NULL,NULL,NULL,NULL
655,van der Keuken,Johan,Johan van der Keuken,Paris Mortel,NULL,NULL,NULL,NULL,NULL,NULL,NULL,NULL,,NULL,NULL,false,NULL,NULL,NULL,NULL,NULL,NULL,NULL,NULL,NULL,NULL,NULL,NULL
656,van der Put,Emma,Emma van der Put,Soon,APE (Art Paper Editions),2020,22.1,27.9,NULL,Paperback,NULL,"ills colour, English, Dutch, French",9789493146372,NULL,NULL,false,Emma van der Put & 6′56″,"By means of a dialogue between the text and the visual material from the videos, Steyn Bergs and Emma van der Put want to take a critical look at how images are mobilised, not only to illustrate certain visions of the future, but also how they contribute to the creation of such visions—which are never ‘neutral’—in the present. On the basis of the videos made by Van der Put, this publication focuses on the specific working and politics of images in the Noordwijk and the Expo area in Brussels. Within these locations, developments that are currently taking place throughout Europe (from property speculation to migration flows) manifest themselves in a concrete and local manner. This book is released in context of the solo exhibition “Mall of Europe” by Emma van der Put at Mu.Zee, Ostend. With the generous support of Mu.Zee, Mondriaan Fund, Jaap Harten Fond",NULL,https://artpapereditions.org/,NULL,NULL,NULL,NULL,NULL,"Hudson Street Library, NYC",NULL,NULL
657,Van Golden,Daan,Daan Van Golden,Photo Book (s),"Walther König, Köln",2014,31.8,23.6,3.0,Softcover,416,3.5lbs,9783863354213,NULL,NULL,false,NULL,NULL,NULL,https://www.buchhandlung-walther-koenig.de/koenig2/index.php?,NULL,NULL,NULL,NULL,NULL,NULL,NULL,NULL
658,van Mirrlo,Rop,Rop van Mirrlo,Bench Players,Nieves,2021,NULL,NULL,NULL,NULL,NULL,NULL,9783907179383,NULL,NULL,false,NULL,NULL,NULL,https://www.nieves.ch/,NULL,NULL,NULL,NULL,NULL,NULL,NULL,NULL
659,Vandenberghe,Thomas,Thomas Vandenberghe,Can't pay you to Disappear,NULL,NULL,NULL,NULL,NULL,NULL,NULL,NULL,,NULL,NULL,false,NULL,NULL,NULL,NULL,NULL,NULL,NULL,NULL,NULL,NULL,NULL,NULL
660,Vanderperre,Willy,Willy Vanderperre,Kiki / 12,NULL,NULL,NULL,NULL,NULL,NULL,NULL,NULL,,NULL,NULL,false,NULL,NULL,NULL,NULL,NULL,NULL,NULL,NULL,NULL,NULL,NULL,NULL
661,Vanderperre,Willy,Willy Vanderperre,Jonas / 12,NULL,NULL,NULL,NULL,NULL,NULL,NULL,NULL,,NULL,NULL,false,NULL,NULL,NULL,NULL,NULL,NULL,NULL,NULL,NULL,NULL,NULL,NULL
662,Various,NULL,Various,Photobook Phenomenon,NULL,NULL,NULL,NULL,NULL,NULL,NULL,NULL,,NULL,NULL,false,NULL,NULL,NULL,NULL,NULL,NULL,NULL,NULL,NULL,NULL,NULL,NULL
663,Various,NULL,Various,Nudes Curated By Julien Dossena,NULL,NULL,NULL,NULL,NULL,NULL,NULL,NULL,,NULL,NULL,false,NULL,NULL,NULL,NULL,NULL,NULL,NULL,NULL,NULL,NULL,NULL,NULL
664,Various,NULL,Various,Nuogo Kuno Teorija / Theory of a Naked Body,NULL,NULL,NULL,NULL,NULL,NULL,NULL,NULL,,NULL,NULL,false,NULL,NULL,NULL,NULL,NULL,NULL,NULL,NULL,NULL,NULL,NULL,NULL
665,Various,NULL,Various,"Yes, Yes Yes Alternative Press",NULL,NULL,NULL,NULL,NULL,NULL,NULL,NULL,,NULL,NULL,false,NULL,NULL,NULL,NULL,NULL,NULL,NULL,NULL,NULL,NULL,NULL,NULL
666,Various,NULL,Various,Untitled Anonymous,NULL,NULL,NULL,NULL,NULL,NULL,NULL,NULL,,NULL,NULL,false,NULL,NULL,NULL,NULL,NULL,NULL,NULL,NULL,NULL,NULL,NULL,NULL
667,Various,NULL,Various,Prkynka na maso jsme urizli,NULL,NULL,NULL,NULL,NULL,NULL,NULL,NULL,,NULL,NULL,false,NULL,NULL,NULL,NULL,NULL,NULL,NULL,NULL,NULL,NULL,NULL,NULL
668,Various (75),NULL,Various (75),"SPBN Self Publish, Be Naughty",NULL,NULL,NULL,NULL,NULL,NULL,NULL,NULL,,NULL,NULL,false,NULL,NULL,NULL,NULL,NULL,NULL,NULL,NULL,NULL,NULL,NULL,NULL
669,Various-Artists,NULL,Various-Artists,AKINA Publishers,AKINA Publishers,2017,33.0,24.0,NULL,Softcover with double sided dust-jacket,196,"Fedrigoni paper, open spine,",,NULL,"Photographers: AM projects (Tiane Doan Na Champassak, Olivier Pin-Fat, Laura Rodari, Hiroshi Takizawa, Thomas Vandenberghe, Daisuke Yokota)",false,NULL,"About the project: 1 month of shooting, 1 year in the making, 3AM is an experimental collective project unlike any others, a psychedelic experience brought to you by the long-term collaboration between AKINA and AM Projects. AM primarily means ‘After Midnight’, but it can also refer to ‘a.m’ (ante meridiem or before midday). AM projects is set up by independent photographers as a space to manifest themselves internationally as a likeminded group via jointly curated exhibitions and publications.",NULL,https://akinabooks.com/,NULL,NULL,NULL,NULL,NULL,NULL,NULL,NULL
670,Vincent,Julia et,Julia et Vincent,EROTISH (book + print),APE (Art Paper Editions),2021,23.5,31.0,NULL,Paperback,80,"Edition of 100, signed and numbere, ills colour / b&w, paperback",9789493146587,NULL,NULL,false,NULL,"Her name is Julia, his name is Vincent. They met almost 10 years ago, and have been creating together for 5 years. ‘Erotish’ is an exercise in style, inspired by the aesthetics of the 1980s. Nostalgic for a time when “everything seemed positive, carefree, and where aesthetics were the priority”, the photographers play with retro codes, a few clothes in satin, naked bodies on motorcycles, a subtle blurry effect… But far from producing a vulgar sexy collection, or merely copy and pasting a certain aesthetic, the duo reclaims to modernize this aesthetic. (Cyrielle Gendron for Photo fr)",NULL,https://artpapereditions.org/,Individual Photographer Monograph,NULL,NULL,NULL,NULL,"Hudson Street Library, NYC",NULL,NULL
671,Virsraitis,Rimaldas,Rimaldas Virsraitis,Homo Viksraitis,NULL,NULL,NULL,NULL,NULL,NULL,NULL,NULL,,NULL,NULL,false,NULL,NULL,NULL,NULL,NULL,NULL,NULL,NULL,NULL,NULL,NULL,NULL
672,W,NULL,NULL,W,NULL,NULL,NULL,NULL,NULL,NULL,NULL,NULL,,NULL,NULL,false,NULL,NULL,NULL,NULL,NULL,NULL,NULL,NULL,NULL,NULL,NULL,NULL
673,Walker,Kara,Kara Walker,Book of Hours,Roma,2022,NULL,NULL,NULL,NULL,NULL,NULL,,NULL,NULL,false,NULL,NULL,NULL,NULL,NULL,NULL,NULL,NULL,NULL,NULL,NULL,NULL
674,Walker,Adrian Octavius,Adrian Octavius Walker,My Lens Our Ferguson,self-published,2015,NULL,NULL,NULL,NULL,NULL,NULL,,NULL,NULL,true,NULL,NULL,NULL,NULL,NULL,NULL,NULL,NULL,NULL,NULL,NULL,NULL
675,Walker,Kara,Kara Walker,A Black Hole Is Everything a Star Longs to Be,JRP|Editions,2021,NULL,NULL,NULL,Softcover,598,"3 copies, 1 imperfect",9783037645574,by Anita Haldemann (Editor),"Maurice Berger (Contributor), Aria Dean (Contributor)",false,NULL,"A beautifully designed panorama of Kara Walker’s works on paper―all reproduced for the first time This gorgeous 600-page volume, with a printed cloth-over-paper binding, provides an exciting opportunity to delve into the creative process of Kara Walker, one of the most celebrated artists working in the United States today. Primarily recognized for her monumental installations, Walker also works with ink, graphite and collage to create pieces that demonstrate her continued engagement with her own identity as an artist, an African American, a woman and a mother. More than 700 works on paper created between 1992 and 2020―which are reproduced in print for the first time from the artist’s own strictly guarded private archive―are collected in this volume, thus capturing Walker’s career with an unprecedented level of intimacy. Since the early 1990s, the foundation of her artistic production has been drawing and working on paper in various ways. Walker’s completed large-format pieces are presented among typewritten notes on index cards and dream journal entries; sketches and studies for pieces appear alongside collages. The result is a volume that allows readers to become eyewitnesses to the genesis of Walker’s art and the transformative power of the figures and narratives she has created over the course of her career. Now based in New York, Kara Walker was born in Stockton, California, in 1969. She received her Master of Fine Arts from the Rhode Island School of Design in 1994; soon afterwards, Walker rose to prominence for her large, provocative silhouettes installed directly onto the walls of exhibition spaces. Walker’s work confronts history, race relations and sexuality in a decidedly non-conciliatory manner, urging the public to reconsider established narratives surrounding the experiences of African Americans in particular.",NULL,NULL,Art,NULL,NULL,NULL,NULL,Clipper,NULL,NULL
676,Walker; Ari Marcopoulos,Kara,Kara Walker; Ari Marcopoulos,The Ecstasy of St. Kara,NULL,NULL,NULL,NULL,NULL,NULL,NULL,NULL,,NULL,NULL,false,NULL,NULL,NULL,NULL,NULL,NULL,NULL,NULL,NULL,NULL,NULL,NULL
677,Walton,Nate,Nate Walton,Out of Body,MTHM Books,2014,NULL,NULL,NULL,NULL,NULL,NULL,9788799662838,NULL,NULL,false,NULL,NULL,NULL,NULL,NULL,NULL,NULL,NULL,NULL,NULL,NULL,NULL
678,Waplington,Nick,Nick Waplington,Made Glorious Summer,NULL,NULL,NULL,NULL,NULL,NULL,NULL,NULL,,NULL,NULL,false,NULL,NULL,NULL,NULL,NULL,NULL,NULL,NULL,NULL,NULL,NULL,NULL
679,Waplington,Nick,Nick Waplington,Anaglypta 1980-2020,Jesus Blue,2020,17.0,24.0,NULL,Softcover,508,"Edition of 1000 copies, Numbered, 500 plates",9781838035495,NULL,NULL,false,NULL,"“1979…Fuel strikes, rubbish piling up in the street it felt like the end of times, the end of my childhood at least. As we danced to the sound of joy division and the clash in my bedroom during the six week period that schools were closed I saw this collapse as only a positive thing, concerts and skate parks for me instead of studying, I loved it. As the year turned the new decade, 1980 I was 14 years old and i somehow got hold of my first camera. It gave me a place in the do it yourself movement of the post punk generation. I could take pictures wherever I went and share them with friends and try to get a few into local fanzines. That was the goal, fanzine photographer back then in 1980 aged 14. As the years progressed and punk gave way to electro, hip hop and then house music all night long I carried the camera with me always. Without thinking about the long term consequences of this I slowly but surely started to build an archive of the time, my time. The music I loved became a gateway to art and politics and eventually lead me to art school. From there the need to find something to belong to became an obsession and then a life. Always the camera, always the people…so this book is part one a crisscrossing non linear journey through those 40 years using the images I have taken ‘on the go’ mixed with a number of smaller projects that have never seen the light of day. Plus projects for art forum and gallery only based work. . I hope you enjoy the adventure in pictures as much as I did making them. Oh and Anaglypta…its whatever you want it to be.” Nick Waplington.",http://www.nickwaplington.org,NULL,Individual Photographers,NULL,NULL,NULL,NULL,"Hudson Street Library, NYC",NULL,NULL
680,Warhol,Andy,Andy Warhol,Warhol : le grand monde d'Andy Warhol,RMN,2009,30.6,23.4,2.8,Paperback,368,"Non Classe, French",9782711855551,NULL,NULL,false,NULL,NULL,https://warholfoundation.org,https://www.photo.rmn.fr/,Art,NULL,NULL,NULL,NULL,Clipper,NULL,NULL
681,Warhol,Andy,Andy Warhol,Andy Warhol,MOCA,NULL,NULL,NULL,NULL,NULL,NULL,NULL,,NULL,NULL,false,NULL,NULL,https://warholfoundation.org,NULL,Art,NULL,NULL,NULL,NULL,Clipper,NULL,NULL
682,Warhol,Andy,Andy Warhol,Andy Warhol The Last Decade,Milwaukee Art Museum,NULL,NULL,NULL,NULL,NULL,NULL,NULL,,NULL,NULL,false,NULL,NULL,https://warholfoundation.org,NULL,Art,NULL,NULL,NULL,NULL,Clipper,NULL,NULL
683,Warhol,Andy,Andy Warhol,From A to B and Back Again,Whitney/Yale,2018,NULL,NULL,NULL,Hardcover,400,NULL,9780300236989,Donna De Salvo (Author),"Jessica Beck (Contributor), Okwui Enwezor (Contributor), Trevor Fairbrother (Contributor), Hendrik Folkerts (Contributor), Branden W. Joseph (Contributor), Barbara Kruger (Contributor), Glenn Ligon (Contributor), Michael Sanchez (Contributor), Lynne Tillman (Contributor)",false,NULL,"A unique 360‐degree view of an incomparable 20th-century American artist One of the most emulated and significant figures in modern art, Andy Warhol (1928–1987) rose to fame in the 1960s with his iconic Pop pieces. Warhol expanded the boundaries by which art is defined and created groundbreaking work in a diverse array of media that includes paintings, sculptures, prints, photographs, films, and installations. This ambitious book is the first to examine Warhol’s work in its entirety. It builds on a wealth of new research and materials that have come to light in recent decades and offers a rare and much-needed comprehensive look at the full scope of Warhol’s production—from his commercial illustrations of the 1950s through his monumental paintings of the 1980s. Donna De Salvo explores how Warhol’s work engages with notions of public and private, the redefinition of media, and the role of abstraction, while a series of incisive and eye-opening essays by eminent scholars and contemporary artists touch on a broad range of topics, such as Warhol’s response to the AIDS epidemic, his international influence, and how his work relates to constructs of self-image seen in social media today.",https://warholfoundation.org,NULL,Art,"collections, catalogs, exhibitions",NULL,NULL,NULL,Clipper,NULL,NULL
684,Warhol,Andy,Andy Warhol,Andy Warhol. Polaroids,Taschen,2017,30.9,24.7,3.9,Hardcover,408,Oversized,9783836569385,Richard B. Woodward (Author),Reuel Golden (Editor),false,NULL,"Andy Warhol was a relentless chronicler of life and its encounters. Carrying a Polaroid camera from the late 1950s until his death in 1987, he amassed a huge collection of instant pictures of friends, lovers, patrons, the famous, the obscure, the scenic, the fashionable, and himself. Created in collaboration with the Andy Warhol Foundation, this book features hundreds of these instant photos. Portraits of celebrities such as Mick Jagger, Alfred Hitchcock, Jack Nicholson, Yves Saint Laurent, Pelé, Debbie Harry are included alongside images of Warhol’s entourage and high life, landscapes, and still lifes from Cabbage Patch dolls to the iconic soup cans. Often raw and impromptu, the Polaroids document Warhol’s era like Instagram captures our own, offering a unique record of the life, world, and vision behind the Pop Art maestro and modernist giant.",https://warholfoundation.org,https://www.taschen.com/,Art,"photograhy, art, nyc, polaroids",NULL,NULL,NULL,Clipper,NULL,NULL
685,Warhol,Andy,Andy Warhol,Warhol from the Sonnabend Collection,NULL,NULL,NULL,NULL,NULL,NULL,NULL,NULL,,NULL,NULL,false,NULL,NULL,NULL,NULL,Art,NULL,NULL,NULL,NULL,Clipper,NULL,NULL
686,Watanabe,Katsumi,Katsumi Watanabe,Rock Punk Disco,NULL,NULL,NULL,NULL,NULL,NULL,NULL,NULL,,NULL,NULL,false,NULL,NULL,NULL,NULL,NULL,NULL,NULL,NULL,NULL,NULL,NULL,NULL
687,Weber,Donald,Donald Weber,War Sand,NULL,NULL,NULL,NULL,NULL,NULL,NULL,NULL,,NULL,true,NULL,NULL,NULL,NULL,NULL,NULL,NULL,NULL,NULL,NULL,NULL,NULL,NULL
688,Weens,Carrie Mae,Carrie Mae Weens,NULL,NULL,NULL,NULL,NULL,NULL,NULL,NULL,NULL,,NULL,false,NULL,NULL,NULL,NULL,NULL,NULL,NULL,NULL,NULL,NULL,NULL,NULL,NULL
689,Weir,Harley,Harley Weir,Function,NULL,NULL,NULL,NULL,NULL,NULL,NULL,NULL,,NULL,NULL,false,NULL,NULL,NULL,NULL,NULL,NULL,NULL,NULL,NULL,NULL,NULL,NULL
690,Weiwei,Ai,Ai Weiwei,NULL,NULL,NULL,NULL,NULL,NULL,NULL,NULL,NULL,,NULL,false,NULL,NULL,NULL,NULL,Individual Artist Monographs,NULL,NULL,NULL,NULL,Clipper,NULL,NULL,NULL
691,Weiwei,Ai,Ai Weiwei,艾未未: 纽约1983-1993,三影堂出版有限公司,2010,NULL,NULL,NULL,NULL,313,illustrated,9789889966782,"毛卫东, Stephanie Tung","San ying tang she ying yi shu zhong xin, Chambers Fine Art (Gallery)",false,NULL,New York City's Lower East Side 1983 and 1993,NULL,NULL,Art,NULL,NULL,NULL,NULL,Clipper,NULL,NULL
692,Weiwei,Ai,Ai Weiwei,On The Table,NULL,NULL,NULL,NULL,NULL,NULL,NULL,NULL,,NULL,NULL,false,NULL,NULL,NULL,NULL,Art,NULL,NULL,NULL,NULL,Clipper,NULL,NULL
693,West,Franz,Franz West,Franz West: The 1990's,David Zwirner,NULL,NULL,NULL,NULL,NULL,NULL,NULL,,NULL,NULL,false,NULL,NULL,NULL,NULL,NULL,NULL,NULL,NULL,NULL,NULL,NULL,NULL
694,Weyland,Jocko,Jocko Weyland,The Powder,Dashwood Books,2011,NULL,NULL,NULL,NULL,NULL,NULL,0984454624,NULL,NULL,false,NULL,NULL,NULL,https://dstrettell.com/,NULL,NULL,NULL,NULL,NULL,NULL,NULL,NULL
695,Weyland (ed),Jocko,Jocko Weyland (ed),The Powder,NULL,NULL,NULL,NULL,NULL,NULL,NULL,NULL,,NULL,NULL,false,NULL,NULL,NULL,NULL,NULL,NULL,NULL,NULL,NULL,NULL,NULL,NULL
696,Whitaker,Hannah,Hannah Whitaker,Peer to Peer,NULL,NULL,NULL,NULL,NULL,NULL,NULL,NULL,,NULL,NULL,false,NULL,NULL,NULL,NULL,NULL,NULL,NULL,NULL,NULL,NULL,NULL,NULL
697,Wiliams,Michael,Michael Williams,"Michael Williams by Eric Crosby, Michael Williams, et al.",Carnegie Museum Of Art,2017,NULL,NULL,NULL,Hardcover,112,NULL,9780880390583,Eric Crosby (Author),Suzanne Hudson (Contributor),false,NULL,"Over the last 10 years, Los Angeles–based Michael Williams (born 1978) has created paintings known for their layered imagery, eye-popping color and use of airbrushing and inkjet printing. His large-scale works begin as drawings either on paper or on the computer screen before they are printed or transferred to canvas and then embellished with oil paint. Williams’ narrative content reveals a dark sense of humor about everyday life, often exploring the role of the painter as observer. Wickedly funny allegories merge with abstract painting as free-form amoebic shapes frequently fill the entirety of his canvases. The resulting paintings offer a dense and absorbing terrain of color and form. Michael Williams is published to accompany the artist’s first US solo museum exhibition, at Carnegie Museum of Art, where he presents a new body of his large-scale paintings as well as drawings that mix collage and free-associative mark-making",NULL,NULL,Art,NULL,NULL,NULL,NULL,Clipper,NULL,NULL
698,Wiliams,Michael,Michael Williams,Michael Williams: Things You Shouldn't Understand,"Karma, New York",2017,29.2,21.0,NULL,Paperback,88,69 color.,9781942607632,NULL,NULL,false,NULL,NULL,NULL,https://karmakarma.org,Art,NULL,NULL,NULL,NULL,Clipper,NULL,NULL
699,Wiliams,Michael,Michael Williams,"Michael Williams by Dan Nadel, George Pendle, et al. | Aug 25, 2015",NULL,NULL,NULL,NULL,NULL,NULL,NULL,NULL,,NULL,NULL,false,NULL,NULL,NULL,NULL,Art,NULL,NULL,NULL,NULL,Clipper,NULL,NULL
700,Wiliams,Michael,Michael Williams,Michael Williams: Traditional Cornish Cottages,NULL,NULL,NULL,NULL,NULL,NULL,NULL,NULL,,NULL,NULL,false,NULL,NULL,NULL,NULL,Art,NULL,NULL,NULL,NULL,Clipper,NULL,NULL
701,Wiliams,Michael,Michael Williams,Michael Williams: How to Ruin an Omelet,NULL,NULL,NULL,NULL,NULL,NULL,NULL,NULL,,NULL,NULL,false,NULL,NULL,NULL,NULL,Art,NULL,NULL,NULL,NULL,Clipper,NULL,NULL
702,Wilke,Hanna,Hanna Wilke,Art for Life's Sake,Princeton University Press,NULL,NULL,NULL,NULL,Hardover,252,NULL,9780691220376,NULL,NULL,false,NULL,NULL,NULL,NULL,NULL,NULL,NULL,NULL,NULL,NULL,NULL,NULL
703,Williams,Christopher,Christopher Williams,Archaologie Beaux Arts Ethnography Theatre-Verite,NULL,NULL,NULL,NULL,NULL,NULL,NULL,NULL,,NULL,NULL,false,NULL,NULL,NULL,NULL,NULL,NULL,NULL,NULL,"Hudson Street Library, NYC",NULL,NULL,NULL
704,Williams,Sue,Sue Williams,Details (unique work),303 Gallery,NULL,NULL,NULL,NULL,NULL,NULL,NULL,,NULL,NULL,false,NULL,NULL,NULL,NULL,NULL,NULL,NULL,NULL,Clipper,NULL,NULL,NULL
705,Winogrand,Gary,Gary Winogrand,The Man in the Crowd: The Uneasy Streets of Garry Winogrand,Fraenkel Gallery,1999,27.9,27.9,1.3,Hardcover,165,NULL,9781881337058,NULL,NULL,false,NULL,NULL,NULL,NULL,Photography,NULL,NULL,NULL,"Hudson Street Library, NYC",NULL,NULL,NULL
706,Wise,Chloe,Chloe Wise,Chloe Wise,Division Gallery (Canada) and Galerie Sebastien Bertrand (Switzerland),2016,29.0,21.0,NULL,Hardcover,168,NULL,9780692766163,NULL,NULL,true,NULL,"Canadian artist Chloe Wise’s practice spans diverse media, including painting, sculpture, video and installation. Foregrounding an interest in the history of portraiture, Wise examines the multiple channels that lead to the construction of a Self, paying particular attention to the interweaving of consumption and image making. With a wry sense of humour, she nods to canonical tableaux, like Manet’s Déjeuner Sur L’Herbe, exploring the shared projected desires built around food and the female body. Meticulously hand painted casts of food serve as the base for the artist’s sculptural practice where strange assemblies, now frozen in sculpted plastic, toy with the presence and absence of unchangeability and perishability, fiction and reality. Advertising, fashion, taboo, multi-national brands—Wise looks to the consumptive habits built around these structures with parody and derision, underlying how the body is framed and becomes excessive in its manipulation of these sites.",NULL,NULL,NULL,NULL,NULL,NULL,NULL,NULL,NULL,NULL
707,Wise,Chloe,Chloe Wise,Second Nature,Almine Rech Editions,2021,NULL,NULL,NULL,Velvet hardcover,432,Edition of 2500,,NULL,NULL,false,NULL,NULL,NULL,NULL,NULL,NULL,NULL,NULL,NULL,NULL,NULL,NULL
708,Wojnarowicz,David,David Wojnarowicz,David Wojnarowicz,Whitney/Yale,NULL,NULL,NULL,NULL,NULL,NULL,NULL,,NULL,NULL,false,NULL,NULL,NULL,NULL,Art,NULL,NULL,NULL,NULL,Clipper,NULL,NULL
709,Wolfson,Jordan,Jordan Wolfson,NULL,NULL,NULL,NULL,NULL,NULL,NULL,NULL,NULL,,NULL,false,NULL,NULL,NULL,NULL,Individual Artist Monographs,NULL,NULL,NULL,NULL,Clipper,NULL,NULL,NULL
710,Wong,Mathew,Mathew Wong,NULL,NULL,NULL,NULL,NULL,NULL,NULL,NULL,NULL,,NULL,false,NULL,NULL,NULL,NULL,Individual Artist Monographs,NULL,NULL,NULL,NULL,Clipper,NULL,NULL,NULL
711,Wood,Jonas,Jonas Wood,24 Tennis Court Drawings,MAKI Inc.,2021,33.7,22.9,NULL,Hardcover,96,NULL,978-4-910574-01-1,NULL,"Jonas Wood, Wood Kusaka Studios",false,"Wood Kusada Studios, Los Angeles","This book highlights a suite of twenty-four drawings by Jonas Wood depicting the color-saturated courts of various tennis tournaments as viewed by the artist on television in his studio. Completed between 2016 and 2018, the works were first presented at Shane Campbell Gallery in Chicago and will be gifted to the Los Angeles County Museum of Art in 2025. The bilingual (English/Japanese) catalogue features a conversation with Wood that provides insight into the artist's process, as well as photographs of works in progress at the studio in Los Angeles.",NULL,NULL,NULL,NULL,NULL,NULL,NULL,"Hudson Street Library, NYC",NULL,/assets/images/books/Wood_24_Tennis_Court_Drawings_978_4_910574_01_1.jpg
712,Wood,Jonas,Jonas Wood,Jonas Wood,NULL,NULL,NULL,NULL,NULL,NULL,NULL,NULL,,NULL,NULL,false,NULL,NULL,NULL,NULL,Art,NULL,NULL,NULL,NULL,Clipper,NULL,NULL
713,Woodman,Francesca,Francesca Woodman,On Being an Angel,Koenig Books,2016,NULL,NULL,NULL,NULL,232,NULL,9783863357504,NULL,NULL,false,NULL,NULL,NULL,NULL,Art,NULL,NULL,NULL,"Hudson Street Library, NYC",NULL,NULL,NULL
714,Wool,Christopher,Christopher Wool,Westtexaspsychosculpture,NULL,NULL,NULL,NULL,NULL,NULL,NULL,NULL,,NULL,NULL,false,NULL,NULL,http://wool735.com/,Individual Artist Monographs,NULL,NULL,NULL,NULL,Clipper,NULL,NULL,NULL
715,Wool,Christopher,Christopher Wool,East Broadway Breakdown,NULL,NULL,NULL,NULL,NULL,NULL,NULL,NULL,,NULL,NULL,false,NULL,NULL,http://wool735.com/,Individual Artist Monographs,NULL,NULL,NULL,NULL,Clipper,NULL,NULL,NULL
716,Wool,Christopher,Christopher Wool,can your monkey do the dog,NULL,NULL,NULL,NULL,NULL,NULL,NULL,NULL,,NULL,NULL,false,NULL,NULL,http://wool735.com/,Individual Artist Monographs,NULL,NULL,NULL,NULL,Clipper,NULL,NULL,NULL
717,Wool,Christopher,Christopher Wool,Yard,Holzwarth Publications,2018,38.0,25.5,NULL,Softcover with dust jacket,191,"Edition 1200 copies, New",9783947127078,NULL,NULL,true,NULL,"This artist’s book comprises photographs Christopher Wool made between 2008 and 2017 in the surroundings of Marfa in West Texas. Pictures of found situations: of backyard debris and improvised storage solutions, stray animals and strange constructions that once must have made sense but now appear undecipherable. Things set adrift and excerpts from the landscape that appear almost like sculpture for the split second of the open lens.",http://wool735.com/,http://www.holzwarth-publications.de/,Art,NULL,NULL,NULL,NULL,Clipper,NULL,NULL
719,Wool,Christopher,Christopher Wool,Road,Holzwarth Publications,2017,38.0,25.5,NULL,Softcover with dust jacket,194,"Edition 1200 copies, New",9783935567954,NULL,NULL,true,NULL,"On first view, the photographic superimpositions in black and brown offer nothing to hold onto. Their unruly surfaces lead into the depth, into fragments of motifs: backyards, dumped car tires, huge cable drums, dead tree stumps, rusty bed frames, or the wall of a shack with strange objects leaning against it. If, on second view, the eye manages to separate the different layers of reality meshed here, in the end the decipherable photographic images collapse again into painterly textures. Swamp is the fourth artist’s book from a series Wool has published with Holzwarth Publications: Road and Westtexaspsychosculpture collected photos of bumpy roads or sculpture-like found objects in Texan surroundings; then, in Yard from 2018, the artist clearly superimposed two different realities. Now Swamp is another step in the process, developing new pictures through processing and reproduction, for which the original photographic gaze acts as just the basic layer.",http://wool735.com/,http://www.holzwarth-publications.de/,Art,NULL,NULL,NULL,NULL,Clipper,NULL,NULL
720,Wool,Christopher,Christopher Wool,Swamp,Holzwarth Publications,2019,38.0,25.5,NULL,Softcover with dust jacket,140,"Edition 1200 copies, New",9783947127160,NULL,NULL,true,NULL,NULL,http://wool735.com/,http://www.holzwarth-publications.de/,Art,NULL,NULL,NULL,NULL,Clipper,NULL,NULL
721,Wool,Christopher,Christopher Wool,Psychopts,NULL,NULL,NULL,NULL,NULL,NULL,NULL,NULL,,true,NULL,NULL,http://wool735.com/,NULL,NULL,NULL,NULL,NULL,Clipper,NULL,124.00,NULL,NULL,NULL
722,Wright,iO Tillett,iO Tillett Wright,Lose my Number,Pau Wow,2010,NULL,NULL,NULL,Softcover,NULL,"250, numbered",,NULL,NULL,false,NULL,NULL,NULL,NULL,NULL,NULL,NULL,NULL,NULL,NULL,NULL,NULL
723,Wurtz,B,B Wurtz,Selected Works 1970-2015,BALTIC Centre for Contemporary Art,2015,NULL,NULL,NULL,Hardback,160,NULL,9781903655375,NULL,"WINER, Helene, HAINLEY, Bruce, SILLARS, Laurence",false,NULL,"The first major publication of B. Wurtz’s work, B. Wurtz: Selected Works 1970–2015 is published on the occasion of a comprehensive survey exhibition at the Baltic Centre for Contemporary Art, Gateshead, UK in 2015 and La Casa Encendida, Madrid. For more than 40 years, B. Wurtz has collected common, domestic objects—carrier bags, aluminium roasting trays, buttons, shoelaces—and repurposed them into meticulously formal constructions that are balanced, fragile, yet sometimes discordant. His raw material is the stuff we constantly use and constantly overlook; things that connect to life in its most everyday sense. Bringing elegance to the mundane and revealing a beauty in materials that would otherwise be so easily disposed of, Wurtz’s sculpture maintains an adherence to classical forms and a play with art history, all the while responding to three fundamental needs outlined early in the artist’s career: sleeping, eating and keeping warm.",NULL,NULL,Art,"baltic, nfartists",NULL,NULL,NULL,Clipper,NULL,NULL
724,Y,NULL,NULL,Y,NULL,NULL,NULL,NULL,NULL,NULL,NULL,NULL,,NULL,NULL,false,NULL,NULL,NULL,NULL,NULL,NULL,NULL,NULL,NULL,NULL,NULL,NULL
725,Yabuki,Takemi,Takemi Yabuki,Gengetsu,NULL,NULL,NULL,NULL,NULL,NULL,NULL,NULL,,NULL,NULL,false,NULL,NULL,NULL,NULL,NULL,NULL,NULL,NULL,NULL,NULL,NULL,NULL
726,Yamawaki,Toshitsugu,Toshitsugu Yamawaki,Berlin / Deep in Thought,NULL,NULL,NULL,NULL,NULL,NULL,NULL,NULL,,NULL,NULL,false,NULL,NULL,NULL,NULL,NULL,NULL,NULL,NULL,NULL,NULL,NULL,NULL
727,Yamawaki,Toshitsugu,Toshitsugu Yamawaki,Dimension of Vision,NULL,NULL,NULL,NULL,NULL,NULL,NULL,NULL,,NULL,NULL,false,NULL,NULL,NULL,NULL,NULL,NULL,NULL,NULL,NULL,NULL,NULL,NULL
728,Yogananthan,Vasantha,Vasantha Yogananthan,Amma,CHOSE COMMUNE,2021,21.5,23.5,NULL,NULL,NULL,NULL,,NULL,NULL,false,NULL,NULL,NULL,https://chosecommune.com/,NULL,NULL,NULL,NULL,NULL,NULL,NULL,NULL
729,Yokota,Daisuke,Daisuke Yokota,1 Wall Photography 02/ Indication,Guardian Garden 2011,2011,NULL,NULL,NULL,Soft cover,32,First Edition,,NULL,NULL,false,NULL,"Publication from Daisuke Yokota's solo show, Grand Prix winner in the photography category at the 2nd ""1 Wall"" open call exhibition. On display are dream-like works depicting forest landscapes that seem to conceal something within.",NULL,NULL,Individual Photographer Monographs,NULL,NULL,NULL,NULL,"Hudson Street Library, NYC","October 29, 2025",/assets/images/books/Yokota_1_Wall_Photography_02_Indication.jpg
730,Yokota,Daisuke,Daisuke Yokota,Site | Cloud,NULL,NULL,NULL,NULL,NULL,NULL,NULL,NULL,,NULL,NULL,false,NULL,NULL,NULL,NULL,Individual Photographer Monographs,NULL,NULL,NULL,NULL,"Hudson Street Library, NYC",NULL,NULL
731,Yokota,Daisuke,Daisuke Yokota,Vertigo,NULL,NULL,NULL,NULL,NULL,NULL,NULL,NULL,,NULL,true,NULL,NULL,NULL,NULL,Individual Photographer Monographs,NULL,NULL,NULL,NULL,"Hudson Street Library, NYC",NULL,NULL,NULL
732,Yokota,Daisuke,Daisuke Yokota,Toransupearento,NULL,NULL,NULL,NULL,NULL,NULL,NULL,NULL,,NULL,NULL,false,NULL,NULL,NULL,NULL,Individual Photographer Monographs,NULL,NULL,NULL,NULL,"Hudson Street Library, NYC",NULL,NULL
733,Yokota,Daisuke,Daisuke Yokota,Spew (limited edition),NULL,NULL,NULL,NULL,NULL,NULL,NULL,NULL,,NULL,NULL,false,NULL,NULL,NULL,NULL,Individual Photographer Monographs,NULL,NULL,NULL,NULL,"Hudson Street Library, NYC",NULL,NULL
734,Yokota,Daisuke,Daisuke Yokota,Effect Twin P T H (signed),NULL,NULL,NULL,NULL,NULL,NULL,NULL,NULL,,NULL,NULL,false,NULL,NULL,NULL,NULL,Individual Photographer Monographs,NULL,NULL,NULL,NULL,"Hudson Street Library, NYC",NULL,NULL
735,Yokota,Daisuke,Daisuke Yokota,CELL (Type C) signed by Daisuke Yokota,NULL,NULL,NULL,NULL,NULL,NULL,NULL,NULL,,NULL,NULL,false,NULL,NULL,NULL,NULL,Individual Photographer Monographs,NULL,NULL,NULL,NULL,"Hudson Street Library, NYC",NULL,NULL
736,Yokota,Daisuke,Daisuke Yokota,CELL (Type A) signed by Daisuke Yokota,NULL,NULL,NULL,NULL,NULL,NULL,NULL,NULL,,NULL,NULL,false,NULL,NULL,NULL,NULL,Individual Photographer Monographs,NULL,NULL,NULL,NULL,"Hudson Street Library, NYC",NULL,NULL
737,Yokota,Daisuke,Daisuke Yokota,CELL (Type D) signed by Daisuke Yokota,NULL,NULL,NULL,NULL,NULL,NULL,NULL,NULL,,NULL,NULL,false,NULL,NULL,NULL,NULL,Individual Photographer Monographs,NULL,NULL,NULL,NULL,"Hudson Street Library, NYC",NULL,NULL
738,Yokota,Daisuke,Daisuke Yokota,CELL (Type B) signed by Daisuke Yokota,NULL,NULL,NULL,NULL,NULL,NULL,NULL,NULL,,NULL,NULL,false,NULL,NULL,NULL,NULL,Individual Photographer Monographs,NULL,NULL,NULL,NULL,"Hudson Street Library, NYC",NULL,NULL
739,Yokota,Daisuke,Daisuke Yokota,Nocturnes (2 copies),NULL,NULL,NULL,NULL,NULL,NULL,NULL,NULL,,NULL,NULL,false,NULL,NULL,NULL,NULL,Individual Photographer Monographs,NULL,NULL,NULL,NULL,"Hudson Street Library, NYC",NULL,NULL
740,Yokota,Daisuke,Daisuke Yokota,Towards The North (signed),NULL,NULL,NULL,NULL,NULL,NULL,NULL,NULL,,NULL,NULL,false,NULL,NULL,NULL,NULL,Individual Photographer Monographs,NULL,NULL,NULL,NULL,"Hudson Street Library, NYC",NULL,NULL
741,Yokota,Daisuke,Daisuke Yokota,AMS Trip Zine 02 (type B),NULL,NULL,NULL,NULL,NULL,NULL,NULL,NULL,,NULL,NULL,false,NULL,NULL,NULL,NULL,Individual Photographer Monographs,NULL,NULL,NULL,NULL,"Hudson Street Library, NYC",NULL,NULL
742,Yokota,Daisuke,Daisuke Yokota,NULL,NULL,NULL,NULL,NULL,NULL,NULL,NULL,NULL,,false,NULL,NULL,NULL,NULL,Individual Photographer Monographs,NULL,NULL,NULL,NULL,"Hudson Street Library, NYC",NULL,NULL,NULL,NULL
743,Yokota,Daisuke,Daisuke Yokota,Taratine,NULL,NULL,NULL,NULL,NULL,NULL,NULL,NULL,,NULL,NULL,false,NULL,NULL,NULL,NULL,Individual Photographer Monographs,NULL,NULL,NULL,NULL,"Hudson Street Library, NYC",NULL,NULL
744,Young,Coco,Coco Young,Vanity,Bemojake,2014,NULL,NULL,NULL,NULL,NULL,NULL,9782940524020,NULL,NULL,true,NULL,NULL,NULL,NULL,NULL,NULL,NULL,NULL,NULL,NULL,NULL,NULL
745,Yuskavage,Lisa,Lisa Yuskavage,Small Paintings 1993-2004,NULL,NULL,NULL,NULL,NULL,NULL,NULL,NULL,,NULL,NULL,false,NULL,NULL,NULL,NULL,NULL,NULL,NULL,NULL,Clipper,NULL,NULL,NULL
746,Yuskavage,Lisa,Lisa Yuskavage,Yuskavage,NULL,NULL,NULL,NULL,NULL,NULL,NULL,NULL,,NULL,NULL,false,NULL,NULL,NULL,NULL,NULL,NULL,NULL,NULL,Clipper,NULL,NULL,NULL
747,Yuskavage,Lisa,Lisa Yuskavage,NULL,NULL,2019,NULL,NULL,NULL,NULL,NULL,NULL,,NULL,NULL,true,NULL,NULL,NULL,NULL,NULL,NULL,NULL,NULL,Clipper,NULL,NULL,NULL
748,Z,NULL,NULL,Z,NULL,NULL,NULL,NULL,NULL,NULL,NULL,NULL,,NULL,NULL,false,NULL,NULL,NULL,NULL,NULL,NULL,NULL,NULL,NULL,NULL,NULL,NULL
749,Zieher,Scott,Scott Zieher,What to Want,Ampersand Editions,2014,NULL,NULL,NULL,Paperback,80,NULL,9781941556016,NULL,NULL,false,NULL,NULL,NULL,NULL,NULL,NULL,NULL,NULL,NULL,NULL,NULL,NULL
750,Zielony,Tobias,Tobias Zielony,Jenny Jenny,Spector Books,2013,NULL,NULL,NULL,NULL,NULL,NULL,9783944669007,NULL,NULL,false,NULL,NULL,NULL,NULL,Art,NULL,NULL,NULL,"Hudson Street Library, NYC",NULL,NULL,NULL
751,Ziff,Lloyd,Lloyd Ziff,New York,KMW Studio,NULL,NULL,NULL,NULL,NULL,NULL,NULL,,NULL,NULL,false,NULL,NULL,NULL,NULL,Art,NULL,NULL,NULL,NULL,"Hudson Street Library, NYC",NULL,NULL
752,Zownir,Miron,Miron Zownir,NYC RIP,Pogo Books,2015,NULL,NULL,NULL,NULL,NULL,NULL,9783942547512,Claudio Pfeifer,Miron Zownir,false,NULL,"In 1980, Miron Zownir emigrated to the USA, where he lived for the next fifteen years; first in New York, then in Los Angeles, and Pittsburgh. In New York, back then arguably the world's most fascinating and permissive metropolis, Zownir's peculiar approach to cover the city's multiple layered day-to-day lunacy was quickly recognised by the local scene as the TEUTONIC PHENOMENOGRAPHER (Village Voice). Shot in moody, expressionistic b/w, Zownir's pictures from that period give a penetrating insight to inner-city sub-cultural spheres, which, in their original local context, have since perished in the boom of the 90s. His lens captured the untamed lust at the gay-parties, just shortly before Aids massively claimed its victims; the futile protest of artists and offbeat performers;",NULL,NULL,Art,NULL,NULL,NULL,NULL,"Hudson Street Library, NYC",NULL,NULL
753,Zownir,Miron,Miron Zownir,Down And Out In Moscow,Pogo Books,2014,NULL,NULL,NULL,NULL,NULL,NULL,9783942547345,Claudio Pfeifer,"Nico Anfuso, Pogo Books",false,NULL,NULL,NULL,NULL,Art,NULL,NULL,NULL,NULL,"Hudson Street Library, NYC",NULL,NULL
1307,Marshall,Kerry James,Kerry James Marshall,Rythm Mastr: This Is How It Begins,Rizzoli Electa,2025,24.5,21.5,2.5,Hardcover,208,First Edition,9780847835614,"Robecchi, Michele",Michele Robecchi,false,NULL,"""Rythm Mastr"" is a comic series created by Kerry James Marshall, developed from 1999 to the present in response to the historical absence of black characters in comics. Set in the community surrounding Marshall's Chicago studio, the narrative is rooted in reality but incorporates elements of fantasy, created using India ink drawings.

The series debuted at the 1999/2000 Carnegie International, published as single illustrated panels in the Pittsburgh Post-Gazette's magazine for eight weeks. Marshall papered the Carnegie Museum's display windows with 20 segments printed on newsprint and installed it in the museum's Treasure Room to explore how value is assigned to objects. Copies were distributed to the public for a nominal fee to ensure wide access.

The story features an old man named Rythm Mastr and his young protégé, Farell. Meeting in a museum of ancient Egyptian art, Rythm Mastr teaches Farell traditional African drumming that brings ancient African and Egyptian statues to life. These animated statues possess superhuman powers derived from the seven gods of the Yoruba pantheon. The narrative addresses contemporary issues, including the spike in violence in 1990s Chicago and the demolition of high-rise public housing on the city's South Side.

Over the years, the series has evolved through various formats. In 2003, it was featured as a daily comic strip in ""One True Thing: Meditations on a Black Aesthetics"" at MCA Chicago. In 2008, it was presented at the Wexner Center at Ohio State University with puppets inspired by traditional Japanese Bunraku puppetry, including live performances with jazz drummer Kahil El'Zabar. The series appeared in Issue 14 of Esopus magazine in 2010. From 2015 to 2017, it was included in light-box displays in ""Mastry,"" Marshall's 30-year retrospective, and inspired ""Above the Line,"" a hand-painted mural on New York's High Line from 2015 to 2016.

Marshall's work was influenced by The Black Panther comic he encountered at ten years old. His goal was to create black superheroes in a context where they matter, with a Homeric epic structure achieving cultural impact similar to Star Wars. His long-term ambition is to diversify the art historical canon with more images of black people in museums. Marshall envisions the series as a graphic novel and feature animated film.

This comprehensive volume, edited by Michele Robecchi (Rizzoli Electa, 2025), represents the most complete documentation of the character, its genesis, and evolution over two decades, featuring Marshall's sophisticated debates about history, philosophy, and politics in vernacular Black English, creating an empowering blend of science fiction and Afrofuturism.",https://www.kerryjamesmarshall.com,https://www.rizzoliusa.com,Art,"Contemporary Art, African American Art, Comics, Graphic Novels, Afrofuturism, Black Artists",Art; Individual Artists; Contemporary,NULL,NULL,"Hudson Street Library, NYC",NULL,NULL
1352,Zadeh,Susan,Susan Zadeh,One Picture Book Two Vol 46 - Susan Zadeh Toer,Nazraeli Press,2025,21.59,15.24,NULL,Hardcover,NULL,Limited Edition of 500 with 5x7 inch original print signed by the artist,NULL,NULL,NULL,false,NULL,"Part of the Nazraeli Press One Picture Book Two series, Volume 46: Toer. Each One Picture Book is limited to 500 numbered copies and includes a removable, signed, original print measuring approximately 5x7 inches. A limited edition photography book featuring the work of Susan Zadeh.",NULL,https://www.nazraeli.com,Photography,"Photography, Limited Edition, Nazraeli Press, One Picture Book",Photography; Photobooks,NULL,NULL,"Hudson Street Library, NYC",NULL,NULL
1353,Hosoe,Eikoh,Eikoh Hosoe,One Picture Book Two Vol 48 - Kimono,Nazraeli Press,2025,21.59,15.24,NULL,Hardcover,NULL,Limited Edition of 500 with 5x7 inch original print signed by the artist,NULL,NULL,NULL,false,NULL,"Part of the Nazraeli Press One Picture Book Two series, Volume 48: Kimono. Each One Picture Book is limited to 500 numbered copies and includes a removable, signed, original print measuring approximately 5x7 inches. A limited edition photography book featuring the work of Eikoh Hosoe.",NULL,https://www.nazraeli.com,Photography,"Photography, Limited Edition, Nazraeli Press, One Picture Book",Photography; Photobooks,NULL,NULL,"Hudson Street Library, NYC",NULL,NULL
1354,Casagrande,Benedetta,Benedetta Casagrande,One Picture Book Two Vol 47 - Paperworks,Nazraeli Press,2025,21.59,15.24,NULL,Hardcover,NULL,Limited Edition of 500 with 5x7 inch original print signed by the artist,NULL,NULL,NULL,false,NULL,"Part of the Nazraeli Press One Picture Book Two series, Volume 47: Paperworks. Each One Picture Book is limited to 500 numbered copies and includes a removable, signed, original print measuring approximately 5x7 inches. A limited edition photography book featuring the work of Benedetta Casagrande.",NULL,https://www.nazraeli.com,Photography,"Photography, Limited Edition, Nazraeli Press, One Picture Book",Photography; Photobooks,NULL,NULL,"Hudson Street Library, NYC",NULL,NULL
1355,Divola,John,John Divola,One Picture Book Two Vol 48 - Italian Cars,Nazraeli Press,2025,21.59,15.24,NULL,Hardcover,NULL,Limited Edition of 500 with 5x7 inch original print signed by the artist,NULL,NULL,NULL,false,NULL,"Part of the Nazraeli Press One Picture Book Two series, Volume 48: Italian Cars. Each One Picture Book is limited to 500 numbered copies and includes a removable, signed, original print measuring approximately 5x7 inches. A limited edition photography book featuring the work of John Divola.",NULL,https://www.nazraeli.com,Photography,"Photography, Limited Edition, Nazraeli Press, One Picture Book",Photography; Photobooks,NULL,NULL,"Hudson Street Library, NYC",NULL,NULL
1356,Thek,Paul,Paul Thek and Peter Hujar,Stay away from nothing,Primary Information,2025,30.48,22.86,NULL,Paperback,192,NULL,9798988573685,Francis Schichtel,"James Hoff (Managing Editor), Joseph Logan (Designer), Allison Dubinsky (Copy Editor), Andrew Durbin (Afterword)",false,Joseph Logan,"This publication explores the relationship between artists Paul Thek and Peter Hujar through correspondence and photography spanning 1956-1975. The collection includes over fifty letters and postcards, along with drawings and ephemera, documenting their travels, creative work, and personal connection across locations including Coral Gables, Philadelphia, Rome, Italy, and Fire Island. Peter Hujar's photographs capture Thek in various settings, including iconic images from the Palermo catacombs and studio portraits during the creation of ""The Tomb,"" alongside previously unpublished candid shots.",NULL,https://primaryinformation.org,Photography,"Photography, Queer Art, American Artists, Artist Correspondence, 1960s-1970s, New York Art",Photography; Artist Monographs; Queer Art; Correspondence,NULL,NULL,"Hudson Street Library, NYC",NULL,../../queer/thek-hujar-stay-away-from-nothing.jpg
1357,Sohier,Sage,Sage Sohier,One Picture Book Two Vol 44 - To Utah 85,Nazraeli Press,2025,21.59,15.24,NULL,Hardcover,NULL,Limited Edition of 500,NULL,NULL,NULL,false,NULL,"Part of the Nazraeli Press One Picture Book Two series, Volume 44: To Utah 85. Each One Picture Book is limited to 500 numbered copies and includes a removable, signed, original print measuring approximately 5x7 inches.",NULL,https://www.nazraeli.com,Photography,"Photography, Limited Edition, Nazraeli Press, One Picture Book",Photography; Photobooks,NULL,NULL,"Hudson Street Library, NYC",NULL,NULL
1358,Dunas,Jeff,Jeff Dunas,One Picture Book Two Vol 43 - Highway 61 to Honeyboy,Nazraeli Press,2025,21.59,15.24,NULL,Hardcover,NULL,Limited Edition of 500,NULL,NULL,NULL,false,NULL,"Part of the Nazraeli Press One Picture Book Two series, Volume 43: Highway 61 to Honeyboy. Each One Picture Book is limited to 500 numbered copies and includes a removable, signed, original print measuring approximately 5x7 inches.",NULL,https://www.nazraeli.com,Photography,"Photography, Limited Edition, Nazraeli Press, One Picture Book",Photography; Photobooks,NULL,NULL,"Hudson Street Library, NYC",NULL,NULL
1359,Plumb,Mimi,Mimi Plumb,One Picture Book Two Vol 42 - Lookout on Highway 74,Nazraeli Press,2025,21.59,15.24,NULL,Hardcover,NULL,Limited Edition of 500,NULL,NULL,NULL,false,NULL,"Part of the Nazraeli Press One Picture Book Two series, Volume 42: Lookout on Highway 74. Each One Picture Book is limited to 500 numbered copies and includes a removable, signed, original print measuring approximately 5x7 inches.",NULL,https://www.nazraeli.com,Photography,"Photography, Limited Edition, Nazraeli Press, One Picture Book",Photography; Photobooks,NULL,NULL,"Hudson Street Library, NYC",NULL,NULL
1360,Foglia,Lucas,Lucas Foglia,One Picture Book Two Vol 41 - Living on Lava,Nazraeli Press,2025,21.59,15.24,NULL,Hardcover,NULL,Limited Edition of 500,NULL,NULL,NULL,false,NULL,"Part of the Nazraeli Press One Picture Book Two series, Volume 41: Living on Lava. Each One Picture Book is limited to 500 numbered copies and includes a removable, signed, original print measuring approximately 5x7 inches.",NULL,https://www.nazraeli.com,Photography,"Photography, Limited Edition, Nazraeli Press, One Picture Book",Photography; Photobooks,NULL,NULL,"Hudson Street Library, NYC",NULL,NULL
1361,Weems,Carrie Mae,Carrie Mae Weems,One Picture Book Two Vol 40,Nazraeli Press,2025,21.59,15.24,NULL,Hardcover,NULL,Limited Edition of 500,NULL,NULL,NULL,false,NULL,"Part of the Nazraeli Press One Picture Book Two series, Volume 40: Sea Islands AP. Each One Picture Book is limited to 500 numbered copies and includes a removable, signed, original print measuring approximately 5x7 inches.",NULL,https://www.nazraeli.com,Photography,"Photography, Limited Edition, Nazraeli Press, One Picture Book",Photography; Photobooks,NULL,NULL,"Hudson Street Library, NYC",NULL,NULL
1362,Moriyama,Daido,Daido Moriyama,One Picture Book Two Vol 39 - Daido Dos,Nazraeli Press,2025,21.59,15.24,NULL,Hardcover,NULL,Limited Edition of 500,NULL,NULL,NULL,false,NULL,"Part of the Nazraeli Press One Picture Book Two series, Volume 39: Daido Dos. Each One Picture Book is limited to 500 numbered copies and includes a removable, signed, original print measuring approximately 5x7 inches.",NULL,https://www.nazraeli.com,Photography,"Photography, Limited Edition, Nazraeli Press, One Picture Book",Photography; Photobooks,NULL,NULL,"Hudson Street Library, NYC",NULL,NULL
1363,Moriyama,Daido,Daido Moriyama,One Picture Book Two Vol 38 - Daido Uno,Nazraeli Press,2025,21.59,15.24,NULL,Hardcover,NULL,Limited Edition of 500,NULL,NULL,NULL,false,NULL,"Part of the Nazraeli Press One Picture Book Two series, Volume 38: Daido Uno. Each One Picture Book is limited to 500 numbered copies and includes a removable, signed, original print measuring approximately 5x7 inches.",NULL,https://www.nazraeli.com,Photography,"Photography, Limited Edition, Nazraeli Press, One Picture Book",Photography; Photobooks,NULL,NULL,"Hudson Street Library, NYC",NULL,NULL
1364,Marcuse,Tanya,Tanya Marcuse,One Picture Book Two Vol 37 - Portent,Nazraeli Press,2025,21.59,15.24,NULL,Hardcover,NULL,Limited Edition of 500,NULL,NULL,NULL,false,NULL,"Part of the Nazraeli Press One Picture Book Two series, Volume 37: Portent. Each One Picture Book is limited to 500 numbered copies and includes a removable, signed, original print measuring approximately 5x7 inches.",NULL,https://www.nazraeli.com,Photography,"Photography, Limited Edition, Nazraeli Press, One Picture Book",Photography; Photobooks,NULL,NULL,"Hudson Street Library, NYC",NULL,NULL
1365,Lax,Maria,Maria Lax,One Picture Book Two Vol 36 - Taken by the Tide,Nazraeli Press,2025,21.59,15.24,NULL,Hardcover,NULL,Limited Edition of 500,NULL,NULL,NULL,false,NULL,"Part of the Nazraeli Press One Picture Book Two series, Volume 36: Taken by the Tide. Each One Picture Book is limited to 500 numbered copies and includes a removable, signed, original print measuring approximately 5x7 inches.",NULL,https://www.nazraeli.com,Photography,"Photography, Limited Edition, Nazraeli Press, One Picture Book",Photography; Photobooks,NULL,NULL,"Hudson Street Library, NYC",NULL,NULL
1366,Ehrlich,Richard,Richard Ehrlich,One Picture Book Two Vol 35 - Namibia Redux,Nazraeli Press,2025,21.59,15.24,NULL,Hardcover,NULL,Limited Edition of 500,NULL,NULL,NULL,false,NULL,"Part of the Nazraeli Press One Picture Book Two series, Volume 35: Namibia Redux. Each One Picture Book is limited to 500 numbered copies and includes a removable, signed, original print measuring approximately 5x7 inches.",NULL,https://www.nazraeli.com,Photography,"Photography, Limited Edition, Nazraeli Press, One Picture Book",Photography; Photobooks,NULL,NULL,"Hudson Street Library, NYC",NULL,NULL
1367,Hido,Todd,Todd Hido,One Picture Book Two Vol 34 - Untitled #2319-B-DMF,Nazraeli Press,2025,21.59,15.24,NULL,Hardcover,NULL,Limited Edition of 500,NULL,NULL,NULL,false,NULL,"Part of the Nazraeli Press One Picture Book Two series, Volume 34: Untitled #2319-B-DMF. Each One Picture Book is limited to 500 numbered copies and includes a removable, signed, original print measuring approximately 5x7 inches.",NULL,https://www.nazraeli.com,Photography,"Photography, Limited Edition, Nazraeli Press, One Picture Book",Photography; Photobooks,NULL,NULL,"Hudson Street Library, NYC",NULL,NULL
1368,Nikolova,Nadezda,Nadezda Nikolova,One Picture Book Two Vol 33 - Elemental Forms,Nazraeli Press,2025,21.59,15.24,NULL,Hardcover,NULL,Limited Edition of 500,NULL,NULL,NULL,false,NULL,"Part of the Nazraeli Press One Picture Book Two series, Volume 33: Elemental Forms. Each One Picture Book is limited to 500 numbered copies and includes a removable, signed, original print measuring approximately 5x7 inches.",NULL,https://www.nazraeli.com,Photography,"Photography, Limited Edition, Nazraeli Press, One Picture Book",Photography; Photobooks,NULL,NULL,"Hudson Street Library, NYC",NULL,NULL
1369,Steinmetz,Mark,Mark Steinmetz,One Picture Book Two Vol 32 - Bent Tree,Nazraeli Press,2025,21.59,15.24,NULL,Hardcover,NULL,Limited Edition of 500,NULL,NULL,NULL,false,NULL,"Part of the Nazraeli Press One Picture Book Two series, Volume 32: Bent Tree. Each One Picture Book is limited to 500 numbered copies and includes a removable, signed, original print measuring approximately 5x7 inches.",NULL,https://www.nazraeli.com,Photography,"Photography, Limited Edition, Nazraeli Press, One Picture Book",Photography; Photobooks,NULL,NULL,"Hudson Street Library, NYC",NULL,NULL
1370,Choumali,Joana,Joana Choumali,One Picture Book Two Vol 31 - A Va Aller,Nazraeli Press,2025,21.59,15.24,NULL,Hardcover,NULL,Limited Edition of 500,NULL,NULL,NULL,false,NULL,"Part of the Nazraeli Press One Picture Book Two series, Volume 31: Ça Va Aller. Each One Picture Book is limited to 500 numbered copies and includes a removable, signed, original print measuring approximately 5x7 inches.",NULL,https://www.nazraeli.com,Photography,"Photography, Limited Edition, Nazraeli Press, One Picture Book",Photography; Photobooks,NULL,NULL,"Hudson Street Library, NYC",NULL,NULL
1371,Callis,Jo Ann,Jo Ann Callis,One Picture Book Two Vol 30 - Black Sun,Nazraeli Press,2025,21.59,15.24,NULL,Hardcover,NULL,Limited Edition of 500,NULL,NULL,NULL,false,NULL,"Part of the Nazraeli Press One Picture Book Two series, Volume 30: Black Sun. Each One Picture Book is limited to 500 numbered copies and includes a removable, signed, original print measuring approximately 5x7 inches.",NULL,https://www.nazraeli.com,Photography,"Photography, Limited Edition, Nazraeli Press, One Picture Book",Photography; Photobooks,NULL,NULL,"Hudson Street Library, NYC",NULL,NULL
1372,Monasterio,Pablo Ortiz,Pablo Ortiz Monasterio,One Picture Book Two Vol 29 - Peyote,Nazraeli Press,2025,21.59,15.24,NULL,Hardcover,NULL,Limited Edition of 500,NULL,NULL,NULL,false,NULL,"Part of the Nazraeli Press One Picture Book Two series, Volume 29: Peyote. Each One Picture Book is limited to 500 numbered copies and includes a removable, signed, original print measuring approximately 5x7 inches.",NULL,https://www.nazraeli.com,Photography,"Photography, Limited Edition, Nazraeli Press, One Picture Book",Photography; Photobooks,NULL,NULL,"Hudson Street Library, NYC",NULL,NULL
1373,Soth,Alec,Alec Soth,One Picture Book Two Vol 28 - If You Want to Ride,Nazraeli Press,2025,21.59,15.24,NULL,Hardcover,NULL,Limited Edition of 500,NULL,NULL,NULL,false,NULL,"Part of the Nazraeli Press One Picture Book Two series, Volume 28: If You Want to Ride... Each One Picture Book is limited to 500 numbered copies and includes a removable, signed, original print measuring approximately 5x7 inches.",NULL,https://www.nazraeli.com,Photography,"Photography, Limited Edition, Nazraeli Press, One Picture Book",Photography; Photobooks,NULL,NULL,"Hudson Street Library, NYC",NULL,NULL
1374,Kganye,Lebohang,Lebohang Kganye,One Picture Book Two Vol 27 - Ke Lefa Laka Volume 2,Nazraeli Press,2025,21.59,15.24,NULL,Hardcover,NULL,Limited Edition of 500,NULL,NULL,NULL,false,NULL,"Part of the Nazraeli Press One Picture Book Two series, Volume 27: Ke Lefa Laka / Her-story Volume 2. Each One Picture Book is limited to 500 numbered copies and includes a removable, signed, original print measuring approximately 5x7 inches.",NULL,https://www.nazraeli.com,Photography,"Photography, Limited Edition, Nazraeli Press, One Picture Book",Photography; Photobooks,NULL,NULL,"Hudson Street Library, NYC",NULL,NULL
1375,Kganye,Lebohang,Lebohang Kganye,One Picture Book Two Vol 26 - Ke Lefa Laka Volume 1,Nazraeli Press,2025,21.59,15.24,NULL,Hardcover,NULL,Limited Edition of 500,NULL,NULL,NULL,false,NULL,"Part of the Nazraeli Press One Picture Book Two series, Volume 26: Ke Lefa Laka / Her-story Volume 1. Each One Picture Book is limited to 500 numbered copies and includes a removable, signed, original print measuring approximately 5x7 inches.",NULL,https://www.nazraeli.com,Photography,"Photography, Limited Edition, Nazraeli Press, One Picture Book",Photography; Photobooks,NULL,NULL,"Hudson Street Library, NYC",NULL,NULL
1376,Kawada,Kikuji,Kikuji Kawada,One Picture Book Two Vol 25 - Mask,Nazraeli Press,2025,21.59,15.24,NULL,Hardcover,NULL,Limited Edition of 500,NULL,NULL,NULL,false,NULL,"Part of the Nazraeli Press One Picture Book Two series, Volume 25: Mask. Each One Picture Book is limited to 500 numbered copies and includes a removable, signed, original print measuring approximately 5x7 inches.",NULL,https://www.nazraeli.com,Photography,"Photography, Limited Edition, Nazraeli Press, One Picture Book",Photography; Photobooks,NULL,NULL,"Hudson Street Library, NYC",NULL,NULL
1377,Humble,John,John Humble,One Picture Book Two Vol 24 - Pico Boulevard,Nazraeli Press,2025,21.59,15.24,NULL,Hardcover,NULL,Limited Edition of 500,NULL,NULL,NULL,false,NULL,"Part of the Nazraeli Press One Picture Book Two series, Volume 24: Pico Boulevard. Each One Picture Book is limited to 500 numbered copies and includes a removable, signed, original print measuring approximately 5x7 inches.",NULL,https://www.nazraeli.com,Photography,"Photography, Limited Edition, Nazraeli Press, One Picture Book",Photography; Photobooks,NULL,NULL,"Hudson Street Library, NYC",NULL,NULL
1378,Templeton,Deanna,Deanna Templeton,One Picture Book Two Vol 23 - Love You,Nazraeli Press,2025,21.59,15.24,NULL,Hardcover,NULL,Limited Edition of 500,NULL,NULL,NULL,false,NULL,"Part of the Nazraeli Press One Picture Book Two series, Volume 23: Love You. Each One Picture Book is limited to 500 numbered copies and includes a removable, signed, original print measuring approximately 5x7 inches.",NULL,https://www.nazraeli.com,Photography,"Photography, Limited Edition, Nazraeli Press, One Picture Book",Photography; Photobooks,NULL,NULL,"Hudson Street Library, NYC",NULL,NULL
1379,Templeton,Ed,Ed Templeton,One Picture Book Two Vol 22 - Auto Hypnosis,Nazraeli Press,2025,21.59,15.24,NULL,Hardcover,NULL,Limited Edition of 500,NULL,NULL,NULL,false,NULL,"Part of the Nazraeli Press One Picture Book Two series, Volume 22: Auto-Hypnosis. Each One Picture Book is limited to 500 numbered copies and includes a removable, signed, original print measuring approximately 5x7 inches.",NULL,https://www.nazraeli.com,Photography,"Photography, Limited Edition, Nazraeli Press, One Picture Book",Photography; Photobooks,NULL,NULL,"Hudson Street Library, NYC",NULL,NULL
1380,Weems,Carrie Mae,Carrie Mae Weems,One Picture Book Two Vol 21 - Africa Gems and Jewels,Nazraeli Press,2025,21.59,15.24,NULL,Hardcover,NULL,Limited Edition of 500,NULL,NULL,NULL,false,NULL,"Part of the Nazraeli Press One Picture Book Two series, Volume 21: Africa: Gems and Jewels. Each One Picture Book is limited to 500 numbered copies and includes a removable, signed, original print measuring approximately 5x7 inches.",NULL,https://www.nazraeli.com,Photography,"Photography, Limited Edition, Nazraeli Press, One Picture Book",Photography; Photobooks,NULL,NULL,"Hudson Street Library, NYC",NULL,NULL
1381,Hido,Todd,Todd Hido,One Picture Book Two Vol 20 - Untitled #11856-0820,Nazraeli Press,2025,21.59,15.24,NULL,Hardcover,NULL,Limited Edition of 500,NULL,NULL,NULL,false,NULL,"Part of the Nazraeli Press One Picture Book Two series, Volume 20: Untitled #11856-0820. Each One Picture Book is limited to 500 numbered copies and includes a removable, signed, original print measuring approximately 5x7 inches.",NULL,https://www.nazraeli.com,Photography,"Photography, Limited Edition, Nazraeli Press, One Picture Book",Photography; Photobooks,NULL,NULL,"Hudson Street Library, NYC",NULL,NULL
1382,Malley,Alia,Alia Malley,One Picture Book Two Vol 19 - Captains of the Dead Sea,Nazraeli Press,2025,21.59,15.24,NULL,Hardcover,NULL,Limited Edition of 500,NULL,NULL,NULL,false,NULL,"Part of the Nazraeli Press One Picture Book Two series, Volume 19: Captains of the Dead Sea. Each One Picture Book is limited to 500 numbered copies and includes a removable, signed, original print measuring approximately 5x7 inches.",NULL,https://www.nazraeli.com,Photography,"Photography, Limited Edition, Nazraeli Press, One Picture Book",Photography; Photobooks,NULL,NULL,"Hudson Street Library, NYC",NULL,NULL
1383,Gibson,David H.,David H. Gibson,One Picture Book Two Vol 18 - A Walk Through A Bamboo Grove,Nazraeli Press,2025,21.59,15.24,NULL,Hardcover,NULL,Limited Edition of 500,NULL,NULL,NULL,false,NULL,"Part of the Nazraeli Press One Picture Book Two series, Volume 18: A Walk Through A Bamboo Grove. Each One Picture Book is limited to 500 numbered copies and includes a removable, signed, original print measuring approximately 5x7 inches.",NULL,https://www.nazraeli.com,Photography,"Photography, Limited Edition, Nazraeli Press, One Picture Book",Photography; Photobooks,NULL,NULL,"Hudson Street Library, NYC",NULL,NULL
1384,Kenna,Michael,Michael Kenna,One Picture Book Two Vol 17 - Notre Dame,Nazraeli Press,2025,21.59,15.24,NULL,Hardcover,NULL,Limited Edition of 500,NULL,NULL,NULL,false,NULL,"Part of the Nazraeli Press One Picture Book Two series, Volume 17: Notre-Dame de Paris. Each One Picture Book is limited to 500 numbered copies and includes a removable, signed, original print measuring approximately 5x7 inches.",NULL,https://www.nazraeli.com,Photography,"Photography, Limited Edition, Nazraeli Press, One Picture Book",Photography; Photobooks,NULL,NULL,"Hudson Street Library, NYC",NULL,NULL
1385,Steinmetz,Mark,Mark Steinmetz,One Picture Book Two Vol 16 - Cats,Nazraeli Press,2025,21.59,15.24,NULL,Hardcover,NULL,Limited Edition of 500,NULL,NULL,NULL,false,NULL,"Part of the Nazraeli Press One Picture Book Two series, Volume 16: Cats. Each One Picture Book is limited to 500 numbered copies and includes a removable, signed, original print measuring approximately 5x7 inches.",NULL,https://www.nazraeli.com,Photography,"Photography, Limited Edition, Nazraeli Press, One Picture Book",Photography; Photobooks,NULL,NULL,"Hudson Street Library, NYC",NULL,NULL
1386,Izu,Kenro,Kenro Izu,One Picture Book Two Vol 15 - Requiem,Nazraeli Press,2025,21.59,15.24,NULL,Hardcover,NULL,Limited Edition of 500,NULL,NULL,NULL,false,NULL,"Part of the Nazraeli Press One Picture Book Two series, Volume 15: Requiem. Each One Picture Book is limited to 500 numbered copies and includes a removable, signed, original print measuring approximately 5x7 inches.",NULL,https://www.nazraeli.com,Photography,"Photography, Limited Edition, Nazraeli Press, One Picture Book",Photography; Photobooks,NULL,NULL,"Hudson Street Library, NYC",NULL,NULL
1387,Sharma,Manjari,Manjari Sharma,One Picture Book Two Vol 14 - Darshan,Nazraeli Press,2025,21.59,15.24,NULL,Hardcover,NULL,Limited Edition of 500,NULL,NULL,NULL,false,NULL,"Part of the Nazraeli Press One Picture Book Two series, Volume 14: Darshan. Each One Picture Book is limited to 500 numbered copies and includes a removable, signed, original print measuring approximately 5x7 inches.",NULL,https://www.nazraeli.com,Photography,"Photography, Limited Edition, Nazraeli Press, One Picture Book",Photography; Photobooks,NULL,NULL,"Hudson Street Library, NYC",NULL,NULL
1388,Shibata,Toshio,Toshio Shibata,One Picture Book Two Vol 13 - Gas Stations 1982 1986,Nazraeli Press,2025,21.59,15.24,NULL,Hardcover,NULL,Limited Edition of 500,NULL,NULL,NULL,false,NULL,"Part of the Nazraeli Press One Picture Book Two series, Volume 13: Gas Stations. Each One Picture Book is limited to 500 numbered copies and includes a removable, signed, original print measuring approximately 5x7 inches.",NULL,https://www.nazraeli.com,Photography,"Photography, Limited Edition, Nazraeli Press, One Picture Book",Photography; Photobooks,NULL,NULL,"Hudson Street Library, NYC",NULL,NULL
1389,Simmons,Laurie,Laurie Simmons,One Picture Book Two Vol 12 - Instant Decorator,Nazraeli Press,2025,21.59,15.24,NULL,Hardcover,NULL,Limited Edition of 500,NULL,NULL,NULL,false,NULL,"Part of the Nazraeli Press One Picture Book Two series, Volume 12: Instant Decorator. Each One Picture Book is limited to 500 numbered copies and includes a removable, signed, original print measuring approximately 5x7 inches.",NULL,https://www.nazraeli.com,Photography,"Photography, Limited Edition, Nazraeli Press, One Picture Book",Photography; Photobooks,NULL,NULL,"Hudson Street Library, NYC",NULL,NULL
1390,Borensztein,Leon,Leon Borensztein,One Picture Book Two Vol 11 - Tata,Nazraeli Press,2025,21.59,15.24,NULL,Hardcover,NULL,Limited Edition of 500,NULL,NULL,NULL,false,NULL,"Part of the Nazraeli Press One Picture Book Two series, Volume 11: Tata. Each One Picture Book is limited to 500 numbered copies and includes a removable, signed, original print measuring approximately 5x7 inches.",NULL,https://www.nazraeli.com,Photography,"Photography, Limited Edition, Nazraeli Press, One Picture Book",Photography; Photobooks,NULL,NULL,"Hudson Street Library, NYC",NULL,NULL
1391,Moriyama,Daido,Daido Moriyama,One Picture Book Two Vol 10 - Daido Moto,Nazraeli Press,2025,21.59,15.24,NULL,Hardcover,NULL,Limited Edition of 500,NULL,NULL,NULL,false,NULL,"Part of the Nazraeli Press One Picture Book Two series, Volume 10: Daido Moto. Each One Picture Book is limited to 500 numbered copies and includes a removable, signed, original print measuring approximately 5x7 inches.",NULL,https://www.nazraeli.com,Photography,"Photography, Limited Edition, Nazraeli Press, One Picture Book",Photography; Photobooks,NULL,NULL,"Hudson Street Library, NYC",NULL,NULL
1392,Zadeh,Susan A.,Susan A. Zadeh,One Picture Book Two Vol 09 - I,Nazraeli Press,2025,21.59,15.24,NULL,Hardcover,NULL,Limited Edition of 500,NULL,NULL,NULL,false,NULL,"Part of the Nazraeli Press One Picture Book Two series, Volume 9: I. Each One Picture Book is limited to 500 numbered copies and includes a removable, signed, original print measuring approximately 5x7 inches.",NULL,https://www.nazraeli.com,Photography,"Photography, Limited Edition, Nazraeli Press, One Picture Book",Photography; Photobooks,NULL,NULL,"Hudson Street Library, NYC",NULL,NULL
1393,Banning,Jan,Jan Banning,One Picture Book Two Vol 08 - The Sweating Subject,Nazraeli Press,2025,21.59,15.24,NULL,Hardcover,NULL,Limited Edition of 500,NULL,NULL,NULL,false,NULL,"Part of the Nazraeli Press One Picture Book Two series, Volume 8: The Sweating Subject. Each One Picture Book is limited to 500 numbered copies and includes a removable, signed, original print measuring approximately 5x7 inches.",NULL,https://www.nazraeli.com,Photography,"Photography, Limited Edition, Nazraeli Press, One Picture Book",Photography; Photobooks,NULL,NULL,"Hudson Street Library, NYC",NULL,NULL
1394,Mulno,Michael,Michael Mulno,One Picture Book Two Vol 07 - Residential Variations,Nazraeli Press,2025,21.59,15.24,NULL,Hardcover,NULL,Limited Edition of 500,NULL,NULL,NULL,false,NULL,"Part of the Nazraeli Press One Picture Book Two series, Volume 7: Residential Variations. Each One Picture Book is limited to 500 numbered copies and includes a removable, signed, original print measuring approximately 5x7 inches.",NULL,https://www.nazraeli.com,Photography,"Photography, Limited Edition, Nazraeli Press, One Picture Book",Photography; Photobooks,NULL,NULL,"Hudson Street Library, NYC",NULL,NULL
1395,Callis,Jo Ann,Jo Ann Callis,One Picture Book Two Vol 06 - Cheap Thrills,Nazraeli Press,2025,21.59,15.24,NULL,Hardcover,NULL,Limited Edition of 500,NULL,NULL,NULL,false,NULL,"Part of the Nazraeli Press One Picture Book Two series, Volume 6: Cheap Thrills. Each One Picture Book is limited to 500 numbered copies and includes a removable, signed, original print measuring approximately 5x7 inches.",NULL,https://www.nazraeli.com,Photography,"Photography, Limited Edition, Nazraeli Press, One Picture Book",Photography; Photobooks,NULL,NULL,"Hudson Street Library, NYC",NULL,NULL
1396,Ruwedel,Mark,Mark Ruwedel,One Picture Book Two Vol 05 - Studio ER,Nazraeli Press,2025,21.59,15.24,NULL,Hardcover,NULL,Limited Edition of 500,NULL,NULL,NULL,false,NULL,"Part of the Nazraeli Press One Picture Book Two series, Volume 5: Studio E.R. Each One Picture Book is limited to 500 numbered copies and includes a removable, signed, original print measuring approximately 5x7 inches.",NULL,https://www.nazraeli.com,Photography,"Photography, Limited Edition, Nazraeli Press, One Picture Book",Photography; Photobooks,NULL,NULL,"Hudson Street Library, NYC",NULL,NULL
1397,Mendoza,Tony,Tony Mendoza,One Picture Book Two Vol 04 - Floridadogs,Nazraeli Press,2025,21.59,15.24,NULL,Hardcover,NULL,Limited Edition of 500,NULL,NULL,NULL,false,NULL,"Part of the Nazraeli Press One Picture Book Two series, Volume 4: Floridadogs. Each One Picture Book is limited to 500 numbered copies and includes a removable, signed, original print measuring approximately 5x7 inches.",NULL,https://www.nazraeli.com,Photography,"Photography, Limited Edition, Nazraeli Press, One Picture Book",Photography; Photobooks,NULL,NULL,"Hudson Street Library, NYC",NULL,NULL
1398,Weems,Carrie Mae,Carrie Mae Weems,One Picture Book Two Vol 03 - Monument,Nazraeli Press,2025,21.59,15.24,NULL,Hardcover,NULL,Limited Edition of 500,NULL,NULL,NULL,false,NULL,"Part of the Nazraeli Press One Picture Book Two series, Volume 3: Monument. Each One Picture Book is limited to 500 numbered copies and includes a removable, signed, original print measuring approximately 5x7 inches.",NULL,https://www.nazraeli.com,Photography,"Photography, Limited Edition, Nazraeli Press, One Picture Book",Photography; Photobooks,NULL,NULL,"Hudson Street Library, NYC",NULL,NULL
1399,Hahn,Betty,Betty Hahn,One Picture Book Two Vol 02 - The Lone Ranger,Nazraeli Press,2025,21.59,15.24,NULL,Hardcover,NULL,Limited Edition of 500,NULL,NULL,NULL,false,NULL,"Part of the Nazraeli Press One Picture Book Two series, Volume 2: The Lone Ranger. Each One Picture Book is limited to 500 numbered copies and includes a removable, signed, original print measuring approximately 5x7 inches.",NULL,https://www.nazraeli.com,Photography,"Photography, Limited Edition, Nazraeli Press, One Picture Book",Photography; Photobooks,NULL,NULL,"Hudson Street Library, NYC",NULL,NULL
1400,Kenna,Michael,Michael Kenna,One Picture Book Two Vol 01 - DMZ The 38th Parallel,Nazraeli Press,2025,21.59,15.24,NULL,Hardcover,NULL,Limited Edition of 500,NULL,NULL,NULL,false,NULL,"Part of the Nazraeli Press One Picture Book Two series, Volume 1: DMZ – The 38th Parallel. Each One Picture Book is limited to 500 numbered copies and includes a removable, signed, original print measuring approximately 5x7 inches.",NULL,https://www.nazraeli.com,Photography,"Photography, Limited Edition, Nazraeli Press, One Picture Book",Photography; Photobooks,NULL,NULL,"Hudson Street Library, NYC",NULL,NULL
1401,Goya,Francisco de,Francisco de Goya,Goya: The Disasters of War,La Fábrica,2025,30.48,24.77,1.65,Hardcover,176,Based on the original 1863 edition,9788410024632,NULL,NULL,false,NULL,"""The Disasters of War"", eighty invented and etched plates by Francisco de Goya. In 1808, at the end of the first siege of Saragossa by Napoleon's troops, Francisco de Goya was invited with a number of other artists to visit the devastated city and arouse the people's patriotic fervour through a series of propaganda pictures and prints. Far from the glorification that had been entrusted to him, what Goya depicted was a universal condemnation of violence. Terribly contemporary, these images continue to assail us more than two hundred years later. To the horrors he saw in Saragossa, Goya added scenes of the famine he witnessed in Madrid and a series of symbolic prints on the post-war period that he entitled ""Emphatic Caprices"", in which he showed the loss of the constitutional ideals with the return of absolutism. The three blocks - War, Famine and Emphatic Caprices - constitute The Disasters of War, a work which Goya completed in 1820 but whose publication was delayed owing to its critical nature until 1863, 35 years after his death. Appearing beneath each figure is a legend or caption, short text - sometimes just one word - which Goya included with expressive precision. The set, numbered by the artist himself, cries out to us with a moving narrative that was unusual for the time in making the denunciation of war its principal theme. The Aragonese artist can thus also be regarded as a pioneer of protest art. The Disasters of War, then, is a book of images for reading. Profoundly humanist, this reading is especially fitting in the context of today's flow of information, marked by the impact of the visual message and of brief texts. It begins with a prelude, ""Sad forebodings of what is to befall"", and culminates in an open ending: ""Truth is dead""; ""Will she rise again?"" That question leaves the door open to hope. Based on the original 1863 edition, this clothbound book faithfully reproduces the first edition of the complete set of 80 works: 1-47 WAR, 48-64 FAMINE, 65-80 EMPHATIC CAPRICES.",NULL,https://www.lafabrica.com,Art,"War, Etchings, Spanish Art, Historical, Political Art, La Fábrica",Art; Individual Artists; Printmaking,NULL,NULL,"Hudson Street Library, NYC","October 29, 2025",/assets/images/books/Goya_Goya_The_Disasters_of_War_9788410024632.jpg
1402,Villareal,Leo,Leo Villareal,Leo Villareal: Coding Light,Monacelli Press/Phaidon,2025,32.4,25.1,,Hardcover,336,First Edition,9781580936538,NULL,"Molly Donovan, Annie Dell'Aria, Sarah Sze",false,,"An expansive monograph of work by acclaimed contemporary artist Leo Villareal, known for his monumental installations employing light and computer technology. Transforming pixels using the zeroes and ones of binary code into dazzling displays of light, Mexican-American artist Leo Villareal creates abstract installations that are icons of public art. Employing artist-created code and custom software, his innovative practice explores chance, rules, and the underlying structure of systems. Features more than 30 works ranging in scale – from exhibitions and immersive architectural commissions like Cosmos at Cornell University, to urban-scale artworks such as his seminal work, Illuminated River, which joins nine central-London bridges along the River Thames in London. Includes 350 illustrations spanning over two decades of the artist's career.",https://www.leovillareal.com,https://www.phaidon.com,Art,"Light Art, Digital Art, Installation Art, Public Art, Contemporary Art, Monacelli",Art; Contemporary Art; Digital Art,NULL,NULL,"Hudson Street Library, NYC","October 29, 2025",/assets/images/books/Villareal_Leo_Villareal_Coding_Light_9781580936538.jpg
1403,Wojnarowicz,David,David Wojnarowicz,David Wojnarowicz: Arthur Rimbaud in New York,Skira,2025,27.94,24.13,NULL,Hardcover,208,First edition,9788857254067,Antonio Sergio Bessa,"Nicholas Martin, Craig Dworkin, Marguerite Van Cook, Phillip Aarons",false,NULL,"In 1978 and 1979, David Wojnarowicz took a series of photographs of a man wearing a paper mask bearing the visage of Arthur Rimbaud, the French poet equally known for his fervid verse and dramatic life. Rimbaud was the instantiation, and perhaps the inventor, of the idea of the young gay hustler of genius. This volume features an introductory essay by Antonio Sergio Bessa contextualizing the series within a foundation of other works across literature, photography and performance. Nicholas Martin explores Wojnarowicz's practice in the context of the rise of the punk movement in downtown Manhattan in the late 1970s. Craig Dworkin explores Rimbaud's years as a runaway youth in Paris during the Commune. Includes an interview with photographer Allen Frame. Features 150 color images.",https://www.davidwojnarowicz.com,https://www.skira.net,Photography,"Photography, LGBTQ Art, Performance Art, Punk, Downtown New York, Skira",Photography; LGBTQ Studies; Performance Art,NULL,NULL,"Hudson Street Library, NYC","October 29, 2025",/assets/images/books/Wojnarowicz_David_Wojnarowicz_Arthur_Rimbaud_in_New_York_9788857254067.jpg
1404,Matsuda,Mitsuhiro,Mitsuhiro Matsuda,"Nicole times, vol. 01",M. Matsuda,NULL,NULL,NULL,NULL,NULL,NULL,Costume -- Catalogs; Men's clothing -- Catalogs; Fashion photography; Costume; Men's clothing;,NULL,NULL,NULL,false,Yukio Kobayashi,NULL,NULL,NULL,Matsuda Fashion Catalogs,"Fashion, Catalogs, Japanese Fashion, Menswear, 1980s, 1990s",Fashion Photography,NULL,NULL,"Hudson Street Library, NYC",NULL,NULL
1405,Matsuda,Mitsuhiro,Mitsuhiro Matsuda,"Nicole times, vol. 02.",M. Matsuda,NULL,NULL,NULL,NULL,NULL,NULL,Costume -- Catalogs; Men's clothing -- Catalogs; Fashion photography; Costume; Men's clothing;,NULL,NULL,NULL,false,Yukio Kobayashi,NULL,NULL,NULL,Matsuda Fashion Catalogs,"Fashion, Catalogs, Japanese Fashion, Menswear, 1980s, 1990s",Fashion Photography,NULL,NULL,"Hudson Street Library, NYC",NULL,NULL
1406,Matsuda,Mitsuhiro,Mitsuhiro Matsuda,"Nicole times, vol. 03.",M. Matsuda,NULL,NULL,NULL,NULL,NULL,NULL,Costume -- Catalogs; Men's clothing -- Catalogs; Fashion photography; Costume; Men's clothing;,NULL,NULL,NULL,false,Yukio Kobayashi,NULL,NULL,NULL,Matsuda Fashion Catalogs,"Fashion, Catalogs, Japanese Fashion, Menswear, 1980s, 1990s",Fashion Photography,NULL,NULL,"Hudson Street Library, NYC",NULL,NULL
1407,Matsuda,Mitsuhiro,Mitsuhiro Matsuda,"Nicole times, vol. 04.",M. Matsuda,NULL,NULL,NULL,NULL,NULL,NULL,Costume -- Catalogs; Men's clothing -- Catalogs; Fashion photography; Costume; Men's clothing;,NULL,NULL,NULL,false,Yukio Kobayashi,NULL,NULL,NULL,Matsuda Fashion Catalogs,"Fashion, Catalogs, Japanese Fashion, Menswear, 1980s, 1990s",Fashion Photography,NULL,NULL,"Hudson Street Library, NYC",NULL,NULL
1408,Matsuda,Mitsuhiro,Mitsuhiro Matsuda,"Nicole times, vol. 05.",M. Matsuda,NULL,NULL,NULL,NULL,NULL,NULL,Costume -- Catalogs; Men's clothing -- Catalogs; Fashion photography; Costume; Men's clothing;,NULL,NULL,NULL,false,Yukio Kobayashi,NULL,NULL,NULL,Matsuda Fashion Catalogs,"Fashion, Catalogs, Japanese Fashion, Menswear, 1980s, 1990s",Fashion Photography,NULL,NULL,"Hudson Street Library, NYC",NULL,NULL
1409,Matsuda,Mitsuhiro,Mitsuhiro Matsuda,"Nicole times, vol. 06.",M. Matsuda,NULL,NULL,NULL,NULL,NULL,NULL,Costume -- Catalogs; Men's clothing -- Catalogs; Fashion photography; Costume; Men's clothing;,NULL,NULL,NULL,false,Yukio Kobayashi,NULL,NULL,NULL,Matsuda Fashion Catalogs,"Fashion, Catalogs, Japanese Fashion, Menswear, 1980s, 1990s",Fashion Photography,NULL,NULL,"Hudson Street Library, NYC",NULL,NULL
1410,Matsuda,Mitsuhiro,Mitsuhiro Matsuda,"Nicole times, vol. 07",M. Matsuda,NULL,NULL,NULL,NULL,NULL,NULL,Costume -- Catalogs; Men's clothing -- Catalogs; Fashion photography; Costume; Men's clothing;,NULL,NULL,NULL,false,Yukio Kobayashi,NULL,NULL,NULL,Matsuda Fashion Catalogs,"Fashion, Catalogs, Japanese Fashion, Menswear, 1980s, 1990s",Fashion Photography,NULL,NULL,"Hudson Street Library, NYC",NULL,NULL
1411,Matsuda,Mitsuhiro,Mitsuhiro Matsuda,"Nicole times, vol. 08.",M. Matsuda,NULL,NULL,NULL,NULL,NULL,NULL,Costume -- Catalogs; Men's clothing -- Catalogs; Fashion photography; Costume; Men's clothing;,NULL,NULL,NULL,false,Yukio Kobayashi,NULL,NULL,NULL,Matsuda Fashion Catalogs,"Fashion, Catalogs, Japanese Fashion, Menswear, 1980s, 1990s",Fashion Photography,NULL,NULL,"Hudson Street Library, NYC",NULL,NULL
1412,Matsuda,Mitsuhiro,Mitsuhiro Matsuda,"Nicole times, vol. 09.",M. Matsuda,NULL,NULL,NULL,NULL,NULL,NULL,Costume -- Catalogs; Men's clothing -- Catalogs; Fashion photography; Costume; Men's clothing;,NULL,NULL,NULL,false,Yukio Kobayashi,NULL,NULL,NULL,Matsuda Fashion Catalogs,"Fashion, Catalogs, Japanese Fashion, Menswear, 1980s, 1990s",Fashion Photography,NULL,NULL,"Hudson Street Library, NYC",NULL,NULL
1413,Matsuda,Mitsuhiro,Mitsuhiro Matsuda,"Nicole times, vol. 10.","M. Matsuda, Nicole Co.",NULL,NULL,NULL,NULL,NULL,NULL,Costume -- Catalogs; Men's clothing -- Catalogs; Fashion photography; Costume; Men's clothing;,NULL,NULL,NULL,false,Yukio Kobayashi,NULL,NULL,NULL,Matsuda Fashion Catalogs,"Fashion, Catalogs, Japanese Fashion, Menswear, 1980s, 1990s",Fashion Photography,NULL,NULL,"Hudson Street Library, NYC",NULL,NULL
1414,Matsuda,Mitsuhiro,Mitsuhiro Matsuda,"Nicole times, vol. 11.","Tokyo : Nicole Times Pubisher Mitsuhiro Matsuda, ©1996",NULL,NULL,NULL,NULL,NULL,NULL,Costume -- Catalogs; Men's clothing -- Catalogs; Fashion photography; Costume; Men's clothing;,NULL,NULL,NULL,false,Yukio Kobayashi,NULL,NULL,NULL,Matsuda Fashion Catalogs,"Fashion, Catalogs, Japanese Fashion, Menswear, 1980s, 1990s",Fashion Photography,NULL,NULL,"Hudson Street Library, NYC",NULL,NULL
1415,Matsuda,Mitsuhiro,Mitsuhiro Matsuda,"Nicole times, vol. 12.","Tokyo : Nicole Times Pubisher Mitsuhiro Matsuda, ©1996",NULL,NULL,NULL,NULL,NULL,NULL,Costume -- Catalogs; Men's clothing -- Catalogs; Fashion photography; Costume; Men's clothing;,NULL,NULL,NULL,false,Yukio Kobayashi,NULL,NULL,NULL,Matsuda Fashion Catalogs,"Fashion, Catalogs, Japanese Fashion, Menswear, 1980s, 1990s",Fashion Photography,NULL,NULL,"Hudson Street Library, NYC",NULL,NULL
1416,Matsuda,Mitsuhiro,Mitsuhiro Matsuda,"Nicole times, vol. 13.","Tokyo : Nicole Times Pubisher Mitsuhiro Matsuda, ©1996",NULL,NULL,NULL,NULL,NULL,NULL,Costume -- Catalogs; Men's clothing -- Catalogs; Fashion photography; Costume; Men's clothing;,NULL,NULL,NULL,false,Yukio Kobayashi,NULL,NULL,NULL,Matsuda Fashion Catalogs,"Fashion, Catalogs, Japanese Fashion, Menswear, 1980s, 1990s",Fashion Photography,NULL,NULL,"Hudson Street Library, NYC",NULL,NULL
1417,Matsuda,Mitsuhiro,Mitsuhiro Matsuda,"Nicole times, vol. 14.","Tokyo : Nicole Times Pubisher Mitsuhiro Matsuda, ©1996",NULL,NULL,NULL,NULL,NULL,NULL,Costume -- Catalogs; Men's clothing -- Catalogs; Fashion photography; Costume; Men's clothing;,NULL,NULL,NULL,false,Yukio Kobayashi,NULL,NULL,NULL,Matsuda Fashion Catalogs,"Fashion, Catalogs, Japanese Fashion, Menswear, 1980s, 1990s",Fashion Photography,NULL,NULL,"Hudson Street Library, NYC",NULL,NULL
1418,Matsuda,Mitsuhiro,Mitsuhiro Matsuda,"Nicole times, vol. 15.","Tokyo : Nicole Times Pubisher Mitsuhiro Matsuda, ©1996",NULL,NULL,NULL,NULL,NULL,NULL,Costume -- Catalogs; Men's clothing -- Catalogs; Fashion photography; Costume; Men's clothing;,NULL,NULL,NULL,false,Yukio Kobayashi,NULL,NULL,NULL,Matsuda Fashion Catalogs,"Fashion, Catalogs, Japanese Fashion, Menswear, 1980s, 1990s",Fashion Photography,NULL,NULL,"Hudson Street Library, NYC",NULL,NULL
1419,Matsuda,Mitsuhiro,Mitsuhiro Matsuda,"Nicole times, vol. 16.","Tokyo : Nicole Times Pubisher Mitsuhiro Matsuda, ©1996",NULL,NULL,NULL,NULL,NULL,NULL,Costume -- Catalogs; Men's clothing -- Catalogs; Fashion photography; Costume; Men's clothing;,NULL,NULL,NULL,false,Yukio Kobayashi,NULL,NULL,NULL,Matsuda Fashion Catalogs,"Fashion, Catalogs, Japanese Fashion, Menswear, 1980s, 1990s",Fashion Photography,NULL,NULL,"Hudson Street Library, NYC",NULL,NULL
1420,Matsuda,Mitsuhiro,Mitsuhiro Matsuda,"Nicole times, vol. 17.","Tokyo : Nicole Times Pubisher Mitsuhiro Matsuda, ©1996",NULL,NULL,NULL,NULL,NULL,NULL,Costume -- Catalogs; Men's clothing -- Catalogs; Fashion photography; Costume; Men's clothing;,NULL,NULL,NULL,false,Yukio Kobayashi,NULL,NULL,NULL,Matsuda Fashion Catalogs,"Fashion, Catalogs, Japanese Fashion, Menswear, 1980s, 1990s",Fashion Photography,NULL,NULL,"Hudson Street Library, NYC",NULL,NULL
1421,Matsuda,Mitsuhiro,Mitsuhiro Matsuda,"Nicole times, vol. 18.","Tokyo : Nicole Times Pubisher Mitsuhiro Matsuda, ©1996",NULL,NULL,NULL,NULL,NULL,NULL,Costume -- Catalogs; Men's clothing -- Catalogs; Fashion photography; Costume; Men's clothing;,NULL,NULL,NULL,false,Yukio Kobayashi,NULL,NULL,NULL,Matsuda Fashion Catalogs,"Fashion, Catalogs, Japanese Fashion, Menswear, 1980s, 1990s",Fashion Photography,NULL,NULL,"Hudson Street Library, NYC",NULL,NULL
1422,Matsuda,Mitsuhiro,Mitsuhiro Matsuda,"Nicole times, vol. 18","Nicole Times Publisher, New York",NULL,NULL,NULL,NULL,NULL,NULL,Costume -- Catalogs; Men's clothing -- Catalogs; Fashion photography; Costume; Men's clothing;,NULL,NULL,NULL,false,Yukio Kobayashi,NULL,NULL,NULL,Matsuda Fashion Catalogs,"Fashion, Catalogs, Japanese Fashion, Menswear, 1980s, 1990s",Fashion Photography,NULL,NULL,"Hudson Street Library, NYC",NULL,NULL
1423,Matsuda,Mitsuhiro,Mitsuhiro Matsuda,"Nicole times, vol. 19.","Tokyo : Mitsuhiro Matsuda, 1988",NULL,NULL,NULL,NULL,NULL,NULL,Costume -- Catalogs; Men's clothing -- Catalogs; Fashion photography; Costume; Men's clothing;,NULL,NULL,NULL,false,Yukio Kobayashi,NULL,NULL,NULL,Matsuda Fashion Catalogs,"Fashion, Catalogs, Japanese Fashion, Menswear, 1980s, 1990s",Fashion Photography,NULL,NULL,"Hudson Street Library, NYC",NULL,NULL
1424,Matsuda,Mitsuhiro,Mitsuhiro Matsuda,"Nicole times, vol. 21.","Tokyo : Nicole Co., [©1989]",NULL,NULL,NULL,NULL,NULL,NULL,Costume -- Catalogs; Men's clothing -- Catalogs; Fashion photography; Costume; Men's clothing;,NULL,NULL,NULL,false,Yukio Kobayashi,NULL,NULL,NULL,Matsuda Fashion Catalogs,"Fashion, Catalogs, Japanese Fashion, Menswear, 1980s, 1990s",Fashion Photography,NULL,NULL,"Hudson Street Library, NYC",NULL,NULL
1425,Matsuda,Mitsuhiro,Mitsuhiro Matsuda,"Nicole times, vol. 20","Tokyo : Nicole Co., [©1989]",NULL,NULL,NULL,NULL,NULL,NULL,NULL,NULL,NULL,NULL,false,Yukio Kobayashi,NULL,NULL,NULL,Matsuda Fashion Catalogs,"Fashion, Catalogs, Japanese Fashion, Menswear, 1980s, 1990s",Fashion Photography,NULL,NULL,"Hudson Street Library, NYC",NULL,NULL
1426,Matsuda,Mitsuhiro,Mitsuhiro Matsuda,"Nicole times, vol.","Tokyo : Nicole Times Pubisher Mitsuhiro Matsuda, ©1996",NULL,5.08,27.94,NULL,NULL,NULL,Costume -- Catalogs; Men's clothing -- Catalogs; Fashion photography; Costume; Men's clothing;,NULL,NULL,NULL,false,Yukio Kobayashi,NULL,NULL,NULL,Matsuda Fashion Catalogs,"Fashion, Catalogs, Japanese Fashion, Menswear, 1980s, 1990s",Fashion Photography,NULL,NULL,"Hudson Street Library, NYC",NULL,NULL
1427,Matsuda,Mitsuhiro,Mitsuhiro Matsuda,"Nicole times, vol. 24.",Nicole Times,NULL,NULL,NULL,NULL,NULL,NULL,Costume -- Catalogs; Men's clothing -- Catalogs; Fashion photography; Costume; Men's clothing;,NULL,NULL,NULL,false,Yukio Kobayashi,NULL,NULL,NULL,Matsuda Fashion Catalogs,"Fashion, Catalogs, Japanese Fashion, Menswear, 1980s, 1990s",Fashion Photography,NULL,NULL,"Hudson Street Library, NYC",NULL,NULL
1428,Matsuda,Mitsuhiro,Mitsuhiro Matsuda,"Nicole times, vol. 26",Nicole Times,NULL,NULL,NULL,NULL,NULL,NULL,NULL,NULL,NULL,NULL,false,Yukio Kobayashi,NULL,NULL,NULL,Matsuda Fashion Catalogs,"Fashion, Catalogs, Japanese Fashion, Menswear, 1980s, 1990s",Fashion Photography,NULL,NULL,"Hudson Street Library, NYC",NULL,NULL
1429,Matsuda,Mitsuhiro,Mitsuhiro Matsuda,"Nicole times, vol.","Tokyo : Nicole Times Pubisher Mitsuhiro Matsuda, ©1996",NULL,NULL,NULL,NULL,NULL,NULL,Costume -- Catalogs; Men's clothing -- Catalogs; Fashion photography; Costume; Men's clothing;,NULL,NULL,NULL,false,Yukio Kobayashi,NULL,NULL,NULL,Matsuda Fashion Catalogs,"Fashion, Catalogs, Japanese Fashion, Menswear, 1980s, 1990s",Fashion Photography,NULL,NULL,"Hudson Street Library, NYC",NULL,NULL
1430,Matsuda,Mitsuhiro,Mitsuhiro Matsuda,"Nicole times, vol.","Tokyo : Nicole Times Pubisher Mitsuhiro Matsuda, ©1996",NULL,NULL,NULL,NULL,NULL,NULL,Costume -- Catalogs; Men's clothing -- Catalogs; Fashion photography; Costume; Men's clothing;,NULL,NULL,NULL,false,Yukio Kobayashi,NULL,NULL,NULL,Matsuda Fashion Catalogs,"Fashion, Catalogs, Japanese Fashion, Menswear, 1980s, 1990s",Fashion Photography,NULL,NULL,"Hudson Street Library, NYC",NULL,NULL
1431,Matsuda,Mitsuhiro,Mitsuhiro Matsuda,"Nicole times, vol.","Tokyo : Nicole Times Pubisher Mitsuhiro Matsuda, ©1996",NULL,NULL,NULL,NULL,NULL,NULL,Costume -- Catalogs; Men's clothing -- Catalogs; Fashion photography; Costume; Men's clothing;,NULL,NULL,NULL,false,Yukio Kobayashi,NULL,NULL,NULL,Matsuda Fashion Catalogs,"Fashion, Catalogs, Japanese Fashion, Menswear, 1980s, 1990s",Fashion Photography,NULL,NULL,"Hudson Street Library, NYC",NULL,NULL
1432,Matsuda,Mitsuhiro,Mitsuhiro Matsuda,"Nicole times, vol. 31",Nicole Times Publisher :  Mitsuhero Matsuda,NULL,NULL,NULL,NULL,NULL,NULL,Costume -- Catalogs; Men's clothing -- Catalogs; Fashion photography; Costume; Men's clothing;,NULL,NULL,NULL,false,Yukio Kobayashi,NULL,NULL,NULL,Matsuda Fashion Catalogs,"Fashion, Catalogs, Japanese Fashion, Menswear, 1980s, 1990s",Fashion Photography,NULL,NULL,"Hudson Street Library, NYC",NULL,NULL
1433,Matsuda,Mitsuhiro,Mitsuhiro Matsuda,"Nicole times, vol.","Tokyo : Nicole Times Pubisher Mitsuhiro Matsuda, ©1996",NULL,NULL,NULL,NULL,NULL,NULL,Costume -- Catalogs; Men's clothing -- Catalogs; Fashion photography; Costume; Men's clothing;,NULL,NULL,NULL,false,Yukio Kobayashi,NULL,NULL,NULL,Matsuda Fashion Catalogs,"Fashion, Catalogs, Japanese Fashion, Menswear, 1980s, 1990s",Fashion Photography,NULL,NULL,"Hudson Street Library, NYC",NULL,NULL
1434,Matsuda,Mitsuhiro,Mitsuhiro Matsuda,"Nicole times, vol. 32","Tokyo : Nicole Times Pubisher Mitsuhiro Matsuda, ©1996",NULL,NULL,NULL,NULL,NULL,NULL,Costume -- Catalogs; Men's clothing -- Catalogs; Fashion photography; Costume; Men's clothing;,NULL,NULL,NULL,false,Yukio Kobayashi,NULL,NULL,NULL,Matsuda Fashion Catalogs,"Fashion, Catalogs, Japanese Fashion, Menswear, 1980s, 1990s",Fashion Photography,NULL,NULL,"Hudson Street Library, NYC",NULL,NULL
1435,Matsuda,Mitsuhiro,Mitsuhiro Matsuda,"Nicole times, vol.",Tokyo : Nicole Ltd.; Mitsuhiro Matsuda,NULL,NULL,NULL,NULL,NULL,NULL,Costume -- Catalogs; Men's clothing -- Catalogs; Fashion photography; Costume; Men's clothing;,NULL,NULL,NULL,false,Yukio Kobayashi,NULL,NULL,NULL,Matsuda Fashion Catalogs,"Fashion, Catalogs, Japanese Fashion, Menswear, 1980s, 1990s",Fashion Photography,NULL,NULL,"Hudson Street Library, NYC",NULL,NULL
1436,Matsuda,Mitsuhiro,Mitsuhiro Matsuda,"Nicole times, vol. 36","Tokyo : Nicole Times Pubisher Mitsuhiro Matsuda, ©1997",NULL,NULL,NULL,NULL,NULL,NULL,Costume -- Catalogs; Men's clothing -- Catalogs; Fashion photography; Costume; Men's clothing;,NULL,NULL,NULL,false,Yukio Kobayashi,NULL,NULL,NULL,Matsuda Fashion Catalogs,"Fashion, Catalogs, Japanese Fashion, Menswear, 1980s, 1990s",Fashion Photography,NULL,NULL,"Hudson Street Library, NYC",NULL,NULL
1437,Matsuda,Mitsuhiro,Mitsuhiro Matsuda,"Nicole times, vol. 33",Nicole Times Publisher :  Mitsuhero Matsuda,NULL,NULL,NULL,NULL,NULL,NULL,Costume -- Catalogs; Men's clothing -- Catalogs; Fashion photography; Costume; Men's clothing;,NULL,NULL,NULL,false,Yukio Kobayashi,NULL,NULL,NULL,Matsuda Fashion Catalogs,"Fashion, Catalogs, Japanese Fashion, Menswear, 1980s, 1990s",Fashion Photography,NULL,NULL,"Hudson Street Library, NYC",NULL,NULL
1438,Matsuda,Mitsuhiro,Mitsuhiro Matsuda,"Nicole times, vol. 35",Nicole Times Publisher :  Mitsuhero Matsuda,NULL,NULL,NULL,NULL,NULL,NULL,Costume -- Catalogs; Men's clothing -- Catalogs; Fashion photography; Costume; Men's clothing;,NULL,NULL,NULL,false,Yukio Kobayashi,NULL,NULL,NULL,Matsuda Fashion Catalogs,"Fashion, Catalogs, Japanese Fashion, Menswear, 1980s, 1990s",Fashion Photography,NULL,NULL,"Hudson Street Library, NYC",NULL,NULL
1439,Matsuda,Mitsuhiro,Mitsuhiro Matsuda,"Nicole times, vol.",Nicole Times Publisher :  Mitsuhero Matsuda,NULL,NULL,NULL,NULL,NULL,NULL,Costume -- Catalogs; Men's clothing -- Catalogs; Fashion photography; Costume; Men's clothing;,NULL,NULL,NULL,false,Yukio Kobayashi,NULL,NULL,NULL,Matsuda Fashion Catalogs,"Fashion, Catalogs, Japanese Fashion, Menswear, 1980s, 1990s",Fashion Photography,NULL,NULL,"Hudson Street Library, NYC",NULL,NULL
1440,Macindoe,Graham,Graham Macindoe,All The Young Punks,Sun,NULL,NULL,NULL,NULL,Softcover,NULL,Edition 125,NULL,NULL,NULL,false,NULL,"Graham MacIndoe's All The Young Punks is a two-headed book balancing a series of candid shots he took of the formative punk years of his youth with a more recent series of photographs he has taken of the old things he later came across from those years. After rediscovering the photographs, records, and ephemera from his days as a young punk in Scotland in the late 1970s, MacIndoe re-photographed these artifacts as precisely lit and composed still lifes. All The Young Punks juxtaposes the candid old photos he had taken of his life as a punk wih a new series of images of ticket stubs, concert badges, record covers, and music press clippings. MacIndoe's book uniquely captures the energy of this highly charged period of his life vividly broadcasting the memories he still has of these cultural tokens in a clar series of new images which are set in a dialogue in this book with a selection of the pictures he took of the people from that time.",NULL,NULL,Music Photobooks,"Music, Photography, Punk, Rock, Pop Culture",Music Photography,NULL,NULL,"Hudson Street Library, NYC",NULL,NULL
1441,Magazine,,Magazine,AnOther Magazine - Bjork,,NULL,NULL,NULL,NULL,Softcover,NULL,NULL,NULL,NULL,NULL,false,NULL,NULL,NULL,NULL,Music Photobooks,"Music, Photography, Punk, Rock, Pop Culture",Music Photography,NULL,NULL,"Hudson Street Library, NYC",NULL,NULL
1442,O'Brien,Thomas Andrew Denenberg and Glenn,Thomas Andrew Denenberg and Glenn O'Brien,Backstage Pass: Rock & Roll Photography (Portland Museum of Art),Yale University Press,2009,24.13,0.51,NULL,Softcover,NULL,First Edition,978-0300151633,NULL,NULL,false,NULL,"This striking collection of photographs features nearly every important figure in the world of rock & roll, from Elvis to Eric Clapton, the Beatles to Bob Dylan, Jimi Hendrix to John Coltrane. Many of the nearly one hundred images have rarely been published, and all reveal fascinating glimpses of celebrities off stage, away from the glare of the spotlights. Shot from the mid-fifties to the mid-nineties, the portraits often have a spontaneous, informal, and everyday feel, and most record their subjects before they had become immensely famous—and well practiced in posing for photographs. The more than fifty photographers who contribute to the volume are among the most talented in their field, including Lee Friedlander, Lynn Goldsmith, Bob Gruen, Mick Rock, and many more.",NULL,NULL,Music Photobooks,"Music, Photography, Punk, Rock, Pop Culture",Music Photography,NULL,NULL,"Hudson Street Library, NYC",NULL,NULL
1443,O'Brien,Thomas Andrew Denenberg and Glenn,Thomas Andrew Denenberg and Glenn O'Brien,Backstage Pass: Rock & Roll Photography (Portland Museum of Art),Yale University Press,2009,24.13,0.51,NULL,Softcover,NULL,First Edition,978-0300151633,NULL,NULL,false,NULL,"This striking collection of photographs features nearly every important figure in the world of rock & roll, from Elvis to Eric Clapton, the Beatles to Bob Dylan, Jimi Hendrix to John Coltrane. Many of the nearly one hundred images have rarely been published, and all reveal fascinating glimpses of celebrities off stage, away from the glare of the spotlights. Shot from the mid-fifties to the mid-nineties, the portraits often have a spontaneous, informal, and everyday feel, and most record their subjects before they had become immensely famous—and well practiced in posing for photographs. The more than fifty photographers who contribute to the volume are among the most talented in their field, including Lee Friedlander, Lynn Goldsmith, Bob Gruen, Mick Rock, and many more.",NULL,NULL,Music Photobooks,"Music, Photography, Punk, Rock, Pop Culture",Music Photography,NULL,NULL,"Hudson Street Library, NYC",NULL,NULL
1444,,,,Bob Dylan - a man called alias,,NULL,NULL,NULL,NULL,NULL,NULL,NULL,NULL,NULL,NULL,false,NULL,NULL,NULL,NULL,Music Photobooks,"Music, Photography, Punk, Rock, Pop Culture",Music Photography,NULL,NULL,"Hudson Street Library, NYC",NULL,NULL
1445,Prestel,,Prestel,Bob Dylan - The Darwin Blank Series,,NULL,NULL,NULL,NULL,NULL,NULL,NULL,NULL,NULL,NULL,false,NULL,NULL,NULL,NULL,Music Photobooks,"Music, Photography, Punk, Rock, Pop Culture",Music Photography,NULL,NULL,"Hudson Street Library, NYC",NULL,NULL
1446,Gallery,Halycyon,Halycyon Gallery,Bob Dylan - The Darwin Blank Series,,NULL,NULL,NULL,NULL,NULL,NULL,NULL,NULL,NULL,NULL,false,NULL,NULL,NULL,NULL,Music Photobooks,"Music, Photography, Punk, Rock, Pop Culture",Music Photography,NULL,NULL,"Hudson Street Library, NYC",NULL,NULL
1447,,,,Bruce Springsteen: Songs Hardcover  (two copies one sealed),,NULL,NULL,NULL,NULL,NULL,NULL,NULL,NULL,NULL,NULL,false,NULL,NULL,NULL,NULL,Music Photobooks,"Music, Photography, Punk, Rock, Pop Culture",Music Photography,NULL,NULL,"Hudson Street Library, NYC",NULL,NULL
1448,,,,Cash - An American Man,,NULL,NULL,NULL,NULL,NULL,NULL,NULL,NULL,NULL,NULL,false,NULL,NULL,NULL,NULL,Music Photobooks,"Music, Photography, Punk, Rock, Pop Culture",Music Photography,NULL,NULL,"Hudson Street Library, NYC",NULL,NULL
1449,Matheu,Robert,Robert Matheu,CREEM: America's Only Rock 'N' Roll Magazine (3 copies),Collins Living,2007,24.13,2.54,NULL,Hardcover,NULL,First Edition,978-0061374562,NULL,NULL,false,NULL,"With raw photographs of rock's greatest stars and insightful prose by the legendary rock journalists who were stars in their own right, CREEM magazine stood at the forefront of youth counterculture from 1969 to 1988 as America's Only Rock 'n' Roll Magazine. A product of Detroit's revolutionary counterculture, CREEM cultivated an incredibly gifted staff of iconoclastic scribes, editors, photographers, and graphic artists whose work continues to resonate today, including: Lester Bangs, Dave Marsh, Richard Meltzer, Nick Tosches, and a not-so-famous Cameron Crowe. They invented a raucous new form of journalism, where the writing and photographs were as much an expression of rock 'n' roll as the music itself. CREEM embraced and abused the best and the worst of the era: MC5, Led Zeppelin, the Rolling Stones, the Faces, Lou Reed, the Stooges, T.Rex, Kiss, Mott the Hoople, the Who, the New York Dolls, Bob Seger, Ted Nugent, Aerosmith, the Ramones, Cheap Trick, the Clash, and Van Halen, among many others. Now the Mouth of the Motor City presents a retrospective of the beautiful haze that was rock's golden age—from the end of the hippie days through glam and punk and into '80s metal. Featuring the best of the magazine's vast archives of photos, illustrations, and articles, CREEM is the authentic rock 'n' roll experience—written for fanatics by fanatics.",NULL,NULL,Music Photobooks,"Music, Photography, Punk, Rock, Pop Culture",Music Photography,NULL,NULL,"Hudson Street Library, NYC",NULL,NULL
1450,Broackes,Victoria,Victoria Broackes,"David Bowie Is (Museum of Contemporary Art, Chicago: Exhibition Catalogues)   (2 copies)",V & A Publishing,2013,24.13,3.05,NULL,Hardcover,NULL,First Edition,978-1851777372,NULL,NULL,false,NULL,"This companion piece to an exhibition at London's Victoria and Albert Museum explores the iconography, fashion, and music of pop icon David Bowie. Drawn to rock'n'roll as a rebellion against his suburban London upbringing, Bowie's career has been one of constant reinvention and innovation. As a musician and composer, his influences are wide ranging: he borrows as much from contemporaries such as The Rolling Stones and German synthesizer bands Neu! and Kraftwerk as from composers Kurt Weill and frequent collaborator Brian Eno. He is also heavily influenced by broader culture, notably adopting the cut up method often employed by William Burroughs, while being strongly influenced by the video work of Andy Warhol. Beyond music, however, Bowie cultivated a constantly shifting sense of style—most famously as his glam rock, alien alter-ego Ziggy Stardust—his various costumes were Dadaist in impulse and Surrealist in conception and execution. Particularly striking, however, was the cobweb body-suit he wore for The 1980 Floor Show, which features two glitter covered mannequin hands that seem to be fondling his chest as a kind of camp provocation. Indeed, as Camille Paglia notes, Bowie came to embody the shaman and prophet who crossed into forbidden sexual terrain. (Apr.)",NULL,NULL,Music Photobooks,"Music, Photography, Punk, Rock, Pop Culture",Music Photography,NULL,NULL,"Hudson Street Library, NYC",NULL,NULL
1451,Byrne,David,David Byrne,"David Byrne : Tribal Textiles from Persia: Neiriz Collection in the Ethnographical Museum Berlin by David Byrne (2003, Hardcover)",,NULL,NULL,NULL,NULL,NULL,NULL,NULL,NULL,NULL,NULL,false,NULL,NULL,NULL,NULL,Music Photobooks,"Music, Photography, Punk, Rock, Pop Culture",Music Photography,NULL,NULL,"Hudson Street Library, NYC",NULL,NULL
1452,Paz,Eilon,Eilon Paz,Dust & Grooves: Adventures in Record Collecting,Kickstarter,2015,24.89,3.56,NULL,Hardcover,NULL,"First Edition, Kickstarter",978-1607748694,NULL,NULL,false,NULL,"Compelling photographic essays from photographer Eilon Paz are paired with in-depth and insightful interviews to illustrate what motivates these collectors to keep digging for more records. The reader gets an up close and personal look at a variety of well-known vinyl champions, including Gilles Peterson and King Britt, as well as a glimpse into the collections of known and unknown DJs, producers, record dealers, and everyday enthusiasts. Driven by his love for vinyl records, Paz takes us on a five-year journey unearthing the very soul of the vinyl community.",NULL,NULL,Music Photobooks,"Music, Photography, Punk, Rock, Pop Culture",Music Photography,NULL,NULL,"Hudson Street Library, NYC",NULL,NULL
1453,Robertson,Matthew,Matthew Robertson,Factory Records: The Complete Graphic Album by Matthew Robertson,Chronicle Books,2006,25.91,2.79,NULL,Hardcover,NULL,First Edition,978-0811856768,NULL,NULL,false,NULL,"A creative juggernaut of the post-punk era, Factory Records was the catalyst behind the U.K. music explosion of the late '70s through the '90s with groups like Joy Division (soon to be the subject of an Anton Corbijn movie), New Order, and Happy Mondays leading the New Wave. At Factory, musicians and designers commingled creatively, with innovators such as Peter Saville, Den Kelly, Mark Farrow, 8VO, and Barbara Kruger elevating album covers to a new art form. The label broke further ground when it opened its own disco, the legendary Hacienda. Factory Records is the ultimate and only collection of Factory's complete graphic output, including every single piece it produced: extremely rare record sleeves, club flyers, and posters all gathered together for the first time. A must for collectors and enthusiasts, Matthew Robertson's meticulous compilation of underground ephemera is poised to introduce a new generation of music and design fans to the creative genius of Factory.",NULL,NULL,Music Photobooks,"Music, Photography, Punk, Rock, Pop Culture",Music Photography,NULL,NULL,"Hudson Street Library, NYC",NULL,NULL
1454,Turcotte,Bryan Ray,Bryan Ray Turcotte,Fucked Up + Photocopied: instant art of the punk rock movement,Gingko Press,1999,24.13,2.29,NULL,Hardcover,NULL,First Edition,978-1584230007,NULL,NULL,false,NULL,"Raw, brazen and totally intense, Fucked Up + Photocopied is a collection of frenetic flyers produced for the American punk scene between 1977 and 1985. Many were created by the musicians themselves and demonstrate the emphasis within the punk scene on individuality and the manic urge of its members to create things new.",NULL,NULL,Music Photobooks,"Music, Photography, Punk, Rock, Pop Culture",Music Photography,NULL,NULL,"Hudson Street Library, NYC",NULL,NULL
1455,Turcotte,Bryan Ray,Bryan Ray Turcotte,Fucked Up + Photocopied: instant art of the punk rock movement,Gingko Press,2000,24.13,2.29,NULL,Softcover,NULL,First Edition,978-1584230007,NULL,NULL,false,NULL,"Raw, brazen and totally intense, Fucked Up + Photocopied is a collection of frenetic flyers produced for the American punk scene between 1977 and 1985. Many were created by the musicians themselves and demonstrate the emphasis within the punk scene on individuality and the manic urge of its members to create things new.",NULL,NULL,Music Photobooks,"Music, Photography, Punk, Rock, Pop Culture",Music Photography,NULL,NULL,"Hudson Street Library, NYC",NULL,NULL
1456,Charles,Sanna,Sanna Charles,God Listens To Slayer,Ditto Press,2015,22.35,1.27,NULL,Hardcover,NULL,First Edition,978-0956795281,NULL,NULL,false,NULL,NULL,NULL,NULL,Music Photobooks,"Music, Photography, Punk, Rock, Pop Culture",Music Photography,NULL,NULL,"Hudson Street Library, NYC",NULL,NULL
1457,,,,Journals by Kurt Cobain,,2002,NULL,NULL,NULL,Hardcover,NULL,First Edition,NULL,NULL,NULL,false,NULL,NULL,NULL,NULL,Music Photobooks,"Music, Photography, Punk, Rock, Pop Culture",Music Photography,NULL,NULL,"Hudson Street Library, NYC",NULL,NULL
1458,Cummins,Kevin,Kevin Cummins,"Joy Division by Kevin Cummins, Bernard Sumner   (Three Copies, one inscribed, one signed, one new)",Rizzoli,2010,23.11,2.54,NULL,Hardcover,NULL,"First Edition, signed",978-0847834815,NULL,NULL,false,NULL,"The definitive look at one of the most iconic rock bands of all time. Joy Division pioneered a genre of music and defined the look and sound of the post-punk era, and thirty years after the suicide of their lead singer Ian Curtis, they remain one of the most influential rock bands to have come out of England. Between their infamous live performances and two studio albums in the late 1970s, Joy Division set the Manchester scene alight, established Factory Records as the most influential label in pop music, and recorded some of the most enduring songs of the era. Kevin Cummins began his career just as the band formed, and for the few short years of their career was given closer access to them than any other photographer. Joy Division collects more than two hundred of his images of the band—sensitive photographs that capture their quiet introspection offstage, their close relationships as bandmates, and Curtis’s legendary energy in live performances—and supplements the iconic images with concert tickets, unreleased record sleeves, fan club badges, Factory Records flyers, and other rare ephemera. This book is the most definitive and heavily illustrated celebration of the band ever produced.",NULL,NULL,Music Photobooks,"Music, Photography, Punk, Rock, Pop Culture",Music Photography,NULL,NULL,"Hudson Street Library, NYC",NULL,NULL
1459,Weinberger,Karlheinz,Karlheinz Weinberger,Karlheinz Weinberger - Vol 1 Halbstarke P,Sturm & Drang,2017,28.45,1.02,NULL,Softcover,NULL,"First Edition, mylar covered",978-3906822143,NULL,NULL,false,NULL,"In 1958, Zürich photographer Karlheinz Weinberger first captured the likeness of Halbstarke (rebel) Jimmy Oechslin, an artistic moment which marks the genesis of this collection of images focused on young Swiss teenagers. That particular photographic encounter triggered Weinbergers life-long fascination with outsiders and nonconformists in the otherwise staid environment of Switzerland. The photographs presented in this first of several volumes about his work offer a rare glimpse into a bygone world that seems almost cute and quaint from a contemporary perspective, but make no mistake: just dressing in jeans and hanging chains around ones neck was a statement as loud as blasting music by Buddy Holly on a quiet Swiss Sunday afternoon.",NULL,NULL,Music Photobooks,"Music, Photography, Punk, Rock, Pop Culture",Music Photography,NULL,NULL,"Hudson Street Library, NYC",NULL,NULL
1460,Cummins,Kevin,Kevin Cummins,New Order by Kevin Cummins    (signed),Rizzoli,2015,23.11,2.54,NULL,Hardcover,NULL,First Edition,978-0847843602,NULL,NULL,false,NULL,"A definitive collection of photographs of the legendary and influential band New Order. New Order remains one of the most popular bands of the last half century. Founded in the dying years of punk and disco, and combining elements of post-punk, new wave, and electronic dance music, New Order was responsible for some of the biggest hits of the era and is one of few bands to have achieved mainstream success while retaining cult status. Having been the most trusted photographer of Joy Division in the 1970s, Kevin Cummins was uniquely placed to document the rise and fall of New Order, from their formation in 1980 to their split in 1993. From underground beginnings as the flagship group of Factory Records in Manchester to grandstand tours around Europe and America, Cummins captured the band in every light, from the intimacy of the studio to the frenetic energy of live performance. Collected here for the first time are more than a hundred photographs reflecting over a decade of New Order. Prefaced by a selection of rarely seen ephemera, conversations with the band members, and an introduction from Douglas Coupland, this is a stunning celebration of a band whose influence on music and fashion is still palpable today.",NULL,NULL,Music Photobooks,"Music, Photography, Punk, Rock, Pop Culture",Music Photography,NULL,NULL,"Hudson Street Library, NYC",NULL,NULL
1461,Coley,Thurston Moore and Byron,Thurston Moore and Byron Coley,No Wave: Post-Punk. Underground. New York. 1976-1980,Abrams Image,2008,25.40,2.54,NULL,Hardcover,NULL,"First Edition, signed, inscribed",978-0810995437,NULL,NULL,false,NULL,"Art and music come together in this oral account of Manhattan's mid-1970s No Wave music scene. Moore, a founding member of the band Sonic Youth, and Coley, a music writer and editor, identify the likes of Teenage Jesus and the Jerks, DNA, Contortions and Mars as the core bands that built No Wave. Shedding light on the personal relationships of these close-knit bands, the surprisingly reserved volume-graced with exquisite black-and-white photos with occasional splashes of poster-art color-also looks at how the devastated state of the city influenced their sound and performances: As everything's collapsing... the music became the rebellion, says Teenage Jesus's Lydia Lunch in her scowling, astute foreword. Music sometimes described as a car crash gets heartfelt and intelligent commentary from the likes of DNA's Ikue Mori: it wasn't about technique; it was more about new ideas and inspiration. The authors' personal interviews with the movement's other pioneers elicit raw, honest hindsight; along with revealing photographs, this volume takes readers straight into the heart of this zeitgeist.",NULL,NULL,Music Photobooks,"Music, Photography, Punk, Rock, Pop Culture",Music Photography,NULL,NULL,"Hudson Street Library, NYC",NULL,NULL
1462,Mott,Toby,Toby Mott,Oh So Pretty: Punk in Print 1976-19801980,Phaidon Press,2016,21.84,3.05,NULL,Softcover,NULL,First Edition,978-0714872759,NULL,NULL,false,NULL,"Oh So Pretty: Punk in Print 1976-80 is an unrivalled collection of visually striking ephemera from Britain’s punk subculture. It presents 500 artefacts - 'zines,' gig posters, flyers, and badges - from well-known and obscure musical acts, designers, venues, and related political groups. While punk was first and foremost a music phenomenon, it reflected a DIY spirit and instantly recognizable aesthetic that was as raw and strident and irrepressible as the music. As disposable as the items in this book once were, together they tell a story about music, history, class, and art, and document a seismic shift in society and visual culture.",NULL,NULL,Music Photobooks,"Music, Photography, Punk, Rock, Pop Culture",Music Photography,NULL,NULL,"Hudson Street Library, NYC",NULL,NULL
1463,Sladen,Mark,Mark Sladen,Panic Attack!: Art in the Punk Years,Merrell Publishers,2007,24.89,2.54,NULL,Hardcover,NULL,First Edition,978-1858944036,NULL,NULL,false,NULL,"Punk is most commonly associated with music, fashion and graphics, but its rebellious and iconoclastic spirit also found expression in the visual arts. Panic Attack! reveals the vibrant art scene that exploded in Britain and the United States between 1974 and 1984, when visual artists shared some of the radical attitudes and aesthetics of punk and post-punk musicians and designers.Featuring essays by both British and American commentators, a detailed chronology of the art and music scenes of the time and stunning reproductions of works by over thirty leading artists, Panic Attack! is an account of one of the most exciting periods in modern art.",NULL,NULL,Music Photobooks,"Music, Photography, Punk, Rock, Pop Culture",Music Photography,NULL,NULL,"Hudson Street Library, NYC",NULL,NULL
1464,Linn,Judy,Judy Linn,Patti Smith 1969-1976,Harry N. Abrams,2011,25.40,2.03,NULL,Hardcover,NULL,"First Edition, signed",978-0810998322,NULL,NULL,false,NULL,"Before Patti Smith became a rock star, she loved to pose as one for her friend, the photographer Judy Linn. These 100 grainy, gritty, black and white photographs—of Smith working, playing, primping in the clutter of her apartment; surrounded by erstwhile lovers, the artist Robert Mapplethorpe and playwright Sam Shepard—brim with bright light and the obvious affection between photographer and subject. Linn, a photography professor at Vassar College whose work is now collected in the Whitney Museum and elsewhere, recalls a summer spent poring over Alfred Stieglitz's work, including the portraits of his wife Georgia O'Keefe (I thought I could memorize it and crack its grammar). She describes learning from the visual logic and illogical brilliance of her own photos—and it's easy to see why. The photographs vary in quality, but at their best—take the nudes of Smith where a dark necktie and belt bisect and play against her long, pale body—capture Mapplethorpe and Smith's youth and earnestness, their wildness and vulnerability. Here is Smith's acclaimed 2010 memoir, Just Kids, come to life—the shrines to Bob Dylan, the dressup—and the photos strike the same wistful note; as Smith writes in her afterword: once upon a time, we were young and beautiful and anyone we imagined we could be. (Mar.)",NULL,NULL,Music Photobooks,"Music, Photography, Punk, Rock, Pop Culture",Music Photography,NULL,NULL,"Hudson Street Library, NYC",NULL,NULL
1465,(Foreword),"Holly George-Warren (Author),‎ Richard Hell","Holly George-Warren (Author),‎ Richard Hell (Foreword)",Punk 365 (365 Series),Harry N. Abrams,2007,24.13,5.59,NULL,Hardcover,NULL,"First Edition, mylar covered",978-0810994041,NULL,NULL,false,NULL,"Thirty-plus years ago a dark rumble of noise gurgled up from the Lower East Side of New York City, made its way across the Atlantic to Great Britain, zigzagged back over the pond to the West Coast, and exploded. Its namePunk. InPunk 365, the most provocative photography documenting the performances, the looks, and the attitude has been gathered together, revealing reverberations that continue to shake up the status quo.  Here we see it all: Pre-punk pioneers, the Stooges, the New York Dolls, the MC5. New Yorks harbingers of change, the Ramones, Patti Smith, Richard Hell & the Voidoids. Londons anarchists, the Sex Pistols, the Clash, the Slits. The West Coasts anti-Beach Boys, X, the Germs . . .the list goes on. By the mid-1980s, from the Replacements to Bad Brains, the sound transmogrified into everything from garage punk to hardcore. Punk 365 has them all, including more than 300 different artists by the most talented photographers who captured the scene, including Bob Gruen, Roberta Bayley, Jill Furmanovsky, Stephanie Chernikowski, Godlis, Janette Beckman, and more.",NULL,NULL,Music Photobooks,"Music, Photography, Punk, Rock, Pop Culture",Music Photography,NULL,NULL,"Hudson Street Library, NYC",NULL,NULL
1466,Hell,"Andrew Bolton (Author),‎ Richard","Andrew Bolton  (Author),‎ Richard Hell",Punk: Chaos to Couture,Metropolitan Museum of Art,2013,31.75,3.05,NULL,Hardcover,NULL,"First Edition, sealed",978-0300191851,NULL,NULL,false,NULL,"Nothing on King's Road in 1977--or the Bowery in 1975, for that matter--could compete with the clothes in this book for aggressivness, poetry, and sheer devotion to hardware. But Punk also captures the discomfort of admiring DIY fashion deracinated from social context: Locked so far away from the beating heart of punk, the clothes, no matter how dramatic, are soulless. --Sarah Leonard",NULL,NULL,Music Photobooks,"Music, Photography, Punk, Rock, Pop Culture",Music Photography,NULL,NULL,"Hudson Street Library, NYC",NULL,NULL
1467,Roberts,John,John Roberts,Punks & Portraits San Francisco 1979,Tiny Splendor,2015,NULL,NULL,NULL,Softcover,NULL,First Edtion,NA,NULL,NULL,false,NULL,"“…Only a rare eye can make such intense people doing intense things on sticky floors so unforgettable, even decades later…One of the least known from our Mabuhay/Deaf Club days is John Roberts. I am so glad John's pictures, thought lost for decades, are now out and available, so everyone can see them. His work is as important as anyone's out there. Maybe better.- Jello Biafra",NULL,NULL,Music Photobooks,"Music, Photography, Punk, Rock, Pop Culture",Music Photography,NULL,NULL,"Hudson Street Library, NYC",NULL,NULL
1468,director],David Raccuglia [creative,David Raccuglia [creative director],Rock Book : A Portrait of Music,No Imprint,2001,33.27,24.64,NULL,Hardcover,NULL,"First Edition, w/CD",NA,NULL,NULL,false,NULL,NULL,NULL,NULL,Music Photobooks,"Music, Photography, Punk, Rock, Pop Culture",Music Photography,NULL,NULL,"Hudson Street Library, NYC",NULL,NULL
1469,Gruen,Bob,Bob Gruen,Rock Seen - Bob Gruen,Harry N. Abrams,2011,25.40,3.56,NULL,Hardcover,NULL,"First Edition, signed",NA,NULL,NULL,false,NULL,"For 40 years, Bob Gruen’s name has been synonymous with rock and roll. From taking early photos on tour with Ike and Tina Turner, to capturing the early CBGB/Max’s Kansas City scene to covering current stadium rockers such as Green Day, Gruen has always been at the right place at the right time—and he’s always gotten the shot. In this lavish monograph, Gruen has curated his favorite photographs from his career, with intimate captions and behind-the-scenes anecdotes. Featuring such illustrious acts as the Clash, Led Zeppelin, the Rolling Stones, Sex Pistols, Ramones, and more, and including an introduction by the legendary Debbie Harry of Blondie, this collection is a must-have for all fans of rock and roll.",NULL,NULL,Music Photobooks,"Music, Photography, Punk, Rock, Pop Culture",Music Photography,NULL,NULL,"Hudson Street Library, NYC",NULL,NULL
1470,NA,,NA,Rolling Stone Images of Rock & Roll,Little Brown,1995,26.42,3.05,NULL,Hardcover,NULL,First Edition,978-0316754682,NULL,NULL,false,NULL,"A gallery of 179 striking photographs, arranged by theme, explores the variety of rock 'n' roll styles over the years and includes images previously published in Rolling Stone and some never published before. 100,000 first printing. BOMC.",NULL,NULL,Music Photobooks,"Music, Photography, Punk, Rock, Pop Culture",Music Photography,NULL,NULL,"Hudson Street Library, NYC",NULL,NULL
1471,Mott,Toby,Toby Mott,Showboat: Punk/Sex/Bodies,Dashwood,2016,NULL,NULL,NULL,Softcover,NULL,"First Edition, Edition 1500",NA,NULL,NULL,false,NULL,"Showboat: Punk/Sex/Bodies explores sex in punk and punk in sex. Punk is often thought of as an almost asexual movement, in part because of its charged aversion to romance (see Johnny Rotten’s notorious description of love as “2 minutes and 52 seconds of squelching noises”). Yet, its raw street sound triggered an exuberant, primal physical release among its youthful followers. For many punks, sex was used as a necessary shock tactic against the orthodoxies that held sway in conservative 1970s Britain. The status of punk as a radical subculture meant that it could freely explore sex without mainstream censorship; and this ability to openly express sex and sexuality provided punk with so much of its essential rawness and immediacy. Beginning in 1972 and spanning right up to the present day, Showboat provides a chronological survey of the relationship between punk and sex as seen through original posters, flyers, record covers, photographs and ephemera drawn from the editor’s punk archive, The Mott Collection. Alongside written contributions from Julie Burchill, Paul Cook, Vivien Goldman, Eve Libertine, Bruce LaBruce, Amos Poe, Richard Prince and Will Self among many others. Designed by Jamie Andrew Reid",NULL,NULL,Music Photobooks,"Music, Photography, Punk, Rock, Pop Culture",Music Photography,NULL,NULL,"Hudson Street Library, NYC",NULL,NULL
1472,Mott,Toby,Toby Mott,Skinhead: An Archive. (Signed),Ditto Press,2014,19.05,2.03,NULL,Hardcover,NULL,"First Edition, signed",978-0956795274,NULL,NULL,false,NULL,NULL,NULL,NULL,Music Photobooks,"Music, Photography, Punk, Rock, Pop Culture",Music Photography,NULL,NULL,"Hudson Street Library, NYC",NULL,NULL
1473,Roettinger,J.C. Gabel and Brian,J.C. Gabel and Brian Roettinger,Slash: A Punk Magazine from Los Angeles: 1977-1980,Hat & Beard Press,2016,22.86,3.81,NULL,Softcover,NULL,First Edition,978-0996744720,NULL,NULL,false,NULL,"The legendary punk and new wave alternative weekly magazine Slash was founded in Los Angeles in 1977 by Steve Samiof, and published a total of 29 print issues before its demise in 1980 (though it had a second life as the punk label Slash Records, which was eventually bought by Warner Bros. Records in 1999). In its brief run, Slash defined the punk subculture in Los Angeles and beyond with the comic strip Jimbo by Gary Panter and photographs by Melanie Nissen, the cofounding publisher and longtime photo editor. Writing by Jeffrey Lee Pierce, Chris D., Pleasant Gehman and Claude “Kickboy Face” Bessy explored reggae, blues and rockabilly in addition to punk and new wave.Slash diagnosed the nascent punk scene’s challenge to the music industry and established its own oppositional voice in the editorial of its very first issue, staking a position against disco, Elvis and concept albums, and declaring: “Enough is enough, partner! About time we squeezed the pus out and sent the filthy rich old farts of rock ’n’ roll to retirement homes in Florida where they belong.”Slash: A Punk Magazine From Los Angeles, 1977–80 pays homage to the magazine’s legacy with facsimile reproductions of every cover from the publication’s run and reprints of some of the magazine’s best articles and interviews. These are interspersed with new essays, reportage and oral histories from Exene Cervenka, KK Barrett, Gary Panter, Vivien Goldman, Richard Meltzer, Cali Thornhill DeWitt, Chris D., Bryan Ray Turcotte, Chris Morris, Ann Summa and Allan MacDowell, among others, telling the story of this critical chapter in the history of American media.",NULL,NULL,Music Photobooks,"Music, Photography, Punk, Rock, Pop Culture",Music Photography,NULL,NULL,"Hudson Street Library, NYC",NULL,NULL
1474,Halfin,Ross,Ross Halfin,The Who Live Leather Bound –,Genesis Publications,2000,33.53,25.91,NULL,"Slipcase, Leather Bound.",NULL,"Edition 1500, Signed #459",978-0904351750,NULL,NULL,false,NULL,NULL,NULL,NULL,Music Photobooks,"Music, Photography, Punk, Rock, Pop Culture",Music Photography,NULL,NULL,"Hudson Street Library, NYC",NULL,NULL
1475,McKenna,Kristine,Kristine McKenna,The Beautiful & The Damned: Punk Photographs by Ann Summa,Foggy Notion Books/Smart Art Press;,2010,23.37,1.27,NULL,Hardcover,NULL,First Edition,978-1935202271,NULL,NULL,false,NULL,"When photographer Ann Summa arrived in Los Angeles in 1978, the city's punk scene was still fresh, diverse, smart, utterly original-and fertile territory for a young photographer. The Beautiful & the Damned is a collection of her portraits of the musicians, artists and fans who made Los Angeles such a crucial part of the history of punk. Taken between 1978 and 1984, the images mostly revolve around L.A.'s first punk generation, and include portraits of the Germs, the Screamers, X, the Cramps and the Gun Club, among many others. From there, the book expands its scope to accommodate the cross-pollination that took place between L.A.'s punk scene and the fine art community, (at the time, the audience for avant-garde artists such as the Kipper Kids, Johanna Went and Laurie Anderson was primarily drawn from the underground music scene), and the two other cities-London and New York-that played a central role in the birthing of punk. Photographed during their first U.S. tours are U.K. groups the Clash, Magazine, the Fall, the Slits, Bow Wow Wow and the Pretenders, among others. Visiting dignitaries from New York include Television, James Chance, Lydia Lunch and Talking Heads. Also included are portraits of artists who served as an inspiration to L.A. punks-Captain Beefheart, Iggy Pop and David Bowie, among others-plus candid shots of unidentified audience members. Edited and with an introduction by Kristine McKenna, The Beautiful & The Damned includes 95 previously unpublished images.",NULL,NULL,Music Photobooks,"Music, Photography, Punk, Rock, Pop Culture",Music Photography,NULL,NULL,"Hudson Street Library, NYC",NULL,NULL
1476,,,,The Bob Dylan Scrapbook 1956-1966,,NULL,NULL,NULL,NULL,NULL,NULL,NULL,NULL,NULL,NULL,false,NULL,NULL,NULL,NULL,Music Photobooks,"Music, Photography, Punk, Rock, Pop Culture",Music Photography,NULL,NULL,"Hudson Street Library, NYC",NULL,NULL
1477,,,,The Definitive Dlayn Songbook,,NULL,NULL,NULL,NULL,NULL,NULL,NULL,NULL,NULL,NULL,false,NULL,NULL,NULL,NULL,Music Photobooks,"Music, Photography, Punk, Rock, Pop Culture",Music Photography,NULL,NULL,"Hudson Street Library, NYC",NULL,NULL
1478,Murphy,PJ Harvey; Seamus,PJ Harvey; Seamus Murphy,The Hollow of the Hand by PJ Harvey,Bloomsbury USA; Reader's ed. edition,2015,14.22,2.03,NULL,Softcover,NULL,Readers Edition,978-1408865736,NULL,NULL,false,NULL,"Between 2011 and 2014 PJ Harvey and Seamus Murphy set out on a series of journeys together to Kosovo, Afghanistan, and Washington, D.C.. Harvey collected words, Murphy collected pictures, and together they created an extraordinary chronicle of our life and times. The Hollow of the Hand marks the first publication of Harvey's powerful poetry, in conversation with Murphy's indelible images. It is a landmark project and will be published internationally in autumn 2015.",NULL,NULL,Music Photobooks,"Music, Photography, Punk, Rock, Pop Culture",Music Photography,NULL,NULL,"Hudson Street Library, NYC",NULL,NULL
1479,Peterson,Charles,Charles Peterson,Touch Me I'm Sick,powerHouse Books,2006,16.26,1.52,NULL,Hardcover,NULL,First Edition,978-1576873915,NULL,NULL,false,NULL,"Poised at the epicenter of an explosive underground scene, photographer Charles Peterson witnessed the birth of a brash new era of music that grabbed the world by its throat and refused to let go. Grunge, the bastard child of 60s garage and 70s punk, revived the original, gritty spirit of rock and roll: rebellion ain’t pretty, but it sure is fun. Featuring ninety-two photographs—eighty of them never-before-published—spanning sixteen years, Touch Me I’m Sick, Peterson’s third monograph, documents the raw power of live performances by the soon-to-be-famous artists and their dedicated fans. Yet Peterson’s photographs don’t rely on the cult of celebrity to tell this compelling tale of angst, anxiety, and acoustics. Rather, they capture the cathartic ritual between musician and fan played out in seedy clubs reeking of sweat and stale beer. Bored, alienated youth with nothing better to do than bash their instruments and mosh their bodies in a barrage of sound, song, and furious energy are captured through Peterson’s signature style of wide-angle intimacy, swirling lights, and strange sense of grace. Peterson creates timeless, artistic imagery out of this swiftly passing frenzy, and shatters the godhead of the rock star, revealing the band and audience as co-conspirators in rock’s latest, greatest revival. Featuring photographs of Nirvana, Pearl Jam, Soundgarden, Sleater-Kinney, Mudhoney, Sonic Youth, L7, Hole, and Black Flag, among others, as well as excerpts from Your Flesh, Flipside, Melody Maker, B-Sides, Swellsville, and Chemical Imbalance, Touch Me I’m Sick is the perfect mix of art and journalism for music purists and connoisseurs. “And you know what? I think other photographers secretly want to be like Charles and Charles secretly wants to be like other photographers. And it’s a hard call—would you rather have that street cred, punk rock hipness, and respect from all the cool bands, or industry suave that gets major magazine editors and record exec dorks to fly you all over the world for photo shoots and pay you outrageous amounts of money?”",NULL,NULL,Music Photobooks,"Music, Photography, Punk, Rock, Pop Culture",Music Photography,NULL,NULL,"Hudson Street Library, NYC",NULL,NULL
1480,Trillo,Miguel,Miguel Trillo,"TRILLO, Miguel. Rockoco: Imagenes del Pop-Rock 1980-1984 / 2000 – 2016.",LaFototeca,2017,NULL,NULL,NULL,Box,NULL,First Edtion,NULL,NULL,NULL,false,NULL,"Re-issue of Trillo’s legendary fanzine, Rockoco that ran for six issues between 1980 and 1984.  The fanzine documented the youth culture of Madrid during the La Movida.  The clubs, the concerts, the rockers, the punks, the teddy boys.  The issues here are exact replicas of the the original issues and come together with a newly issued 7th issue that documents contemporary youth culture.  All items in fine condition, with colophon sheet, housed in publisher’s printed box.",NULL,NULL,Music Photobooks,"Music, Photography, Punk, Rock, Pop Culture",Music Photography,NULL,NULL,"Hudson Street Library, NYC",NULL,NULL
1481,McCormick,Neil,Neil McCormick,"U2 by U2  (signed by band, 2 copies)",It Books,2006,29.21,3.81,NULL,Hardcover,NULL,"First Edition, signed",978-0060776756,NULL,NULL,false,NULL,NULL,NULL,NULL,Music Photobooks,"Music, Photography, Punk, Rock, Pop Culture",Music Photography,NULL,NULL,"Hudson Street Library, NYC",NULL,NULL
1482,Donno,A. Martegani Eds. E. De,A. Martegani Eds. E. De Donno,"Yes Yes Yes Alternative Press 1966-1977, From Provo To Punk",a+m Bookstore,2016,31.24,23.37,NULL,Softcover,NULL,First Edtion,978-8887071627,NULL,NULL,false,NULL,"The ultimate compendium of counterculture press in the United States and the Netherlands during the heady decades of the 1960s and 70s, this volume is the definition of sex, drugs, and rock n roll. From underground pornography, free love, anti-establishment anarchism, and Provo, to anti-war protests, spiritual empowerment, the Black Panthers, and womens liberation, its all here. Page after page of magazine covers, articles, advertisements, and clippings encapsulate the era when academia revolted, gays marched in the streets, and hippies wondered if Jesus got high, too. PLEASE NOTE: this book has 4 different covers and you will receive a random cover.",NULL,NULL,Music Photobooks,"Music, Photography, Punk, Rock, Pop Culture",Music Photography,NULL,NULL,"Hudson Street Library, NYC",NULL,NULL
1483,Yamaguchi,Herbie,Herbie Yamaguchi,You can click away of whatever you want: That's PUNK,Super Labo,2015,NULL,NULL,NULL,Softcover,NULL,Edition 1000,978-4908512056,NULL,NULL,false,NULL,NULL,NULL,NULL,Music Photobooks,"Music, Photography, Punk, Rock, Pop Culture",Music Photography,NULL,NULL,"Hudson Street Library, NYC",NULL,NULL
1484,Hamilton,James,James Hamilton,You Should Have Heard Just What I Seen,Estactic Peace Library,2010,26.67,2.54,NULL,Hardcover,NULL,"First Edition, signed",978-1616234959,NULL,NULL,false,NULL,"Throughout the heady years of New York's 1960s and 70s music scenes, James Hamilton was on hand to observe and photograph some of the most significant bands, musicians and performances of the twentieth century. Serving as staff photographer for the Village Voice and Crawdaddy!, Hamilton photographed such musicians as James Brown, Captain Beefheart, Ornette Coleman, Creedence Clearwater Revival, Crosby, Stills, Nash and Young, the Grateful Dead, John Fahey, Mick Jagger, Jethro Tull, Elvin Jones, the Kinks, Madonna, Charlie Mingus, Joni Mitchell, the Ramones, Gil Scott-Heron, Patti Smith, Sun Ra, Tom Verlaine and Stevie Wonder. In You Should Have Heard Just What I Seen, Hamilton opens up his archives for the first time, revealing across 300 pages a trove of previously unpublished black-and-white photographs--portraits, snapshots, sketches, contact sheets--of some of the most recognizable faces in music. Influential for several generations of budding photographers raised on his photographs, the work of James Hamilton is at last collected in this revelatory volume. As a young man in the late 1960s, James Hamilton met the legendary photographers Diane Arbus and Eugene Smith, and was inspired by them to document the changing skyline of New York City. As staff photographer for Harper's Bazaar and the Village Voice, Hamilton recorded the fashion shows, events, protests and riots, happenings, concerts, poetry readings and art openings of that era, and throughout the 1970s, his photographs of musicians and celebrities began to appear in the pages of Crawdaddy! magazine. Later Hamilton joined The New York Observer and began working with filmmakers George Romero, Francis Ford Coppola, Wes Anderson, Bill Paxton and Noah Baumbach as on-set photographer.",NULL,NULL,Music Photobooks,"Music, Photography, Punk, Rock, Pop Culture",Music Photography,NULL,NULL,"Hudson Street Library, NYC",NULL,NULL
1485,Sze,Sarah,Sarah Sze,Sarah Sze: Paintings,Phaidon,2025,30.8,29.2,,Hardback,396,"First Edition, Numbered and Signed",9781838665623,,"Mark Godfrey, Tina Pang, Madeleine Grynsztejn",true,,"The first and only monograph to give a comprehensive examination of acclaimed American artist Sarah Sze's painting practice. Since the late 1990s, Sarah Sze has developed a signature visual language that challenges the static nature of art with a dynamic body of work spanning sculpture, painting, drawing, printmaking, video and installation. In recent years, Sze has returned to painting, the medium in which she was first trained. Comprising constellations of painted and collaged elements, her expansive abstract landscapes explore a visual world that is constantly evolving, degrading, and generating new ways of seeing. Her paintings are highly sought-after and are held in the permanent collections of prominent institutions and museums worldwide. The book includes two essays by Mark Godfrey and Tina Pang that explore Sze's influences and her working process, plus an interview between the artist and Madeleine Grynsztejn, that expands on the theoretical underpinnings of her painting practice. With each copy numbered and hand signed by the artist, this exquisitely illustrated luxury volume, packaged in a cloth-wrapped slipcase, was created in close collaboration with Sze.",,https://www.phaidon.com,Art,"Contemporary Art, Painting, Abstract Art, Monograph, Phaidon",Art; Contemporary Art; Painting,,,"Hudson Street Library, NYC","October 29, 2025",
1486,Wittenberg,Nicole,Nicole Wittenberg,Nicole Wittenberg,The Monacelli Press,2025,29.0,25.0,,Hardcover,256,First Edition,9781580936811,,"Suzanne Hudson, Devon Zimmerman, David Salle, Jarrett Earnest",false,,"This inaugural monograph surveys the work of American painter Nicole Wittenberg across two decades. The artist is recognized for vibrant and energetic mark making, creating compositions that synthesize studies and life drawings into larger canvas works. Her subject matter spans landscapes, portraits, and erotic imagery. The publication features essays by Suzanne Hudson (art historian), Devon Zimmerman (curator), David Salle (contemporary painter), and Jarrett Earnest (writer, in extended conversation with the artist). Presented in cloth case with floral composition details, this book coincides with solo exhibitions at Ogunquit Museum of American Art and Center for Maine Contemporary Art. Features 250 illustrations.

Nicole Wittenberg was born in San Francisco, CA, and received her BFA from the San Francisco Art Institute in 2003. She received the American Academy of Arts and Letters' coveted John Koch Award for Best Young Figurative Painter in 2012. From 2011–14 she served as a teacher at the New York Studio School of Drawing, Painting, and Sculpture, and the Bruce High Quality Foundation University, and in 2017 she was a professor in the Critical Theory Department at the School of Visual Arts in New York. Wittenberg's works are included in prominent collections, including the Solomon R. Guggenheim Museum, New York; The Albertina, Vienna; the Museum of Fine Arts Boston; Aishti Foundation, Beirut; and others. She has enjoyed recent solo exhibitions at Massimo de Carlo, Milan (2024); Fernberger Gallery, Los Angeles (2024); Journal Gallery, New York (2023); Nina Johnson Gallery, Miami (2023); and Acquavella Galleries, Palm Beach (2022). She is based in New York and Maine.",,https://www.phaidon.com,Art,"Contemporary Art, Painting, American Art, Monograph, Monacelli",Art; Contemporary Art; Painting,,,"Hudson Street Library, NYC","October 29, 2025",/assets/images/books/Wittenberg_Nicole_Wittenberg_9781580936811.jpg
